/*--------------------------------*- C++ -*----------------------------------*\
  =========                 |
  \\      /  F ield         | OpenFOAM: The Open Source CFD Toolbox
   \\    /   O peration     | Website:  https://openfoam.org
    \\  /    A nd           | Version:  8
     \\/     M anipulation  |
\*---------------------------------------------------------------------------*/
FoamFile
{
    version     2.0;
    format      ascii;
    class       labelList;
    note        "nPoints:110313  nCells:54648  nFaces:218902  nInternalFaces:108590";
    location    "constant/polyMesh";
    object      neighbour;
}
// * * * * * * * * * * * * * * * * * * * * * * * * * * * * * * * * * * * * * //


108590
(
1
38
54252
2
39
3
40
4
41
5
42
6
43
7
44
8
45
9
46
10
47
11
48
12
49
13
50
14
51
15
52
16
53
17
54
18
55
19
56
20
57
21
58
22
59
23
60
24
61
25
62
26
63
27
64
28
65
29
66
30
67
31
68
32
69
33
70
34
71
35
72
36
73
37
74
75
39
76
54253
40
77
41
78
42
79
43
80
44
81
45
82
46
83
47
84
48
85
49
86
50
87
51
88
52
89
53
90
54
91
55
92
56
93
57
94
58
95
59
96
60
97
61
98
62
99
63
100
64
101
65
102
66
103
67
104
68
105
69
106
70
107
71
108
72
109
73
110
74
111
75
112
113
77
114
54254
78
115
79
116
80
117
81
118
82
119
83
120
84
121
85
122
86
123
87
124
88
125
89
126
90
127
91
128
92
129
93
130
94
131
95
132
96
133
97
134
98
135
99
136
100
137
101
138
102
139
103
140
104
141
105
142
106
143
107
144
108
145
109
146
110
147
111
148
112
149
113
150
151
115
152
54255
116
153
117
154
118
155
119
156
120
157
121
158
122
159
123
160
124
161
125
162
126
163
127
164
128
165
129
166
130
167
131
168
132
169
133
170
134
171
135
172
136
173
137
174
138
175
139
176
140
177
141
178
142
179
143
180
144
181
145
182
146
183
147
184
148
185
149
186
150
187
151
188
189
153
190
54256
154
191
155
192
156
193
157
194
158
195
159
196
160
197
161
198
162
199
163
200
164
201
165
202
166
203
167
204
168
205
169
206
170
207
171
208
172
209
173
210
174
211
175
212
176
213
177
214
178
215
179
216
180
217
181
218
182
219
183
220
184
221
185
222
186
223
187
224
188
225
189
226
227
191
228
54257
192
229
193
230
194
231
195
232
196
233
197
234
198
235
199
236
200
237
201
238
202
239
203
240
204
241
205
242
206
243
207
244
208
245
209
246
210
247
211
248
212
249
213
250
214
251
215
252
216
253
217
254
218
255
219
256
220
257
221
258
222
259
223
260
224
261
225
262
226
263
227
264
265
229
266
54258
230
267
231
268
232
269
233
270
234
271
235
272
236
273
237
274
238
275
239
276
240
277
241
278
242
279
243
280
244
281
245
282
246
283
247
284
248
285
249
286
250
287
251
288
252
289
253
290
254
291
255
292
256
293
257
294
258
295
259
296
260
297
261
298
262
299
263
300
264
301
265
302
303
267
304
54259
268
305
269
306
270
307
271
308
272
309
273
310
274
311
275
312
276
313
277
314
278
315
279
316
280
317
281
318
282
319
283
320
284
321
285
322
286
323
287
324
288
325
289
326
290
327
291
328
292
329
293
330
294
331
295
332
296
333
297
334
298
335
299
336
300
337
301
338
302
339
303
340
341
305
342
54260
306
343
307
344
308
345
309
346
310
347
311
348
312
349
313
350
314
351
315
352
316
353
317
354
318
355
319
356
320
357
321
358
322
359
323
360
324
361
325
362
326
363
327
364
328
365
329
366
330
367
331
368
332
369
333
370
334
371
335
372
336
373
337
374
338
375
339
376
340
377
341
378
379
343
380
54261
344
381
345
382
346
383
347
384
348
385
349
386
350
387
351
388
352
389
353
390
354
391
355
392
356
393
357
394
358
395
359
396
360
397
361
398
362
399
363
400
364
401
365
402
366
403
367
404
368
405
369
406
370
407
371
408
372
409
373
410
374
411
375
412
376
413
377
414
378
415
379
416
417
381
418
54262
382
419
383
420
384
421
385
422
386
423
387
424
388
425
389
426
390
427
391
428
392
429
393
430
394
431
395
432
396
433
397
434
398
435
399
436
400
437
401
438
402
439
403
440
404
441
405
442
406
443
407
444
408
445
409
446
410
447
411
448
412
449
413
450
414
451
415
452
416
453
417
454
455
419
456
54263
420
457
421
458
422
459
423
460
424
461
425
462
426
463
427
464
428
465
429
466
430
467
431
468
432
469
433
470
434
471
435
472
436
473
437
474
438
475
439
476
440
477
441
478
442
479
443
480
444
481
445
482
446
483
447
484
448
485
449
486
450
487
451
488
452
489
453
490
454
491
455
492
493
457
494
54264
458
653
459
812
460
971
461
1130
462
1289
463
1448
464
1607
465
1766
466
1925
467
2084
468
2243
469
2402
470
2561
471
2720
472
2879
473
3038
474
3197
475
3356
476
3515
477
3674
478
3833
479
3992
480
4151
481
4310
482
4469
483
4628
484
4787
485
4946
486
5105
487
5264
488
5423
489
5582
490
5741
491
5900
492
6059
493
6218
6377
495
653
54265
496
654
54266
497
655
54267
498
656
54268
499
657
54269
500
658
54270
501
659
54271
502
660
54272
503
661
54273
504
662
54274
505
663
54275
506
664
54276
507
665
54277
508
666
54278
509
667
54279
510
668
54280
511
669
54281
512
670
54282
513
671
54283
514
672
54284
515
673
54285
516
674
54286
517
675
54287
518
676
54288
519
677
54289
520
678
54290
521
679
54291
522
680
54292
523
681
54293
524
682
54294
525
683
54295
526
684
54296
527
685
54297
528
686
54298
529
687
54299
530
688
54300
531
689
54301
532
690
54302
533
691
54303
534
692
54304
535
693
54305
536
694
54306
537
695
54307
538
696
54308
539
697
54309
540
698
54310
541
699
54311
542
700
54312
543
701
54313
544
702
54314
545
703
54315
546
704
54316
547
705
54317
548
706
54318
549
707
54319
550
708
54320
551
709
54321
552
710
54322
553
711
54323
554
712
54324
555
713
54325
556
714
54326
557
715
54327
558
716
54328
559
717
54329
560
718
54330
561
719
54331
562
720
54332
563
721
54333
564
722
54334
565
723
54335
566
724
54336
567
725
54337
568
726
54338
569
727
54339
570
728
54340
571
729
54341
572
730
54342
573
731
54343
574
732
54344
575
733
54345
576
734
54346
577
735
54347
578
736
54348
579
737
54349
580
738
54350
581
739
54351
582
740
54352
583
741
54353
584
742
54354
585
743
54355
586
744
54356
587
745
54357
588
746
54358
589
747
54359
590
748
54360
591
749
54361
592
750
54362
593
751
54363
594
752
54364
595
753
54365
596
754
54366
597
755
54367
598
756
54368
599
757
54369
600
758
54370
601
759
54371
602
760
54372
603
761
54373
604
762
54374
605
763
54375
606
764
54376
607
765
54377
608
766
54378
609
767
54379
610
768
54380
611
769
54381
612
770
54382
613
771
54383
614
772
54384
615
773
54385
616
774
54386
617
775
54387
618
776
54388
619
777
54389
620
778
54390
621
779
54391
622
780
54392
623
781
54393
624
782
54394
625
783
54395
626
784
54396
627
785
54397
628
786
54398
629
787
54399
630
788
54400
631
789
54401
632
790
54402
633
791
54403
634
792
54404
635
793
54405
636
794
54406
637
795
54407
638
796
54408
639
797
54409
640
798
54410
641
799
54411
642
800
54412
643
801
54413
644
802
54414
645
803
54415
646
804
54416
647
805
54417
648
806
54418
649
807
54419
650
808
54420
651
809
54421
652
810
54422
811
6536
54423
654
812
655
813
656
814
657
815
658
816
659
817
660
818
661
819
662
820
663
821
664
822
665
823
666
824
667
825
668
826
669
827
670
828
671
829
672
830
673
831
674
832
675
833
676
834
677
835
678
836
679
837
680
838
681
839
682
840
683
841
684
842
685
843
686
844
687
845
688
846
689
847
690
848
691
849
692
850
693
851
694
852
695
853
696
854
697
855
698
856
699
857
700
858
701
859
702
860
703
861
704
862
705
863
706
864
707
865
708
866
709
867
710
868
711
869
712
870
713
871
714
872
715
873
716
874
717
875
718
876
719
877
720
878
721
879
722
880
723
881
724
882
725
883
726
884
727
885
728
886
729
887
730
888
731
889
732
890
733
891
734
892
735
893
736
894
737
895
738
896
739
897
740
898
741
899
742
900
743
901
744
902
745
903
746
904
747
905
748
906
749
907
750
908
751
909
752
910
753
911
754
912
755
913
756
914
757
915
758
916
759
917
760
918
761
919
762
920
763
921
764
922
765
923
766
924
767
925
768
926
769
927
770
928
771
929
772
930
773
931
774
932
775
933
776
934
777
935
778
936
779
937
780
938
781
939
782
940
783
941
784
942
785
943
786
944
787
945
788
946
789
947
790
948
791
949
792
950
793
951
794
952
795
953
796
954
797
955
798
956
799
957
800
958
801
959
802
960
803
961
804
962
805
963
806
964
807
965
808
966
809
967
810
968
811
969
970
6760
813
971
814
972
815
973
816
974
817
975
818
976
819
977
820
978
821
979
822
980
823
981
824
982
825
983
826
984
827
985
828
986
829
987
830
988
831
989
832
990
833
991
834
992
835
993
836
994
837
995
838
996
839
997
840
998
841
999
842
1000
843
1001
844
1002
845
1003
846
1004
847
1005
848
1006
849
1007
850
1008
851
1009
852
1010
853
1011
854
1012
855
1013
856
1014
857
1015
858
1016
859
1017
860
1018
861
1019
862
1020
863
1021
864
1022
865
1023
866
1024
867
1025
868
1026
869
1027
870
1028
871
1029
872
1030
873
1031
874
1032
875
1033
876
1034
877
1035
878
1036
879
1037
880
1038
881
1039
882
1040
883
1041
884
1042
885
1043
886
1044
887
1045
888
1046
889
1047
890
1048
891
1049
892
1050
893
1051
894
1052
895
1053
896
1054
897
1055
898
1056
899
1057
900
1058
901
1059
902
1060
903
1061
904
1062
905
1063
906
1064
907
1065
908
1066
909
1067
910
1068
911
1069
912
1070
913
1071
914
1072
915
1073
916
1074
917
1075
918
1076
919
1077
920
1078
921
1079
922
1080
923
1081
924
1082
925
1083
926
1084
927
1085
928
1086
929
1087
930
1088
931
1089
932
1090
933
1091
934
1092
935
1093
936
1094
937
1095
938
1096
939
1097
940
1098
941
1099
942
1100
943
1101
944
1102
945
1103
946
1104
947
1105
948
1106
949
1107
950
1108
951
1109
952
1110
953
1111
954
1112
955
1113
956
1114
957
1115
958
1116
959
1117
960
1118
961
1119
962
1120
963
1121
964
1122
965
1123
966
1124
967
1125
968
1126
969
1127
970
1128
1129
6984
972
1130
973
1131
974
1132
975
1133
976
1134
977
1135
978
1136
979
1137
980
1138
981
1139
982
1140
983
1141
984
1142
985
1143
986
1144
987
1145
988
1146
989
1147
990
1148
991
1149
992
1150
993
1151
994
1152
995
1153
996
1154
997
1155
998
1156
999
1157
1000
1158
1001
1159
1002
1160
1003
1161
1004
1162
1005
1163
1006
1164
1007
1165
1008
1166
1009
1167
1010
1168
1011
1169
1012
1170
1013
1171
1014
1172
1015
1173
1016
1174
1017
1175
1018
1176
1019
1177
1020
1178
1021
1179
1022
1180
1023
1181
1024
1182
1025
1183
1026
1184
1027
1185
1028
1186
1029
1187
1030
1188
1031
1189
1032
1190
1033
1191
1034
1192
1035
1193
1036
1194
1037
1195
1038
1196
1039
1197
1040
1198
1041
1199
1042
1200
1043
1201
1044
1202
1045
1203
1046
1204
1047
1205
1048
1206
1049
1207
1050
1208
1051
1209
1052
1210
1053
1211
1054
1212
1055
1213
1056
1214
1057
1215
1058
1216
1059
1217
1060
1218
1061
1219
1062
1220
1063
1221
1064
1222
1065
1223
1066
1224
1067
1225
1068
1226
1069
1227
1070
1228
1071
1229
1072
1230
1073
1231
1074
1232
1075
1233
1076
1234
1077
1235
1078
1236
1079
1237
1080
1238
1081
1239
1082
1240
1083
1241
1084
1242
1085
1243
1086
1244
1087
1245
1088
1246
1089
1247
1090
1248
1091
1249
1092
1250
1093
1251
1094
1252
1095
1253
1096
1254
1097
1255
1098
1256
1099
1257
1100
1258
1101
1259
1102
1260
1103
1261
1104
1262
1105
1263
1106
1264
1107
1265
1108
1266
1109
1267
1110
1268
1111
1269
1112
1270
1113
1271
1114
1272
1115
1273
1116
1274
1117
1275
1118
1276
1119
1277
1120
1278
1121
1279
1122
1280
1123
1281
1124
1282
1125
1283
1126
1284
1127
1285
1128
1286
1129
1287
1288
7208
1131
1289
1132
1290
1133
1291
1134
1292
1135
1293
1136
1294
1137
1295
1138
1296
1139
1297
1140
1298
1141
1299
1142
1300
1143
1301
1144
1302
1145
1303
1146
1304
1147
1305
1148
1306
1149
1307
1150
1308
1151
1309
1152
1310
1153
1311
1154
1312
1155
1313
1156
1314
1157
1315
1158
1316
1159
1317
1160
1318
1161
1319
1162
1320
1163
1321
1164
1322
1165
1323
1166
1324
1167
1325
1168
1326
1169
1327
1170
1328
1171
1329
1172
1330
1173
1331
1174
1332
1175
1333
1176
1334
1177
1335
1178
1336
1179
1337
1180
1338
1181
1339
1182
1340
1183
1341
1184
1342
1185
1343
1186
1344
1187
1345
1188
1346
1189
1347
1190
1348
1191
1349
1192
1350
1193
1351
1194
1352
1195
1353
1196
1354
1197
1355
1198
1356
1199
1357
1200
1358
1201
1359
1202
1360
1203
1361
1204
1362
1205
1363
1206
1364
1207
1365
1208
1366
1209
1367
1210
1368
1211
1369
1212
1370
1213
1371
1214
1372
1215
1373
1216
1374
1217
1375
1218
1376
1219
1377
1220
1378
1221
1379
1222
1380
1223
1381
1224
1382
1225
1383
1226
1384
1227
1385
1228
1386
1229
1387
1230
1388
1231
1389
1232
1390
1233
1391
1234
1392
1235
1393
1236
1394
1237
1395
1238
1396
1239
1397
1240
1398
1241
1399
1242
1400
1243
1401
1244
1402
1245
1403
1246
1404
1247
1405
1248
1406
1249
1407
1250
1408
1251
1409
1252
1410
1253
1411
1254
1412
1255
1413
1256
1414
1257
1415
1258
1416
1259
1417
1260
1418
1261
1419
1262
1420
1263
1421
1264
1422
1265
1423
1266
1424
1267
1425
1268
1426
1269
1427
1270
1428
1271
1429
1272
1430
1273
1431
1274
1432
1275
1433
1276
1434
1277
1435
1278
1436
1279
1437
1280
1438
1281
1439
1282
1440
1283
1441
1284
1442
1285
1443
1286
1444
1287
1445
1288
1446
1447
7432
1290
1448
1291
1449
1292
1450
1293
1451
1294
1452
1295
1453
1296
1454
1297
1455
1298
1456
1299
1457
1300
1458
1301
1459
1302
1460
1303
1461
1304
1462
1305
1463
1306
1464
1307
1465
1308
1466
1309
1467
1310
1468
1311
1469
1312
1470
1313
1471
1314
1472
1315
1473
1316
1474
1317
1475
1318
1476
1319
1477
1320
1478
1321
1479
1322
1480
1323
1481
1324
1482
1325
1483
1326
1484
1327
1485
1328
1486
1329
1487
1330
1488
1331
1489
1332
1490
1333
1491
1334
1492
1335
1493
1336
1494
1337
1495
1338
1496
1339
1497
1340
1498
1341
1499
1342
1500
1343
1501
1344
1502
1345
1503
1346
1504
1347
1505
1348
1506
1349
1507
1350
1508
1351
1509
1352
1510
1353
1511
1354
1512
1355
1513
1356
1514
1357
1515
1358
1516
1359
1517
1360
1518
1361
1519
1362
1520
1363
1521
1364
1522
1365
1523
1366
1524
1367
1525
1368
1526
1369
1527
1370
1528
1371
1529
1372
1530
1373
1531
1374
1532
1375
1533
1376
1534
1377
1535
1378
1536
1379
1537
1380
1538
1381
1539
1382
1540
1383
1541
1384
1542
1385
1543
1386
1544
1387
1545
1388
1546
1389
1547
1390
1548
1391
1549
1392
1550
1393
1551
1394
1552
1395
1553
1396
1554
1397
1555
1398
1556
1399
1557
1400
1558
1401
1559
1402
1560
1403
1561
1404
1562
1405
1563
1406
1564
1407
1565
1408
1566
1409
1567
1410
1568
1411
1569
1412
1570
1413
1571
1414
1572
1415
1573
1416
1574
1417
1575
1418
1576
1419
1577
1420
1578
1421
1579
1422
1580
1423
1581
1424
1582
1425
1583
1426
1584
1427
1585
1428
1586
1429
1587
1430
1588
1431
1589
1432
1590
1433
1591
1434
1592
1435
1593
1436
1594
1437
1595
1438
1596
1439
1597
1440
1598
1441
1599
1442
1600
1443
1601
1444
1602
1445
1603
1446
1604
1447
1605
1606
7656
1449
1607
1450
1608
1451
1609
1452
1610
1453
1611
1454
1612
1455
1613
1456
1614
1457
1615
1458
1616
1459
1617
1460
1618
1461
1619
1462
1620
1463
1621
1464
1622
1465
1623
1466
1624
1467
1625
1468
1626
1469
1627
1470
1628
1471
1629
1472
1630
1473
1631
1474
1632
1475
1633
1476
1634
1477
1635
1478
1636
1479
1637
1480
1638
1481
1639
1482
1640
1483
1641
1484
1642
1485
1643
1486
1644
1487
1645
1488
1646
1489
1647
1490
1648
1491
1649
1492
1650
1493
1651
1494
1652
1495
1653
1496
1654
1497
1655
1498
1656
1499
1657
1500
1658
1501
1659
1502
1660
1503
1661
1504
1662
1505
1663
1506
1664
1507
1665
1508
1666
1509
1667
1510
1668
1511
1669
1512
1670
1513
1671
1514
1672
1515
1673
1516
1674
1517
1675
1518
1676
1519
1677
1520
1678
1521
1679
1522
1680
1523
1681
1524
1682
1525
1683
1526
1684
1527
1685
1528
1686
1529
1687
1530
1688
1531
1689
1532
1690
1533
1691
1534
1692
1535
1693
1536
1694
1537
1695
1538
1696
1539
1697
1540
1698
1541
1699
1542
1700
1543
1701
1544
1702
1545
1703
1546
1704
1547
1705
1548
1706
1549
1707
1550
1708
1551
1709
1552
1710
1553
1711
1554
1712
1555
1713
1556
1714
1557
1715
1558
1716
1559
1717
1560
1718
1561
1719
1562
1720
1563
1721
1564
1722
1565
1723
1566
1724
1567
1725
1568
1726
1569
1727
1570
1728
1571
1729
1572
1730
1573
1731
1574
1732
1575
1733
1576
1734
1577
1735
1578
1736
1579
1737
1580
1738
1581
1739
1582
1740
1583
1741
1584
1742
1585
1743
1586
1744
1587
1745
1588
1746
1589
1747
1590
1748
1591
1749
1592
1750
1593
1751
1594
1752
1595
1753
1596
1754
1597
1755
1598
1756
1599
1757
1600
1758
1601
1759
1602
1760
1603
1761
1604
1762
1605
1763
1606
1764
1765
7880
1608
1766
1609
1767
1610
1768
1611
1769
1612
1770
1613
1771
1614
1772
1615
1773
1616
1774
1617
1775
1618
1776
1619
1777
1620
1778
1621
1779
1622
1780
1623
1781
1624
1782
1625
1783
1626
1784
1627
1785
1628
1786
1629
1787
1630
1788
1631
1789
1632
1790
1633
1791
1634
1792
1635
1793
1636
1794
1637
1795
1638
1796
1639
1797
1640
1798
1641
1799
1642
1800
1643
1801
1644
1802
1645
1803
1646
1804
1647
1805
1648
1806
1649
1807
1650
1808
1651
1809
1652
1810
1653
1811
1654
1812
1655
1813
1656
1814
1657
1815
1658
1816
1659
1817
1660
1818
1661
1819
1662
1820
1663
1821
1664
1822
1665
1823
1666
1824
1667
1825
1668
1826
1669
1827
1670
1828
1671
1829
1672
1830
1673
1831
1674
1832
1675
1833
1676
1834
1677
1835
1678
1836
1679
1837
1680
1838
1681
1839
1682
1840
1683
1841
1684
1842
1685
1843
1686
1844
1687
1845
1688
1846
1689
1847
1690
1848
1691
1849
1692
1850
1693
1851
1694
1852
1695
1853
1696
1854
1697
1855
1698
1856
1699
1857
1700
1858
1701
1859
1702
1860
1703
1861
1704
1862
1705
1863
1706
1864
1707
1865
1708
1866
1709
1867
1710
1868
1711
1869
1712
1870
1713
1871
1714
1872
1715
1873
1716
1874
1717
1875
1718
1876
1719
1877
1720
1878
1721
1879
1722
1880
1723
1881
1724
1882
1725
1883
1726
1884
1727
1885
1728
1886
1729
1887
1730
1888
1731
1889
1732
1890
1733
1891
1734
1892
1735
1893
1736
1894
1737
1895
1738
1896
1739
1897
1740
1898
1741
1899
1742
1900
1743
1901
1744
1902
1745
1903
1746
1904
1747
1905
1748
1906
1749
1907
1750
1908
1751
1909
1752
1910
1753
1911
1754
1912
1755
1913
1756
1914
1757
1915
1758
1916
1759
1917
1760
1918
1761
1919
1762
1920
1763
1921
1764
1922
1765
1923
1924
8104
1767
1925
1768
1926
1769
1927
1770
1928
1771
1929
1772
1930
1773
1931
1774
1932
1775
1933
1776
1934
1777
1935
1778
1936
1779
1937
1780
1938
1781
1939
1782
1940
1783
1941
1784
1942
1785
1943
1786
1944
1787
1945
1788
1946
1789
1947
1790
1948
1791
1949
1792
1950
1793
1951
1794
1952
1795
1953
1796
1954
1797
1955
1798
1956
1799
1957
1800
1958
1801
1959
1802
1960
1803
1961
1804
1962
1805
1963
1806
1964
1807
1965
1808
1966
1809
1967
1810
1968
1811
1969
1812
1970
1813
1971
1814
1972
1815
1973
1816
1974
1817
1975
1818
1976
1819
1977
1820
1978
1821
1979
1822
1980
1823
1981
1824
1982
1825
1983
1826
1984
1827
1985
1828
1986
1829
1987
1830
1988
1831
1989
1832
1990
1833
1991
1834
1992
1835
1993
1836
1994
1837
1995
1838
1996
1839
1997
1840
1998
1841
1999
1842
2000
1843
2001
1844
2002
1845
2003
1846
2004
1847
2005
1848
2006
1849
2007
1850
2008
1851
2009
1852
2010
1853
2011
1854
2012
1855
2013
1856
2014
1857
2015
1858
2016
1859
2017
1860
2018
1861
2019
1862
2020
1863
2021
1864
2022
1865
2023
1866
2024
1867
2025
1868
2026
1869
2027
1870
2028
1871
2029
1872
2030
1873
2031
1874
2032
1875
2033
1876
2034
1877
2035
1878
2036
1879
2037
1880
2038
1881
2039
1882
2040
1883
2041
1884
2042
1885
2043
1886
2044
1887
2045
1888
2046
1889
2047
1890
2048
1891
2049
1892
2050
1893
2051
1894
2052
1895
2053
1896
2054
1897
2055
1898
2056
1899
2057
1900
2058
1901
2059
1902
2060
1903
2061
1904
2062
1905
2063
1906
2064
1907
2065
1908
2066
1909
2067
1910
2068
1911
2069
1912
2070
1913
2071
1914
2072
1915
2073
1916
2074
1917
2075
1918
2076
1919
2077
1920
2078
1921
2079
1922
2080
1923
2081
1924
2082
2083
8328
1926
2084
1927
2085
1928
2086
1929
2087
1930
2088
1931
2089
1932
2090
1933
2091
1934
2092
1935
2093
1936
2094
1937
2095
1938
2096
1939
2097
1940
2098
1941
2099
1942
2100
1943
2101
1944
2102
1945
2103
1946
2104
1947
2105
1948
2106
1949
2107
1950
2108
1951
2109
1952
2110
1953
2111
1954
2112
1955
2113
1956
2114
1957
2115
1958
2116
1959
2117
1960
2118
1961
2119
1962
2120
1963
2121
1964
2122
1965
2123
1966
2124
1967
2125
1968
2126
1969
2127
1970
2128
1971
2129
1972
2130
1973
2131
1974
2132
1975
2133
1976
2134
1977
2135
1978
2136
1979
2137
1980
2138
1981
2139
1982
2140
1983
2141
1984
2142
1985
2143
1986
2144
1987
2145
1988
2146
1989
2147
1990
2148
1991
2149
1992
2150
1993
2151
1994
2152
1995
2153
1996
2154
1997
2155
1998
2156
1999
2157
2000
2158
2001
2159
2002
2160
2003
2161
2004
2162
2005
2163
2006
2164
2007
2165
2008
2166
2009
2167
2010
2168
2011
2169
2012
2170
2013
2171
2014
2172
2015
2173
2016
2174
2017
2175
2018
2176
2019
2177
2020
2178
2021
2179
2022
2180
2023
2181
2024
2182
2025
2183
2026
2184
2027
2185
2028
2186
2029
2187
2030
2188
2031
2189
2032
2190
2033
2191
2034
2192
2035
2193
2036
2194
2037
2195
2038
2196
2039
2197
2040
2198
2041
2199
2042
2200
2043
2201
2044
2202
2045
2203
2046
2204
2047
2205
2048
2206
2049
2207
2050
2208
2051
2209
2052
2210
2053
2211
2054
2212
2055
2213
2056
2214
2057
2215
2058
2216
2059
2217
2060
2218
2061
2219
2062
2220
2063
2221
2064
2222
2065
2223
2066
2224
2067
2225
2068
2226
2069
2227
2070
2228
2071
2229
2072
2230
2073
2231
2074
2232
2075
2233
2076
2234
2077
2235
2078
2236
2079
2237
2080
2238
2081
2239
2082
2240
2083
2241
2242
8552
2085
2243
2086
2244
2087
2245
2088
2246
2089
2247
2090
2248
2091
2249
2092
2250
2093
2251
2094
2252
2095
2253
2096
2254
2097
2255
2098
2256
2099
2257
2100
2258
2101
2259
2102
2260
2103
2261
2104
2262
2105
2263
2106
2264
2107
2265
2108
2266
2109
2267
2110
2268
2111
2269
2112
2270
2113
2271
2114
2272
2115
2273
2116
2274
2117
2275
2118
2276
2119
2277
2120
2278
2121
2279
2122
2280
2123
2281
2124
2282
2125
2283
2126
2284
2127
2285
2128
2286
2129
2287
2130
2288
2131
2289
2132
2290
2133
2291
2134
2292
2135
2293
2136
2294
2137
2295
2138
2296
2139
2297
2140
2298
2141
2299
2142
2300
2143
2301
2144
2302
2145
2303
2146
2304
2147
2305
2148
2306
2149
2307
2150
2308
2151
2309
2152
2310
2153
2311
2154
2312
2155
2313
2156
2314
2157
2315
2158
2316
2159
2317
2160
2318
2161
2319
2162
2320
2163
2321
2164
2322
2165
2323
2166
2324
2167
2325
2168
2326
2169
2327
2170
2328
2171
2329
2172
2330
2173
2331
2174
2332
2175
2333
2176
2334
2177
2335
2178
2336
2179
2337
2180
2338
2181
2339
2182
2340
2183
2341
2184
2342
2185
2343
2186
2344
2187
2345
2188
2346
2189
2347
2190
2348
2191
2349
2192
2350
2193
2351
2194
2352
2195
2353
2196
2354
2197
2355
2198
2356
2199
2357
2200
2358
2201
2359
2202
2360
2203
2361
2204
2362
2205
2363
2206
2364
2207
2365
2208
2366
2209
2367
2210
2368
2211
2369
2212
2370
2213
2371
2214
2372
2215
2373
2216
2374
2217
2375
2218
2376
2219
2377
2220
2378
2221
2379
2222
2380
2223
2381
2224
2382
2225
2383
2226
2384
2227
2385
2228
2386
2229
2387
2230
2388
2231
2389
2232
2390
2233
2391
2234
2392
2235
2393
2236
2394
2237
2395
2238
2396
2239
2397
2240
2398
2241
2399
2242
2400
2401
8776
2244
2402
2245
2403
2246
2404
2247
2405
2248
2406
2249
2407
2250
2408
2251
2409
2252
2410
2253
2411
2254
2412
2255
2413
2256
2414
2257
2415
2258
2416
2259
2417
2260
2418
2261
2419
2262
2420
2263
2421
2264
2422
2265
2423
2266
2424
2267
2425
2268
2426
2269
2427
2270
2428
2271
2429
2272
2430
2273
2431
2274
2432
2275
2433
2276
2434
2277
2435
2278
2436
2279
2437
2280
2438
2281
2439
2282
2440
2283
2441
2284
2442
2285
2443
2286
2444
2287
2445
2288
2446
2289
2447
2290
2448
2291
2449
2292
2450
2293
2451
2294
2452
2295
2453
2296
2454
2297
2455
2298
2456
2299
2457
2300
2458
2301
2459
2302
2460
2303
2461
2304
2462
2305
2463
2306
2464
2307
2465
2308
2466
2309
2467
2310
2468
2311
2469
2312
2470
2313
2471
2314
2472
2315
2473
2316
2474
2317
2475
2318
2476
2319
2477
2320
2478
2321
2479
2322
2480
2323
2481
2324
2482
2325
2483
2326
2484
2327
2485
2328
2486
2329
2487
2330
2488
2331
2489
2332
2490
2333
2491
2334
2492
2335
2493
2336
2494
2337
2495
2338
2496
2339
2497
2340
2498
2341
2499
2342
2500
2343
2501
2344
2502
2345
2503
2346
2504
2347
2505
2348
2506
2349
2507
2350
2508
2351
2509
2352
2510
2353
2511
2354
2512
2355
2513
2356
2514
2357
2515
2358
2516
2359
2517
2360
2518
2361
2519
2362
2520
2363
2521
2364
2522
2365
2523
2366
2524
2367
2525
2368
2526
2369
2527
2370
2528
2371
2529
2372
2530
2373
2531
2374
2532
2375
2533
2376
2534
2377
2535
2378
2536
2379
2537
2380
2538
2381
2539
2382
2540
2383
2541
2384
2542
2385
2543
2386
2544
2387
2545
2388
2546
2389
2547
2390
2548
2391
2549
2392
2550
2393
2551
2394
2552
2395
2553
2396
2554
2397
2555
2398
2556
2399
2557
2400
2558
2401
2559
2560
9000
2403
2561
2404
2562
2405
2563
2406
2564
2407
2565
2408
2566
2409
2567
2410
2568
2411
2569
2412
2570
2413
2571
2414
2572
2415
2573
2416
2574
2417
2575
2418
2576
2419
2577
2420
2578
2421
2579
2422
2580
2423
2581
2424
2582
2425
2583
2426
2584
2427
2585
2428
2586
2429
2587
2430
2588
2431
2589
2432
2590
2433
2591
2434
2592
2435
2593
2436
2594
2437
2595
2438
2596
2439
2597
2440
2598
2441
2599
2442
2600
2443
2601
2444
2602
2445
2603
2446
2604
2447
2605
2448
2606
2449
2607
2450
2608
2451
2609
2452
2610
2453
2611
2454
2612
2455
2613
2456
2614
2457
2615
2458
2616
2459
2617
2460
2618
2461
2619
2462
2620
2463
2621
2464
2622
2465
2623
2466
2624
2467
2625
2468
2626
2469
2627
2470
2628
2471
2629
2472
2630
2473
2631
2474
2632
2475
2633
2476
2634
2477
2635
2478
2636
2479
2637
2480
2638
2481
2639
2482
2640
2483
2641
2484
2642
2485
2643
2486
2644
2487
2645
2488
2646
2489
2647
2490
2648
2491
2649
2492
2650
2493
2651
2494
2652
2495
2653
2496
2654
2497
2655
2498
2656
2499
2657
2500
2658
2501
2659
2502
2660
2503
2661
2504
2662
2505
2663
2506
2664
2507
2665
2508
2666
2509
2667
2510
2668
2511
2669
2512
2670
2513
2671
2514
2672
2515
2673
2516
2674
2517
2675
2518
2676
2519
2677
2520
2678
2521
2679
2522
2680
2523
2681
2524
2682
2525
2683
2526
2684
2527
2685
2528
2686
2529
2687
2530
2688
2531
2689
2532
2690
2533
2691
2534
2692
2535
2693
2536
2694
2537
2695
2538
2696
2539
2697
2540
2698
2541
2699
2542
2700
2543
2701
2544
2702
2545
2703
2546
2704
2547
2705
2548
2706
2549
2707
2550
2708
2551
2709
2552
2710
2553
2711
2554
2712
2555
2713
2556
2714
2557
2715
2558
2716
2559
2717
2560
2718
2719
9224
2562
2720
2563
2721
2564
2722
2565
2723
2566
2724
2567
2725
2568
2726
2569
2727
2570
2728
2571
2729
2572
2730
2573
2731
2574
2732
2575
2733
2576
2734
2577
2735
2578
2736
2579
2737
2580
2738
2581
2739
2582
2740
2583
2741
2584
2742
2585
2743
2586
2744
2587
2745
2588
2746
2589
2747
2590
2748
2591
2749
2592
2750
2593
2751
2594
2752
2595
2753
2596
2754
2597
2755
2598
2756
2599
2757
2600
2758
2601
2759
2602
2760
2603
2761
2604
2762
2605
2763
2606
2764
2607
2765
2608
2766
2609
2767
2610
2768
2611
2769
2612
2770
2613
2771
2614
2772
2615
2773
2616
2774
2617
2775
2618
2776
2619
2777
2620
2778
2621
2779
2622
2780
2623
2781
2624
2782
2625
2783
2626
2784
2627
2785
2628
2786
2629
2787
2630
2788
2631
2789
2632
2790
2633
2791
2634
2792
2635
2793
2636
2794
2637
2795
2638
2796
2639
2797
2640
2798
2641
2799
2642
2800
2643
2801
2644
2802
2645
2803
2646
2804
2647
2805
2648
2806
2649
2807
2650
2808
2651
2809
2652
2810
2653
2811
2654
2812
2655
2813
2656
2814
2657
2815
2658
2816
2659
2817
2660
2818
2661
2819
2662
2820
2663
2821
2664
2822
2665
2823
2666
2824
2667
2825
2668
2826
2669
2827
2670
2828
2671
2829
2672
2830
2673
2831
2674
2832
2675
2833
2676
2834
2677
2835
2678
2836
2679
2837
2680
2838
2681
2839
2682
2840
2683
2841
2684
2842
2685
2843
2686
2844
2687
2845
2688
2846
2689
2847
2690
2848
2691
2849
2692
2850
2693
2851
2694
2852
2695
2853
2696
2854
2697
2855
2698
2856
2699
2857
2700
2858
2701
2859
2702
2860
2703
2861
2704
2862
2705
2863
2706
2864
2707
2865
2708
2866
2709
2867
2710
2868
2711
2869
2712
2870
2713
2871
2714
2872
2715
2873
2716
2874
2717
2875
2718
2876
2719
2877
2878
9448
2721
2879
2722
2880
2723
2881
2724
2882
2725
2883
2726
2884
2727
2885
2728
2886
2729
2887
2730
2888
2731
2889
2732
2890
2733
2891
2734
2892
2735
2893
2736
2894
2737
2895
2738
2896
2739
2897
2740
2898
2741
2899
2742
2900
2743
2901
2744
2902
2745
2903
2746
2904
2747
2905
2748
2906
2749
2907
2750
2908
2751
2909
2752
2910
2753
2911
2754
2912
2755
2913
2756
2914
2757
2915
2758
2916
2759
2917
2760
2918
2761
2919
2762
2920
2763
2921
2764
2922
2765
2923
2766
2924
2767
2925
2768
2926
2769
2927
2770
2928
2771
2929
2772
2930
2773
2931
2774
2932
2775
2933
2776
2934
2777
2935
2778
2936
2779
2937
2780
2938
2781
2939
2782
2940
2783
2941
2784
2942
2785
2943
2786
2944
2787
2945
2788
2946
2789
2947
2790
2948
2791
2949
2792
2950
2793
2951
2794
2952
2795
2953
2796
2954
2797
2955
2798
2956
2799
2957
2800
2958
2801
2959
2802
2960
2803
2961
2804
2962
2805
2963
2806
2964
2807
2965
2808
2966
2809
2967
2810
2968
2811
2969
2812
2970
2813
2971
2814
2972
2815
2973
2816
2974
2817
2975
2818
2976
2819
2977
2820
2978
2821
2979
2822
2980
2823
2981
2824
2982
2825
2983
2826
2984
2827
2985
2828
2986
2829
2987
2830
2988
2831
2989
2832
2990
2833
2991
2834
2992
2835
2993
2836
2994
2837
2995
2838
2996
2839
2997
2840
2998
2841
2999
2842
3000
2843
3001
2844
3002
2845
3003
2846
3004
2847
3005
2848
3006
2849
3007
2850
3008
2851
3009
2852
3010
2853
3011
2854
3012
2855
3013
2856
3014
2857
3015
2858
3016
2859
3017
2860
3018
2861
3019
2862
3020
2863
3021
2864
3022
2865
3023
2866
3024
2867
3025
2868
3026
2869
3027
2870
3028
2871
3029
2872
3030
2873
3031
2874
3032
2875
3033
2876
3034
2877
3035
2878
3036
3037
9672
2880
3038
2881
3039
2882
3040
2883
3041
2884
3042
2885
3043
2886
3044
2887
3045
2888
3046
2889
3047
2890
3048
2891
3049
2892
3050
2893
3051
2894
3052
2895
3053
2896
3054
2897
3055
2898
3056
2899
3057
2900
3058
2901
3059
2902
3060
2903
3061
2904
3062
2905
3063
2906
3064
2907
3065
2908
3066
2909
3067
2910
3068
2911
3069
2912
3070
2913
3071
2914
3072
2915
3073
2916
3074
2917
3075
2918
3076
2919
3077
2920
3078
2921
3079
2922
3080
2923
3081
2924
3082
2925
3083
2926
3084
2927
3085
2928
3086
2929
3087
2930
3088
2931
3089
2932
3090
2933
3091
2934
3092
2935
3093
2936
3094
2937
3095
2938
3096
2939
3097
2940
3098
2941
3099
2942
3100
2943
3101
2944
3102
2945
3103
2946
3104
2947
3105
2948
3106
2949
3107
2950
3108
2951
3109
2952
3110
2953
3111
2954
3112
2955
3113
2956
3114
2957
3115
2958
3116
2959
3117
2960
3118
2961
3119
2962
3120
2963
3121
2964
3122
2965
3123
2966
3124
2967
3125
2968
3126
2969
3127
2970
3128
2971
3129
2972
3130
2973
3131
2974
3132
2975
3133
2976
3134
2977
3135
2978
3136
2979
3137
2980
3138
2981
3139
2982
3140
2983
3141
2984
3142
2985
3143
2986
3144
2987
3145
2988
3146
2989
3147
2990
3148
2991
3149
2992
3150
2993
3151
2994
3152
2995
3153
2996
3154
2997
3155
2998
3156
2999
3157
3000
3158
3001
3159
3002
3160
3003
3161
3004
3162
3005
3163
3006
3164
3007
3165
3008
3166
3009
3167
3010
3168
3011
3169
3012
3170
3013
3171
3014
3172
3015
3173
3016
3174
3017
3175
3018
3176
3019
3177
3020
3178
3021
3179
3022
3180
3023
3181
3024
3182
3025
3183
3026
3184
3027
3185
3028
3186
3029
3187
3030
3188
3031
3189
3032
3190
3033
3191
3034
3192
3035
3193
3036
3194
3037
3195
3196
9896
3039
3197
3040
3198
3041
3199
3042
3200
3043
3201
3044
3202
3045
3203
3046
3204
3047
3205
3048
3206
3049
3207
3050
3208
3051
3209
3052
3210
3053
3211
3054
3212
3055
3213
3056
3214
3057
3215
3058
3216
3059
3217
3060
3218
3061
3219
3062
3220
3063
3221
3064
3222
3065
3223
3066
3224
3067
3225
3068
3226
3069
3227
3070
3228
3071
3229
3072
3230
3073
3231
3074
3232
3075
3233
3076
3234
3077
3235
3078
3236
3079
3237
3080
3238
3081
3239
3082
3240
3083
3241
3084
3242
3085
3243
3086
3244
3087
3245
3088
3246
3089
3247
3090
3248
3091
3249
3092
3250
3093
3251
3094
3252
3095
3253
3096
3254
3097
3255
3098
3256
3099
3257
3100
3258
3101
3259
3102
3260
3103
3261
3104
3262
3105
3263
3106
3264
3107
3265
3108
3266
3109
3267
3110
3268
3111
3269
3112
3270
3113
3271
3114
3272
3115
3273
3116
3274
3117
3275
3118
3276
3119
3277
3120
3278
3121
3279
3122
3280
3123
3281
3124
3282
3125
3283
3126
3284
3127
3285
3128
3286
3129
3287
3130
3288
3131
3289
3132
3290
3133
3291
3134
3292
3135
3293
3136
3294
3137
3295
3138
3296
3139
3297
3140
3298
3141
3299
3142
3300
3143
3301
3144
3302
3145
3303
3146
3304
3147
3305
3148
3306
3149
3307
3150
3308
3151
3309
3152
3310
3153
3311
3154
3312
3155
3313
3156
3314
3157
3315
3158
3316
3159
3317
3160
3318
3161
3319
3162
3320
3163
3321
3164
3322
3165
3323
3166
3324
3167
3325
3168
3326
3169
3327
3170
3328
3171
3329
3172
3330
3173
3331
3174
3332
3175
3333
3176
3334
3177
3335
3178
3336
3179
3337
3180
3338
3181
3339
3182
3340
3183
3341
3184
3342
3185
3343
3186
3344
3187
3345
3188
3346
3189
3347
3190
3348
3191
3349
3192
3350
3193
3351
3194
3352
3195
3353
3196
3354
3355
10120
3198
3356
3199
3357
3200
3358
3201
3359
3202
3360
3203
3361
3204
3362
3205
3363
3206
3364
3207
3365
3208
3366
3209
3367
3210
3368
3211
3369
3212
3370
3213
3371
3214
3372
3215
3373
3216
3374
3217
3375
3218
3376
3219
3377
3220
3378
3221
3379
3222
3380
3223
3381
3224
3382
3225
3383
3226
3384
3227
3385
3228
3386
3229
3387
3230
3388
3231
3389
3232
3390
3233
3391
3234
3392
3235
3393
3236
3394
3237
3395
3238
3396
3239
3397
3240
3398
3241
3399
3242
3400
3243
3401
3244
3402
3245
3403
3246
3404
3247
3405
3248
3406
3249
3407
3250
3408
3251
3409
3252
3410
3253
3411
3254
3412
3255
3413
3256
3414
3257
3415
3258
3416
3259
3417
3260
3418
3261
3419
3262
3420
3263
3421
3264
3422
3265
3423
3266
3424
3267
3425
3268
3426
3269
3427
3270
3428
3271
3429
3272
3430
3273
3431
3274
3432
3275
3433
3276
3434
3277
3435
3278
3436
3279
3437
3280
3438
3281
3439
3282
3440
3283
3441
3284
3442
3285
3443
3286
3444
3287
3445
3288
3446
3289
3447
3290
3448
3291
3449
3292
3450
3293
3451
3294
3452
3295
3453
3296
3454
3297
3455
3298
3456
3299
3457
3300
3458
3301
3459
3302
3460
3303
3461
3304
3462
3305
3463
3306
3464
3307
3465
3308
3466
3309
3467
3310
3468
3311
3469
3312
3470
3313
3471
3314
3472
3315
3473
3316
3474
3317
3475
3318
3476
3319
3477
3320
3478
3321
3479
3322
3480
3323
3481
3324
3482
3325
3483
3326
3484
3327
3485
3328
3486
3329
3487
3330
3488
3331
3489
3332
3490
3333
3491
3334
3492
3335
3493
3336
3494
3337
3495
3338
3496
3339
3497
3340
3498
3341
3499
3342
3500
3343
3501
3344
3502
3345
3503
3346
3504
3347
3505
3348
3506
3349
3507
3350
3508
3351
3509
3352
3510
3353
3511
3354
3512
3355
3513
3514
10344
3357
3515
3358
3516
3359
3517
3360
3518
3361
3519
3362
3520
3363
3521
3364
3522
3365
3523
3366
3524
3367
3525
3368
3526
3369
3527
3370
3528
3371
3529
3372
3530
3373
3531
3374
3532
3375
3533
3376
3534
3377
3535
3378
3536
3379
3537
3380
3538
3381
3539
3382
3540
3383
3541
3384
3542
3385
3543
3386
3544
3387
3545
3388
3546
3389
3547
3390
3548
3391
3549
3392
3550
3393
3551
3394
3552
3395
3553
3396
3554
3397
3555
3398
3556
3399
3557
3400
3558
3401
3559
3402
3560
3403
3561
3404
3562
3405
3563
3406
3564
3407
3565
3408
3566
3409
3567
3410
3568
3411
3569
3412
3570
3413
3571
3414
3572
3415
3573
3416
3574
3417
3575
3418
3576
3419
3577
3420
3578
3421
3579
3422
3580
3423
3581
3424
3582
3425
3583
3426
3584
3427
3585
3428
3586
3429
3587
3430
3588
3431
3589
3432
3590
3433
3591
3434
3592
3435
3593
3436
3594
3437
3595
3438
3596
3439
3597
3440
3598
3441
3599
3442
3600
3443
3601
3444
3602
3445
3603
3446
3604
3447
3605
3448
3606
3449
3607
3450
3608
3451
3609
3452
3610
3453
3611
3454
3612
3455
3613
3456
3614
3457
3615
3458
3616
3459
3617
3460
3618
3461
3619
3462
3620
3463
3621
3464
3622
3465
3623
3466
3624
3467
3625
3468
3626
3469
3627
3470
3628
3471
3629
3472
3630
3473
3631
3474
3632
3475
3633
3476
3634
3477
3635
3478
3636
3479
3637
3480
3638
3481
3639
3482
3640
3483
3641
3484
3642
3485
3643
3486
3644
3487
3645
3488
3646
3489
3647
3490
3648
3491
3649
3492
3650
3493
3651
3494
3652
3495
3653
3496
3654
3497
3655
3498
3656
3499
3657
3500
3658
3501
3659
3502
3660
3503
3661
3504
3662
3505
3663
3506
3664
3507
3665
3508
3666
3509
3667
3510
3668
3511
3669
3512
3670
3513
3671
3514
3672
3673
10568
3516
3674
3517
3675
3518
3676
3519
3677
3520
3678
3521
3679
3522
3680
3523
3681
3524
3682
3525
3683
3526
3684
3527
3685
3528
3686
3529
3687
3530
3688
3531
3689
3532
3690
3533
3691
3534
3692
3535
3693
3536
3694
3537
3695
3538
3696
3539
3697
3540
3698
3541
3699
3542
3700
3543
3701
3544
3702
3545
3703
3546
3704
3547
3705
3548
3706
3549
3707
3550
3708
3551
3709
3552
3710
3553
3711
3554
3712
3555
3713
3556
3714
3557
3715
3558
3716
3559
3717
3560
3718
3561
3719
3562
3720
3563
3721
3564
3722
3565
3723
3566
3724
3567
3725
3568
3726
3569
3727
3570
3728
3571
3729
3572
3730
3573
3731
3574
3732
3575
3733
3576
3734
3577
3735
3578
3736
3579
3737
3580
3738
3581
3739
3582
3740
3583
3741
3584
3742
3585
3743
3586
3744
3587
3745
3588
3746
3589
3747
3590
3748
3591
3749
3592
3750
3593
3751
3594
3752
3595
3753
3596
3754
3597
3755
3598
3756
3599
3757
3600
3758
3601
3759
3602
3760
3603
3761
3604
3762
3605
3763
3606
3764
3607
3765
3608
3766
3609
3767
3610
3768
3611
3769
3612
3770
3613
3771
3614
3772
3615
3773
3616
3774
3617
3775
3618
3776
3619
3777
3620
3778
3621
3779
3622
3780
3623
3781
3624
3782
3625
3783
3626
3784
3627
3785
3628
3786
3629
3787
3630
3788
3631
3789
3632
3790
3633
3791
3634
3792
3635
3793
3636
3794
3637
3795
3638
3796
3639
3797
3640
3798
3641
3799
3642
3800
3643
3801
3644
3802
3645
3803
3646
3804
3647
3805
3648
3806
3649
3807
3650
3808
3651
3809
3652
3810
3653
3811
3654
3812
3655
3813
3656
3814
3657
3815
3658
3816
3659
3817
3660
3818
3661
3819
3662
3820
3663
3821
3664
3822
3665
3823
3666
3824
3667
3825
3668
3826
3669
3827
3670
3828
3671
3829
3672
3830
3673
3831
3832
10792
3675
3833
3676
3834
3677
3835
3678
3836
3679
3837
3680
3838
3681
3839
3682
3840
3683
3841
3684
3842
3685
3843
3686
3844
3687
3845
3688
3846
3689
3847
3690
3848
3691
3849
3692
3850
3693
3851
3694
3852
3695
3853
3696
3854
3697
3855
3698
3856
3699
3857
3700
3858
3701
3859
3702
3860
3703
3861
3704
3862
3705
3863
3706
3864
3707
3865
3708
3866
3709
3867
3710
3868
3711
3869
3712
3870
3713
3871
3714
3872
3715
3873
3716
3874
3717
3875
3718
3876
3719
3877
3720
3878
3721
3879
3722
3880
3723
3881
3724
3882
3725
3883
3726
3884
3727
3885
3728
3886
3729
3887
3730
3888
3731
3889
3732
3890
3733
3891
3734
3892
3735
3893
3736
3894
3737
3895
3738
3896
3739
3897
3740
3898
3741
3899
3742
3900
3743
3901
3744
3902
3745
3903
3746
3904
3747
3905
3748
3906
3749
3907
3750
3908
3751
3909
3752
3910
3753
3911
3754
3912
3755
3913
3756
3914
3757
3915
3758
3916
3759
3917
3760
3918
3761
3919
3762
3920
3763
3921
3764
3922
3765
3923
3766
3924
3767
3925
3768
3926
3769
3927
3770
3928
3771
3929
3772
3930
3773
3931
3774
3932
3775
3933
3776
3934
3777
3935
3778
3936
3779
3937
3780
3938
3781
3939
3782
3940
3783
3941
3784
3942
3785
3943
3786
3944
3787
3945
3788
3946
3789
3947
3790
3948
3791
3949
3792
3950
3793
3951
3794
3952
3795
3953
3796
3954
3797
3955
3798
3956
3799
3957
3800
3958
3801
3959
3802
3960
3803
3961
3804
3962
3805
3963
3806
3964
3807
3965
3808
3966
3809
3967
3810
3968
3811
3969
3812
3970
3813
3971
3814
3972
3815
3973
3816
3974
3817
3975
3818
3976
3819
3977
3820
3978
3821
3979
3822
3980
3823
3981
3824
3982
3825
3983
3826
3984
3827
3985
3828
3986
3829
3987
3830
3988
3831
3989
3832
3990
3991
11016
3834
3992
3835
3993
3836
3994
3837
3995
3838
3996
3839
3997
3840
3998
3841
3999
3842
4000
3843
4001
3844
4002
3845
4003
3846
4004
3847
4005
3848
4006
3849
4007
3850
4008
3851
4009
3852
4010
3853
4011
3854
4012
3855
4013
3856
4014
3857
4015
3858
4016
3859
4017
3860
4018
3861
4019
3862
4020
3863
4021
3864
4022
3865
4023
3866
4024
3867
4025
3868
4026
3869
4027
3870
4028
3871
4029
3872
4030
3873
4031
3874
4032
3875
4033
3876
4034
3877
4035
3878
4036
3879
4037
3880
4038
3881
4039
3882
4040
3883
4041
3884
4042
3885
4043
3886
4044
3887
4045
3888
4046
3889
4047
3890
4048
3891
4049
3892
4050
3893
4051
3894
4052
3895
4053
3896
4054
3897
4055
3898
4056
3899
4057
3900
4058
3901
4059
3902
4060
3903
4061
3904
4062
3905
4063
3906
4064
3907
4065
3908
4066
3909
4067
3910
4068
3911
4069
3912
4070
3913
4071
3914
4072
3915
4073
3916
4074
3917
4075
3918
4076
3919
4077
3920
4078
3921
4079
3922
4080
3923
4081
3924
4082
3925
4083
3926
4084
3927
4085
3928
4086
3929
4087
3930
4088
3931
4089
3932
4090
3933
4091
3934
4092
3935
4093
3936
4094
3937
4095
3938
4096
3939
4097
3940
4098
3941
4099
3942
4100
3943
4101
3944
4102
3945
4103
3946
4104
3947
4105
3948
4106
3949
4107
3950
4108
3951
4109
3952
4110
3953
4111
3954
4112
3955
4113
3956
4114
3957
4115
3958
4116
3959
4117
3960
4118
3961
4119
3962
4120
3963
4121
3964
4122
3965
4123
3966
4124
3967
4125
3968
4126
3969
4127
3970
4128
3971
4129
3972
4130
3973
4131
3974
4132
3975
4133
3976
4134
3977
4135
3978
4136
3979
4137
3980
4138
3981
4139
3982
4140
3983
4141
3984
4142
3985
4143
3986
4144
3987
4145
3988
4146
3989
4147
3990
4148
3991
4149
4150
11240
3993
4151
3994
4152
3995
4153
3996
4154
3997
4155
3998
4156
3999
4157
4000
4158
4001
4159
4002
4160
4003
4161
4004
4162
4005
4163
4006
4164
4007
4165
4008
4166
4009
4167
4010
4168
4011
4169
4012
4170
4013
4171
4014
4172
4015
4173
4016
4174
4017
4175
4018
4176
4019
4177
4020
4178
4021
4179
4022
4180
4023
4181
4024
4182
4025
4183
4026
4184
4027
4185
4028
4186
4029
4187
4030
4188
4031
4189
4032
4190
4033
4191
4034
4192
4035
4193
4036
4194
4037
4195
4038
4196
4039
4197
4040
4198
4041
4199
4042
4200
4043
4201
4044
4202
4045
4203
4046
4204
4047
4205
4048
4206
4049
4207
4050
4208
4051
4209
4052
4210
4053
4211
4054
4212
4055
4213
4056
4214
4057
4215
4058
4216
4059
4217
4060
4218
4061
4219
4062
4220
4063
4221
4064
4222
4065
4223
4066
4224
4067
4225
4068
4226
4069
4227
4070
4228
4071
4229
4072
4230
4073
4231
4074
4232
4075
4233
4076
4234
4077
4235
4078
4236
4079
4237
4080
4238
4081
4239
4082
4240
4083
4241
4084
4242
4085
4243
4086
4244
4087
4245
4088
4246
4089
4247
4090
4248
4091
4249
4092
4250
4093
4251
4094
4252
4095
4253
4096
4254
4097
4255
4098
4256
4099
4257
4100
4258
4101
4259
4102
4260
4103
4261
4104
4262
4105
4263
4106
4264
4107
4265
4108
4266
4109
4267
4110
4268
4111
4269
4112
4270
4113
4271
4114
4272
4115
4273
4116
4274
4117
4275
4118
4276
4119
4277
4120
4278
4121
4279
4122
4280
4123
4281
4124
4282
4125
4283
4126
4284
4127
4285
4128
4286
4129
4287
4130
4288
4131
4289
4132
4290
4133
4291
4134
4292
4135
4293
4136
4294
4137
4295
4138
4296
4139
4297
4140
4298
4141
4299
4142
4300
4143
4301
4144
4302
4145
4303
4146
4304
4147
4305
4148
4306
4149
4307
4150
4308
4309
11464
4152
4310
4153
4311
4154
4312
4155
4313
4156
4314
4157
4315
4158
4316
4159
4317
4160
4318
4161
4319
4162
4320
4163
4321
4164
4322
4165
4323
4166
4324
4167
4325
4168
4326
4169
4327
4170
4328
4171
4329
4172
4330
4173
4331
4174
4332
4175
4333
4176
4334
4177
4335
4178
4336
4179
4337
4180
4338
4181
4339
4182
4340
4183
4341
4184
4342
4185
4343
4186
4344
4187
4345
4188
4346
4189
4347
4190
4348
4191
4349
4192
4350
4193
4351
4194
4352
4195
4353
4196
4354
4197
4355
4198
4356
4199
4357
4200
4358
4201
4359
4202
4360
4203
4361
4204
4362
4205
4363
4206
4364
4207
4365
4208
4366
4209
4367
4210
4368
4211
4369
4212
4370
4213
4371
4214
4372
4215
4373
4216
4374
4217
4375
4218
4376
4219
4377
4220
4378
4221
4379
4222
4380
4223
4381
4224
4382
4225
4383
4226
4384
4227
4385
4228
4386
4229
4387
4230
4388
4231
4389
4232
4390
4233
4391
4234
4392
4235
4393
4236
4394
4237
4395
4238
4396
4239
4397
4240
4398
4241
4399
4242
4400
4243
4401
4244
4402
4245
4403
4246
4404
4247
4405
4248
4406
4249
4407
4250
4408
4251
4409
4252
4410
4253
4411
4254
4412
4255
4413
4256
4414
4257
4415
4258
4416
4259
4417
4260
4418
4261
4419
4262
4420
4263
4421
4264
4422
4265
4423
4266
4424
4267
4425
4268
4426
4269
4427
4270
4428
4271
4429
4272
4430
4273
4431
4274
4432
4275
4433
4276
4434
4277
4435
4278
4436
4279
4437
4280
4438
4281
4439
4282
4440
4283
4441
4284
4442
4285
4443
4286
4444
4287
4445
4288
4446
4289
4447
4290
4448
4291
4449
4292
4450
4293
4451
4294
4452
4295
4453
4296
4454
4297
4455
4298
4456
4299
4457
4300
4458
4301
4459
4302
4460
4303
4461
4304
4462
4305
4463
4306
4464
4307
4465
4308
4466
4309
4467
4468
11688
4311
4469
4312
4470
4313
4471
4314
4472
4315
4473
4316
4474
4317
4475
4318
4476
4319
4477
4320
4478
4321
4479
4322
4480
4323
4481
4324
4482
4325
4483
4326
4484
4327
4485
4328
4486
4329
4487
4330
4488
4331
4489
4332
4490
4333
4491
4334
4492
4335
4493
4336
4494
4337
4495
4338
4496
4339
4497
4340
4498
4341
4499
4342
4500
4343
4501
4344
4502
4345
4503
4346
4504
4347
4505
4348
4506
4349
4507
4350
4508
4351
4509
4352
4510
4353
4511
4354
4512
4355
4513
4356
4514
4357
4515
4358
4516
4359
4517
4360
4518
4361
4519
4362
4520
4363
4521
4364
4522
4365
4523
4366
4524
4367
4525
4368
4526
4369
4527
4370
4528
4371
4529
4372
4530
4373
4531
4374
4532
4375
4533
4376
4534
4377
4535
4378
4536
4379
4537
4380
4538
4381
4539
4382
4540
4383
4541
4384
4542
4385
4543
4386
4544
4387
4545
4388
4546
4389
4547
4390
4548
4391
4549
4392
4550
4393
4551
4394
4552
4395
4553
4396
4554
4397
4555
4398
4556
4399
4557
4400
4558
4401
4559
4402
4560
4403
4561
4404
4562
4405
4563
4406
4564
4407
4565
4408
4566
4409
4567
4410
4568
4411
4569
4412
4570
4413
4571
4414
4572
4415
4573
4416
4574
4417
4575
4418
4576
4419
4577
4420
4578
4421
4579
4422
4580
4423
4581
4424
4582
4425
4583
4426
4584
4427
4585
4428
4586
4429
4587
4430
4588
4431
4589
4432
4590
4433
4591
4434
4592
4435
4593
4436
4594
4437
4595
4438
4596
4439
4597
4440
4598
4441
4599
4442
4600
4443
4601
4444
4602
4445
4603
4446
4604
4447
4605
4448
4606
4449
4607
4450
4608
4451
4609
4452
4610
4453
4611
4454
4612
4455
4613
4456
4614
4457
4615
4458
4616
4459
4617
4460
4618
4461
4619
4462
4620
4463
4621
4464
4622
4465
4623
4466
4624
4467
4625
4468
4626
4627
11912
4470
4628
4471
4629
4472
4630
4473
4631
4474
4632
4475
4633
4476
4634
4477
4635
4478
4636
4479
4637
4480
4638
4481
4639
4482
4640
4483
4641
4484
4642
4485
4643
4486
4644
4487
4645
4488
4646
4489
4647
4490
4648
4491
4649
4492
4650
4493
4651
4494
4652
4495
4653
4496
4654
4497
4655
4498
4656
4499
4657
4500
4658
4501
4659
4502
4660
4503
4661
4504
4662
4505
4663
4506
4664
4507
4665
4508
4666
4509
4667
4510
4668
4511
4669
4512
4670
4513
4671
4514
4672
4515
4673
4516
4674
4517
4675
4518
4676
4519
4677
4520
4678
4521
4679
4522
4680
4523
4681
4524
4682
4525
4683
4526
4684
4527
4685
4528
4686
4529
4687
4530
4688
4531
4689
4532
4690
4533
4691
4534
4692
4535
4693
4536
4694
4537
4695
4538
4696
4539
4697
4540
4698
4541
4699
4542
4700
4543
4701
4544
4702
4545
4703
4546
4704
4547
4705
4548
4706
4549
4707
4550
4708
4551
4709
4552
4710
4553
4711
4554
4712
4555
4713
4556
4714
4557
4715
4558
4716
4559
4717
4560
4718
4561
4719
4562
4720
4563
4721
4564
4722
4565
4723
4566
4724
4567
4725
4568
4726
4569
4727
4570
4728
4571
4729
4572
4730
4573
4731
4574
4732
4575
4733
4576
4734
4577
4735
4578
4736
4579
4737
4580
4738
4581
4739
4582
4740
4583
4741
4584
4742
4585
4743
4586
4744
4587
4745
4588
4746
4589
4747
4590
4748
4591
4749
4592
4750
4593
4751
4594
4752
4595
4753
4596
4754
4597
4755
4598
4756
4599
4757
4600
4758
4601
4759
4602
4760
4603
4761
4604
4762
4605
4763
4606
4764
4607
4765
4608
4766
4609
4767
4610
4768
4611
4769
4612
4770
4613
4771
4614
4772
4615
4773
4616
4774
4617
4775
4618
4776
4619
4777
4620
4778
4621
4779
4622
4780
4623
4781
4624
4782
4625
4783
4626
4784
4627
4785
4786
12136
4629
4787
4630
4788
4631
4789
4632
4790
4633
4791
4634
4792
4635
4793
4636
4794
4637
4795
4638
4796
4639
4797
4640
4798
4641
4799
4642
4800
4643
4801
4644
4802
4645
4803
4646
4804
4647
4805
4648
4806
4649
4807
4650
4808
4651
4809
4652
4810
4653
4811
4654
4812
4655
4813
4656
4814
4657
4815
4658
4816
4659
4817
4660
4818
4661
4819
4662
4820
4663
4821
4664
4822
4665
4823
4666
4824
4667
4825
4668
4826
4669
4827
4670
4828
4671
4829
4672
4830
4673
4831
4674
4832
4675
4833
4676
4834
4677
4835
4678
4836
4679
4837
4680
4838
4681
4839
4682
4840
4683
4841
4684
4842
4685
4843
4686
4844
4687
4845
4688
4846
4689
4847
4690
4848
4691
4849
4692
4850
4693
4851
4694
4852
4695
4853
4696
4854
4697
4855
4698
4856
4699
4857
4700
4858
4701
4859
4702
4860
4703
4861
4704
4862
4705
4863
4706
4864
4707
4865
4708
4866
4709
4867
4710
4868
4711
4869
4712
4870
4713
4871
4714
4872
4715
4873
4716
4874
4717
4875
4718
4876
4719
4877
4720
4878
4721
4879
4722
4880
4723
4881
4724
4882
4725
4883
4726
4884
4727
4885
4728
4886
4729
4887
4730
4888
4731
4889
4732
4890
4733
4891
4734
4892
4735
4893
4736
4894
4737
4895
4738
4896
4739
4897
4740
4898
4741
4899
4742
4900
4743
4901
4744
4902
4745
4903
4746
4904
4747
4905
4748
4906
4749
4907
4750
4908
4751
4909
4752
4910
4753
4911
4754
4912
4755
4913
4756
4914
4757
4915
4758
4916
4759
4917
4760
4918
4761
4919
4762
4920
4763
4921
4764
4922
4765
4923
4766
4924
4767
4925
4768
4926
4769
4927
4770
4928
4771
4929
4772
4930
4773
4931
4774
4932
4775
4933
4776
4934
4777
4935
4778
4936
4779
4937
4780
4938
4781
4939
4782
4940
4783
4941
4784
4942
4785
4943
4786
4944
4945
12360
4788
4946
4789
4947
4790
4948
4791
4949
4792
4950
4793
4951
4794
4952
4795
4953
4796
4954
4797
4955
4798
4956
4799
4957
4800
4958
4801
4959
4802
4960
4803
4961
4804
4962
4805
4963
4806
4964
4807
4965
4808
4966
4809
4967
4810
4968
4811
4969
4812
4970
4813
4971
4814
4972
4815
4973
4816
4974
4817
4975
4818
4976
4819
4977
4820
4978
4821
4979
4822
4980
4823
4981
4824
4982
4825
4983
4826
4984
4827
4985
4828
4986
4829
4987
4830
4988
4831
4989
4832
4990
4833
4991
4834
4992
4835
4993
4836
4994
4837
4995
4838
4996
4839
4997
4840
4998
4841
4999
4842
5000
4843
5001
4844
5002
4845
5003
4846
5004
4847
5005
4848
5006
4849
5007
4850
5008
4851
5009
4852
5010
4853
5011
4854
5012
4855
5013
4856
5014
4857
5015
4858
5016
4859
5017
4860
5018
4861
5019
4862
5020
4863
5021
4864
5022
4865
5023
4866
5024
4867
5025
4868
5026
4869
5027
4870
5028
4871
5029
4872
5030
4873
5031
4874
5032
4875
5033
4876
5034
4877
5035
4878
5036
4879
5037
4880
5038
4881
5039
4882
5040
4883
5041
4884
5042
4885
5043
4886
5044
4887
5045
4888
5046
4889
5047
4890
5048
4891
5049
4892
5050
4893
5051
4894
5052
4895
5053
4896
5054
4897
5055
4898
5056
4899
5057
4900
5058
4901
5059
4902
5060
4903
5061
4904
5062
4905
5063
4906
5064
4907
5065
4908
5066
4909
5067
4910
5068
4911
5069
4912
5070
4913
5071
4914
5072
4915
5073
4916
5074
4917
5075
4918
5076
4919
5077
4920
5078
4921
5079
4922
5080
4923
5081
4924
5082
4925
5083
4926
5084
4927
5085
4928
5086
4929
5087
4930
5088
4931
5089
4932
5090
4933
5091
4934
5092
4935
5093
4936
5094
4937
5095
4938
5096
4939
5097
4940
5098
4941
5099
4942
5100
4943
5101
4944
5102
4945
5103
5104
12584
4947
5105
4948
5106
4949
5107
4950
5108
4951
5109
4952
5110
4953
5111
4954
5112
4955
5113
4956
5114
4957
5115
4958
5116
4959
5117
4960
5118
4961
5119
4962
5120
4963
5121
4964
5122
4965
5123
4966
5124
4967
5125
4968
5126
4969
5127
4970
5128
4971
5129
4972
5130
4973
5131
4974
5132
4975
5133
4976
5134
4977
5135
4978
5136
4979
5137
4980
5138
4981
5139
4982
5140
4983
5141
4984
5142
4985
5143
4986
5144
4987
5145
4988
5146
4989
5147
4990
5148
4991
5149
4992
5150
4993
5151
4994
5152
4995
5153
4996
5154
4997
5155
4998
5156
4999
5157
5000
5158
5001
5159
5002
5160
5003
5161
5004
5162
5005
5163
5006
5164
5007
5165
5008
5166
5009
5167
5010
5168
5011
5169
5012
5170
5013
5171
5014
5172
5015
5173
5016
5174
5017
5175
5018
5176
5019
5177
5020
5178
5021
5179
5022
5180
5023
5181
5024
5182
5025
5183
5026
5184
5027
5185
5028
5186
5029
5187
5030
5188
5031
5189
5032
5190
5033
5191
5034
5192
5035
5193
5036
5194
5037
5195
5038
5196
5039
5197
5040
5198
5041
5199
5042
5200
5043
5201
5044
5202
5045
5203
5046
5204
5047
5205
5048
5206
5049
5207
5050
5208
5051
5209
5052
5210
5053
5211
5054
5212
5055
5213
5056
5214
5057
5215
5058
5216
5059
5217
5060
5218
5061
5219
5062
5220
5063
5221
5064
5222
5065
5223
5066
5224
5067
5225
5068
5226
5069
5227
5070
5228
5071
5229
5072
5230
5073
5231
5074
5232
5075
5233
5076
5234
5077
5235
5078
5236
5079
5237
5080
5238
5081
5239
5082
5240
5083
5241
5084
5242
5085
5243
5086
5244
5087
5245
5088
5246
5089
5247
5090
5248
5091
5249
5092
5250
5093
5251
5094
5252
5095
5253
5096
5254
5097
5255
5098
5256
5099
5257
5100
5258
5101
5259
5102
5260
5103
5261
5104
5262
5263
12808
5106
5264
5107
5265
5108
5266
5109
5267
5110
5268
5111
5269
5112
5270
5113
5271
5114
5272
5115
5273
5116
5274
5117
5275
5118
5276
5119
5277
5120
5278
5121
5279
5122
5280
5123
5281
5124
5282
5125
5283
5126
5284
5127
5285
5128
5286
5129
5287
5130
5288
5131
5289
5132
5290
5133
5291
5134
5292
5135
5293
5136
5294
5137
5295
5138
5296
5139
5297
5140
5298
5141
5299
5142
5300
5143
5301
5144
5302
5145
5303
5146
5304
5147
5305
5148
5306
5149
5307
5150
5308
5151
5309
5152
5310
5153
5311
5154
5312
5155
5313
5156
5314
5157
5315
5158
5316
5159
5317
5160
5318
5161
5319
5162
5320
5163
5321
5164
5322
5165
5323
5166
5324
5167
5325
5168
5326
5169
5327
5170
5328
5171
5329
5172
5330
5173
5331
5174
5332
5175
5333
5176
5334
5177
5335
5178
5336
5179
5337
5180
5338
5181
5339
5182
5340
5183
5341
5184
5342
5185
5343
5186
5344
5187
5345
5188
5346
5189
5347
5190
5348
5191
5349
5192
5350
5193
5351
5194
5352
5195
5353
5196
5354
5197
5355
5198
5356
5199
5357
5200
5358
5201
5359
5202
5360
5203
5361
5204
5362
5205
5363
5206
5364
5207
5365
5208
5366
5209
5367
5210
5368
5211
5369
5212
5370
5213
5371
5214
5372
5215
5373
5216
5374
5217
5375
5218
5376
5219
5377
5220
5378
5221
5379
5222
5380
5223
5381
5224
5382
5225
5383
5226
5384
5227
5385
5228
5386
5229
5387
5230
5388
5231
5389
5232
5390
5233
5391
5234
5392
5235
5393
5236
5394
5237
5395
5238
5396
5239
5397
5240
5398
5241
5399
5242
5400
5243
5401
5244
5402
5245
5403
5246
5404
5247
5405
5248
5406
5249
5407
5250
5408
5251
5409
5252
5410
5253
5411
5254
5412
5255
5413
5256
5414
5257
5415
5258
5416
5259
5417
5260
5418
5261
5419
5262
5420
5263
5421
5422
13032
5265
5423
5266
5424
5267
5425
5268
5426
5269
5427
5270
5428
5271
5429
5272
5430
5273
5431
5274
5432
5275
5433
5276
5434
5277
5435
5278
5436
5279
5437
5280
5438
5281
5439
5282
5440
5283
5441
5284
5442
5285
5443
5286
5444
5287
5445
5288
5446
5289
5447
5290
5448
5291
5449
5292
5450
5293
5451
5294
5452
5295
5453
5296
5454
5297
5455
5298
5456
5299
5457
5300
5458
5301
5459
5302
5460
5303
5461
5304
5462
5305
5463
5306
5464
5307
5465
5308
5466
5309
5467
5310
5468
5311
5469
5312
5470
5313
5471
5314
5472
5315
5473
5316
5474
5317
5475
5318
5476
5319
5477
5320
5478
5321
5479
5322
5480
5323
5481
5324
5482
5325
5483
5326
5484
5327
5485
5328
5486
5329
5487
5330
5488
5331
5489
5332
5490
5333
5491
5334
5492
5335
5493
5336
5494
5337
5495
5338
5496
5339
5497
5340
5498
5341
5499
5342
5500
5343
5501
5344
5502
5345
5503
5346
5504
5347
5505
5348
5506
5349
5507
5350
5508
5351
5509
5352
5510
5353
5511
5354
5512
5355
5513
5356
5514
5357
5515
5358
5516
5359
5517
5360
5518
5361
5519
5362
5520
5363
5521
5364
5522
5365
5523
5366
5524
5367
5525
5368
5526
5369
5527
5370
5528
5371
5529
5372
5530
5373
5531
5374
5532
5375
5533
5376
5534
5377
5535
5378
5536
5379
5537
5380
5538
5381
5539
5382
5540
5383
5541
5384
5542
5385
5543
5386
5544
5387
5545
5388
5546
5389
5547
5390
5548
5391
5549
5392
5550
5393
5551
5394
5552
5395
5553
5396
5554
5397
5555
5398
5556
5399
5557
5400
5558
5401
5559
5402
5560
5403
5561
5404
5562
5405
5563
5406
5564
5407
5565
5408
5566
5409
5567
5410
5568
5411
5569
5412
5570
5413
5571
5414
5572
5415
5573
5416
5574
5417
5575
5418
5576
5419
5577
5420
5578
5421
5579
5422
5580
5581
13256
5424
5582
5425
5583
5426
5584
5427
5585
5428
5586
5429
5587
5430
5588
5431
5589
5432
5590
5433
5591
5434
5592
5435
5593
5436
5594
5437
5595
5438
5596
5439
5597
5440
5598
5441
5599
5442
5600
5443
5601
5444
5602
5445
5603
5446
5604
5447
5605
5448
5606
5449
5607
5450
5608
5451
5609
5452
5610
5453
5611
5454
5612
5455
5613
5456
5614
5457
5615
5458
5616
5459
5617
5460
5618
5461
5619
5462
5620
5463
5621
5464
5622
5465
5623
5466
5624
5467
5625
5468
5626
5469
5627
5470
5628
5471
5629
5472
5630
5473
5631
5474
5632
5475
5633
5476
5634
5477
5635
5478
5636
5479
5637
5480
5638
5481
5639
5482
5640
5483
5641
5484
5642
5485
5643
5486
5644
5487
5645
5488
5646
5489
5647
5490
5648
5491
5649
5492
5650
5493
5651
5494
5652
5495
5653
5496
5654
5497
5655
5498
5656
5499
5657
5500
5658
5501
5659
5502
5660
5503
5661
5504
5662
5505
5663
5506
5664
5507
5665
5508
5666
5509
5667
5510
5668
5511
5669
5512
5670
5513
5671
5514
5672
5515
5673
5516
5674
5517
5675
5518
5676
5519
5677
5520
5678
5521
5679
5522
5680
5523
5681
5524
5682
5525
5683
5526
5684
5527
5685
5528
5686
5529
5687
5530
5688
5531
5689
5532
5690
5533
5691
5534
5692
5535
5693
5536
5694
5537
5695
5538
5696
5539
5697
5540
5698
5541
5699
5542
5700
5543
5701
5544
5702
5545
5703
5546
5704
5547
5705
5548
5706
5549
5707
5550
5708
5551
5709
5552
5710
5553
5711
5554
5712
5555
5713
5556
5714
5557
5715
5558
5716
5559
5717
5560
5718
5561
5719
5562
5720
5563
5721
5564
5722
5565
5723
5566
5724
5567
5725
5568
5726
5569
5727
5570
5728
5571
5729
5572
5730
5573
5731
5574
5732
5575
5733
5576
5734
5577
5735
5578
5736
5579
5737
5580
5738
5581
5739
5740
13480
5583
5741
5584
5742
5585
5743
5586
5744
5587
5745
5588
5746
5589
5747
5590
5748
5591
5749
5592
5750
5593
5751
5594
5752
5595
5753
5596
5754
5597
5755
5598
5756
5599
5757
5600
5758
5601
5759
5602
5760
5603
5761
5604
5762
5605
5763
5606
5764
5607
5765
5608
5766
5609
5767
5610
5768
5611
5769
5612
5770
5613
5771
5614
5772
5615
5773
5616
5774
5617
5775
5618
5776
5619
5777
5620
5778
5621
5779
5622
5780
5623
5781
5624
5782
5625
5783
5626
5784
5627
5785
5628
5786
5629
5787
5630
5788
5631
5789
5632
5790
5633
5791
5634
5792
5635
5793
5636
5794
5637
5795
5638
5796
5639
5797
5640
5798
5641
5799
5642
5800
5643
5801
5644
5802
5645
5803
5646
5804
5647
5805
5648
5806
5649
5807
5650
5808
5651
5809
5652
5810
5653
5811
5654
5812
5655
5813
5656
5814
5657
5815
5658
5816
5659
5817
5660
5818
5661
5819
5662
5820
5663
5821
5664
5822
5665
5823
5666
5824
5667
5825
5668
5826
5669
5827
5670
5828
5671
5829
5672
5830
5673
5831
5674
5832
5675
5833
5676
5834
5677
5835
5678
5836
5679
5837
5680
5838
5681
5839
5682
5840
5683
5841
5684
5842
5685
5843
5686
5844
5687
5845
5688
5846
5689
5847
5690
5848
5691
5849
5692
5850
5693
5851
5694
5852
5695
5853
5696
5854
5697
5855
5698
5856
5699
5857
5700
5858
5701
5859
5702
5860
5703
5861
5704
5862
5705
5863
5706
5864
5707
5865
5708
5866
5709
5867
5710
5868
5711
5869
5712
5870
5713
5871
5714
5872
5715
5873
5716
5874
5717
5875
5718
5876
5719
5877
5720
5878
5721
5879
5722
5880
5723
5881
5724
5882
5725
5883
5726
5884
5727
5885
5728
5886
5729
5887
5730
5888
5731
5889
5732
5890
5733
5891
5734
5892
5735
5893
5736
5894
5737
5895
5738
5896
5739
5897
5740
5898
5899
13704
5742
5900
5743
5901
5744
5902
5745
5903
5746
5904
5747
5905
5748
5906
5749
5907
5750
5908
5751
5909
5752
5910
5753
5911
5754
5912
5755
5913
5756
5914
5757
5915
5758
5916
5759
5917
5760
5918
5761
5919
5762
5920
5763
5921
5764
5922
5765
5923
5766
5924
5767
5925
5768
5926
5769
5927
5770
5928
5771
5929
5772
5930
5773
5931
5774
5932
5775
5933
5776
5934
5777
5935
5778
5936
5779
5937
5780
5938
5781
5939
5782
5940
5783
5941
5784
5942
5785
5943
5786
5944
5787
5945
5788
5946
5789
5947
5790
5948
5791
5949
5792
5950
5793
5951
5794
5952
5795
5953
5796
5954
5797
5955
5798
5956
5799
5957
5800
5958
5801
5959
5802
5960
5803
5961
5804
5962
5805
5963
5806
5964
5807
5965
5808
5966
5809
5967
5810
5968
5811
5969
5812
5970
5813
5971
5814
5972
5815
5973
5816
5974
5817
5975
5818
5976
5819
5977
5820
5978
5821
5979
5822
5980
5823
5981
5824
5982
5825
5983
5826
5984
5827
5985
5828
5986
5829
5987
5830
5988
5831
5989
5832
5990
5833
5991
5834
5992
5835
5993
5836
5994
5837
5995
5838
5996
5839
5997
5840
5998
5841
5999
5842
6000
5843
6001
5844
6002
5845
6003
5846
6004
5847
6005
5848
6006
5849
6007
5850
6008
5851
6009
5852
6010
5853
6011
5854
6012
5855
6013
5856
6014
5857
6015
5858
6016
5859
6017
5860
6018
5861
6019
5862
6020
5863
6021
5864
6022
5865
6023
5866
6024
5867
6025
5868
6026
5869
6027
5870
6028
5871
6029
5872
6030
5873
6031
5874
6032
5875
6033
5876
6034
5877
6035
5878
6036
5879
6037
5880
6038
5881
6039
5882
6040
5883
6041
5884
6042
5885
6043
5886
6044
5887
6045
5888
6046
5889
6047
5890
6048
5891
6049
5892
6050
5893
6051
5894
6052
5895
6053
5896
6054
5897
6055
5898
6056
5899
6057
6058
13928
5901
6059
5902
6060
5903
6061
5904
6062
5905
6063
5906
6064
5907
6065
5908
6066
5909
6067
5910
6068
5911
6069
5912
6070
5913
6071
5914
6072
5915
6073
5916
6074
5917
6075
5918
6076
5919
6077
5920
6078
5921
6079
5922
6080
5923
6081
5924
6082
5925
6083
5926
6084
5927
6085
5928
6086
5929
6087
5930
6088
5931
6089
5932
6090
5933
6091
5934
6092
5935
6093
5936
6094
5937
6095
5938
6096
5939
6097
5940
6098
5941
6099
5942
6100
5943
6101
5944
6102
5945
6103
5946
6104
5947
6105
5948
6106
5949
6107
5950
6108
5951
6109
5952
6110
5953
6111
5954
6112
5955
6113
5956
6114
5957
6115
5958
6116
5959
6117
5960
6118
5961
6119
5962
6120
5963
6121
5964
6122
5965
6123
5966
6124
5967
6125
5968
6126
5969
6127
5970
6128
5971
6129
5972
6130
5973
6131
5974
6132
5975
6133
5976
6134
5977
6135
5978
6136
5979
6137
5980
6138
5981
6139
5982
6140
5983
6141
5984
6142
5985
6143
5986
6144
5987
6145
5988
6146
5989
6147
5990
6148
5991
6149
5992
6150
5993
6151
5994
6152
5995
6153
5996
6154
5997
6155
5998
6156
5999
6157
6000
6158
6001
6159
6002
6160
6003
6161
6004
6162
6005
6163
6006
6164
6007
6165
6008
6166
6009
6167
6010
6168
6011
6169
6012
6170
6013
6171
6014
6172
6015
6173
6016
6174
6017
6175
6018
6176
6019
6177
6020
6178
6021
6179
6022
6180
6023
6181
6024
6182
6025
6183
6026
6184
6027
6185
6028
6186
6029
6187
6030
6188
6031
6189
6032
6190
6033
6191
6034
6192
6035
6193
6036
6194
6037
6195
6038
6196
6039
6197
6040
6198
6041
6199
6042
6200
6043
6201
6044
6202
6045
6203
6046
6204
6047
6205
6048
6206
6049
6207
6050
6208
6051
6209
6052
6210
6053
6211
6054
6212
6055
6213
6056
6214
6057
6215
6058
6216
6217
14152
6060
6218
6061
6219
6062
6220
6063
6221
6064
6222
6065
6223
6066
6224
6067
6225
6068
6226
6069
6227
6070
6228
6071
6229
6072
6230
6073
6231
6074
6232
6075
6233
6076
6234
6077
6235
6078
6236
6079
6237
6080
6238
6081
6239
6082
6240
6083
6241
6084
6242
6085
6243
6086
6244
6087
6245
6088
6246
6089
6247
6090
6248
6091
6249
6092
6250
6093
6251
6094
6252
6095
6253
6096
6254
6097
6255
6098
6256
6099
6257
6100
6258
6101
6259
6102
6260
6103
6261
6104
6262
6105
6263
6106
6264
6107
6265
6108
6266
6109
6267
6110
6268
6111
6269
6112
6270
6113
6271
6114
6272
6115
6273
6116
6274
6117
6275
6118
6276
6119
6277
6120
6278
6121
6279
6122
6280
6123
6281
6124
6282
6125
6283
6126
6284
6127
6285
6128
6286
6129
6287
6130
6288
6131
6289
6132
6290
6133
6291
6134
6292
6135
6293
6136
6294
6137
6295
6138
6296
6139
6297
6140
6298
6141
6299
6142
6300
6143
6301
6144
6302
6145
6303
6146
6304
6147
6305
6148
6306
6149
6307
6150
6308
6151
6309
6152
6310
6153
6311
6154
6312
6155
6313
6156
6314
6157
6315
6158
6316
6159
6317
6160
6318
6161
6319
6162
6320
6163
6321
6164
6322
6165
6323
6166
6324
6167
6325
6168
6326
6169
6327
6170
6328
6171
6329
6172
6330
6173
6331
6174
6332
6175
6333
6176
6334
6177
6335
6178
6336
6179
6337
6180
6338
6181
6339
6182
6340
6183
6341
6184
6342
6185
6343
6186
6344
6187
6345
6188
6346
6189
6347
6190
6348
6191
6349
6192
6350
6193
6351
6194
6352
6195
6353
6196
6354
6197
6355
6198
6356
6199
6357
6200
6358
6201
6359
6202
6360
6203
6361
6204
6362
6205
6363
6206
6364
6207
6365
6208
6366
6209
6367
6210
6368
6211
6369
6212
6370
6213
6371
6214
6372
6215
6373
6216
6374
6217
6375
6376
14376
6219
6377
6220
6378
6221
6379
6222
6380
6223
6381
6224
6382
6225
6383
6226
6384
6227
6385
6228
6386
6229
6387
6230
6388
6231
6389
6232
6390
6233
6391
6234
6392
6235
6393
6236
6394
6237
6395
6238
6396
6239
6397
6240
6398
6241
6399
6242
6400
6243
6401
6244
6402
6245
6403
6246
6404
6247
6405
6248
6406
6249
6407
6250
6408
6251
6409
6252
6410
6253
6411
6254
6412
6255
6413
6256
6414
6257
6415
6258
6416
6259
6417
6260
6418
6261
6419
6262
6420
6263
6421
6264
6422
6265
6423
6266
6424
6267
6425
6268
6426
6269
6427
6270
6428
6271
6429
6272
6430
6273
6431
6274
6432
6275
6433
6276
6434
6277
6435
6278
6436
6279
6437
6280
6438
6281
6439
6282
6440
6283
6441
6284
6442
6285
6443
6286
6444
6287
6445
6288
6446
6289
6447
6290
6448
6291
6449
6292
6450
6293
6451
6294
6452
6295
6453
6296
6454
6297
6455
6298
6456
6299
6457
6300
6458
6301
6459
6302
6460
6303
6461
6304
6462
6305
6463
6306
6464
6307
6465
6308
6466
6309
6467
6310
6468
6311
6469
6312
6470
6313
6471
6314
6472
6315
6473
6316
6474
6317
6475
6318
6476
6319
6477
6320
6478
6321
6479
6322
6480
6323
6481
6324
6482
6325
6483
6326
6484
6327
6485
6328
6486
6329
6487
6330
6488
6331
6489
6332
6490
6333
6491
6334
6492
6335
6493
6336
6494
6337
6495
6338
6496
6339
6497
6340
6498
6341
6499
6342
6500
6343
6501
6344
6502
6345
6503
6346
6504
6347
6505
6348
6506
6349
6507
6350
6508
6351
6509
6352
6510
6353
6511
6354
6512
6355
6513
6356
6514
6357
6515
6358
6516
6359
6517
6360
6518
6361
6519
6362
6520
6363
6521
6364
6522
6365
6523
6366
6524
6367
6525
6368
6526
6369
6527
6370
6528
6371
6529
6372
6530
6373
6531
6374
6532
6375
6533
6376
6534
6535
14600
6378
6379
6380
6381
6382
6383
6384
6385
6386
6387
6388
6389
6390
6391
6392
6393
6394
6395
6396
6397
6398
6399
6400
6401
6402
6403
6404
6405
6406
6407
6408
6409
6410
6411
6412
6413
6414
6415
6416
6417
6418
6419
6420
6421
6422
6423
6424
6425
6426
6427
6428
6429
6430
6431
6432
6433
6434
6435
6436
6437
6438
6439
6440
6441
6442
6443
6444
6445
6446
6447
6448
6449
6450
6451
6452
6453
6454
6455
6456
6457
6458
6459
6460
6461
6462
6463
6464
6465
6466
6467
6468
6469
6470
6471
6472
6473
6474
6475
6476
6477
6478
6479
6480
6481
6482
6483
6484
6485
6486
6487
6488
6489
6490
6491
6492
6493
6494
6495
6496
6497
6498
6499
6500
6501
6502
6503
6504
6505
6506
6507
6508
6509
6510
6511
6512
6513
6514
6515
6516
6517
6518
6519
6520
6521
6522
6523
6524
6525
6526
6527
6528
6529
6530
6531
6532
6533
6534
6535
14824
6537
6760
54424
6538
6761
54425
6539
6762
54426
6540
6763
54427
6541
6764
54428
6542
6765
54429
6543
6766
54430
6544
6767
54431
6545
6768
54432
6546
6769
54433
6547
6770
54434
6548
6771
54435
6549
6772
54436
6550
6773
54437
6551
6774
54438
6552
6775
54439
6553
6776
54440
6554
6777
54441
6555
6778
54442
6556
6779
54443
6557
6780
54444
6558
6781
54445
6559
6782
54446
6560
6783
54447
6561
6784
54448
6562
6785
54449
6563
6786
54450
6564
6787
54451
6565
6788
54452
6566
6789
54453
6567
6790
54454
6568
6791
54455
6569
6792
54456
6570
6793
54457
6571
6794
54458
6572
6795
54459
6573
6796
54460
6574
6797
54461
6575
6798
54462
6576
6799
54463
6577
6800
54464
6578
6801
54465
6579
6802
54466
6580
6803
54467
6581
6804
54468
6582
6805
54469
6583
6806
54470
6584
6807
54471
6585
6808
54472
6586
6809
54473
6587
6810
54474
6588
6811
54475
6589
6812
54476
6590
6813
54477
6591
6814
54478
6592
6815
54479
6593
6816
54480
6594
6817
54481
6595
6818
54482
6596
6819
54483
6597
6820
54484
6598
6821
54485
6599
6822
54486
6600
6823
54487
6601
6824
54488
6602
6825
54489
6603
6826
54490
6604
6827
54491
6605
6828
54492
6606
6829
54493
6607
6830
54494
6608
6831
54495
6609
6832
54496
6610
6833
54497
6611
6834
54498
6612
6835
54499
6613
6836
54500
6614
6837
54501
6615
6838
54502
6616
6839
54503
6617
6840
54504
6618
6841
54505
6619
6842
54506
6620
6843
54507
6621
6844
54508
6622
6845
54509
6623
6846
54510
6624
6847
54511
6625
6848
54512
6626
6849
54513
6627
6850
54514
6628
6851
54515
6629
6852
54516
6630
6853
54517
6631
6854
54518
6632
6855
54519
6633
6856
54520
6634
6857
54521
6635
6858
54522
6636
6859
54523
6637
6860
54524
6638
6861
54525
6639
6862
54526
6640
6863
54527
6641
6864
54528
6642
6865
54529
6643
6866
54530
6644
6867
54531
6645
6868
54532
6646
6869
54533
6647
6870
54534
6648
6871
54535
6649
6872
54536
6650
6873
54537
6651
6874
54538
6652
6875
54539
6653
6876
54540
6654
6877
54541
6655
6878
54542
6656
6879
54543
6657
6880
54544
6658
6881
54545
6659
6882
54546
6660
6883
54547
6661
6884
54548
6662
6885
54549
6663
6886
54550
6664
6887
54551
6665
6888
54552
6666
6889
54553
6667
6890
54554
6668
6891
54555
6669
6892
54556
6670
6893
54557
6671
6894
54558
6672
6895
54559
6673
6896
54560
6674
6897
54561
6675
6898
54562
6676
6899
54563
6677
6900
54564
6678
6901
54565
6679
6902
54566
6680
6903
54567
6681
6904
54568
6682
6905
54569
6683
6906
54570
6684
6907
54571
6685
6908
54572
6686
6909
54573
6687
6910
54574
6688
6911
54575
6689
6912
54576
6690
6913
54577
6691
6914
54578
6692
6915
54579
6693
6916
54580
6694
6917
54581
6695
6918
54582
6696
6919
54583
6697
6920
54584
6698
6921
54585
6699
6922
54586
6700
6923
54587
6701
6924
54588
6702
6925
54589
6703
6926
54590
6704
6927
54591
6705
6928
54592
6706
6929
54593
6707
6930
54594
6708
6931
54595
6709
6932
54596
6710
6933
54597
6711
6934
54598
6712
6935
54599
6713
6936
54600
6714
6937
54601
6715
6938
54602
6716
6939
54603
6717
6940
54604
6718
6941
54605
6719
6942
54606
6720
6943
54607
6721
6944
54608
6722
6945
54609
6723
6946
54610
6724
6947
54611
6725
6948
54612
6726
6949
54613
6727
6950
54614
6728
6951
54615
6729
6952
54616
6730
6953
54617
6731
6954
54618
6732
6955
54619
6733
6956
54620
6734
6957
54621
6735
6958
54622
6736
6959
54623
6737
6960
54624
6738
6961
54625
6739
6962
54626
6740
6963
54627
6741
6964
54628
6742
6965
54629
6743
6966
54630
6744
6967
54631
6745
6968
54632
6746
6969
54633
6747
6970
54634
6748
6971
54635
6749
6972
54636
6750
6973
54637
6751
6974
54638
6752
6975
54639
6753
6976
54640
6754
6977
54641
6755
6978
54642
6756
6979
54643
6757
6980
54644
6758
6981
54645
6759
6982
54646
6983
54647
6761
6984
6762
6985
6763
6986
6764
6987
6765
6988
6766
6989
6767
6990
6768
6991
6769
6992
6770
6993
6771
6994
6772
6995
6773
6996
6774
6997
6775
6998
6776
6999
6777
7000
6778
7001
6779
7002
6780
7003
6781
7004
6782
7005
6783
7006
6784
7007
6785
7008
6786
7009
6787
7010
6788
7011
6789
7012
6790
7013
6791
7014
6792
7015
6793
7016
6794
7017
6795
7018
6796
7019
6797
7020
6798
7021
6799
7022
6800
7023
6801
7024
6802
7025
6803
7026
6804
7027
6805
7028
6806
7029
6807
7030
6808
7031
6809
7032
6810
7033
6811
7034
6812
7035
6813
7036
6814
7037
6815
7038
6816
7039
6817
7040
6818
7041
6819
7042
6820
7043
6821
7044
6822
7045
6823
7046
6824
7047
6825
7048
6826
7049
6827
7050
6828
7051
6829
7052
6830
7053
6831
7054
6832
7055
6833
7056
6834
7057
6835
7058
6836
7059
6837
7060
6838
7061
6839
7062
6840
7063
6841
7064
6842
7065
6843
7066
6844
7067
6845
7068
6846
7069
6847
7070
6848
7071
6849
7072
6850
7073
6851
7074
6852
7075
6853
7076
6854
7077
6855
7078
6856
7079
6857
7080
6858
7081
6859
7082
6860
7083
6861
7084
6862
7085
6863
7086
6864
7087
6865
7088
6866
7089
6867
7090
6868
7091
6869
7092
6870
7093
6871
7094
6872
7095
6873
7096
6874
7097
6875
7098
6876
7099
6877
7100
6878
7101
6879
7102
6880
7103
6881
7104
6882
7105
6883
7106
6884
7107
6885
7108
6886
7109
6887
7110
6888
7111
6889
7112
6890
7113
6891
7114
6892
7115
6893
7116
6894
7117
6895
7118
6896
7119
6897
7120
6898
7121
6899
7122
6900
7123
6901
7124
6902
7125
6903
7126
6904
7127
6905
7128
6906
7129
6907
7130
6908
7131
6909
7132
6910
7133
6911
7134
6912
7135
6913
7136
6914
7137
6915
7138
6916
7139
6917
7140
6918
7141
6919
7142
6920
7143
6921
7144
6922
7145
6923
7146
6924
7147
6925
7148
6926
7149
6927
7150
6928
7151
6929
7152
6930
7153
6931
7154
6932
7155
6933
7156
6934
7157
6935
7158
6936
7159
6937
7160
6938
7161
6939
7162
6940
7163
6941
7164
6942
7165
6943
7166
6944
7167
6945
7168
6946
7169
6947
7170
6948
7171
6949
7172
6950
7173
6951
7174
6952
7175
6953
7176
6954
7177
6955
7178
6956
7179
6957
7180
6958
7181
6959
7182
6960
7183
6961
7184
6962
7185
6963
7186
6964
7187
6965
7188
6966
7189
6967
7190
6968
7191
6969
7192
6970
7193
6971
7194
6972
7195
6973
7196
6974
7197
6975
7198
6976
7199
6977
7200
6978
7201
6979
7202
6980
7203
6981
7204
6982
7205
6983
7206
7207
6985
7208
6986
7209
6987
7210
6988
7211
6989
7212
6990
7213
6991
7214
6992
7215
6993
7216
6994
7217
6995
7218
6996
7219
6997
7220
6998
7221
6999
7222
7000
7223
7001
7224
7002
7225
7003
7226
7004
7227
7005
7228
7006
7229
7007
7230
7008
7231
7009
7232
7010
7233
7011
7234
7012
7235
7013
7236
7014
7237
7015
7238
7016
7239
7017
7240
7018
7241
7019
7242
7020
7243
7021
7244
7022
7245
7023
7246
7024
7247
7025
7248
7026
7249
7027
7250
7028
7251
7029
7252
7030
7253
7031
7254
7032
7255
7033
7256
7034
7257
7035
7258
7036
7259
7037
7260
7038
7261
7039
7262
7040
7263
7041
7264
7042
7265
7043
7266
7044
7267
7045
7268
7046
7269
7047
7270
7048
7271
7049
7272
7050
7273
7051
7274
7052
7275
7053
7276
7054
7277
7055
7278
7056
7279
7057
7280
7058
7281
7059
7282
7060
7283
7061
7284
7062
7285
7063
7286
7064
7287
7065
7288
7066
7289
7067
7290
7068
7291
7069
7292
7070
7293
7071
7294
7072
7295
7073
7296
7074
7297
7075
7298
7076
7299
7077
7300
7078
7301
7079
7302
7080
7303
7081
7304
7082
7305
7083
7306
7084
7307
7085
7308
7086
7309
7087
7310
7088
7311
7089
7312
7090
7313
7091
7314
7092
7315
7093
7316
7094
7317
7095
7318
7096
7319
7097
7320
7098
7321
7099
7322
7100
7323
7101
7324
7102
7325
7103
7326
7104
7327
7105
7328
7106
7329
7107
7330
7108
7331
7109
7332
7110
7333
7111
7334
7112
7335
7113
7336
7114
7337
7115
7338
7116
7339
7117
7340
7118
7341
7119
7342
7120
7343
7121
7344
7122
7345
7123
7346
7124
7347
7125
7348
7126
7349
7127
7350
7128
7351
7129
7352
7130
7353
7131
7354
7132
7355
7133
7356
7134
7357
7135
7358
7136
7359
7137
7360
7138
7361
7139
7362
7140
7363
7141
7364
7142
7365
7143
7366
7144
7367
7145
7368
7146
7369
7147
7370
7148
7371
7149
7372
7150
7373
7151
7374
7152
7375
7153
7376
7154
7377
7155
7378
7156
7379
7157
7380
7158
7381
7159
7382
7160
7383
7161
7384
7162
7385
7163
7386
7164
7387
7165
7388
7166
7389
7167
7390
7168
7391
7169
7392
7170
7393
7171
7394
7172
7395
7173
7396
7174
7397
7175
7398
7176
7399
7177
7400
7178
7401
7179
7402
7180
7403
7181
7404
7182
7405
7183
7406
7184
7407
7185
7408
7186
7409
7187
7410
7188
7411
7189
7412
7190
7413
7191
7414
7192
7415
7193
7416
7194
7417
7195
7418
7196
7419
7197
7420
7198
7421
7199
7422
7200
7423
7201
7424
7202
7425
7203
7426
7204
7427
7205
7428
7206
7429
7207
7430
7431
7209
7432
7210
7433
7211
7434
7212
7435
7213
7436
7214
7437
7215
7438
7216
7439
7217
7440
7218
7441
7219
7442
7220
7443
7221
7444
7222
7445
7223
7446
7224
7447
7225
7448
7226
7449
7227
7450
7228
7451
7229
7452
7230
7453
7231
7454
7232
7455
7233
7456
7234
7457
7235
7458
7236
7459
7237
7460
7238
7461
7239
7462
7240
7463
7241
7464
7242
7465
7243
7466
7244
7467
7245
7468
7246
7469
7247
7470
7248
7471
7249
7472
7250
7473
7251
7474
7252
7475
7253
7476
7254
7477
7255
7478
7256
7479
7257
7480
7258
7481
7259
7482
7260
7483
7261
7484
7262
7485
7263
7486
7264
7487
7265
7488
7266
7489
7267
7490
7268
7491
7269
7492
7270
7493
7271
7494
7272
7495
7273
7496
7274
7497
7275
7498
7276
7499
7277
7500
7278
7501
7279
7502
7280
7503
7281
7504
7282
7505
7283
7506
7284
7507
7285
7508
7286
7509
7287
7510
7288
7511
7289
7512
7290
7513
7291
7514
7292
7515
7293
7516
7294
7517
7295
7518
7296
7519
7297
7520
7298
7521
7299
7522
7300
7523
7301
7524
7302
7525
7303
7526
7304
7527
7305
7528
7306
7529
7307
7530
7308
7531
7309
7532
7310
7533
7311
7534
7312
7535
7313
7536
7314
7537
7315
7538
7316
7539
7317
7540
7318
7541
7319
7542
7320
7543
7321
7544
7322
7545
7323
7546
7324
7547
7325
7548
7326
7549
7327
7550
7328
7551
7329
7552
7330
7553
7331
7554
7332
7555
7333
7556
7334
7557
7335
7558
7336
7559
7337
7560
7338
7561
7339
7562
7340
7563
7341
7564
7342
7565
7343
7566
7344
7567
7345
7568
7346
7569
7347
7570
7348
7571
7349
7572
7350
7573
7351
7574
7352
7575
7353
7576
7354
7577
7355
7578
7356
7579
7357
7580
7358
7581
7359
7582
7360
7583
7361
7584
7362
7585
7363
7586
7364
7587
7365
7588
7366
7589
7367
7590
7368
7591
7369
7592
7370
7593
7371
7594
7372
7595
7373
7596
7374
7597
7375
7598
7376
7599
7377
7600
7378
7601
7379
7602
7380
7603
7381
7604
7382
7605
7383
7606
7384
7607
7385
7608
7386
7609
7387
7610
7388
7611
7389
7612
7390
7613
7391
7614
7392
7615
7393
7616
7394
7617
7395
7618
7396
7619
7397
7620
7398
7621
7399
7622
7400
7623
7401
7624
7402
7625
7403
7626
7404
7627
7405
7628
7406
7629
7407
7630
7408
7631
7409
7632
7410
7633
7411
7634
7412
7635
7413
7636
7414
7637
7415
7638
7416
7639
7417
7640
7418
7641
7419
7642
7420
7643
7421
7644
7422
7645
7423
7646
7424
7647
7425
7648
7426
7649
7427
7650
7428
7651
7429
7652
7430
7653
7431
7654
7655
7433
7656
7434
7657
7435
7658
7436
7659
7437
7660
7438
7661
7439
7662
7440
7663
7441
7664
7442
7665
7443
7666
7444
7667
7445
7668
7446
7669
7447
7670
7448
7671
7449
7672
7450
7673
7451
7674
7452
7675
7453
7676
7454
7677
7455
7678
7456
7679
7457
7680
7458
7681
7459
7682
7460
7683
7461
7684
7462
7685
7463
7686
7464
7687
7465
7688
7466
7689
7467
7690
7468
7691
7469
7692
7470
7693
7471
7694
7472
7695
7473
7696
7474
7697
7475
7698
7476
7699
7477
7700
7478
7701
7479
7702
7480
7703
7481
7704
7482
7705
7483
7706
7484
7707
7485
7708
7486
7709
7487
7710
7488
7711
7489
7712
7490
7713
7491
7714
7492
7715
7493
7716
7494
7717
7495
7718
7496
7719
7497
7720
7498
7721
7499
7722
7500
7723
7501
7724
7502
7725
7503
7726
7504
7727
7505
7728
7506
7729
7507
7730
7508
7731
7509
7732
7510
7733
7511
7734
7512
7735
7513
7736
7514
7737
7515
7738
7516
7739
7517
7740
7518
7741
7519
7742
7520
7743
7521
7744
7522
7745
7523
7746
7524
7747
7525
7748
7526
7749
7527
7750
7528
7751
7529
7752
7530
7753
7531
7754
7532
7755
7533
7756
7534
7757
7535
7758
7536
7759
7537
7760
7538
7761
7539
7762
7540
7763
7541
7764
7542
7765
7543
7766
7544
7767
7545
7768
7546
7769
7547
7770
7548
7771
7549
7772
7550
7773
7551
7774
7552
7775
7553
7776
7554
7777
7555
7778
7556
7779
7557
7780
7558
7781
7559
7782
7560
7783
7561
7784
7562
7785
7563
7786
7564
7787
7565
7788
7566
7789
7567
7790
7568
7791
7569
7792
7570
7793
7571
7794
7572
7795
7573
7796
7574
7797
7575
7798
7576
7799
7577
7800
7578
7801
7579
7802
7580
7803
7581
7804
7582
7805
7583
7806
7584
7807
7585
7808
7586
7809
7587
7810
7588
7811
7589
7812
7590
7813
7591
7814
7592
7815
7593
7816
7594
7817
7595
7818
7596
7819
7597
7820
7598
7821
7599
7822
7600
7823
7601
7824
7602
7825
7603
7826
7604
7827
7605
7828
7606
7829
7607
7830
7608
7831
7609
7832
7610
7833
7611
7834
7612
7835
7613
7836
7614
7837
7615
7838
7616
7839
7617
7840
7618
7841
7619
7842
7620
7843
7621
7844
7622
7845
7623
7846
7624
7847
7625
7848
7626
7849
7627
7850
7628
7851
7629
7852
7630
7853
7631
7854
7632
7855
7633
7856
7634
7857
7635
7858
7636
7859
7637
7860
7638
7861
7639
7862
7640
7863
7641
7864
7642
7865
7643
7866
7644
7867
7645
7868
7646
7869
7647
7870
7648
7871
7649
7872
7650
7873
7651
7874
7652
7875
7653
7876
7654
7877
7655
7878
7879
7657
7880
7658
7881
7659
7882
7660
7883
7661
7884
7662
7885
7663
7886
7664
7887
7665
7888
7666
7889
7667
7890
7668
7891
7669
7892
7670
7893
7671
7894
7672
7895
7673
7896
7674
7897
7675
7898
7676
7899
7677
7900
7678
7901
7679
7902
7680
7903
7681
7904
7682
7905
7683
7906
7684
7907
7685
7908
7686
7909
7687
7910
7688
7911
7689
7912
7690
7913
7691
7914
7692
7915
7693
7916
7694
7917
7695
7918
7696
7919
7697
7920
7698
7921
7699
7922
7700
7923
7701
7924
7702
7925
7703
7926
7704
7927
7705
7928
7706
7929
7707
7930
7708
7931
7709
7932
7710
7933
7711
7934
7712
7935
7713
7936
7714
7937
7715
7938
7716
7939
7717
7940
7718
7941
7719
7942
7720
7943
7721
7944
7722
7945
7723
7946
7724
7947
7725
7948
7726
7949
7727
7950
7728
7951
7729
7952
7730
7953
7731
7954
7732
7955
7733
7956
7734
7957
7735
7958
7736
7959
7737
7960
7738
7961
7739
7962
7740
7963
7741
7964
7742
7965
7743
7966
7744
7967
7745
7968
7746
7969
7747
7970
7748
7971
7749
7972
7750
7973
7751
7974
7752
7975
7753
7976
7754
7977
7755
7978
7756
7979
7757
7980
7758
7981
7759
7982
7760
7983
7761
7984
7762
7985
7763
7986
7764
7987
7765
7988
7766
7989
7767
7990
7768
7991
7769
7992
7770
7993
7771
7994
7772
7995
7773
7996
7774
7997
7775
7998
7776
7999
7777
8000
7778
8001
7779
8002
7780
8003
7781
8004
7782
8005
7783
8006
7784
8007
7785
8008
7786
8009
7787
8010
7788
8011
7789
8012
7790
8013
7791
8014
7792
8015
7793
8016
7794
8017
7795
8018
7796
8019
7797
8020
7798
8021
7799
8022
7800
8023
7801
8024
7802
8025
7803
8026
7804
8027
7805
8028
7806
8029
7807
8030
7808
8031
7809
8032
7810
8033
7811
8034
7812
8035
7813
8036
7814
8037
7815
8038
7816
8039
7817
8040
7818
8041
7819
8042
7820
8043
7821
8044
7822
8045
7823
8046
7824
8047
7825
8048
7826
8049
7827
8050
7828
8051
7829
8052
7830
8053
7831
8054
7832
8055
7833
8056
7834
8057
7835
8058
7836
8059
7837
8060
7838
8061
7839
8062
7840
8063
7841
8064
7842
8065
7843
8066
7844
8067
7845
8068
7846
8069
7847
8070
7848
8071
7849
8072
7850
8073
7851
8074
7852
8075
7853
8076
7854
8077
7855
8078
7856
8079
7857
8080
7858
8081
7859
8082
7860
8083
7861
8084
7862
8085
7863
8086
7864
8087
7865
8088
7866
8089
7867
8090
7868
8091
7869
8092
7870
8093
7871
8094
7872
8095
7873
8096
7874
8097
7875
8098
7876
8099
7877
8100
7878
8101
7879
8102
8103
7881
8104
7882
8105
7883
8106
7884
8107
7885
8108
7886
8109
7887
8110
7888
8111
7889
8112
7890
8113
7891
8114
7892
8115
7893
8116
7894
8117
7895
8118
7896
8119
7897
8120
7898
8121
7899
8122
7900
8123
7901
8124
7902
8125
7903
8126
7904
8127
7905
8128
7906
8129
7907
8130
7908
8131
7909
8132
7910
8133
7911
8134
7912
8135
7913
8136
7914
8137
7915
8138
7916
8139
7917
8140
7918
8141
7919
8142
7920
8143
7921
8144
7922
8145
7923
8146
7924
8147
7925
8148
7926
8149
7927
8150
7928
8151
7929
8152
7930
8153
7931
8154
7932
8155
7933
8156
7934
8157
7935
8158
7936
8159
7937
8160
7938
8161
7939
8162
7940
8163
7941
8164
7942
8165
7943
8166
7944
8167
7945
8168
7946
8169
7947
8170
7948
8171
7949
8172
7950
8173
7951
8174
7952
8175
7953
8176
7954
8177
7955
8178
7956
8179
7957
8180
7958
8181
7959
8182
7960
8183
7961
8184
7962
8185
7963
8186
7964
8187
7965
8188
7966
8189
7967
8190
7968
8191
7969
8192
7970
8193
7971
8194
7972
8195
7973
8196
7974
8197
7975
8198
7976
8199
7977
8200
7978
8201
7979
8202
7980
8203
7981
8204
7982
8205
7983
8206
7984
8207
7985
8208
7986
8209
7987
8210
7988
8211
7989
8212
7990
8213
7991
8214
7992
8215
7993
8216
7994
8217
7995
8218
7996
8219
7997
8220
7998
8221
7999
8222
8000
8223
8001
8224
8002
8225
8003
8226
8004
8227
8005
8228
8006
8229
8007
8230
8008
8231
8009
8232
8010
8233
8011
8234
8012
8235
8013
8236
8014
8237
8015
8238
8016
8239
8017
8240
8018
8241
8019
8242
8020
8243
8021
8244
8022
8245
8023
8246
8024
8247
8025
8248
8026
8249
8027
8250
8028
8251
8029
8252
8030
8253
8031
8254
8032
8255
8033
8256
8034
8257
8035
8258
8036
8259
8037
8260
8038
8261
8039
8262
8040
8263
8041
8264
8042
8265
8043
8266
8044
8267
8045
8268
8046
8269
8047
8270
8048
8271
8049
8272
8050
8273
8051
8274
8052
8275
8053
8276
8054
8277
8055
8278
8056
8279
8057
8280
8058
8281
8059
8282
8060
8283
8061
8284
8062
8285
8063
8286
8064
8287
8065
8288
8066
8289
8067
8290
8068
8291
8069
8292
8070
8293
8071
8294
8072
8295
8073
8296
8074
8297
8075
8298
8076
8299
8077
8300
8078
8301
8079
8302
8080
8303
8081
8304
8082
8305
8083
8306
8084
8307
8085
8308
8086
8309
8087
8310
8088
8311
8089
8312
8090
8313
8091
8314
8092
8315
8093
8316
8094
8317
8095
8318
8096
8319
8097
8320
8098
8321
8099
8322
8100
8323
8101
8324
8102
8325
8103
8326
8327
8105
8328
8106
8329
8107
8330
8108
8331
8109
8332
8110
8333
8111
8334
8112
8335
8113
8336
8114
8337
8115
8338
8116
8339
8117
8340
8118
8341
8119
8342
8120
8343
8121
8344
8122
8345
8123
8346
8124
8347
8125
8348
8126
8349
8127
8350
8128
8351
8129
8352
8130
8353
8131
8354
8132
8355
8133
8356
8134
8357
8135
8358
8136
8359
8137
8360
8138
8361
8139
8362
8140
8363
8141
8364
8142
8365
8143
8366
8144
8367
8145
8368
8146
8369
8147
8370
8148
8371
8149
8372
8150
8373
8151
8374
8152
8375
8153
8376
8154
8377
8155
8378
8156
8379
8157
8380
8158
8381
8159
8382
8160
8383
8161
8384
8162
8385
8163
8386
8164
8387
8165
8388
8166
8389
8167
8390
8168
8391
8169
8392
8170
8393
8171
8394
8172
8395
8173
8396
8174
8397
8175
8398
8176
8399
8177
8400
8178
8401
8179
8402
8180
8403
8181
8404
8182
8405
8183
8406
8184
8407
8185
8408
8186
8409
8187
8410
8188
8411
8189
8412
8190
8413
8191
8414
8192
8415
8193
8416
8194
8417
8195
8418
8196
8419
8197
8420
8198
8421
8199
8422
8200
8423
8201
8424
8202
8425
8203
8426
8204
8427
8205
8428
8206
8429
8207
8430
8208
8431
8209
8432
8210
8433
8211
8434
8212
8435
8213
8436
8214
8437
8215
8438
8216
8439
8217
8440
8218
8441
8219
8442
8220
8443
8221
8444
8222
8445
8223
8446
8224
8447
8225
8448
8226
8449
8227
8450
8228
8451
8229
8452
8230
8453
8231
8454
8232
8455
8233
8456
8234
8457
8235
8458
8236
8459
8237
8460
8238
8461
8239
8462
8240
8463
8241
8464
8242
8465
8243
8466
8244
8467
8245
8468
8246
8469
8247
8470
8248
8471
8249
8472
8250
8473
8251
8474
8252
8475
8253
8476
8254
8477
8255
8478
8256
8479
8257
8480
8258
8481
8259
8482
8260
8483
8261
8484
8262
8485
8263
8486
8264
8487
8265
8488
8266
8489
8267
8490
8268
8491
8269
8492
8270
8493
8271
8494
8272
8495
8273
8496
8274
8497
8275
8498
8276
8499
8277
8500
8278
8501
8279
8502
8280
8503
8281
8504
8282
8505
8283
8506
8284
8507
8285
8508
8286
8509
8287
8510
8288
8511
8289
8512
8290
8513
8291
8514
8292
8515
8293
8516
8294
8517
8295
8518
8296
8519
8297
8520
8298
8521
8299
8522
8300
8523
8301
8524
8302
8525
8303
8526
8304
8527
8305
8528
8306
8529
8307
8530
8308
8531
8309
8532
8310
8533
8311
8534
8312
8535
8313
8536
8314
8537
8315
8538
8316
8539
8317
8540
8318
8541
8319
8542
8320
8543
8321
8544
8322
8545
8323
8546
8324
8547
8325
8548
8326
8549
8327
8550
8551
8329
8552
8330
8553
8331
8554
8332
8555
8333
8556
8334
8557
8335
8558
8336
8559
8337
8560
8338
8561
8339
8562
8340
8563
8341
8564
8342
8565
8343
8566
8344
8567
8345
8568
8346
8569
8347
8570
8348
8571
8349
8572
8350
8573
8351
8574
8352
8575
8353
8576
8354
8577
8355
8578
8356
8579
8357
8580
8358
8581
8359
8582
8360
8583
8361
8584
8362
8585
8363
8586
8364
8587
8365
8588
8366
8589
8367
8590
8368
8591
8369
8592
8370
8593
8371
8594
8372
8595
8373
8596
8374
8597
8375
8598
8376
8599
8377
8600
8378
8601
8379
8602
8380
8603
8381
8604
8382
8605
8383
8606
8384
8607
8385
8608
8386
8609
8387
8610
8388
8611
8389
8612
8390
8613
8391
8614
8392
8615
8393
8616
8394
8617
8395
8618
8396
8619
8397
8620
8398
8621
8399
8622
8400
8623
8401
8624
8402
8625
8403
8626
8404
8627
8405
8628
8406
8629
8407
8630
8408
8631
8409
8632
8410
8633
8411
8634
8412
8635
8413
8636
8414
8637
8415
8638
8416
8639
8417
8640
8418
8641
8419
8642
8420
8643
8421
8644
8422
8645
8423
8646
8424
8647
8425
8648
8426
8649
8427
8650
8428
8651
8429
8652
8430
8653
8431
8654
8432
8655
8433
8656
8434
8657
8435
8658
8436
8659
8437
8660
8438
8661
8439
8662
8440
8663
8441
8664
8442
8665
8443
8666
8444
8667
8445
8668
8446
8669
8447
8670
8448
8671
8449
8672
8450
8673
8451
8674
8452
8675
8453
8676
8454
8677
8455
8678
8456
8679
8457
8680
8458
8681
8459
8682
8460
8683
8461
8684
8462
8685
8463
8686
8464
8687
8465
8688
8466
8689
8467
8690
8468
8691
8469
8692
8470
8693
8471
8694
8472
8695
8473
8696
8474
8697
8475
8698
8476
8699
8477
8700
8478
8701
8479
8702
8480
8703
8481
8704
8482
8705
8483
8706
8484
8707
8485
8708
8486
8709
8487
8710
8488
8711
8489
8712
8490
8713
8491
8714
8492
8715
8493
8716
8494
8717
8495
8718
8496
8719
8497
8720
8498
8721
8499
8722
8500
8723
8501
8724
8502
8725
8503
8726
8504
8727
8505
8728
8506
8729
8507
8730
8508
8731
8509
8732
8510
8733
8511
8734
8512
8735
8513
8736
8514
8737
8515
8738
8516
8739
8517
8740
8518
8741
8519
8742
8520
8743
8521
8744
8522
8745
8523
8746
8524
8747
8525
8748
8526
8749
8527
8750
8528
8751
8529
8752
8530
8753
8531
8754
8532
8755
8533
8756
8534
8757
8535
8758
8536
8759
8537
8760
8538
8761
8539
8762
8540
8763
8541
8764
8542
8765
8543
8766
8544
8767
8545
8768
8546
8769
8547
8770
8548
8771
8549
8772
8550
8773
8551
8774
8775
8553
8776
8554
8777
8555
8778
8556
8779
8557
8780
8558
8781
8559
8782
8560
8783
8561
8784
8562
8785
8563
8786
8564
8787
8565
8788
8566
8789
8567
8790
8568
8791
8569
8792
8570
8793
8571
8794
8572
8795
8573
8796
8574
8797
8575
8798
8576
8799
8577
8800
8578
8801
8579
8802
8580
8803
8581
8804
8582
8805
8583
8806
8584
8807
8585
8808
8586
8809
8587
8810
8588
8811
8589
8812
8590
8813
8591
8814
8592
8815
8593
8816
8594
8817
8595
8818
8596
8819
8597
8820
8598
8821
8599
8822
8600
8823
8601
8824
8602
8825
8603
8826
8604
8827
8605
8828
8606
8829
8607
8830
8608
8831
8609
8832
8610
8833
8611
8834
8612
8835
8613
8836
8614
8837
8615
8838
8616
8839
8617
8840
8618
8841
8619
8842
8620
8843
8621
8844
8622
8845
8623
8846
8624
8847
8625
8848
8626
8849
8627
8850
8628
8851
8629
8852
8630
8853
8631
8854
8632
8855
8633
8856
8634
8857
8635
8858
8636
8859
8637
8860
8638
8861
8639
8862
8640
8863
8641
8864
8642
8865
8643
8866
8644
8867
8645
8868
8646
8869
8647
8870
8648
8871
8649
8872
8650
8873
8651
8874
8652
8875
8653
8876
8654
8877
8655
8878
8656
8879
8657
8880
8658
8881
8659
8882
8660
8883
8661
8884
8662
8885
8663
8886
8664
8887
8665
8888
8666
8889
8667
8890
8668
8891
8669
8892
8670
8893
8671
8894
8672
8895
8673
8896
8674
8897
8675
8898
8676
8899
8677
8900
8678
8901
8679
8902
8680
8903
8681
8904
8682
8905
8683
8906
8684
8907
8685
8908
8686
8909
8687
8910
8688
8911
8689
8912
8690
8913
8691
8914
8692
8915
8693
8916
8694
8917
8695
8918
8696
8919
8697
8920
8698
8921
8699
8922
8700
8923
8701
8924
8702
8925
8703
8926
8704
8927
8705
8928
8706
8929
8707
8930
8708
8931
8709
8932
8710
8933
8711
8934
8712
8935
8713
8936
8714
8937
8715
8938
8716
8939
8717
8940
8718
8941
8719
8942
8720
8943
8721
8944
8722
8945
8723
8946
8724
8947
8725
8948
8726
8949
8727
8950
8728
8951
8729
8952
8730
8953
8731
8954
8732
8955
8733
8956
8734
8957
8735
8958
8736
8959
8737
8960
8738
8961
8739
8962
8740
8963
8741
8964
8742
8965
8743
8966
8744
8967
8745
8968
8746
8969
8747
8970
8748
8971
8749
8972
8750
8973
8751
8974
8752
8975
8753
8976
8754
8977
8755
8978
8756
8979
8757
8980
8758
8981
8759
8982
8760
8983
8761
8984
8762
8985
8763
8986
8764
8987
8765
8988
8766
8989
8767
8990
8768
8991
8769
8992
8770
8993
8771
8994
8772
8995
8773
8996
8774
8997
8775
8998
8999
8777
9000
8778
9001
8779
9002
8780
9003
8781
9004
8782
9005
8783
9006
8784
9007
8785
9008
8786
9009
8787
9010
8788
9011
8789
9012
8790
9013
8791
9014
8792
9015
8793
9016
8794
9017
8795
9018
8796
9019
8797
9020
8798
9021
8799
9022
8800
9023
8801
9024
8802
9025
8803
9026
8804
9027
8805
9028
8806
9029
8807
9030
8808
9031
8809
9032
8810
9033
8811
9034
8812
9035
8813
9036
8814
9037
8815
9038
8816
9039
8817
9040
8818
9041
8819
9042
8820
9043
8821
9044
8822
9045
8823
9046
8824
9047
8825
9048
8826
9049
8827
9050
8828
9051
8829
9052
8830
9053
8831
9054
8832
9055
8833
9056
8834
9057
8835
9058
8836
9059
8837
9060
8838
9061
8839
9062
8840
9063
8841
9064
8842
9065
8843
9066
8844
9067
8845
9068
8846
9069
8847
9070
8848
9071
8849
9072
8850
9073
8851
9074
8852
9075
8853
9076
8854
9077
8855
9078
8856
9079
8857
9080
8858
9081
8859
9082
8860
9083
8861
9084
8862
9085
8863
9086
8864
9087
8865
9088
8866
9089
8867
9090
8868
9091
8869
9092
8870
9093
8871
9094
8872
9095
8873
9096
8874
9097
8875
9098
8876
9099
8877
9100
8878
9101
8879
9102
8880
9103
8881
9104
8882
9105
8883
9106
8884
9107
8885
9108
8886
9109
8887
9110
8888
9111
8889
9112
8890
9113
8891
9114
8892
9115
8893
9116
8894
9117
8895
9118
8896
9119
8897
9120
8898
9121
8899
9122
8900
9123
8901
9124
8902
9125
8903
9126
8904
9127
8905
9128
8906
9129
8907
9130
8908
9131
8909
9132
8910
9133
8911
9134
8912
9135
8913
9136
8914
9137
8915
9138
8916
9139
8917
9140
8918
9141
8919
9142
8920
9143
8921
9144
8922
9145
8923
9146
8924
9147
8925
9148
8926
9149
8927
9150
8928
9151
8929
9152
8930
9153
8931
9154
8932
9155
8933
9156
8934
9157
8935
9158
8936
9159
8937
9160
8938
9161
8939
9162
8940
9163
8941
9164
8942
9165
8943
9166
8944
9167
8945
9168
8946
9169
8947
9170
8948
9171
8949
9172
8950
9173
8951
9174
8952
9175
8953
9176
8954
9177
8955
9178
8956
9179
8957
9180
8958
9181
8959
9182
8960
9183
8961
9184
8962
9185
8963
9186
8964
9187
8965
9188
8966
9189
8967
9190
8968
9191
8969
9192
8970
9193
8971
9194
8972
9195
8973
9196
8974
9197
8975
9198
8976
9199
8977
9200
8978
9201
8979
9202
8980
9203
8981
9204
8982
9205
8983
9206
8984
9207
8985
9208
8986
9209
8987
9210
8988
9211
8989
9212
8990
9213
8991
9214
8992
9215
8993
9216
8994
9217
8995
9218
8996
9219
8997
9220
8998
9221
8999
9222
9223
9001
9224
9002
9225
9003
9226
9004
9227
9005
9228
9006
9229
9007
9230
9008
9231
9009
9232
9010
9233
9011
9234
9012
9235
9013
9236
9014
9237
9015
9238
9016
9239
9017
9240
9018
9241
9019
9242
9020
9243
9021
9244
9022
9245
9023
9246
9024
9247
9025
9248
9026
9249
9027
9250
9028
9251
9029
9252
9030
9253
9031
9254
9032
9255
9033
9256
9034
9257
9035
9258
9036
9259
9037
9260
9038
9261
9039
9262
9040
9263
9041
9264
9042
9265
9043
9266
9044
9267
9045
9268
9046
9269
9047
9270
9048
9271
9049
9272
9050
9273
9051
9274
9052
9275
9053
9276
9054
9277
9055
9278
9056
9279
9057
9280
9058
9281
9059
9282
9060
9283
9061
9284
9062
9285
9063
9286
9064
9287
9065
9288
9066
9289
9067
9290
9068
9291
9069
9292
9070
9293
9071
9294
9072
9295
9073
9296
9074
9297
9075
9298
9076
9299
9077
9300
9078
9301
9079
9302
9080
9303
9081
9304
9082
9305
9083
9306
9084
9307
9085
9308
9086
9309
9087
9310
9088
9311
9089
9312
9090
9313
9091
9314
9092
9315
9093
9316
9094
9317
9095
9318
9096
9319
9097
9320
9098
9321
9099
9322
9100
9323
9101
9324
9102
9325
9103
9326
9104
9327
9105
9328
9106
9329
9107
9330
9108
9331
9109
9332
9110
9333
9111
9334
9112
9335
9113
9336
9114
9337
9115
9338
9116
9339
9117
9340
9118
9341
9119
9342
9120
9343
9121
9344
9122
9345
9123
9346
9124
9347
9125
9348
9126
9349
9127
9350
9128
9351
9129
9352
9130
9353
9131
9354
9132
9355
9133
9356
9134
9357
9135
9358
9136
9359
9137
9360
9138
9361
9139
9362
9140
9363
9141
9364
9142
9365
9143
9366
9144
9367
9145
9368
9146
9369
9147
9370
9148
9371
9149
9372
9150
9373
9151
9374
9152
9375
9153
9376
9154
9377
9155
9378
9156
9379
9157
9380
9158
9381
9159
9382
9160
9383
9161
9384
9162
9385
9163
9386
9164
9387
9165
9388
9166
9389
9167
9390
9168
9391
9169
9392
9170
9393
9171
9394
9172
9395
9173
9396
9174
9397
9175
9398
9176
9399
9177
9400
9178
9401
9179
9402
9180
9403
9181
9404
9182
9405
9183
9406
9184
9407
9185
9408
9186
9409
9187
9410
9188
9411
9189
9412
9190
9413
9191
9414
9192
9415
9193
9416
9194
9417
9195
9418
9196
9419
9197
9420
9198
9421
9199
9422
9200
9423
9201
9424
9202
9425
9203
9426
9204
9427
9205
9428
9206
9429
9207
9430
9208
9431
9209
9432
9210
9433
9211
9434
9212
9435
9213
9436
9214
9437
9215
9438
9216
9439
9217
9440
9218
9441
9219
9442
9220
9443
9221
9444
9222
9445
9223
9446
9447
9225
9448
9226
9449
9227
9450
9228
9451
9229
9452
9230
9453
9231
9454
9232
9455
9233
9456
9234
9457
9235
9458
9236
9459
9237
9460
9238
9461
9239
9462
9240
9463
9241
9464
9242
9465
9243
9466
9244
9467
9245
9468
9246
9469
9247
9470
9248
9471
9249
9472
9250
9473
9251
9474
9252
9475
9253
9476
9254
9477
9255
9478
9256
9479
9257
9480
9258
9481
9259
9482
9260
9483
9261
9484
9262
9485
9263
9486
9264
9487
9265
9488
9266
9489
9267
9490
9268
9491
9269
9492
9270
9493
9271
9494
9272
9495
9273
9496
9274
9497
9275
9498
9276
9499
9277
9500
9278
9501
9279
9502
9280
9503
9281
9504
9282
9505
9283
9506
9284
9507
9285
9508
9286
9509
9287
9510
9288
9511
9289
9512
9290
9513
9291
9514
9292
9515
9293
9516
9294
9517
9295
9518
9296
9519
9297
9520
9298
9521
9299
9522
9300
9523
9301
9524
9302
9525
9303
9526
9304
9527
9305
9528
9306
9529
9307
9530
9308
9531
9309
9532
9310
9533
9311
9534
9312
9535
9313
9536
9314
9537
9315
9538
9316
9539
9317
9540
9318
9541
9319
9542
9320
9543
9321
9544
9322
9545
9323
9546
9324
9547
9325
9548
9326
9549
9327
9550
9328
9551
9329
9552
9330
9553
9331
9554
9332
9555
9333
9556
9334
9557
9335
9558
9336
9559
9337
9560
9338
9561
9339
9562
9340
9563
9341
9564
9342
9565
9343
9566
9344
9567
9345
9568
9346
9569
9347
9570
9348
9571
9349
9572
9350
9573
9351
9574
9352
9575
9353
9576
9354
9577
9355
9578
9356
9579
9357
9580
9358
9581
9359
9582
9360
9583
9361
9584
9362
9585
9363
9586
9364
9587
9365
9588
9366
9589
9367
9590
9368
9591
9369
9592
9370
9593
9371
9594
9372
9595
9373
9596
9374
9597
9375
9598
9376
9599
9377
9600
9378
9601
9379
9602
9380
9603
9381
9604
9382
9605
9383
9606
9384
9607
9385
9608
9386
9609
9387
9610
9388
9611
9389
9612
9390
9613
9391
9614
9392
9615
9393
9616
9394
9617
9395
9618
9396
9619
9397
9620
9398
9621
9399
9622
9400
9623
9401
9624
9402
9625
9403
9626
9404
9627
9405
9628
9406
9629
9407
9630
9408
9631
9409
9632
9410
9633
9411
9634
9412
9635
9413
9636
9414
9637
9415
9638
9416
9639
9417
9640
9418
9641
9419
9642
9420
9643
9421
9644
9422
9645
9423
9646
9424
9647
9425
9648
9426
9649
9427
9650
9428
9651
9429
9652
9430
9653
9431
9654
9432
9655
9433
9656
9434
9657
9435
9658
9436
9659
9437
9660
9438
9661
9439
9662
9440
9663
9441
9664
9442
9665
9443
9666
9444
9667
9445
9668
9446
9669
9447
9670
9671
9449
9672
9450
9673
9451
9674
9452
9675
9453
9676
9454
9677
9455
9678
9456
9679
9457
9680
9458
9681
9459
9682
9460
9683
9461
9684
9462
9685
9463
9686
9464
9687
9465
9688
9466
9689
9467
9690
9468
9691
9469
9692
9470
9693
9471
9694
9472
9695
9473
9696
9474
9697
9475
9698
9476
9699
9477
9700
9478
9701
9479
9702
9480
9703
9481
9704
9482
9705
9483
9706
9484
9707
9485
9708
9486
9709
9487
9710
9488
9711
9489
9712
9490
9713
9491
9714
9492
9715
9493
9716
9494
9717
9495
9718
9496
9719
9497
9720
9498
9721
9499
9722
9500
9723
9501
9724
9502
9725
9503
9726
9504
9727
9505
9728
9506
9729
9507
9730
9508
9731
9509
9732
9510
9733
9511
9734
9512
9735
9513
9736
9514
9737
9515
9738
9516
9739
9517
9740
9518
9741
9519
9742
9520
9743
9521
9744
9522
9745
9523
9746
9524
9747
9525
9748
9526
9749
9527
9750
9528
9751
9529
9752
9530
9753
9531
9754
9532
9755
9533
9756
9534
9757
9535
9758
9536
9759
9537
9760
9538
9761
9539
9762
9540
9763
9541
9764
9542
9765
9543
9766
9544
9767
9545
9768
9546
9769
9547
9770
9548
9771
9549
9772
9550
9773
9551
9774
9552
9775
9553
9776
9554
9777
9555
9778
9556
9779
9557
9780
9558
9781
9559
9782
9560
9783
9561
9784
9562
9785
9563
9786
9564
9787
9565
9788
9566
9789
9567
9790
9568
9791
9569
9792
9570
9793
9571
9794
9572
9795
9573
9796
9574
9797
9575
9798
9576
9799
9577
9800
9578
9801
9579
9802
9580
9803
9581
9804
9582
9805
9583
9806
9584
9807
9585
9808
9586
9809
9587
9810
9588
9811
9589
9812
9590
9813
9591
9814
9592
9815
9593
9816
9594
9817
9595
9818
9596
9819
9597
9820
9598
9821
9599
9822
9600
9823
9601
9824
9602
9825
9603
9826
9604
9827
9605
9828
9606
9829
9607
9830
9608
9831
9609
9832
9610
9833
9611
9834
9612
9835
9613
9836
9614
9837
9615
9838
9616
9839
9617
9840
9618
9841
9619
9842
9620
9843
9621
9844
9622
9845
9623
9846
9624
9847
9625
9848
9626
9849
9627
9850
9628
9851
9629
9852
9630
9853
9631
9854
9632
9855
9633
9856
9634
9857
9635
9858
9636
9859
9637
9860
9638
9861
9639
9862
9640
9863
9641
9864
9642
9865
9643
9866
9644
9867
9645
9868
9646
9869
9647
9870
9648
9871
9649
9872
9650
9873
9651
9874
9652
9875
9653
9876
9654
9877
9655
9878
9656
9879
9657
9880
9658
9881
9659
9882
9660
9883
9661
9884
9662
9885
9663
9886
9664
9887
9665
9888
9666
9889
9667
9890
9668
9891
9669
9892
9670
9893
9671
9894
9895
9673
9896
9674
9897
9675
9898
9676
9899
9677
9900
9678
9901
9679
9902
9680
9903
9681
9904
9682
9905
9683
9906
9684
9907
9685
9908
9686
9909
9687
9910
9688
9911
9689
9912
9690
9913
9691
9914
9692
9915
9693
9916
9694
9917
9695
9918
9696
9919
9697
9920
9698
9921
9699
9922
9700
9923
9701
9924
9702
9925
9703
9926
9704
9927
9705
9928
9706
9929
9707
9930
9708
9931
9709
9932
9710
9933
9711
9934
9712
9935
9713
9936
9714
9937
9715
9938
9716
9939
9717
9940
9718
9941
9719
9942
9720
9943
9721
9944
9722
9945
9723
9946
9724
9947
9725
9948
9726
9949
9727
9950
9728
9951
9729
9952
9730
9953
9731
9954
9732
9955
9733
9956
9734
9957
9735
9958
9736
9959
9737
9960
9738
9961
9739
9962
9740
9963
9741
9964
9742
9965
9743
9966
9744
9967
9745
9968
9746
9969
9747
9970
9748
9971
9749
9972
9750
9973
9751
9974
9752
9975
9753
9976
9754
9977
9755
9978
9756
9979
9757
9980
9758
9981
9759
9982
9760
9983
9761
9984
9762
9985
9763
9986
9764
9987
9765
9988
9766
9989
9767
9990
9768
9991
9769
9992
9770
9993
9771
9994
9772
9995
9773
9996
9774
9997
9775
9998
9776
9999
9777
10000
9778
10001
9779
10002
9780
10003
9781
10004
9782
10005
9783
10006
9784
10007
9785
10008
9786
10009
9787
10010
9788
10011
9789
10012
9790
10013
9791
10014
9792
10015
9793
10016
9794
10017
9795
10018
9796
10019
9797
10020
9798
10021
9799
10022
9800
10023
9801
10024
9802
10025
9803
10026
9804
10027
9805
10028
9806
10029
9807
10030
9808
10031
9809
10032
9810
10033
9811
10034
9812
10035
9813
10036
9814
10037
9815
10038
9816
10039
9817
10040
9818
10041
9819
10042
9820
10043
9821
10044
9822
10045
9823
10046
9824
10047
9825
10048
9826
10049
9827
10050
9828
10051
9829
10052
9830
10053
9831
10054
9832
10055
9833
10056
9834
10057
9835
10058
9836
10059
9837
10060
9838
10061
9839
10062
9840
10063
9841
10064
9842
10065
9843
10066
9844
10067
9845
10068
9846
10069
9847
10070
9848
10071
9849
10072
9850
10073
9851
10074
9852
10075
9853
10076
9854
10077
9855
10078
9856
10079
9857
10080
9858
10081
9859
10082
9860
10083
9861
10084
9862
10085
9863
10086
9864
10087
9865
10088
9866
10089
9867
10090
9868
10091
9869
10092
9870
10093
9871
10094
9872
10095
9873
10096
9874
10097
9875
10098
9876
10099
9877
10100
9878
10101
9879
10102
9880
10103
9881
10104
9882
10105
9883
10106
9884
10107
9885
10108
9886
10109
9887
10110
9888
10111
9889
10112
9890
10113
9891
10114
9892
10115
9893
10116
9894
10117
9895
10118
10119
9897
10120
9898
10121
9899
10122
9900
10123
9901
10124
9902
10125
9903
10126
9904
10127
9905
10128
9906
10129
9907
10130
9908
10131
9909
10132
9910
10133
9911
10134
9912
10135
9913
10136
9914
10137
9915
10138
9916
10139
9917
10140
9918
10141
9919
10142
9920
10143
9921
10144
9922
10145
9923
10146
9924
10147
9925
10148
9926
10149
9927
10150
9928
10151
9929
10152
9930
10153
9931
10154
9932
10155
9933
10156
9934
10157
9935
10158
9936
10159
9937
10160
9938
10161
9939
10162
9940
10163
9941
10164
9942
10165
9943
10166
9944
10167
9945
10168
9946
10169
9947
10170
9948
10171
9949
10172
9950
10173
9951
10174
9952
10175
9953
10176
9954
10177
9955
10178
9956
10179
9957
10180
9958
10181
9959
10182
9960
10183
9961
10184
9962
10185
9963
10186
9964
10187
9965
10188
9966
10189
9967
10190
9968
10191
9969
10192
9970
10193
9971
10194
9972
10195
9973
10196
9974
10197
9975
10198
9976
10199
9977
10200
9978
10201
9979
10202
9980
10203
9981
10204
9982
10205
9983
10206
9984
10207
9985
10208
9986
10209
9987
10210
9988
10211
9989
10212
9990
10213
9991
10214
9992
10215
9993
10216
9994
10217
9995
10218
9996
10219
9997
10220
9998
10221
9999
10222
10000
10223
10001
10224
10002
10225
10003
10226
10004
10227
10005
10228
10006
10229
10007
10230
10008
10231
10009
10232
10010
10233
10011
10234
10012
10235
10013
10236
10014
10237
10015
10238
10016
10239
10017
10240
10018
10241
10019
10242
10020
10243
10021
10244
10022
10245
10023
10246
10024
10247
10025
10248
10026
10249
10027
10250
10028
10251
10029
10252
10030
10253
10031
10254
10032
10255
10033
10256
10034
10257
10035
10258
10036
10259
10037
10260
10038
10261
10039
10262
10040
10263
10041
10264
10042
10265
10043
10266
10044
10267
10045
10268
10046
10269
10047
10270
10048
10271
10049
10272
10050
10273
10051
10274
10052
10275
10053
10276
10054
10277
10055
10278
10056
10279
10057
10280
10058
10281
10059
10282
10060
10283
10061
10284
10062
10285
10063
10286
10064
10287
10065
10288
10066
10289
10067
10290
10068
10291
10069
10292
10070
10293
10071
10294
10072
10295
10073
10296
10074
10297
10075
10298
10076
10299
10077
10300
10078
10301
10079
10302
10080
10303
10081
10304
10082
10305
10083
10306
10084
10307
10085
10308
10086
10309
10087
10310
10088
10311
10089
10312
10090
10313
10091
10314
10092
10315
10093
10316
10094
10317
10095
10318
10096
10319
10097
10320
10098
10321
10099
10322
10100
10323
10101
10324
10102
10325
10103
10326
10104
10327
10105
10328
10106
10329
10107
10330
10108
10331
10109
10332
10110
10333
10111
10334
10112
10335
10113
10336
10114
10337
10115
10338
10116
10339
10117
10340
10118
10341
10119
10342
10343
10121
10344
10122
10345
10123
10346
10124
10347
10125
10348
10126
10349
10127
10350
10128
10351
10129
10352
10130
10353
10131
10354
10132
10355
10133
10356
10134
10357
10135
10358
10136
10359
10137
10360
10138
10361
10139
10362
10140
10363
10141
10364
10142
10365
10143
10366
10144
10367
10145
10368
10146
10369
10147
10370
10148
10371
10149
10372
10150
10373
10151
10374
10152
10375
10153
10376
10154
10377
10155
10378
10156
10379
10157
10380
10158
10381
10159
10382
10160
10383
10161
10384
10162
10385
10163
10386
10164
10387
10165
10388
10166
10389
10167
10390
10168
10391
10169
10392
10170
10393
10171
10394
10172
10395
10173
10396
10174
10397
10175
10398
10176
10399
10177
10400
10178
10401
10179
10402
10180
10403
10181
10404
10182
10405
10183
10406
10184
10407
10185
10408
10186
10409
10187
10410
10188
10411
10189
10412
10190
10413
10191
10414
10192
10415
10193
10416
10194
10417
10195
10418
10196
10419
10197
10420
10198
10421
10199
10422
10200
10423
10201
10424
10202
10425
10203
10426
10204
10427
10205
10428
10206
10429
10207
10430
10208
10431
10209
10432
10210
10433
10211
10434
10212
10435
10213
10436
10214
10437
10215
10438
10216
10439
10217
10440
10218
10441
10219
10442
10220
10443
10221
10444
10222
10445
10223
10446
10224
10447
10225
10448
10226
10449
10227
10450
10228
10451
10229
10452
10230
10453
10231
10454
10232
10455
10233
10456
10234
10457
10235
10458
10236
10459
10237
10460
10238
10461
10239
10462
10240
10463
10241
10464
10242
10465
10243
10466
10244
10467
10245
10468
10246
10469
10247
10470
10248
10471
10249
10472
10250
10473
10251
10474
10252
10475
10253
10476
10254
10477
10255
10478
10256
10479
10257
10480
10258
10481
10259
10482
10260
10483
10261
10484
10262
10485
10263
10486
10264
10487
10265
10488
10266
10489
10267
10490
10268
10491
10269
10492
10270
10493
10271
10494
10272
10495
10273
10496
10274
10497
10275
10498
10276
10499
10277
10500
10278
10501
10279
10502
10280
10503
10281
10504
10282
10505
10283
10506
10284
10507
10285
10508
10286
10509
10287
10510
10288
10511
10289
10512
10290
10513
10291
10514
10292
10515
10293
10516
10294
10517
10295
10518
10296
10519
10297
10520
10298
10521
10299
10522
10300
10523
10301
10524
10302
10525
10303
10526
10304
10527
10305
10528
10306
10529
10307
10530
10308
10531
10309
10532
10310
10533
10311
10534
10312
10535
10313
10536
10314
10537
10315
10538
10316
10539
10317
10540
10318
10541
10319
10542
10320
10543
10321
10544
10322
10545
10323
10546
10324
10547
10325
10548
10326
10549
10327
10550
10328
10551
10329
10552
10330
10553
10331
10554
10332
10555
10333
10556
10334
10557
10335
10558
10336
10559
10337
10560
10338
10561
10339
10562
10340
10563
10341
10564
10342
10565
10343
10566
10567
10345
10568
10346
10569
10347
10570
10348
10571
10349
10572
10350
10573
10351
10574
10352
10575
10353
10576
10354
10577
10355
10578
10356
10579
10357
10580
10358
10581
10359
10582
10360
10583
10361
10584
10362
10585
10363
10586
10364
10587
10365
10588
10366
10589
10367
10590
10368
10591
10369
10592
10370
10593
10371
10594
10372
10595
10373
10596
10374
10597
10375
10598
10376
10599
10377
10600
10378
10601
10379
10602
10380
10603
10381
10604
10382
10605
10383
10606
10384
10607
10385
10608
10386
10609
10387
10610
10388
10611
10389
10612
10390
10613
10391
10614
10392
10615
10393
10616
10394
10617
10395
10618
10396
10619
10397
10620
10398
10621
10399
10622
10400
10623
10401
10624
10402
10625
10403
10626
10404
10627
10405
10628
10406
10629
10407
10630
10408
10631
10409
10632
10410
10633
10411
10634
10412
10635
10413
10636
10414
10637
10415
10638
10416
10639
10417
10640
10418
10641
10419
10642
10420
10643
10421
10644
10422
10645
10423
10646
10424
10647
10425
10648
10426
10649
10427
10650
10428
10651
10429
10652
10430
10653
10431
10654
10432
10655
10433
10656
10434
10657
10435
10658
10436
10659
10437
10660
10438
10661
10439
10662
10440
10663
10441
10664
10442
10665
10443
10666
10444
10667
10445
10668
10446
10669
10447
10670
10448
10671
10449
10672
10450
10673
10451
10674
10452
10675
10453
10676
10454
10677
10455
10678
10456
10679
10457
10680
10458
10681
10459
10682
10460
10683
10461
10684
10462
10685
10463
10686
10464
10687
10465
10688
10466
10689
10467
10690
10468
10691
10469
10692
10470
10693
10471
10694
10472
10695
10473
10696
10474
10697
10475
10698
10476
10699
10477
10700
10478
10701
10479
10702
10480
10703
10481
10704
10482
10705
10483
10706
10484
10707
10485
10708
10486
10709
10487
10710
10488
10711
10489
10712
10490
10713
10491
10714
10492
10715
10493
10716
10494
10717
10495
10718
10496
10719
10497
10720
10498
10721
10499
10722
10500
10723
10501
10724
10502
10725
10503
10726
10504
10727
10505
10728
10506
10729
10507
10730
10508
10731
10509
10732
10510
10733
10511
10734
10512
10735
10513
10736
10514
10737
10515
10738
10516
10739
10517
10740
10518
10741
10519
10742
10520
10743
10521
10744
10522
10745
10523
10746
10524
10747
10525
10748
10526
10749
10527
10750
10528
10751
10529
10752
10530
10753
10531
10754
10532
10755
10533
10756
10534
10757
10535
10758
10536
10759
10537
10760
10538
10761
10539
10762
10540
10763
10541
10764
10542
10765
10543
10766
10544
10767
10545
10768
10546
10769
10547
10770
10548
10771
10549
10772
10550
10773
10551
10774
10552
10775
10553
10776
10554
10777
10555
10778
10556
10779
10557
10780
10558
10781
10559
10782
10560
10783
10561
10784
10562
10785
10563
10786
10564
10787
10565
10788
10566
10789
10567
10790
10791
10569
10792
10570
10793
10571
10794
10572
10795
10573
10796
10574
10797
10575
10798
10576
10799
10577
10800
10578
10801
10579
10802
10580
10803
10581
10804
10582
10805
10583
10806
10584
10807
10585
10808
10586
10809
10587
10810
10588
10811
10589
10812
10590
10813
10591
10814
10592
10815
10593
10816
10594
10817
10595
10818
10596
10819
10597
10820
10598
10821
10599
10822
10600
10823
10601
10824
10602
10825
10603
10826
10604
10827
10605
10828
10606
10829
10607
10830
10608
10831
10609
10832
10610
10833
10611
10834
10612
10835
10613
10836
10614
10837
10615
10838
10616
10839
10617
10840
10618
10841
10619
10842
10620
10843
10621
10844
10622
10845
10623
10846
10624
10847
10625
10848
10626
10849
10627
10850
10628
10851
10629
10852
10630
10853
10631
10854
10632
10855
10633
10856
10634
10857
10635
10858
10636
10859
10637
10860
10638
10861
10639
10862
10640
10863
10641
10864
10642
10865
10643
10866
10644
10867
10645
10868
10646
10869
10647
10870
10648
10871
10649
10872
10650
10873
10651
10874
10652
10875
10653
10876
10654
10877
10655
10878
10656
10879
10657
10880
10658
10881
10659
10882
10660
10883
10661
10884
10662
10885
10663
10886
10664
10887
10665
10888
10666
10889
10667
10890
10668
10891
10669
10892
10670
10893
10671
10894
10672
10895
10673
10896
10674
10897
10675
10898
10676
10899
10677
10900
10678
10901
10679
10902
10680
10903
10681
10904
10682
10905
10683
10906
10684
10907
10685
10908
10686
10909
10687
10910
10688
10911
10689
10912
10690
10913
10691
10914
10692
10915
10693
10916
10694
10917
10695
10918
10696
10919
10697
10920
10698
10921
10699
10922
10700
10923
10701
10924
10702
10925
10703
10926
10704
10927
10705
10928
10706
10929
10707
10930
10708
10931
10709
10932
10710
10933
10711
10934
10712
10935
10713
10936
10714
10937
10715
10938
10716
10939
10717
10940
10718
10941
10719
10942
10720
10943
10721
10944
10722
10945
10723
10946
10724
10947
10725
10948
10726
10949
10727
10950
10728
10951
10729
10952
10730
10953
10731
10954
10732
10955
10733
10956
10734
10957
10735
10958
10736
10959
10737
10960
10738
10961
10739
10962
10740
10963
10741
10964
10742
10965
10743
10966
10744
10967
10745
10968
10746
10969
10747
10970
10748
10971
10749
10972
10750
10973
10751
10974
10752
10975
10753
10976
10754
10977
10755
10978
10756
10979
10757
10980
10758
10981
10759
10982
10760
10983
10761
10984
10762
10985
10763
10986
10764
10987
10765
10988
10766
10989
10767
10990
10768
10991
10769
10992
10770
10993
10771
10994
10772
10995
10773
10996
10774
10997
10775
10998
10776
10999
10777
11000
10778
11001
10779
11002
10780
11003
10781
11004
10782
11005
10783
11006
10784
11007
10785
11008
10786
11009
10787
11010
10788
11011
10789
11012
10790
11013
10791
11014
11015
10793
11016
10794
11017
10795
11018
10796
11019
10797
11020
10798
11021
10799
11022
10800
11023
10801
11024
10802
11025
10803
11026
10804
11027
10805
11028
10806
11029
10807
11030
10808
11031
10809
11032
10810
11033
10811
11034
10812
11035
10813
11036
10814
11037
10815
11038
10816
11039
10817
11040
10818
11041
10819
11042
10820
11043
10821
11044
10822
11045
10823
11046
10824
11047
10825
11048
10826
11049
10827
11050
10828
11051
10829
11052
10830
11053
10831
11054
10832
11055
10833
11056
10834
11057
10835
11058
10836
11059
10837
11060
10838
11061
10839
11062
10840
11063
10841
11064
10842
11065
10843
11066
10844
11067
10845
11068
10846
11069
10847
11070
10848
11071
10849
11072
10850
11073
10851
11074
10852
11075
10853
11076
10854
11077
10855
11078
10856
11079
10857
11080
10858
11081
10859
11082
10860
11083
10861
11084
10862
11085
10863
11086
10864
11087
10865
11088
10866
11089
10867
11090
10868
11091
10869
11092
10870
11093
10871
11094
10872
11095
10873
11096
10874
11097
10875
11098
10876
11099
10877
11100
10878
11101
10879
11102
10880
11103
10881
11104
10882
11105
10883
11106
10884
11107
10885
11108
10886
11109
10887
11110
10888
11111
10889
11112
10890
11113
10891
11114
10892
11115
10893
11116
10894
11117
10895
11118
10896
11119
10897
11120
10898
11121
10899
11122
10900
11123
10901
11124
10902
11125
10903
11126
10904
11127
10905
11128
10906
11129
10907
11130
10908
11131
10909
11132
10910
11133
10911
11134
10912
11135
10913
11136
10914
11137
10915
11138
10916
11139
10917
11140
10918
11141
10919
11142
10920
11143
10921
11144
10922
11145
10923
11146
10924
11147
10925
11148
10926
11149
10927
11150
10928
11151
10929
11152
10930
11153
10931
11154
10932
11155
10933
11156
10934
11157
10935
11158
10936
11159
10937
11160
10938
11161
10939
11162
10940
11163
10941
11164
10942
11165
10943
11166
10944
11167
10945
11168
10946
11169
10947
11170
10948
11171
10949
11172
10950
11173
10951
11174
10952
11175
10953
11176
10954
11177
10955
11178
10956
11179
10957
11180
10958
11181
10959
11182
10960
11183
10961
11184
10962
11185
10963
11186
10964
11187
10965
11188
10966
11189
10967
11190
10968
11191
10969
11192
10970
11193
10971
11194
10972
11195
10973
11196
10974
11197
10975
11198
10976
11199
10977
11200
10978
11201
10979
11202
10980
11203
10981
11204
10982
11205
10983
11206
10984
11207
10985
11208
10986
11209
10987
11210
10988
11211
10989
11212
10990
11213
10991
11214
10992
11215
10993
11216
10994
11217
10995
11218
10996
11219
10997
11220
10998
11221
10999
11222
11000
11223
11001
11224
11002
11225
11003
11226
11004
11227
11005
11228
11006
11229
11007
11230
11008
11231
11009
11232
11010
11233
11011
11234
11012
11235
11013
11236
11014
11237
11015
11238
11239
11017
11240
11018
11241
11019
11242
11020
11243
11021
11244
11022
11245
11023
11246
11024
11247
11025
11248
11026
11249
11027
11250
11028
11251
11029
11252
11030
11253
11031
11254
11032
11255
11033
11256
11034
11257
11035
11258
11036
11259
11037
11260
11038
11261
11039
11262
11040
11263
11041
11264
11042
11265
11043
11266
11044
11267
11045
11268
11046
11269
11047
11270
11048
11271
11049
11272
11050
11273
11051
11274
11052
11275
11053
11276
11054
11277
11055
11278
11056
11279
11057
11280
11058
11281
11059
11282
11060
11283
11061
11284
11062
11285
11063
11286
11064
11287
11065
11288
11066
11289
11067
11290
11068
11291
11069
11292
11070
11293
11071
11294
11072
11295
11073
11296
11074
11297
11075
11298
11076
11299
11077
11300
11078
11301
11079
11302
11080
11303
11081
11304
11082
11305
11083
11306
11084
11307
11085
11308
11086
11309
11087
11310
11088
11311
11089
11312
11090
11313
11091
11314
11092
11315
11093
11316
11094
11317
11095
11318
11096
11319
11097
11320
11098
11321
11099
11322
11100
11323
11101
11324
11102
11325
11103
11326
11104
11327
11105
11328
11106
11329
11107
11330
11108
11331
11109
11332
11110
11333
11111
11334
11112
11335
11113
11336
11114
11337
11115
11338
11116
11339
11117
11340
11118
11341
11119
11342
11120
11343
11121
11344
11122
11345
11123
11346
11124
11347
11125
11348
11126
11349
11127
11350
11128
11351
11129
11352
11130
11353
11131
11354
11132
11355
11133
11356
11134
11357
11135
11358
11136
11359
11137
11360
11138
11361
11139
11362
11140
11363
11141
11364
11142
11365
11143
11366
11144
11367
11145
11368
11146
11369
11147
11370
11148
11371
11149
11372
11150
11373
11151
11374
11152
11375
11153
11376
11154
11377
11155
11378
11156
11379
11157
11380
11158
11381
11159
11382
11160
11383
11161
11384
11162
11385
11163
11386
11164
11387
11165
11388
11166
11389
11167
11390
11168
11391
11169
11392
11170
11393
11171
11394
11172
11395
11173
11396
11174
11397
11175
11398
11176
11399
11177
11400
11178
11401
11179
11402
11180
11403
11181
11404
11182
11405
11183
11406
11184
11407
11185
11408
11186
11409
11187
11410
11188
11411
11189
11412
11190
11413
11191
11414
11192
11415
11193
11416
11194
11417
11195
11418
11196
11419
11197
11420
11198
11421
11199
11422
11200
11423
11201
11424
11202
11425
11203
11426
11204
11427
11205
11428
11206
11429
11207
11430
11208
11431
11209
11432
11210
11433
11211
11434
11212
11435
11213
11436
11214
11437
11215
11438
11216
11439
11217
11440
11218
11441
11219
11442
11220
11443
11221
11444
11222
11445
11223
11446
11224
11447
11225
11448
11226
11449
11227
11450
11228
11451
11229
11452
11230
11453
11231
11454
11232
11455
11233
11456
11234
11457
11235
11458
11236
11459
11237
11460
11238
11461
11239
11462
11463
11241
11464
11242
11465
11243
11466
11244
11467
11245
11468
11246
11469
11247
11470
11248
11471
11249
11472
11250
11473
11251
11474
11252
11475
11253
11476
11254
11477
11255
11478
11256
11479
11257
11480
11258
11481
11259
11482
11260
11483
11261
11484
11262
11485
11263
11486
11264
11487
11265
11488
11266
11489
11267
11490
11268
11491
11269
11492
11270
11493
11271
11494
11272
11495
11273
11496
11274
11497
11275
11498
11276
11499
11277
11500
11278
11501
11279
11502
11280
11503
11281
11504
11282
11505
11283
11506
11284
11507
11285
11508
11286
11509
11287
11510
11288
11511
11289
11512
11290
11513
11291
11514
11292
11515
11293
11516
11294
11517
11295
11518
11296
11519
11297
11520
11298
11521
11299
11522
11300
11523
11301
11524
11302
11525
11303
11526
11304
11527
11305
11528
11306
11529
11307
11530
11308
11531
11309
11532
11310
11533
11311
11534
11312
11535
11313
11536
11314
11537
11315
11538
11316
11539
11317
11540
11318
11541
11319
11542
11320
11543
11321
11544
11322
11545
11323
11546
11324
11547
11325
11548
11326
11549
11327
11550
11328
11551
11329
11552
11330
11553
11331
11554
11332
11555
11333
11556
11334
11557
11335
11558
11336
11559
11337
11560
11338
11561
11339
11562
11340
11563
11341
11564
11342
11565
11343
11566
11344
11567
11345
11568
11346
11569
11347
11570
11348
11571
11349
11572
11350
11573
11351
11574
11352
11575
11353
11576
11354
11577
11355
11578
11356
11579
11357
11580
11358
11581
11359
11582
11360
11583
11361
11584
11362
11585
11363
11586
11364
11587
11365
11588
11366
11589
11367
11590
11368
11591
11369
11592
11370
11593
11371
11594
11372
11595
11373
11596
11374
11597
11375
11598
11376
11599
11377
11600
11378
11601
11379
11602
11380
11603
11381
11604
11382
11605
11383
11606
11384
11607
11385
11608
11386
11609
11387
11610
11388
11611
11389
11612
11390
11613
11391
11614
11392
11615
11393
11616
11394
11617
11395
11618
11396
11619
11397
11620
11398
11621
11399
11622
11400
11623
11401
11624
11402
11625
11403
11626
11404
11627
11405
11628
11406
11629
11407
11630
11408
11631
11409
11632
11410
11633
11411
11634
11412
11635
11413
11636
11414
11637
11415
11638
11416
11639
11417
11640
11418
11641
11419
11642
11420
11643
11421
11644
11422
11645
11423
11646
11424
11647
11425
11648
11426
11649
11427
11650
11428
11651
11429
11652
11430
11653
11431
11654
11432
11655
11433
11656
11434
11657
11435
11658
11436
11659
11437
11660
11438
11661
11439
11662
11440
11663
11441
11664
11442
11665
11443
11666
11444
11667
11445
11668
11446
11669
11447
11670
11448
11671
11449
11672
11450
11673
11451
11674
11452
11675
11453
11676
11454
11677
11455
11678
11456
11679
11457
11680
11458
11681
11459
11682
11460
11683
11461
11684
11462
11685
11463
11686
11687
11465
11688
11466
11689
11467
11690
11468
11691
11469
11692
11470
11693
11471
11694
11472
11695
11473
11696
11474
11697
11475
11698
11476
11699
11477
11700
11478
11701
11479
11702
11480
11703
11481
11704
11482
11705
11483
11706
11484
11707
11485
11708
11486
11709
11487
11710
11488
11711
11489
11712
11490
11713
11491
11714
11492
11715
11493
11716
11494
11717
11495
11718
11496
11719
11497
11720
11498
11721
11499
11722
11500
11723
11501
11724
11502
11725
11503
11726
11504
11727
11505
11728
11506
11729
11507
11730
11508
11731
11509
11732
11510
11733
11511
11734
11512
11735
11513
11736
11514
11737
11515
11738
11516
11739
11517
11740
11518
11741
11519
11742
11520
11743
11521
11744
11522
11745
11523
11746
11524
11747
11525
11748
11526
11749
11527
11750
11528
11751
11529
11752
11530
11753
11531
11754
11532
11755
11533
11756
11534
11757
11535
11758
11536
11759
11537
11760
11538
11761
11539
11762
11540
11763
11541
11764
11542
11765
11543
11766
11544
11767
11545
11768
11546
11769
11547
11770
11548
11771
11549
11772
11550
11773
11551
11774
11552
11775
11553
11776
11554
11777
11555
11778
11556
11779
11557
11780
11558
11781
11559
11782
11560
11783
11561
11784
11562
11785
11563
11786
11564
11787
11565
11788
11566
11789
11567
11790
11568
11791
11569
11792
11570
11793
11571
11794
11572
11795
11573
11796
11574
11797
11575
11798
11576
11799
11577
11800
11578
11801
11579
11802
11580
11803
11581
11804
11582
11805
11583
11806
11584
11807
11585
11808
11586
11809
11587
11810
11588
11811
11589
11812
11590
11813
11591
11814
11592
11815
11593
11816
11594
11817
11595
11818
11596
11819
11597
11820
11598
11821
11599
11822
11600
11823
11601
11824
11602
11825
11603
11826
11604
11827
11605
11828
11606
11829
11607
11830
11608
11831
11609
11832
11610
11833
11611
11834
11612
11835
11613
11836
11614
11837
11615
11838
11616
11839
11617
11840
11618
11841
11619
11842
11620
11843
11621
11844
11622
11845
11623
11846
11624
11847
11625
11848
11626
11849
11627
11850
11628
11851
11629
11852
11630
11853
11631
11854
11632
11855
11633
11856
11634
11857
11635
11858
11636
11859
11637
11860
11638
11861
11639
11862
11640
11863
11641
11864
11642
11865
11643
11866
11644
11867
11645
11868
11646
11869
11647
11870
11648
11871
11649
11872
11650
11873
11651
11874
11652
11875
11653
11876
11654
11877
11655
11878
11656
11879
11657
11880
11658
11881
11659
11882
11660
11883
11661
11884
11662
11885
11663
11886
11664
11887
11665
11888
11666
11889
11667
11890
11668
11891
11669
11892
11670
11893
11671
11894
11672
11895
11673
11896
11674
11897
11675
11898
11676
11899
11677
11900
11678
11901
11679
11902
11680
11903
11681
11904
11682
11905
11683
11906
11684
11907
11685
11908
11686
11909
11687
11910
11911
11689
11912
11690
11913
11691
11914
11692
11915
11693
11916
11694
11917
11695
11918
11696
11919
11697
11920
11698
11921
11699
11922
11700
11923
11701
11924
11702
11925
11703
11926
11704
11927
11705
11928
11706
11929
11707
11930
11708
11931
11709
11932
11710
11933
11711
11934
11712
11935
11713
11936
11714
11937
11715
11938
11716
11939
11717
11940
11718
11941
11719
11942
11720
11943
11721
11944
11722
11945
11723
11946
11724
11947
11725
11948
11726
11949
11727
11950
11728
11951
11729
11952
11730
11953
11731
11954
11732
11955
11733
11956
11734
11957
11735
11958
11736
11959
11737
11960
11738
11961
11739
11962
11740
11963
11741
11964
11742
11965
11743
11966
11744
11967
11745
11968
11746
11969
11747
11970
11748
11971
11749
11972
11750
11973
11751
11974
11752
11975
11753
11976
11754
11977
11755
11978
11756
11979
11757
11980
11758
11981
11759
11982
11760
11983
11761
11984
11762
11985
11763
11986
11764
11987
11765
11988
11766
11989
11767
11990
11768
11991
11769
11992
11770
11993
11771
11994
11772
11995
11773
11996
11774
11997
11775
11998
11776
11999
11777
12000
11778
12001
11779
12002
11780
12003
11781
12004
11782
12005
11783
12006
11784
12007
11785
12008
11786
12009
11787
12010
11788
12011
11789
12012
11790
12013
11791
12014
11792
12015
11793
12016
11794
12017
11795
12018
11796
12019
11797
12020
11798
12021
11799
12022
11800
12023
11801
12024
11802
12025
11803
12026
11804
12027
11805
12028
11806
12029
11807
12030
11808
12031
11809
12032
11810
12033
11811
12034
11812
12035
11813
12036
11814
12037
11815
12038
11816
12039
11817
12040
11818
12041
11819
12042
11820
12043
11821
12044
11822
12045
11823
12046
11824
12047
11825
12048
11826
12049
11827
12050
11828
12051
11829
12052
11830
12053
11831
12054
11832
12055
11833
12056
11834
12057
11835
12058
11836
12059
11837
12060
11838
12061
11839
12062
11840
12063
11841
12064
11842
12065
11843
12066
11844
12067
11845
12068
11846
12069
11847
12070
11848
12071
11849
12072
11850
12073
11851
12074
11852
12075
11853
12076
11854
12077
11855
12078
11856
12079
11857
12080
11858
12081
11859
12082
11860
12083
11861
12084
11862
12085
11863
12086
11864
12087
11865
12088
11866
12089
11867
12090
11868
12091
11869
12092
11870
12093
11871
12094
11872
12095
11873
12096
11874
12097
11875
12098
11876
12099
11877
12100
11878
12101
11879
12102
11880
12103
11881
12104
11882
12105
11883
12106
11884
12107
11885
12108
11886
12109
11887
12110
11888
12111
11889
12112
11890
12113
11891
12114
11892
12115
11893
12116
11894
12117
11895
12118
11896
12119
11897
12120
11898
12121
11899
12122
11900
12123
11901
12124
11902
12125
11903
12126
11904
12127
11905
12128
11906
12129
11907
12130
11908
12131
11909
12132
11910
12133
11911
12134
12135
11913
12136
11914
12137
11915
12138
11916
12139
11917
12140
11918
12141
11919
12142
11920
12143
11921
12144
11922
12145
11923
12146
11924
12147
11925
12148
11926
12149
11927
12150
11928
12151
11929
12152
11930
12153
11931
12154
11932
12155
11933
12156
11934
12157
11935
12158
11936
12159
11937
12160
11938
12161
11939
12162
11940
12163
11941
12164
11942
12165
11943
12166
11944
12167
11945
12168
11946
12169
11947
12170
11948
12171
11949
12172
11950
12173
11951
12174
11952
12175
11953
12176
11954
12177
11955
12178
11956
12179
11957
12180
11958
12181
11959
12182
11960
12183
11961
12184
11962
12185
11963
12186
11964
12187
11965
12188
11966
12189
11967
12190
11968
12191
11969
12192
11970
12193
11971
12194
11972
12195
11973
12196
11974
12197
11975
12198
11976
12199
11977
12200
11978
12201
11979
12202
11980
12203
11981
12204
11982
12205
11983
12206
11984
12207
11985
12208
11986
12209
11987
12210
11988
12211
11989
12212
11990
12213
11991
12214
11992
12215
11993
12216
11994
12217
11995
12218
11996
12219
11997
12220
11998
12221
11999
12222
12000
12223
12001
12224
12002
12225
12003
12226
12004
12227
12005
12228
12006
12229
12007
12230
12008
12231
12009
12232
12010
12233
12011
12234
12012
12235
12013
12236
12014
12237
12015
12238
12016
12239
12017
12240
12018
12241
12019
12242
12020
12243
12021
12244
12022
12245
12023
12246
12024
12247
12025
12248
12026
12249
12027
12250
12028
12251
12029
12252
12030
12253
12031
12254
12032
12255
12033
12256
12034
12257
12035
12258
12036
12259
12037
12260
12038
12261
12039
12262
12040
12263
12041
12264
12042
12265
12043
12266
12044
12267
12045
12268
12046
12269
12047
12270
12048
12271
12049
12272
12050
12273
12051
12274
12052
12275
12053
12276
12054
12277
12055
12278
12056
12279
12057
12280
12058
12281
12059
12282
12060
12283
12061
12284
12062
12285
12063
12286
12064
12287
12065
12288
12066
12289
12067
12290
12068
12291
12069
12292
12070
12293
12071
12294
12072
12295
12073
12296
12074
12297
12075
12298
12076
12299
12077
12300
12078
12301
12079
12302
12080
12303
12081
12304
12082
12305
12083
12306
12084
12307
12085
12308
12086
12309
12087
12310
12088
12311
12089
12312
12090
12313
12091
12314
12092
12315
12093
12316
12094
12317
12095
12318
12096
12319
12097
12320
12098
12321
12099
12322
12100
12323
12101
12324
12102
12325
12103
12326
12104
12327
12105
12328
12106
12329
12107
12330
12108
12331
12109
12332
12110
12333
12111
12334
12112
12335
12113
12336
12114
12337
12115
12338
12116
12339
12117
12340
12118
12341
12119
12342
12120
12343
12121
12344
12122
12345
12123
12346
12124
12347
12125
12348
12126
12349
12127
12350
12128
12351
12129
12352
12130
12353
12131
12354
12132
12355
12133
12356
12134
12357
12135
12358
12359
12137
12360
12138
12361
12139
12362
12140
12363
12141
12364
12142
12365
12143
12366
12144
12367
12145
12368
12146
12369
12147
12370
12148
12371
12149
12372
12150
12373
12151
12374
12152
12375
12153
12376
12154
12377
12155
12378
12156
12379
12157
12380
12158
12381
12159
12382
12160
12383
12161
12384
12162
12385
12163
12386
12164
12387
12165
12388
12166
12389
12167
12390
12168
12391
12169
12392
12170
12393
12171
12394
12172
12395
12173
12396
12174
12397
12175
12398
12176
12399
12177
12400
12178
12401
12179
12402
12180
12403
12181
12404
12182
12405
12183
12406
12184
12407
12185
12408
12186
12409
12187
12410
12188
12411
12189
12412
12190
12413
12191
12414
12192
12415
12193
12416
12194
12417
12195
12418
12196
12419
12197
12420
12198
12421
12199
12422
12200
12423
12201
12424
12202
12425
12203
12426
12204
12427
12205
12428
12206
12429
12207
12430
12208
12431
12209
12432
12210
12433
12211
12434
12212
12435
12213
12436
12214
12437
12215
12438
12216
12439
12217
12440
12218
12441
12219
12442
12220
12443
12221
12444
12222
12445
12223
12446
12224
12447
12225
12448
12226
12449
12227
12450
12228
12451
12229
12452
12230
12453
12231
12454
12232
12455
12233
12456
12234
12457
12235
12458
12236
12459
12237
12460
12238
12461
12239
12462
12240
12463
12241
12464
12242
12465
12243
12466
12244
12467
12245
12468
12246
12469
12247
12470
12248
12471
12249
12472
12250
12473
12251
12474
12252
12475
12253
12476
12254
12477
12255
12478
12256
12479
12257
12480
12258
12481
12259
12482
12260
12483
12261
12484
12262
12485
12263
12486
12264
12487
12265
12488
12266
12489
12267
12490
12268
12491
12269
12492
12270
12493
12271
12494
12272
12495
12273
12496
12274
12497
12275
12498
12276
12499
12277
12500
12278
12501
12279
12502
12280
12503
12281
12504
12282
12505
12283
12506
12284
12507
12285
12508
12286
12509
12287
12510
12288
12511
12289
12512
12290
12513
12291
12514
12292
12515
12293
12516
12294
12517
12295
12518
12296
12519
12297
12520
12298
12521
12299
12522
12300
12523
12301
12524
12302
12525
12303
12526
12304
12527
12305
12528
12306
12529
12307
12530
12308
12531
12309
12532
12310
12533
12311
12534
12312
12535
12313
12536
12314
12537
12315
12538
12316
12539
12317
12540
12318
12541
12319
12542
12320
12543
12321
12544
12322
12545
12323
12546
12324
12547
12325
12548
12326
12549
12327
12550
12328
12551
12329
12552
12330
12553
12331
12554
12332
12555
12333
12556
12334
12557
12335
12558
12336
12559
12337
12560
12338
12561
12339
12562
12340
12563
12341
12564
12342
12565
12343
12566
12344
12567
12345
12568
12346
12569
12347
12570
12348
12571
12349
12572
12350
12573
12351
12574
12352
12575
12353
12576
12354
12577
12355
12578
12356
12579
12357
12580
12358
12581
12359
12582
12583
12361
12584
12362
12585
12363
12586
12364
12587
12365
12588
12366
12589
12367
12590
12368
12591
12369
12592
12370
12593
12371
12594
12372
12595
12373
12596
12374
12597
12375
12598
12376
12599
12377
12600
12378
12601
12379
12602
12380
12603
12381
12604
12382
12605
12383
12606
12384
12607
12385
12608
12386
12609
12387
12610
12388
12611
12389
12612
12390
12613
12391
12614
12392
12615
12393
12616
12394
12617
12395
12618
12396
12619
12397
12620
12398
12621
12399
12622
12400
12623
12401
12624
12402
12625
12403
12626
12404
12627
12405
12628
12406
12629
12407
12630
12408
12631
12409
12632
12410
12633
12411
12634
12412
12635
12413
12636
12414
12637
12415
12638
12416
12639
12417
12640
12418
12641
12419
12642
12420
12643
12421
12644
12422
12645
12423
12646
12424
12647
12425
12648
12426
12649
12427
12650
12428
12651
12429
12652
12430
12653
12431
12654
12432
12655
12433
12656
12434
12657
12435
12658
12436
12659
12437
12660
12438
12661
12439
12662
12440
12663
12441
12664
12442
12665
12443
12666
12444
12667
12445
12668
12446
12669
12447
12670
12448
12671
12449
12672
12450
12673
12451
12674
12452
12675
12453
12676
12454
12677
12455
12678
12456
12679
12457
12680
12458
12681
12459
12682
12460
12683
12461
12684
12462
12685
12463
12686
12464
12687
12465
12688
12466
12689
12467
12690
12468
12691
12469
12692
12470
12693
12471
12694
12472
12695
12473
12696
12474
12697
12475
12698
12476
12699
12477
12700
12478
12701
12479
12702
12480
12703
12481
12704
12482
12705
12483
12706
12484
12707
12485
12708
12486
12709
12487
12710
12488
12711
12489
12712
12490
12713
12491
12714
12492
12715
12493
12716
12494
12717
12495
12718
12496
12719
12497
12720
12498
12721
12499
12722
12500
12723
12501
12724
12502
12725
12503
12726
12504
12727
12505
12728
12506
12729
12507
12730
12508
12731
12509
12732
12510
12733
12511
12734
12512
12735
12513
12736
12514
12737
12515
12738
12516
12739
12517
12740
12518
12741
12519
12742
12520
12743
12521
12744
12522
12745
12523
12746
12524
12747
12525
12748
12526
12749
12527
12750
12528
12751
12529
12752
12530
12753
12531
12754
12532
12755
12533
12756
12534
12757
12535
12758
12536
12759
12537
12760
12538
12761
12539
12762
12540
12763
12541
12764
12542
12765
12543
12766
12544
12767
12545
12768
12546
12769
12547
12770
12548
12771
12549
12772
12550
12773
12551
12774
12552
12775
12553
12776
12554
12777
12555
12778
12556
12779
12557
12780
12558
12781
12559
12782
12560
12783
12561
12784
12562
12785
12563
12786
12564
12787
12565
12788
12566
12789
12567
12790
12568
12791
12569
12792
12570
12793
12571
12794
12572
12795
12573
12796
12574
12797
12575
12798
12576
12799
12577
12800
12578
12801
12579
12802
12580
12803
12581
12804
12582
12805
12583
12806
12807
12585
12808
12586
12809
12587
12810
12588
12811
12589
12812
12590
12813
12591
12814
12592
12815
12593
12816
12594
12817
12595
12818
12596
12819
12597
12820
12598
12821
12599
12822
12600
12823
12601
12824
12602
12825
12603
12826
12604
12827
12605
12828
12606
12829
12607
12830
12608
12831
12609
12832
12610
12833
12611
12834
12612
12835
12613
12836
12614
12837
12615
12838
12616
12839
12617
12840
12618
12841
12619
12842
12620
12843
12621
12844
12622
12845
12623
12846
12624
12847
12625
12848
12626
12849
12627
12850
12628
12851
12629
12852
12630
12853
12631
12854
12632
12855
12633
12856
12634
12857
12635
12858
12636
12859
12637
12860
12638
12861
12639
12862
12640
12863
12641
12864
12642
12865
12643
12866
12644
12867
12645
12868
12646
12869
12647
12870
12648
12871
12649
12872
12650
12873
12651
12874
12652
12875
12653
12876
12654
12877
12655
12878
12656
12879
12657
12880
12658
12881
12659
12882
12660
12883
12661
12884
12662
12885
12663
12886
12664
12887
12665
12888
12666
12889
12667
12890
12668
12891
12669
12892
12670
12893
12671
12894
12672
12895
12673
12896
12674
12897
12675
12898
12676
12899
12677
12900
12678
12901
12679
12902
12680
12903
12681
12904
12682
12905
12683
12906
12684
12907
12685
12908
12686
12909
12687
12910
12688
12911
12689
12912
12690
12913
12691
12914
12692
12915
12693
12916
12694
12917
12695
12918
12696
12919
12697
12920
12698
12921
12699
12922
12700
12923
12701
12924
12702
12925
12703
12926
12704
12927
12705
12928
12706
12929
12707
12930
12708
12931
12709
12932
12710
12933
12711
12934
12712
12935
12713
12936
12714
12937
12715
12938
12716
12939
12717
12940
12718
12941
12719
12942
12720
12943
12721
12944
12722
12945
12723
12946
12724
12947
12725
12948
12726
12949
12727
12950
12728
12951
12729
12952
12730
12953
12731
12954
12732
12955
12733
12956
12734
12957
12735
12958
12736
12959
12737
12960
12738
12961
12739
12962
12740
12963
12741
12964
12742
12965
12743
12966
12744
12967
12745
12968
12746
12969
12747
12970
12748
12971
12749
12972
12750
12973
12751
12974
12752
12975
12753
12976
12754
12977
12755
12978
12756
12979
12757
12980
12758
12981
12759
12982
12760
12983
12761
12984
12762
12985
12763
12986
12764
12987
12765
12988
12766
12989
12767
12990
12768
12991
12769
12992
12770
12993
12771
12994
12772
12995
12773
12996
12774
12997
12775
12998
12776
12999
12777
13000
12778
13001
12779
13002
12780
13003
12781
13004
12782
13005
12783
13006
12784
13007
12785
13008
12786
13009
12787
13010
12788
13011
12789
13012
12790
13013
12791
13014
12792
13015
12793
13016
12794
13017
12795
13018
12796
13019
12797
13020
12798
13021
12799
13022
12800
13023
12801
13024
12802
13025
12803
13026
12804
13027
12805
13028
12806
13029
12807
13030
13031
12809
13032
12810
13033
12811
13034
12812
13035
12813
13036
12814
13037
12815
13038
12816
13039
12817
13040
12818
13041
12819
13042
12820
13043
12821
13044
12822
13045
12823
13046
12824
13047
12825
13048
12826
13049
12827
13050
12828
13051
12829
13052
12830
13053
12831
13054
12832
13055
12833
13056
12834
13057
12835
13058
12836
13059
12837
13060
12838
13061
12839
13062
12840
13063
12841
13064
12842
13065
12843
13066
12844
13067
12845
13068
12846
13069
12847
13070
12848
13071
12849
13072
12850
13073
12851
13074
12852
13075
12853
13076
12854
13077
12855
13078
12856
13079
12857
13080
12858
13081
12859
13082
12860
13083
12861
13084
12862
13085
12863
13086
12864
13087
12865
13088
12866
13089
12867
13090
12868
13091
12869
13092
12870
13093
12871
13094
12872
13095
12873
13096
12874
13097
12875
13098
12876
13099
12877
13100
12878
13101
12879
13102
12880
13103
12881
13104
12882
13105
12883
13106
12884
13107
12885
13108
12886
13109
12887
13110
12888
13111
12889
13112
12890
13113
12891
13114
12892
13115
12893
13116
12894
13117
12895
13118
12896
13119
12897
13120
12898
13121
12899
13122
12900
13123
12901
13124
12902
13125
12903
13126
12904
13127
12905
13128
12906
13129
12907
13130
12908
13131
12909
13132
12910
13133
12911
13134
12912
13135
12913
13136
12914
13137
12915
13138
12916
13139
12917
13140
12918
13141
12919
13142
12920
13143
12921
13144
12922
13145
12923
13146
12924
13147
12925
13148
12926
13149
12927
13150
12928
13151
12929
13152
12930
13153
12931
13154
12932
13155
12933
13156
12934
13157
12935
13158
12936
13159
12937
13160
12938
13161
12939
13162
12940
13163
12941
13164
12942
13165
12943
13166
12944
13167
12945
13168
12946
13169
12947
13170
12948
13171
12949
13172
12950
13173
12951
13174
12952
13175
12953
13176
12954
13177
12955
13178
12956
13179
12957
13180
12958
13181
12959
13182
12960
13183
12961
13184
12962
13185
12963
13186
12964
13187
12965
13188
12966
13189
12967
13190
12968
13191
12969
13192
12970
13193
12971
13194
12972
13195
12973
13196
12974
13197
12975
13198
12976
13199
12977
13200
12978
13201
12979
13202
12980
13203
12981
13204
12982
13205
12983
13206
12984
13207
12985
13208
12986
13209
12987
13210
12988
13211
12989
13212
12990
13213
12991
13214
12992
13215
12993
13216
12994
13217
12995
13218
12996
13219
12997
13220
12998
13221
12999
13222
13000
13223
13001
13224
13002
13225
13003
13226
13004
13227
13005
13228
13006
13229
13007
13230
13008
13231
13009
13232
13010
13233
13011
13234
13012
13235
13013
13236
13014
13237
13015
13238
13016
13239
13017
13240
13018
13241
13019
13242
13020
13243
13021
13244
13022
13245
13023
13246
13024
13247
13025
13248
13026
13249
13027
13250
13028
13251
13029
13252
13030
13253
13031
13254
13255
13033
13256
13034
13257
13035
13258
13036
13259
13037
13260
13038
13261
13039
13262
13040
13263
13041
13264
13042
13265
13043
13266
13044
13267
13045
13268
13046
13269
13047
13270
13048
13271
13049
13272
13050
13273
13051
13274
13052
13275
13053
13276
13054
13277
13055
13278
13056
13279
13057
13280
13058
13281
13059
13282
13060
13283
13061
13284
13062
13285
13063
13286
13064
13287
13065
13288
13066
13289
13067
13290
13068
13291
13069
13292
13070
13293
13071
13294
13072
13295
13073
13296
13074
13297
13075
13298
13076
13299
13077
13300
13078
13301
13079
13302
13080
13303
13081
13304
13082
13305
13083
13306
13084
13307
13085
13308
13086
13309
13087
13310
13088
13311
13089
13312
13090
13313
13091
13314
13092
13315
13093
13316
13094
13317
13095
13318
13096
13319
13097
13320
13098
13321
13099
13322
13100
13323
13101
13324
13102
13325
13103
13326
13104
13327
13105
13328
13106
13329
13107
13330
13108
13331
13109
13332
13110
13333
13111
13334
13112
13335
13113
13336
13114
13337
13115
13338
13116
13339
13117
13340
13118
13341
13119
13342
13120
13343
13121
13344
13122
13345
13123
13346
13124
13347
13125
13348
13126
13349
13127
13350
13128
13351
13129
13352
13130
13353
13131
13354
13132
13355
13133
13356
13134
13357
13135
13358
13136
13359
13137
13360
13138
13361
13139
13362
13140
13363
13141
13364
13142
13365
13143
13366
13144
13367
13145
13368
13146
13369
13147
13370
13148
13371
13149
13372
13150
13373
13151
13374
13152
13375
13153
13376
13154
13377
13155
13378
13156
13379
13157
13380
13158
13381
13159
13382
13160
13383
13161
13384
13162
13385
13163
13386
13164
13387
13165
13388
13166
13389
13167
13390
13168
13391
13169
13392
13170
13393
13171
13394
13172
13395
13173
13396
13174
13397
13175
13398
13176
13399
13177
13400
13178
13401
13179
13402
13180
13403
13181
13404
13182
13405
13183
13406
13184
13407
13185
13408
13186
13409
13187
13410
13188
13411
13189
13412
13190
13413
13191
13414
13192
13415
13193
13416
13194
13417
13195
13418
13196
13419
13197
13420
13198
13421
13199
13422
13200
13423
13201
13424
13202
13425
13203
13426
13204
13427
13205
13428
13206
13429
13207
13430
13208
13431
13209
13432
13210
13433
13211
13434
13212
13435
13213
13436
13214
13437
13215
13438
13216
13439
13217
13440
13218
13441
13219
13442
13220
13443
13221
13444
13222
13445
13223
13446
13224
13447
13225
13448
13226
13449
13227
13450
13228
13451
13229
13452
13230
13453
13231
13454
13232
13455
13233
13456
13234
13457
13235
13458
13236
13459
13237
13460
13238
13461
13239
13462
13240
13463
13241
13464
13242
13465
13243
13466
13244
13467
13245
13468
13246
13469
13247
13470
13248
13471
13249
13472
13250
13473
13251
13474
13252
13475
13253
13476
13254
13477
13255
13478
13479
13257
13480
13258
13481
13259
13482
13260
13483
13261
13484
13262
13485
13263
13486
13264
13487
13265
13488
13266
13489
13267
13490
13268
13491
13269
13492
13270
13493
13271
13494
13272
13495
13273
13496
13274
13497
13275
13498
13276
13499
13277
13500
13278
13501
13279
13502
13280
13503
13281
13504
13282
13505
13283
13506
13284
13507
13285
13508
13286
13509
13287
13510
13288
13511
13289
13512
13290
13513
13291
13514
13292
13515
13293
13516
13294
13517
13295
13518
13296
13519
13297
13520
13298
13521
13299
13522
13300
13523
13301
13524
13302
13525
13303
13526
13304
13527
13305
13528
13306
13529
13307
13530
13308
13531
13309
13532
13310
13533
13311
13534
13312
13535
13313
13536
13314
13537
13315
13538
13316
13539
13317
13540
13318
13541
13319
13542
13320
13543
13321
13544
13322
13545
13323
13546
13324
13547
13325
13548
13326
13549
13327
13550
13328
13551
13329
13552
13330
13553
13331
13554
13332
13555
13333
13556
13334
13557
13335
13558
13336
13559
13337
13560
13338
13561
13339
13562
13340
13563
13341
13564
13342
13565
13343
13566
13344
13567
13345
13568
13346
13569
13347
13570
13348
13571
13349
13572
13350
13573
13351
13574
13352
13575
13353
13576
13354
13577
13355
13578
13356
13579
13357
13580
13358
13581
13359
13582
13360
13583
13361
13584
13362
13585
13363
13586
13364
13587
13365
13588
13366
13589
13367
13590
13368
13591
13369
13592
13370
13593
13371
13594
13372
13595
13373
13596
13374
13597
13375
13598
13376
13599
13377
13600
13378
13601
13379
13602
13380
13603
13381
13604
13382
13605
13383
13606
13384
13607
13385
13608
13386
13609
13387
13610
13388
13611
13389
13612
13390
13613
13391
13614
13392
13615
13393
13616
13394
13617
13395
13618
13396
13619
13397
13620
13398
13621
13399
13622
13400
13623
13401
13624
13402
13625
13403
13626
13404
13627
13405
13628
13406
13629
13407
13630
13408
13631
13409
13632
13410
13633
13411
13634
13412
13635
13413
13636
13414
13637
13415
13638
13416
13639
13417
13640
13418
13641
13419
13642
13420
13643
13421
13644
13422
13645
13423
13646
13424
13647
13425
13648
13426
13649
13427
13650
13428
13651
13429
13652
13430
13653
13431
13654
13432
13655
13433
13656
13434
13657
13435
13658
13436
13659
13437
13660
13438
13661
13439
13662
13440
13663
13441
13664
13442
13665
13443
13666
13444
13667
13445
13668
13446
13669
13447
13670
13448
13671
13449
13672
13450
13673
13451
13674
13452
13675
13453
13676
13454
13677
13455
13678
13456
13679
13457
13680
13458
13681
13459
13682
13460
13683
13461
13684
13462
13685
13463
13686
13464
13687
13465
13688
13466
13689
13467
13690
13468
13691
13469
13692
13470
13693
13471
13694
13472
13695
13473
13696
13474
13697
13475
13698
13476
13699
13477
13700
13478
13701
13479
13702
13703
13481
13704
13482
13705
13483
13706
13484
13707
13485
13708
13486
13709
13487
13710
13488
13711
13489
13712
13490
13713
13491
13714
13492
13715
13493
13716
13494
13717
13495
13718
13496
13719
13497
13720
13498
13721
13499
13722
13500
13723
13501
13724
13502
13725
13503
13726
13504
13727
13505
13728
13506
13729
13507
13730
13508
13731
13509
13732
13510
13733
13511
13734
13512
13735
13513
13736
13514
13737
13515
13738
13516
13739
13517
13740
13518
13741
13519
13742
13520
13743
13521
13744
13522
13745
13523
13746
13524
13747
13525
13748
13526
13749
13527
13750
13528
13751
13529
13752
13530
13753
13531
13754
13532
13755
13533
13756
13534
13757
13535
13758
13536
13759
13537
13760
13538
13761
13539
13762
13540
13763
13541
13764
13542
13765
13543
13766
13544
13767
13545
13768
13546
13769
13547
13770
13548
13771
13549
13772
13550
13773
13551
13774
13552
13775
13553
13776
13554
13777
13555
13778
13556
13779
13557
13780
13558
13781
13559
13782
13560
13783
13561
13784
13562
13785
13563
13786
13564
13787
13565
13788
13566
13789
13567
13790
13568
13791
13569
13792
13570
13793
13571
13794
13572
13795
13573
13796
13574
13797
13575
13798
13576
13799
13577
13800
13578
13801
13579
13802
13580
13803
13581
13804
13582
13805
13583
13806
13584
13807
13585
13808
13586
13809
13587
13810
13588
13811
13589
13812
13590
13813
13591
13814
13592
13815
13593
13816
13594
13817
13595
13818
13596
13819
13597
13820
13598
13821
13599
13822
13600
13823
13601
13824
13602
13825
13603
13826
13604
13827
13605
13828
13606
13829
13607
13830
13608
13831
13609
13832
13610
13833
13611
13834
13612
13835
13613
13836
13614
13837
13615
13838
13616
13839
13617
13840
13618
13841
13619
13842
13620
13843
13621
13844
13622
13845
13623
13846
13624
13847
13625
13848
13626
13849
13627
13850
13628
13851
13629
13852
13630
13853
13631
13854
13632
13855
13633
13856
13634
13857
13635
13858
13636
13859
13637
13860
13638
13861
13639
13862
13640
13863
13641
13864
13642
13865
13643
13866
13644
13867
13645
13868
13646
13869
13647
13870
13648
13871
13649
13872
13650
13873
13651
13874
13652
13875
13653
13876
13654
13877
13655
13878
13656
13879
13657
13880
13658
13881
13659
13882
13660
13883
13661
13884
13662
13885
13663
13886
13664
13887
13665
13888
13666
13889
13667
13890
13668
13891
13669
13892
13670
13893
13671
13894
13672
13895
13673
13896
13674
13897
13675
13898
13676
13899
13677
13900
13678
13901
13679
13902
13680
13903
13681
13904
13682
13905
13683
13906
13684
13907
13685
13908
13686
13909
13687
13910
13688
13911
13689
13912
13690
13913
13691
13914
13692
13915
13693
13916
13694
13917
13695
13918
13696
13919
13697
13920
13698
13921
13699
13922
13700
13923
13701
13924
13702
13925
13703
13926
13927
13705
13928
13706
13929
13707
13930
13708
13931
13709
13932
13710
13933
13711
13934
13712
13935
13713
13936
13714
13937
13715
13938
13716
13939
13717
13940
13718
13941
13719
13942
13720
13943
13721
13944
13722
13945
13723
13946
13724
13947
13725
13948
13726
13949
13727
13950
13728
13951
13729
13952
13730
13953
13731
13954
13732
13955
13733
13956
13734
13957
13735
13958
13736
13959
13737
13960
13738
13961
13739
13962
13740
13963
13741
13964
13742
13965
13743
13966
13744
13967
13745
13968
13746
13969
13747
13970
13748
13971
13749
13972
13750
13973
13751
13974
13752
13975
13753
13976
13754
13977
13755
13978
13756
13979
13757
13980
13758
13981
13759
13982
13760
13983
13761
13984
13762
13985
13763
13986
13764
13987
13765
13988
13766
13989
13767
13990
13768
13991
13769
13992
13770
13993
13771
13994
13772
13995
13773
13996
13774
13997
13775
13998
13776
13999
13777
14000
13778
14001
13779
14002
13780
14003
13781
14004
13782
14005
13783
14006
13784
14007
13785
14008
13786
14009
13787
14010
13788
14011
13789
14012
13790
14013
13791
14014
13792
14015
13793
14016
13794
14017
13795
14018
13796
14019
13797
14020
13798
14021
13799
14022
13800
14023
13801
14024
13802
14025
13803
14026
13804
14027
13805
14028
13806
14029
13807
14030
13808
14031
13809
14032
13810
14033
13811
14034
13812
14035
13813
14036
13814
14037
13815
14038
13816
14039
13817
14040
13818
14041
13819
14042
13820
14043
13821
14044
13822
14045
13823
14046
13824
14047
13825
14048
13826
14049
13827
14050
13828
14051
13829
14052
13830
14053
13831
14054
13832
14055
13833
14056
13834
14057
13835
14058
13836
14059
13837
14060
13838
14061
13839
14062
13840
14063
13841
14064
13842
14065
13843
14066
13844
14067
13845
14068
13846
14069
13847
14070
13848
14071
13849
14072
13850
14073
13851
14074
13852
14075
13853
14076
13854
14077
13855
14078
13856
14079
13857
14080
13858
14081
13859
14082
13860
14083
13861
14084
13862
14085
13863
14086
13864
14087
13865
14088
13866
14089
13867
14090
13868
14091
13869
14092
13870
14093
13871
14094
13872
14095
13873
14096
13874
14097
13875
14098
13876
14099
13877
14100
13878
14101
13879
14102
13880
14103
13881
14104
13882
14105
13883
14106
13884
14107
13885
14108
13886
14109
13887
14110
13888
14111
13889
14112
13890
14113
13891
14114
13892
14115
13893
14116
13894
14117
13895
14118
13896
14119
13897
14120
13898
14121
13899
14122
13900
14123
13901
14124
13902
14125
13903
14126
13904
14127
13905
14128
13906
14129
13907
14130
13908
14131
13909
14132
13910
14133
13911
14134
13912
14135
13913
14136
13914
14137
13915
14138
13916
14139
13917
14140
13918
14141
13919
14142
13920
14143
13921
14144
13922
14145
13923
14146
13924
14147
13925
14148
13926
14149
13927
14150
14151
13929
14152
13930
14153
13931
14154
13932
14155
13933
14156
13934
14157
13935
14158
13936
14159
13937
14160
13938
14161
13939
14162
13940
14163
13941
14164
13942
14165
13943
14166
13944
14167
13945
14168
13946
14169
13947
14170
13948
14171
13949
14172
13950
14173
13951
14174
13952
14175
13953
14176
13954
14177
13955
14178
13956
14179
13957
14180
13958
14181
13959
14182
13960
14183
13961
14184
13962
14185
13963
14186
13964
14187
13965
14188
13966
14189
13967
14190
13968
14191
13969
14192
13970
14193
13971
14194
13972
14195
13973
14196
13974
14197
13975
14198
13976
14199
13977
14200
13978
14201
13979
14202
13980
14203
13981
14204
13982
14205
13983
14206
13984
14207
13985
14208
13986
14209
13987
14210
13988
14211
13989
14212
13990
14213
13991
14214
13992
14215
13993
14216
13994
14217
13995
14218
13996
14219
13997
14220
13998
14221
13999
14222
14000
14223
14001
14224
14002
14225
14003
14226
14004
14227
14005
14228
14006
14229
14007
14230
14008
14231
14009
14232
14010
14233
14011
14234
14012
14235
14013
14236
14014
14237
14015
14238
14016
14239
14017
14240
14018
14241
14019
14242
14020
14243
14021
14244
14022
14245
14023
14246
14024
14247
14025
14248
14026
14249
14027
14250
14028
14251
14029
14252
14030
14253
14031
14254
14032
14255
14033
14256
14034
14257
14035
14258
14036
14259
14037
14260
14038
14261
14039
14262
14040
14263
14041
14264
14042
14265
14043
14266
14044
14267
14045
14268
14046
14269
14047
14270
14048
14271
14049
14272
14050
14273
14051
14274
14052
14275
14053
14276
14054
14277
14055
14278
14056
14279
14057
14280
14058
14281
14059
14282
14060
14283
14061
14284
14062
14285
14063
14286
14064
14287
14065
14288
14066
14289
14067
14290
14068
14291
14069
14292
14070
14293
14071
14294
14072
14295
14073
14296
14074
14297
14075
14298
14076
14299
14077
14300
14078
14301
14079
14302
14080
14303
14081
14304
14082
14305
14083
14306
14084
14307
14085
14308
14086
14309
14087
14310
14088
14311
14089
14312
14090
14313
14091
14314
14092
14315
14093
14316
14094
14317
14095
14318
14096
14319
14097
14320
14098
14321
14099
14322
14100
14323
14101
14324
14102
14325
14103
14326
14104
14327
14105
14328
14106
14329
14107
14330
14108
14331
14109
14332
14110
14333
14111
14334
14112
14335
14113
14336
14114
14337
14115
14338
14116
14339
14117
14340
14118
14341
14119
14342
14120
14343
14121
14344
14122
14345
14123
14346
14124
14347
14125
14348
14126
14349
14127
14350
14128
14351
14129
14352
14130
14353
14131
14354
14132
14355
14133
14356
14134
14357
14135
14358
14136
14359
14137
14360
14138
14361
14139
14362
14140
14363
14141
14364
14142
14365
14143
14366
14144
14367
14145
14368
14146
14369
14147
14370
14148
14371
14149
14372
14150
14373
14151
14374
14375
14153
14376
14154
14377
14155
14378
14156
14379
14157
14380
14158
14381
14159
14382
14160
14383
14161
14384
14162
14385
14163
14386
14164
14387
14165
14388
14166
14389
14167
14390
14168
14391
14169
14392
14170
14393
14171
14394
14172
14395
14173
14396
14174
14397
14175
14398
14176
14399
14177
14400
14178
14401
14179
14402
14180
14403
14181
14404
14182
14405
14183
14406
14184
14407
14185
14408
14186
14409
14187
14410
14188
14411
14189
14412
14190
14413
14191
14414
14192
14415
14193
14416
14194
14417
14195
14418
14196
14419
14197
14420
14198
14421
14199
14422
14200
14423
14201
14424
14202
14425
14203
14426
14204
14427
14205
14428
14206
14429
14207
14430
14208
14431
14209
14432
14210
14433
14211
14434
14212
14435
14213
14436
14214
14437
14215
14438
14216
14439
14217
14440
14218
14441
14219
14442
14220
14443
14221
14444
14222
14445
14223
14446
14224
14447
14225
14448
14226
14449
14227
14450
14228
14451
14229
14452
14230
14453
14231
14454
14232
14455
14233
14456
14234
14457
14235
14458
14236
14459
14237
14460
14238
14461
14239
14462
14240
14463
14241
14464
14242
14465
14243
14466
14244
14467
14245
14468
14246
14469
14247
14470
14248
14471
14249
14472
14250
14473
14251
14474
14252
14475
14253
14476
14254
14477
14255
14478
14256
14479
14257
14480
14258
14481
14259
14482
14260
14483
14261
14484
14262
14485
14263
14486
14264
14487
14265
14488
14266
14489
14267
14490
14268
14491
14269
14492
14270
14493
14271
14494
14272
14495
14273
14496
14274
14497
14275
14498
14276
14499
14277
14500
14278
14501
14279
14502
14280
14503
14281
14504
14282
14505
14283
14506
14284
14507
14285
14508
14286
14509
14287
14510
14288
14511
14289
14512
14290
14513
14291
14514
14292
14515
14293
14516
14294
14517
14295
14518
14296
14519
14297
14520
14298
14521
14299
14522
14300
14523
14301
14524
14302
14525
14303
14526
14304
14527
14305
14528
14306
14529
14307
14530
14308
14531
14309
14532
14310
14533
14311
14534
14312
14535
14313
14536
14314
14537
14315
14538
14316
14539
14317
14540
14318
14541
14319
14542
14320
14543
14321
14544
14322
14545
14323
14546
14324
14547
14325
14548
14326
14549
14327
14550
14328
14551
14329
14552
14330
14553
14331
14554
14332
14555
14333
14556
14334
14557
14335
14558
14336
14559
14337
14560
14338
14561
14339
14562
14340
14563
14341
14564
14342
14565
14343
14566
14344
14567
14345
14568
14346
14569
14347
14570
14348
14571
14349
14572
14350
14573
14351
14574
14352
14575
14353
14576
14354
14577
14355
14578
14356
14579
14357
14580
14358
14581
14359
14582
14360
14583
14361
14584
14362
14585
14363
14586
14364
14587
14365
14588
14366
14589
14367
14590
14368
14591
14369
14592
14370
14593
14371
14594
14372
14595
14373
14596
14374
14597
14375
14598
14599
14377
14600
14378
14601
14379
14602
14380
14603
14381
14604
14382
14605
14383
14606
14384
14607
14385
14608
14386
14609
14387
14610
14388
14611
14389
14612
14390
14613
14391
14614
14392
14615
14393
14616
14394
14617
14395
14618
14396
14619
14397
14620
14398
14621
14399
14622
14400
14623
14401
14624
14402
14625
14403
14626
14404
14627
14405
14628
14406
14629
14407
14630
14408
14631
14409
14632
14410
14633
14411
14634
14412
14635
14413
14636
14414
14637
14415
14638
14416
14639
14417
14640
14418
14641
14419
14642
14420
14643
14421
14644
14422
14645
14423
14646
14424
14647
14425
14648
14426
14649
14427
14650
14428
14651
14429
14652
14430
14653
14431
14654
14432
14655
14433
14656
14434
14657
14435
14658
14436
14659
14437
14660
14438
14661
14439
14662
14440
14663
14441
14664
14442
14665
14443
14666
14444
14667
14445
14668
14446
14669
14447
14670
14448
14671
14449
14672
14450
14673
14451
14674
14452
14675
14453
14676
14454
14677
14455
14678
14456
14679
14457
14680
14458
14681
14459
14682
14460
14683
14461
14684
14462
14685
14463
14686
14464
14687
14465
14688
14466
14689
14467
14690
14468
14691
14469
14692
14470
14693
14471
14694
14472
14695
14473
14696
14474
14697
14475
14698
14476
14699
14477
14700
14478
14701
14479
14702
14480
14703
14481
14704
14482
14705
14483
14706
14484
14707
14485
14708
14486
14709
14487
14710
14488
14711
14489
14712
14490
14713
14491
14714
14492
14715
14493
14716
14494
14717
14495
14718
14496
14719
14497
14720
14498
14721
14499
14722
14500
14723
14501
14724
14502
14725
14503
14726
14504
14727
14505
14728
14506
14729
14507
14730
14508
14731
14509
14732
14510
14733
14511
14734
14512
14735
14513
14736
14514
14737
14515
14738
14516
14739
14517
14740
14518
14741
14519
14742
14520
14743
14521
14744
14522
14745
14523
14746
14524
14747
14525
14748
14526
14749
14527
14750
14528
14751
14529
14752
14530
14753
14531
14754
14532
14755
14533
14756
14534
14757
14535
14758
14536
14759
14537
14760
14538
14761
14539
14762
14540
14763
14541
14764
14542
14765
14543
14766
14544
14767
14545
14768
14546
14769
14547
14770
14548
14771
14549
14772
14550
14773
14551
14774
14552
14775
14553
14776
14554
14777
14555
14778
14556
14779
14557
14780
14558
14781
14559
14782
14560
14783
14561
14784
14562
14785
14563
14786
14564
14787
14565
14788
14566
14789
14567
14790
14568
14791
14569
14792
14570
14793
14571
14794
14572
14795
14573
14796
14574
14797
14575
14798
14576
14799
14577
14800
14578
14801
14579
14802
14580
14803
14581
14804
14582
14805
14583
14806
14584
14807
14585
14808
14586
14809
14587
14810
14588
14811
14589
14812
14590
14813
14591
14814
14592
14815
14593
14816
14594
14817
14595
14818
14596
14819
14597
14820
14598
14821
14599
14822
14823
14601
14824
14602
14825
14603
14826
14604
14827
14605
14828
14606
14829
14607
14830
14608
14831
14609
14832
14610
14833
14611
14834
14612
14835
14613
14836
14614
14837
14615
14838
14616
14839
14617
14840
14618
14841
14619
14842
14620
14843
14621
14844
14622
14845
14623
14846
14624
14847
14625
14848
14626
14849
14627
14850
14628
14851
14629
14852
14630
14853
14631
14854
14632
14855
14633
14856
14634
14857
14635
14858
14636
14859
14637
14860
14638
14861
14639
14862
14640
14863
14641
14864
14642
14865
14643
14866
14644
14867
14645
14868
14646
14869
14647
14870
14648
14871
14649
14872
14650
14873
14651
14874
14652
14875
14653
14876
14654
14877
14655
14878
14656
14879
14657
14880
14658
14881
14659
14882
14660
14883
14661
14884
14662
14885
14663
14886
14664
14887
14665
14888
14666
14889
14667
14890
14668
14891
14669
14892
14670
14893
14671
14894
14672
14895
14673
14896
14674
14897
14675
14898
14676
14899
14677
14900
14678
14901
14679
14902
14680
14903
14681
14904
14682
14905
14683
14906
14684
14907
14685
14908
14686
14909
14687
14910
14688
14911
14689
14912
14690
14913
14691
14914
14692
14915
14693
14916
14694
14917
14695
14918
14696
14919
14697
14920
14698
14921
14699
14922
14700
14923
14701
14924
14702
14925
14703
14926
14704
14927
14705
14928
14706
14929
14707
14930
14708
14931
14709
14932
14710
14933
14711
14934
14712
14935
14713
14936
14714
14937
14715
14938
14716
14939
14717
14940
14718
14941
14719
14942
14720
14943
14721
14944
14722
14945
14723
14946
14724
14947
14725
14948
14726
14949
14727
14950
14728
14951
14729
14952
14730
14953
14731
14954
14732
14955
14733
14956
14734
14957
14735
14958
14736
14959
14737
14960
14738
14961
14739
14962
14740
14963
14741
14964
14742
14965
14743
14966
14744
14967
14745
14968
14746
14969
14747
14970
14748
14971
14749
14972
14750
14973
14751
14974
14752
14975
14753
14976
14754
14977
14755
14978
14756
14979
14757
14980
14758
14981
14759
14982
14760
14983
14761
14984
14762
14985
14763
14986
14764
14987
14765
14988
14766
14989
14767
14990
14768
14991
14769
14992
14770
14993
14771
14994
14772
14995
14773
14996
14774
14997
14775
14998
14776
14999
14777
15000
14778
15001
14779
15002
14780
15003
14781
15004
14782
15005
14783
15006
14784
15007
14785
15008
14786
15009
14787
15010
14788
15011
14789
15012
14790
15013
14791
15014
14792
15015
14793
15016
14794
15017
14795
15018
14796
15019
14797
15020
14798
15021
14799
15022
14800
15023
14801
15024
14802
15025
14803
15026
14804
15027
14805
15028
14806
15029
14807
15030
14808
15031
14809
15032
14810
15033
14811
15034
14812
15035
14813
15036
14814
15037
14815
15038
14816
15039
14817
15040
14818
15041
14819
15042
14820
15043
14821
15044
14822
15045
14823
15046
15047
14825
32076
14826
32175
14827
32274
14828
32373
14829
32472
14830
32571
14831
32670
14832
32769
14833
32868
14834
32967
14835
33066
14836
33165
14837
33264
14838
33363
14839
33462
14840
33561
14841
33660
14842
33759
14843
33858
14844
33957
14845
34056
14846
34155
14847
34254
14848
34353
14849
34452
14850
34551
14851
34650
14852
34749
14853
34848
14854
34947
14855
35046
14856
35145
14857
35244
14858
35343
14859
35442
14860
35541
14861
35640
14862
35739
14863
35838
14864
35937
14865
36036
14866
36135
14867
36234
14868
36333
14869
36432
14870
36531
14871
36630
14872
36729
14873
36828
14874
36927
14875
37026
14876
37125
14877
37224
14878
37323
14879
37422
14880
37521
14881
37620
14882
37719
14883
37818
14884
37917
14885
38016
14886
38115
14887
38214
14888
38313
14889
38412
14890
38511
14891
38610
14892
38709
14893
38808
14894
38907
14895
39006
14896
39105
14897
39204
14898
39303
14899
39402
14900
39501
14901
39600
14902
39699
14903
39798
14904
39897
14905
39996
14906
40095
14907
40194
14908
40293
14909
40392
14910
40491
14911
40590
14912
40689
14913
40788
14914
40887
14915
40986
14916
41085
14917
41184
14918
41283
14919
41382
14920
41481
14921
41580
14922
41679
14923
41778
14924
41877
14925
41976
14926
42075
14927
42174
14928
42273
14929
42372
14930
42471
14931
42570
14932
42669
14933
42768
14934
42867
14935
42966
14936
43065
14937
43164
14938
43263
14939
43362
14940
43461
14941
43560
14942
43659
14943
43758
14944
43857
14945
43956
14946
44055
14947
44154
14948
44253
14949
44352
14950
44451
14951
44550
14952
44649
14953
44748
14954
44847
14955
44946
14956
45045
14957
45144
14958
45243
14959
45342
14960
45441
14961
45540
14962
45639
14963
45738
14964
45837
14965
45936
14966
46035
14967
46134
14968
46233
14969
46332
14970
46431
14971
46530
14972
46629
14973
46728
14974
46827
14975
46926
14976
47025
14977
47124
14978
47223
14979
47322
14980
47421
14981
47520
14982
47619
14983
47718
14984
47817
14985
47916
14986
48015
14987
48114
14988
48213
14989
48312
14990
48411
14991
48510
14992
48609
14993
48708
14994
48807
14995
48906
14996
49005
14997
49104
14998
49203
14999
49302
15000
49401
15001
49500
15002
49599
15003
49698
15004
49797
15005
49896
15006
49995
15007
50094
15008
50193
15009
50292
15010
50391
15011
50490
15012
50589
15013
50688
15014
50787
15015
50886
15016
50985
15017
51084
15018
51183
15019
51282
15020
51381
15021
51480
15022
51579
15023
51678
15024
51777
15025
51876
15026
51975
15027
52074
15028
52173
15029
52272
15030
52371
15031
52470
15032
52569
15033
52668
15034
52767
15035
52866
15036
52965
15037
53064
15038
53163
15039
53262
15040
53361
15041
53460
15042
53559
15043
53658
15044
53757
15045
53856
15046
53955
15047
54054
54153
15049
15061
15050
15062
15051
15063
15052
15064
15053
15065
15054
15066
15055
15067
15056
15068
15057
15069
15058
15070
15059
15071
15060
15072
15073
31917
15062
15074
15063
15075
15064
15076
15065
15077
15066
15078
15067
15079
15068
15080
15069
15081
15070
15082
15071
15083
15072
15084
15073
15085
15086
31758
15075
15087
15076
15088
15077
15089
15078
15090
15079
15091
15080
15092
15081
15093
15082
15094
15083
15095
15084
15096
15085
15097
15086
15098
15099
31599
15088
15100
15089
15101
15090
15102
15091
15103
15092
15104
15093
15105
15094
15106
15095
15107
15096
15108
15097
15109
15098
15110
15099
15111
15112
31440
15101
15113
15102
15114
15103
15115
15104
15116
15105
15117
15106
15118
15107
15119
15108
15120
15109
15121
15110
15122
15111
15123
15112
15124
15125
31281
15114
15126
15115
15127
15116
15128
15117
15129
15118
15130
15119
15131
15120
15132
15121
15133
15122
15134
15123
15135
15124
15136
15125
15137
15138
31122
15127
15139
15128
15140
15129
15141
15130
15142
15131
15143
15132
15144
15133
15145
15134
15146
15135
15147
15136
15148
15137
15149
15138
15150
15151
30963
15140
15152
15141
15153
15142
15154
15143
15155
15144
15156
15145
15157
15146
15158
15147
15159
15148
15160
15149
15161
15150
15162
15151
15163
15164
30804
15153
15165
15154
15166
15155
15167
15156
15168
15157
15169
15158
15170
15159
15171
15160
15172
15161
15173
15162
15174
15163
15175
15164
15176
15177
30645
15166
15178
15167
15179
15168
15180
15169
15181
15170
15182
15171
15183
15172
15184
15173
15185
15174
15186
15175
15187
15176
15188
15177
15189
15190
30486
15179
15191
15180
15192
15181
15193
15182
15194
15183
15195
15184
15196
15185
15197
15186
15198
15187
15199
15188
15200
15189
15201
15190
15202
15203
30327
15192
15204
15193
15205
15194
15206
15195
15207
15196
15208
15197
15209
15198
15210
15199
15211
15200
15212
15201
15213
15202
15214
15203
15215
15216
30168
15205
15217
15206
15218
15207
15219
15208
15220
15209
15221
15210
15222
15211
15223
15212
15224
15213
15225
15214
15226
15215
15227
15216
15228
15229
30009
15218
15230
15219
15231
15220
15232
15221
15233
15222
15234
15223
15235
15224
15236
15225
15237
15226
15238
15227
15239
15228
15240
15229
15241
15242
29850
15231
15243
15232
15244
15233
15245
15234
15246
15235
15247
15236
15248
15237
15249
15238
15250
15239
15251
15240
15252
15241
15253
15242
15254
15255
29691
15244
15256
15245
15257
15246
15258
15247
15259
15248
15260
15249
15261
15250
15262
15251
15263
15252
15264
15253
15265
15254
15266
15255
15267
15268
29532
15257
15269
15258
15270
15259
15271
15260
15272
15261
15273
15262
15274
15263
15275
15264
15276
15265
15277
15266
15278
15267
15279
15268
15280
15281
29373
15270
15282
15271
15283
15272
15284
15273
15285
15274
15286
15275
15287
15276
15288
15277
15289
15278
15290
15279
15291
15280
15292
15281
15293
15294
29214
15283
15295
15284
15296
15285
15297
15286
15298
15287
15299
15288
15300
15289
15301
15290
15302
15291
15303
15292
15304
15293
15305
15294
15306
15307
29055
15296
15308
15297
15309
15298
15310
15299
15311
15300
15312
15301
15313
15302
15314
15303
15315
15304
15316
15305
15317
15306
15318
15307
15319
15320
28896
15309
15321
15310
15322
15311
15323
15312
15324
15313
15325
15314
15326
15315
15327
15316
15328
15317
15329
15318
15330
15319
15331
15320
15332
15333
28737
15322
15334
15323
15335
15324
15336
15325
15337
15326
15338
15327
15339
15328
15340
15329
15341
15330
15342
15331
15343
15332
15344
15333
15345
15346
28578
15335
15347
15336
15348
15337
15349
15338
15350
15339
15351
15340
15352
15341
15353
15342
15354
15343
15355
15344
15356
15345
15357
15346
15358
15359
28419
15348
15360
15349
15361
15350
15362
15351
15363
15352
15364
15353
15365
15354
15366
15355
15367
15356
15368
15357
15369
15358
15370
15359
15371
15372
28260
15361
15373
15362
15374
15363
15375
15364
15376
15365
15377
15366
15378
15367
15379
15368
15380
15369
15381
15370
15382
15371
15383
15372
15384
15385
28101
15374
15386
15375
15387
15376
15388
15377
15389
15378
15390
15379
15391
15380
15392
15381
15393
15382
15394
15383
15395
15384
15396
15385
15397
15398
27942
15387
15399
15388
15400
15389
15401
15390
15402
15391
15403
15392
15404
15393
15405
15394
15406
15395
15407
15396
15408
15397
15409
15398
15410
15411
27783
15400
15412
15401
15413
15402
15414
15403
15415
15404
15416
15405
15417
15406
15418
15407
15419
15408
15420
15409
15421
15410
15422
15411
15423
15424
27624
15413
15425
15414
15426
15415
15427
15416
15428
15417
15429
15418
15430
15419
15431
15420
15432
15421
15433
15422
15434
15423
15435
15424
15436
15437
27465
15426
15438
15427
15439
15428
15440
15429
15441
15430
15442
15431
15443
15432
15444
15433
15445
15434
15446
15435
15447
15436
15448
15437
15449
15450
27306
15439
15451
15440
15452
15441
15453
15442
15454
15443
15455
15444
15456
15445
15457
15446
15458
15447
15459
15448
15460
15449
15461
15450
15462
15463
27147
15452
15464
15453
15465
15454
15466
15455
15467
15456
15468
15457
15469
15458
15470
15459
15471
15460
15472
15461
15473
15462
15474
15463
15475
15476
26988
15465
15477
15466
15478
15467
15479
15468
15480
15469
15481
15470
15482
15471
15483
15472
15484
15473
15485
15474
15486
15475
15487
15476
15488
15489
26829
15478
15490
15479
15491
15480
15492
15481
15493
15482
15494
15483
15495
15484
15496
15485
15497
15486
15498
15487
15499
15488
15500
15489
15501
15502
26670
15491
15503
15492
15504
15493
15505
15494
15506
15495
15507
15496
15508
15497
15509
15498
15510
15499
15511
15500
15512
15501
15513
15502
15514
15515
26511
15504
15516
15505
15517
15506
15518
15507
15519
15508
15520
15509
15521
15510
15522
15511
15523
15512
15524
15513
15525
15514
15526
15515
15527
15528
26352
15517
15529
15518
15530
15519
15531
15520
15532
15521
15533
15522
15534
15523
15535
15524
15536
15525
15537
15526
15538
15527
15539
15528
15540
15541
26193
15530
15542
15531
15543
15532
15544
15533
15545
15534
15546
15535
15547
15536
15548
15537
15549
15538
15550
15539
15551
15540
15552
15541
15553
15554
26034
15543
15555
15544
15556
15545
15557
15546
15558
15547
15559
15548
15560
15549
15561
15550
15562
15551
15563
15552
15564
15553
15565
15554
15566
15567
25875
15556
15568
15557
15569
15558
15570
15559
15571
15560
15572
15561
15573
15562
15574
15563
15575
15564
15576
15565
15577
15566
15578
15567
15579
15580
25716
15569
15581
15570
15582
15571
15583
15572
15584
15573
15585
15574
15586
15575
15587
15576
15588
15577
15589
15578
15590
15579
15591
15580
15592
15593
25557
15582
15594
15583
15595
15584
15596
15585
15597
15586
15598
15587
15599
15588
15600
15589
15601
15590
15602
15591
15603
15592
15604
15593
15605
15606
25398
15595
15607
15596
15608
15597
15609
15598
15610
15599
15611
15600
15612
15601
15613
15602
15614
15603
15615
15604
15616
15605
15617
15606
15618
15619
25239
15608
15620
15609
15621
15610
15622
15611
15623
15612
15624
15613
15625
15614
15626
15615
15627
15616
15628
15617
15629
15618
15630
15619
15631
15632
25080
15621
15633
15622
15634
15623
15635
15624
15636
15625
15637
15626
15638
15627
15639
15628
15640
15629
15641
15630
15642
15631
15643
15632
15644
15645
24921
15634
15646
15635
15647
15636
15648
15637
15649
15638
15650
15639
15651
15640
15652
15641
15653
15642
15654
15643
15655
15644
15656
15645
15657
15658
24762
15647
15659
15648
15660
15649
15661
15650
15662
15651
15663
15652
15664
15653
15665
15654
15666
15655
15667
15656
15668
15657
15669
15658
15670
15671
24603
15660
15672
15661
15673
15662
15674
15663
15675
15664
15676
15665
15677
15666
15678
15667
15679
15668
15680
15669
15681
15670
15682
15671
15683
15684
24444
15673
15685
15674
15686
15675
15687
15676
15688
15677
15689
15678
15690
15679
15691
15680
15692
15681
15693
15682
15694
15683
15695
15684
15696
15697
24285
15686
15698
15687
15699
15688
15700
15689
15701
15690
15702
15691
15703
15692
15704
15693
15705
15694
15706
15695
15707
15696
15708
15697
15709
15710
24126
15699
15711
15700
15712
15701
15713
15702
15714
15703
15715
15704
15716
15705
15717
15706
15718
15707
15719
15708
15720
15709
15721
15710
15722
15723
23967
15712
15724
15713
15725
15714
15726
15715
15727
15716
15728
15717
15729
15718
15730
15719
15731
15720
15732
15721
15733
15722
15734
15723
15735
15736
23808
15725
15737
15726
15738
15727
15739
15728
15740
15729
15741
15730
15742
15731
15743
15732
15744
15733
15745
15734
15746
15735
15747
15736
15748
15749
23649
15738
15750
15739
15751
15740
15752
15741
15753
15742
15754
15743
15755
15744
15756
15745
15757
15746
15758
15747
15759
15748
15760
15749
15761
15762
23490
15751
15763
15752
15764
15753
15765
15754
15766
15755
15767
15756
15768
15757
15769
15758
15770
15759
15771
15760
15772
15761
15773
15762
15774
15775
23331
15764
15776
15765
15777
15766
15778
15767
15779
15768
15780
15769
15781
15770
15782
15771
15783
15772
15784
15773
15785
15774
15786
15775
15787
15788
23172
15777
15789
15778
15790
15779
15791
15780
15792
15781
15793
15782
15794
15783
15795
15784
15796
15785
15797
15786
15798
15787
15799
15788
15800
15801
23013
15790
15802
15791
15803
15792
15804
15793
15805
15794
15806
15795
15807
15796
15808
15797
15809
15798
15810
15799
15811
15800
15812
15801
15813
15814
22854
15803
15815
15804
15816
15805
15817
15806
15818
15807
15819
15808
15820
15809
15821
15810
15822
15811
15823
15812
15824
15813
15825
15814
15826
15827
22695
15816
15828
15817
15829
15818
15830
15819
15831
15820
15832
15821
15833
15822
15834
15823
15835
15824
15836
15825
15837
15826
15838
15827
15839
15840
22536
15829
15841
15830
15842
15831
15843
15832
15844
15833
15845
15834
15846
15835
15847
15836
15848
15837
15849
15838
15850
15839
15851
15840
15852
15853
22377
15842
15854
15843
15855
15844
15856
15845
15857
15846
15858
15847
15859
15848
15860
15849
15861
15850
15862
15851
15863
15852
15864
15853
15865
15866
22218
15855
15867
15856
15868
15857
15869
15858
15870
15859
15871
15860
15872
15861
15873
15862
15874
15863
15875
15864
15876
15865
15877
15866
15878
15879
22059
15868
15880
15869
15881
15870
15882
15871
15883
15872
15884
15873
15885
15874
15886
15875
15887
15876
15888
15877
15889
15878
15890
15879
15891
15892
21900
15881
15893
15882
15894
15883
15895
15884
15896
15885
15897
15886
15898
15887
15899
15888
15900
15889
15901
15890
15902
15891
15903
15892
15904
15905
21741
15894
15906
15895
15907
15896
15908
15897
15909
15898
15910
15899
15911
15900
15912
15901
15913
15902
15914
15903
15915
15904
15916
15905
15917
15918
21582
15907
15919
15908
15920
15909
15921
15910
15922
15911
15923
15912
15924
15913
15925
15914
15926
15915
15927
15916
15928
15917
15929
15918
15930
15931
21423
15920
15932
15921
15933
15922
15934
15923
15935
15924
15936
15925
15937
15926
15938
15927
15939
15928
15940
15929
15941
15930
15942
15931
15943
15944
21264
15933
15945
15934
15946
15935
15947
15936
15948
15937
15949
15938
15950
15939
15951
15940
15952
15941
15953
15942
15954
15943
15955
15944
15956
15957
21105
15946
15958
15947
15959
15948
15960
15949
15961
15950
15962
15951
15963
15952
15964
15953
15965
15954
15966
15955
15967
15956
15968
15957
15969
15970
20946
15959
15971
15960
15972
15961
15973
15962
15974
15963
15975
15964
15976
15965
15977
15966
15978
15967
15979
15968
15980
15969
15981
15970
15982
15983
20787
15972
15984
15973
15985
15974
15986
15975
15987
15976
15988
15977
15989
15978
15990
15979
15991
15980
15992
15981
15993
15982
15994
15983
15995
15996
20628
15985
15997
15986
15998
15987
15999
15988
16000
15989
16001
15990
16002
15991
16003
15992
16004
15993
16005
15994
16006
15995
16007
15996
16008
16009
20469
15998
16010
15999
16011
16000
16012
16001
16013
16002
16014
16003
16015
16004
16016
16005
16017
16006
16018
16007
16019
16008
16020
16009
16021
16022
20310
16011
16023
16012
16024
16013
16025
16014
16026
16015
16027
16016
16028
16017
16029
16018
16030
16019
16031
16020
16032
16021
16033
16022
16034
16035
20151
16024
16036
16025
16037
16026
16038
16027
16039
16028
16040
16029
16041
16030
16042
16031
16043
16032
16044
16033
16045
16034
16046
16035
16047
16048
19992
16037
16049
16038
16050
16039
16051
16040
16052
16041
16053
16042
16054
16043
16055
16044
16056
16045
16057
16046
16058
16047
16059
16048
16060
16061
19833
16050
16062
16051
16063
16052
16064
16053
16065
16054
16066
16055
16067
16056
16068
16057
16069
16058
16070
16059
16071
16060
16072
16061
16073
16074
19674
16063
16075
16064
16076
16065
16077
16066
16078
16067
16079
16068
16080
16069
16081
16070
16082
16071
16083
16072
16084
16073
16085
16074
16086
16087
19515
16076
16088
16077
16089
16078
16090
16079
16091
16080
16092
16081
16093
16082
16094
16083
16095
16084
16096
16085
16097
16086
16098
16087
16099
16100
19356
16089
16101
16090
16102
16091
16103
16092
16104
16093
16105
16094
16106
16095
16107
16096
16108
16097
16109
16098
16110
16099
16111
16100
16112
16113
19197
16102
16114
16103
16115
16104
16116
16105
16117
16106
16118
16107
16119
16108
16120
16109
16121
16110
16122
16111
16123
16112
16124
16113
16125
16126
19038
16115
16127
16116
16128
16117
16129
16118
16130
16119
16131
16120
16132
16121
16133
16122
16134
16123
16135
16124
16136
16125
16137
16126
16138
16139
18879
16128
16140
16129
16141
16130
16142
16131
16143
16132
16144
16133
16145
16134
16146
16135
16147
16136
16148
16137
16149
16138
16150
16139
16151
16152
18720
16141
16153
16142
16154
16143
16155
16144
16156
16145
16157
16146
16158
16147
16159
16148
16160
16149
16161
16150
16162
16151
16163
16152
16164
16165
18561
16154
16166
16155
16167
16156
16168
16157
16169
16158
16170
16159
16171
16160
16172
16161
16173
16162
16174
16163
16175
16164
16176
16165
16177
16178
18402
16167
16179
16168
16180
16169
16181
16170
16182
16171
16183
16172
16184
16173
16185
16174
16186
16175
16187
16176
16188
16177
16189
16178
16190
16191
18243
16180
16192
16181
16193
16182
16194
16183
16195
16184
16196
16185
16197
16186
16198
16187
16199
16188
16200
16189
16201
16190
16202
16191
16203
16204
18084
16193
16205
16194
16206
16195
16207
16196
16208
16197
16209
16198
16210
16199
16211
16200
16212
16201
16213
16202
16214
16203
16215
16204
16216
16217
17925
16206
16218
16207
16219
16208
16220
16209
16221
16210
16222
16211
16223
16212
16224
16213
16225
16214
16226
16215
16227
16216
16228
16217
16229
16230
17766
16219
16231
16220
16232
16221
16233
16222
16234
16223
16235
16224
16236
16225
16237
16226
16238
16227
16239
16228
16240
16229
16241
16230
16242
16243
17607
16232
16244
16233
16245
16234
16246
16235
16247
16236
16248
16237
16249
16238
16250
16239
16251
16240
16252
16241
16253
16242
16254
16243
16255
16256
17448
16245
16257
16246
16258
16247
16259
16248
16260
16249
16261
16250
16262
16251
16263
16252
16264
16253
16265
16254
16266
16255
16267
16256
16268
16269
17289
16258
16270
16259
16271
16260
16272
16261
16273
16262
16274
16263
16275
16264
16276
16265
16277
16266
16278
16267
16279
16268
16280
16269
16281
16282
17130
16271
16283
16272
16284
16273
16285
16274
16286
16275
16287
16276
16288
16277
16289
16278
16290
16279
16291
16280
16292
16281
16293
16282
16294
16295
16971
16284
16296
16285
16297
16286
16298
16287
16299
16288
16300
16289
16301
16290
16302
16291
16303
16292
16304
16293
16305
16294
16306
16295
16307
16308
16812
16297
16309
16298
16310
16299
16311
16300
16312
16301
16313
16302
16314
16303
16315
16304
16316
16305
16317
16306
16318
16307
16319
16308
16320
16321
16653
16310
16322
16311
16323
16312
16324
16313
16325
16314
16326
16315
16327
16316
16328
16317
16329
16318
16330
16319
16331
16320
16332
16321
16333
16334
16494
16323
16324
16325
16326
16327
16328
16329
16330
16331
16332
16333
16334
16335
16336
16494
16337
16495
16338
16496
16339
16497
16340
16498
16341
16499
16342
16500
16343
16501
16344
16502
16345
16503
16346
16504
16347
16505
16348
16506
16349
16507
16350
16508
16351
16509
16352
16510
16353
16511
16354
16512
16355
16513
16356
16514
16357
16515
16358
16516
16359
16517
16360
16518
16361
16519
16362
16520
16363
16521
16364
16522
16365
16523
16366
16524
16367
16525
16368
16526
16369
16527
16370
16528
16371
16529
16372
16530
16373
16531
16374
16532
16375
16533
16376
16534
16377
16535
16378
16536
16379
16537
16380
16538
16381
16539
16382
16540
16383
16541
16384
16542
16385
16543
16386
16544
16387
16545
16388
16546
16389
16547
16390
16548
16391
16549
16392
16550
16393
16551
16394
16552
16395
16553
16396
16554
16397
16555
16398
16556
16399
16557
16400
16558
16401
16559
16402
16560
16403
16561
16404
16562
16405
16563
16406
16564
16407
16565
16408
16566
16409
16567
16410
16568
16411
16569
16412
16570
16413
16571
16414
16572
16415
16573
16416
16574
16417
16575
16418
16576
16419
16577
16420
16578
16421
16579
16422
16580
16423
16581
16424
16582
16425
16583
16426
16584
16427
16585
16428
16586
16429
16587
16430
16588
16431
16589
16432
16590
16433
16591
16434
16592
16435
16593
16436
16594
16437
16595
16438
16596
16439
16597
16440
16598
16441
16599
16442
16600
16443
16601
16444
16602
16445
16603
16446
16604
16447
16605
16448
16606
16449
16607
16450
16608
16451
16609
16452
16610
16453
16611
16454
16612
16455
16613
16456
16614
16457
16615
16458
16616
16459
16617
16460
16618
16461
16619
16462
16620
16463
16621
16464
16622
16465
16623
16466
16624
16467
16625
16468
16626
16469
16627
16470
16628
16471
16629
16472
16630
16473
16631
16474
16632
16475
16633
16476
16634
16477
16635
16478
16636
16479
16637
16480
16638
16481
16639
16482
16640
16483
16641
16484
16642
16485
16643
16486
16644
16487
16645
16488
16646
16489
16647
16490
16648
16491
16649
16492
16650
16493
16651
16652
32076
16495
16653
16496
16654
16497
16655
16498
16656
16499
16657
16500
16658
16501
16659
16502
16660
16503
16661
16504
16662
16505
16663
16506
16664
16507
16665
16508
16666
16509
16667
16510
16668
16511
16669
16512
16670
16513
16671
16514
16672
16515
16673
16516
16674
16517
16675
16518
16676
16519
16677
16520
16678
16521
16679
16522
16680
16523
16681
16524
16682
16525
16683
16526
16684
16527
16685
16528
16686
16529
16687
16530
16688
16531
16689
16532
16690
16533
16691
16534
16692
16535
16693
16536
16694
16537
16695
16538
16696
16539
16697
16540
16698
16541
16699
16542
16700
16543
16701
16544
16702
16545
16703
16546
16704
16547
16705
16548
16706
16549
16707
16550
16708
16551
16709
16552
16710
16553
16711
16554
16712
16555
16713
16556
16714
16557
16715
16558
16716
16559
16717
16560
16718
16561
16719
16562
16720
16563
16721
16564
16722
16565
16723
16566
16724
16567
16725
16568
16726
16569
16727
16570
16728
16571
16729
16572
16730
16573
16731
16574
16732
16575
16733
16576
16734
16577
16735
16578
16736
16579
16737
16580
16738
16581
16739
16582
16740
16583
16741
16584
16742
16585
16743
16586
16744
16587
16745
16588
16746
16589
16747
16590
16748
16591
16749
16592
16750
16593
16751
16594
16752
16595
16753
16596
16754
16597
16755
16598
16756
16599
16757
16600
16758
16601
16759
16602
16760
16603
16761
16604
16762
16605
16763
16606
16764
16607
16765
16608
16766
16609
16767
16610
16768
16611
16769
16612
16770
16613
16771
16614
16772
16615
16773
16616
16774
16617
16775
16618
16776
16619
16777
16620
16778
16621
16779
16622
16780
16623
16781
16624
16782
16625
16783
16626
16784
16627
16785
16628
16786
16629
16787
16630
16788
16631
16789
16632
16790
16633
16791
16634
16792
16635
16793
16636
16794
16637
16795
16638
16796
16639
16797
16640
16798
16641
16799
16642
16800
16643
16801
16644
16802
16645
16803
16646
16804
16647
16805
16648
16806
16649
16807
16650
16808
16651
16809
16652
16810
16811
32077
16654
16812
16655
16813
16656
16814
16657
16815
16658
16816
16659
16817
16660
16818
16661
16819
16662
16820
16663
16821
16664
16822
16665
16823
16666
16824
16667
16825
16668
16826
16669
16827
16670
16828
16671
16829
16672
16830
16673
16831
16674
16832
16675
16833
16676
16834
16677
16835
16678
16836
16679
16837
16680
16838
16681
16839
16682
16840
16683
16841
16684
16842
16685
16843
16686
16844
16687
16845
16688
16846
16689
16847
16690
16848
16691
16849
16692
16850
16693
16851
16694
16852
16695
16853
16696
16854
16697
16855
16698
16856
16699
16857
16700
16858
16701
16859
16702
16860
16703
16861
16704
16862
16705
16863
16706
16864
16707
16865
16708
16866
16709
16867
16710
16868
16711
16869
16712
16870
16713
16871
16714
16872
16715
16873
16716
16874
16717
16875
16718
16876
16719
16877
16720
16878
16721
16879
16722
16880
16723
16881
16724
16882
16725
16883
16726
16884
16727
16885
16728
16886
16729
16887
16730
16888
16731
16889
16732
16890
16733
16891
16734
16892
16735
16893
16736
16894
16737
16895
16738
16896
16739
16897
16740
16898
16741
16899
16742
16900
16743
16901
16744
16902
16745
16903
16746
16904
16747
16905
16748
16906
16749
16907
16750
16908
16751
16909
16752
16910
16753
16911
16754
16912
16755
16913
16756
16914
16757
16915
16758
16916
16759
16917
16760
16918
16761
16919
16762
16920
16763
16921
16764
16922
16765
16923
16766
16924
16767
16925
16768
16926
16769
16927
16770
16928
16771
16929
16772
16930
16773
16931
16774
16932
16775
16933
16776
16934
16777
16935
16778
16936
16779
16937
16780
16938
16781
16939
16782
16940
16783
16941
16784
16942
16785
16943
16786
16944
16787
16945
16788
16946
16789
16947
16790
16948
16791
16949
16792
16950
16793
16951
16794
16952
16795
16953
16796
16954
16797
16955
16798
16956
16799
16957
16800
16958
16801
16959
16802
16960
16803
16961
16804
16962
16805
16963
16806
16964
16807
16965
16808
16966
16809
16967
16810
16968
16811
16969
16970
32078
16813
16971
16814
16972
16815
16973
16816
16974
16817
16975
16818
16976
16819
16977
16820
16978
16821
16979
16822
16980
16823
16981
16824
16982
16825
16983
16826
16984
16827
16985
16828
16986
16829
16987
16830
16988
16831
16989
16832
16990
16833
16991
16834
16992
16835
16993
16836
16994
16837
16995
16838
16996
16839
16997
16840
16998
16841
16999
16842
17000
16843
17001
16844
17002
16845
17003
16846
17004
16847
17005
16848
17006
16849
17007
16850
17008
16851
17009
16852
17010
16853
17011
16854
17012
16855
17013
16856
17014
16857
17015
16858
17016
16859
17017
16860
17018
16861
17019
16862
17020
16863
17021
16864
17022
16865
17023
16866
17024
16867
17025
16868
17026
16869
17027
16870
17028
16871
17029
16872
17030
16873
17031
16874
17032
16875
17033
16876
17034
16877
17035
16878
17036
16879
17037
16880
17038
16881
17039
16882
17040
16883
17041
16884
17042
16885
17043
16886
17044
16887
17045
16888
17046
16889
17047
16890
17048
16891
17049
16892
17050
16893
17051
16894
17052
16895
17053
16896
17054
16897
17055
16898
17056
16899
17057
16900
17058
16901
17059
16902
17060
16903
17061
16904
17062
16905
17063
16906
17064
16907
17065
16908
17066
16909
17067
16910
17068
16911
17069
16912
17070
16913
17071
16914
17072
16915
17073
16916
17074
16917
17075
16918
17076
16919
17077
16920
17078
16921
17079
16922
17080
16923
17081
16924
17082
16925
17083
16926
17084
16927
17085
16928
17086
16929
17087
16930
17088
16931
17089
16932
17090
16933
17091
16934
17092
16935
17093
16936
17094
16937
17095
16938
17096
16939
17097
16940
17098
16941
17099
16942
17100
16943
17101
16944
17102
16945
17103
16946
17104
16947
17105
16948
17106
16949
17107
16950
17108
16951
17109
16952
17110
16953
17111
16954
17112
16955
17113
16956
17114
16957
17115
16958
17116
16959
17117
16960
17118
16961
17119
16962
17120
16963
17121
16964
17122
16965
17123
16966
17124
16967
17125
16968
17126
16969
17127
16970
17128
17129
32079
16972
17130
16973
17131
16974
17132
16975
17133
16976
17134
16977
17135
16978
17136
16979
17137
16980
17138
16981
17139
16982
17140
16983
17141
16984
17142
16985
17143
16986
17144
16987
17145
16988
17146
16989
17147
16990
17148
16991
17149
16992
17150
16993
17151
16994
17152
16995
17153
16996
17154
16997
17155
16998
17156
16999
17157
17000
17158
17001
17159
17002
17160
17003
17161
17004
17162
17005
17163
17006
17164
17007
17165
17008
17166
17009
17167
17010
17168
17011
17169
17012
17170
17013
17171
17014
17172
17015
17173
17016
17174
17017
17175
17018
17176
17019
17177
17020
17178
17021
17179
17022
17180
17023
17181
17024
17182
17025
17183
17026
17184
17027
17185
17028
17186
17029
17187
17030
17188
17031
17189
17032
17190
17033
17191
17034
17192
17035
17193
17036
17194
17037
17195
17038
17196
17039
17197
17040
17198
17041
17199
17042
17200
17043
17201
17044
17202
17045
17203
17046
17204
17047
17205
17048
17206
17049
17207
17050
17208
17051
17209
17052
17210
17053
17211
17054
17212
17055
17213
17056
17214
17057
17215
17058
17216
17059
17217
17060
17218
17061
17219
17062
17220
17063
17221
17064
17222
17065
17223
17066
17224
17067
17225
17068
17226
17069
17227
17070
17228
17071
17229
17072
17230
17073
17231
17074
17232
17075
17233
17076
17234
17077
17235
17078
17236
17079
17237
17080
17238
17081
17239
17082
17240
17083
17241
17084
17242
17085
17243
17086
17244
17087
17245
17088
17246
17089
17247
17090
17248
17091
17249
17092
17250
17093
17251
17094
17252
17095
17253
17096
17254
17097
17255
17098
17256
17099
17257
17100
17258
17101
17259
17102
17260
17103
17261
17104
17262
17105
17263
17106
17264
17107
17265
17108
17266
17109
17267
17110
17268
17111
17269
17112
17270
17113
17271
17114
17272
17115
17273
17116
17274
17117
17275
17118
17276
17119
17277
17120
17278
17121
17279
17122
17280
17123
17281
17124
17282
17125
17283
17126
17284
17127
17285
17128
17286
17129
17287
17288
32080
17131
17289
17132
17290
17133
17291
17134
17292
17135
17293
17136
17294
17137
17295
17138
17296
17139
17297
17140
17298
17141
17299
17142
17300
17143
17301
17144
17302
17145
17303
17146
17304
17147
17305
17148
17306
17149
17307
17150
17308
17151
17309
17152
17310
17153
17311
17154
17312
17155
17313
17156
17314
17157
17315
17158
17316
17159
17317
17160
17318
17161
17319
17162
17320
17163
17321
17164
17322
17165
17323
17166
17324
17167
17325
17168
17326
17169
17327
17170
17328
17171
17329
17172
17330
17173
17331
17174
17332
17175
17333
17176
17334
17177
17335
17178
17336
17179
17337
17180
17338
17181
17339
17182
17340
17183
17341
17184
17342
17185
17343
17186
17344
17187
17345
17188
17346
17189
17347
17190
17348
17191
17349
17192
17350
17193
17351
17194
17352
17195
17353
17196
17354
17197
17355
17198
17356
17199
17357
17200
17358
17201
17359
17202
17360
17203
17361
17204
17362
17205
17363
17206
17364
17207
17365
17208
17366
17209
17367
17210
17368
17211
17369
17212
17370
17213
17371
17214
17372
17215
17373
17216
17374
17217
17375
17218
17376
17219
17377
17220
17378
17221
17379
17222
17380
17223
17381
17224
17382
17225
17383
17226
17384
17227
17385
17228
17386
17229
17387
17230
17388
17231
17389
17232
17390
17233
17391
17234
17392
17235
17393
17236
17394
17237
17395
17238
17396
17239
17397
17240
17398
17241
17399
17242
17400
17243
17401
17244
17402
17245
17403
17246
17404
17247
17405
17248
17406
17249
17407
17250
17408
17251
17409
17252
17410
17253
17411
17254
17412
17255
17413
17256
17414
17257
17415
17258
17416
17259
17417
17260
17418
17261
17419
17262
17420
17263
17421
17264
17422
17265
17423
17266
17424
17267
17425
17268
17426
17269
17427
17270
17428
17271
17429
17272
17430
17273
17431
17274
17432
17275
17433
17276
17434
17277
17435
17278
17436
17279
17437
17280
17438
17281
17439
17282
17440
17283
17441
17284
17442
17285
17443
17286
17444
17287
17445
17288
17446
17447
32081
17290
17448
17291
17449
17292
17450
17293
17451
17294
17452
17295
17453
17296
17454
17297
17455
17298
17456
17299
17457
17300
17458
17301
17459
17302
17460
17303
17461
17304
17462
17305
17463
17306
17464
17307
17465
17308
17466
17309
17467
17310
17468
17311
17469
17312
17470
17313
17471
17314
17472
17315
17473
17316
17474
17317
17475
17318
17476
17319
17477
17320
17478
17321
17479
17322
17480
17323
17481
17324
17482
17325
17483
17326
17484
17327
17485
17328
17486
17329
17487
17330
17488
17331
17489
17332
17490
17333
17491
17334
17492
17335
17493
17336
17494
17337
17495
17338
17496
17339
17497
17340
17498
17341
17499
17342
17500
17343
17501
17344
17502
17345
17503
17346
17504
17347
17505
17348
17506
17349
17507
17350
17508
17351
17509
17352
17510
17353
17511
17354
17512
17355
17513
17356
17514
17357
17515
17358
17516
17359
17517
17360
17518
17361
17519
17362
17520
17363
17521
17364
17522
17365
17523
17366
17524
17367
17525
17368
17526
17369
17527
17370
17528
17371
17529
17372
17530
17373
17531
17374
17532
17375
17533
17376
17534
17377
17535
17378
17536
17379
17537
17380
17538
17381
17539
17382
17540
17383
17541
17384
17542
17385
17543
17386
17544
17387
17545
17388
17546
17389
17547
17390
17548
17391
17549
17392
17550
17393
17551
17394
17552
17395
17553
17396
17554
17397
17555
17398
17556
17399
17557
17400
17558
17401
17559
17402
17560
17403
17561
17404
17562
17405
17563
17406
17564
17407
17565
17408
17566
17409
17567
17410
17568
17411
17569
17412
17570
17413
17571
17414
17572
17415
17573
17416
17574
17417
17575
17418
17576
17419
17577
17420
17578
17421
17579
17422
17580
17423
17581
17424
17582
17425
17583
17426
17584
17427
17585
17428
17586
17429
17587
17430
17588
17431
17589
17432
17590
17433
17591
17434
17592
17435
17593
17436
17594
17437
17595
17438
17596
17439
17597
17440
17598
17441
17599
17442
17600
17443
17601
17444
17602
17445
17603
17446
17604
17447
17605
17606
32082
17449
17607
17450
17608
17451
17609
17452
17610
17453
17611
17454
17612
17455
17613
17456
17614
17457
17615
17458
17616
17459
17617
17460
17618
17461
17619
17462
17620
17463
17621
17464
17622
17465
17623
17466
17624
17467
17625
17468
17626
17469
17627
17470
17628
17471
17629
17472
17630
17473
17631
17474
17632
17475
17633
17476
17634
17477
17635
17478
17636
17479
17637
17480
17638
17481
17639
17482
17640
17483
17641
17484
17642
17485
17643
17486
17644
17487
17645
17488
17646
17489
17647
17490
17648
17491
17649
17492
17650
17493
17651
17494
17652
17495
17653
17496
17654
17497
17655
17498
17656
17499
17657
17500
17658
17501
17659
17502
17660
17503
17661
17504
17662
17505
17663
17506
17664
17507
17665
17508
17666
17509
17667
17510
17668
17511
17669
17512
17670
17513
17671
17514
17672
17515
17673
17516
17674
17517
17675
17518
17676
17519
17677
17520
17678
17521
17679
17522
17680
17523
17681
17524
17682
17525
17683
17526
17684
17527
17685
17528
17686
17529
17687
17530
17688
17531
17689
17532
17690
17533
17691
17534
17692
17535
17693
17536
17694
17537
17695
17538
17696
17539
17697
17540
17698
17541
17699
17542
17700
17543
17701
17544
17702
17545
17703
17546
17704
17547
17705
17548
17706
17549
17707
17550
17708
17551
17709
17552
17710
17553
17711
17554
17712
17555
17713
17556
17714
17557
17715
17558
17716
17559
17717
17560
17718
17561
17719
17562
17720
17563
17721
17564
17722
17565
17723
17566
17724
17567
17725
17568
17726
17569
17727
17570
17728
17571
17729
17572
17730
17573
17731
17574
17732
17575
17733
17576
17734
17577
17735
17578
17736
17579
17737
17580
17738
17581
17739
17582
17740
17583
17741
17584
17742
17585
17743
17586
17744
17587
17745
17588
17746
17589
17747
17590
17748
17591
17749
17592
17750
17593
17751
17594
17752
17595
17753
17596
17754
17597
17755
17598
17756
17599
17757
17600
17758
17601
17759
17602
17760
17603
17761
17604
17762
17605
17763
17606
17764
17765
32083
17608
17766
17609
17767
17610
17768
17611
17769
17612
17770
17613
17771
17614
17772
17615
17773
17616
17774
17617
17775
17618
17776
17619
17777
17620
17778
17621
17779
17622
17780
17623
17781
17624
17782
17625
17783
17626
17784
17627
17785
17628
17786
17629
17787
17630
17788
17631
17789
17632
17790
17633
17791
17634
17792
17635
17793
17636
17794
17637
17795
17638
17796
17639
17797
17640
17798
17641
17799
17642
17800
17643
17801
17644
17802
17645
17803
17646
17804
17647
17805
17648
17806
17649
17807
17650
17808
17651
17809
17652
17810
17653
17811
17654
17812
17655
17813
17656
17814
17657
17815
17658
17816
17659
17817
17660
17818
17661
17819
17662
17820
17663
17821
17664
17822
17665
17823
17666
17824
17667
17825
17668
17826
17669
17827
17670
17828
17671
17829
17672
17830
17673
17831
17674
17832
17675
17833
17676
17834
17677
17835
17678
17836
17679
17837
17680
17838
17681
17839
17682
17840
17683
17841
17684
17842
17685
17843
17686
17844
17687
17845
17688
17846
17689
17847
17690
17848
17691
17849
17692
17850
17693
17851
17694
17852
17695
17853
17696
17854
17697
17855
17698
17856
17699
17857
17700
17858
17701
17859
17702
17860
17703
17861
17704
17862
17705
17863
17706
17864
17707
17865
17708
17866
17709
17867
17710
17868
17711
17869
17712
17870
17713
17871
17714
17872
17715
17873
17716
17874
17717
17875
17718
17876
17719
17877
17720
17878
17721
17879
17722
17880
17723
17881
17724
17882
17725
17883
17726
17884
17727
17885
17728
17886
17729
17887
17730
17888
17731
17889
17732
17890
17733
17891
17734
17892
17735
17893
17736
17894
17737
17895
17738
17896
17739
17897
17740
17898
17741
17899
17742
17900
17743
17901
17744
17902
17745
17903
17746
17904
17747
17905
17748
17906
17749
17907
17750
17908
17751
17909
17752
17910
17753
17911
17754
17912
17755
17913
17756
17914
17757
17915
17758
17916
17759
17917
17760
17918
17761
17919
17762
17920
17763
17921
17764
17922
17765
17923
17924
32084
17767
17925
17768
17926
17769
17927
17770
17928
17771
17929
17772
17930
17773
17931
17774
17932
17775
17933
17776
17934
17777
17935
17778
17936
17779
17937
17780
17938
17781
17939
17782
17940
17783
17941
17784
17942
17785
17943
17786
17944
17787
17945
17788
17946
17789
17947
17790
17948
17791
17949
17792
17950
17793
17951
17794
17952
17795
17953
17796
17954
17797
17955
17798
17956
17799
17957
17800
17958
17801
17959
17802
17960
17803
17961
17804
17962
17805
17963
17806
17964
17807
17965
17808
17966
17809
17967
17810
17968
17811
17969
17812
17970
17813
17971
17814
17972
17815
17973
17816
17974
17817
17975
17818
17976
17819
17977
17820
17978
17821
17979
17822
17980
17823
17981
17824
17982
17825
17983
17826
17984
17827
17985
17828
17986
17829
17987
17830
17988
17831
17989
17832
17990
17833
17991
17834
17992
17835
17993
17836
17994
17837
17995
17838
17996
17839
17997
17840
17998
17841
17999
17842
18000
17843
18001
17844
18002
17845
18003
17846
18004
17847
18005
17848
18006
17849
18007
17850
18008
17851
18009
17852
18010
17853
18011
17854
18012
17855
18013
17856
18014
17857
18015
17858
18016
17859
18017
17860
18018
17861
18019
17862
18020
17863
18021
17864
18022
17865
18023
17866
18024
17867
18025
17868
18026
17869
18027
17870
18028
17871
18029
17872
18030
17873
18031
17874
18032
17875
18033
17876
18034
17877
18035
17878
18036
17879
18037
17880
18038
17881
18039
17882
18040
17883
18041
17884
18042
17885
18043
17886
18044
17887
18045
17888
18046
17889
18047
17890
18048
17891
18049
17892
18050
17893
18051
17894
18052
17895
18053
17896
18054
17897
18055
17898
18056
17899
18057
17900
18058
17901
18059
17902
18060
17903
18061
17904
18062
17905
18063
17906
18064
17907
18065
17908
18066
17909
18067
17910
18068
17911
18069
17912
18070
17913
18071
17914
18072
17915
18073
17916
18074
17917
18075
17918
18076
17919
18077
17920
18078
17921
18079
17922
18080
17923
18081
17924
18082
18083
32085
17926
18084
17927
18085
17928
18086
17929
18087
17930
18088
17931
18089
17932
18090
17933
18091
17934
18092
17935
18093
17936
18094
17937
18095
17938
18096
17939
18097
17940
18098
17941
18099
17942
18100
17943
18101
17944
18102
17945
18103
17946
18104
17947
18105
17948
18106
17949
18107
17950
18108
17951
18109
17952
18110
17953
18111
17954
18112
17955
18113
17956
18114
17957
18115
17958
18116
17959
18117
17960
18118
17961
18119
17962
18120
17963
18121
17964
18122
17965
18123
17966
18124
17967
18125
17968
18126
17969
18127
17970
18128
17971
18129
17972
18130
17973
18131
17974
18132
17975
18133
17976
18134
17977
18135
17978
18136
17979
18137
17980
18138
17981
18139
17982
18140
17983
18141
17984
18142
17985
18143
17986
18144
17987
18145
17988
18146
17989
18147
17990
18148
17991
18149
17992
18150
17993
18151
17994
18152
17995
18153
17996
18154
17997
18155
17998
18156
17999
18157
18000
18158
18001
18159
18002
18160
18003
18161
18004
18162
18005
18163
18006
18164
18007
18165
18008
18166
18009
18167
18010
18168
18011
18169
18012
18170
18013
18171
18014
18172
18015
18173
18016
18174
18017
18175
18018
18176
18019
18177
18020
18178
18021
18179
18022
18180
18023
18181
18024
18182
18025
18183
18026
18184
18027
18185
18028
18186
18029
18187
18030
18188
18031
18189
18032
18190
18033
18191
18034
18192
18035
18193
18036
18194
18037
18195
18038
18196
18039
18197
18040
18198
18041
18199
18042
18200
18043
18201
18044
18202
18045
18203
18046
18204
18047
18205
18048
18206
18049
18207
18050
18208
18051
18209
18052
18210
18053
18211
18054
18212
18055
18213
18056
18214
18057
18215
18058
18216
18059
18217
18060
18218
18061
18219
18062
18220
18063
18221
18064
18222
18065
18223
18066
18224
18067
18225
18068
18226
18069
18227
18070
18228
18071
18229
18072
18230
18073
18231
18074
18232
18075
18233
18076
18234
18077
18235
18078
18236
18079
18237
18080
18238
18081
18239
18082
18240
18083
18241
18242
32086
18085
18243
18086
18244
18087
18245
18088
18246
18089
18247
18090
18248
18091
18249
18092
18250
18093
18251
18094
18252
18095
18253
18096
18254
18097
18255
18098
18256
18099
18257
18100
18258
18101
18259
18102
18260
18103
18261
18104
18262
18105
18263
18106
18264
18107
18265
18108
18266
18109
18267
18110
18268
18111
18269
18112
18270
18113
18271
18114
18272
18115
18273
18116
18274
18117
18275
18118
18276
18119
18277
18120
18278
18121
18279
18122
18280
18123
18281
18124
18282
18125
18283
18126
18284
18127
18285
18128
18286
18129
18287
18130
18288
18131
18289
18132
18290
18133
18291
18134
18292
18135
18293
18136
18294
18137
18295
18138
18296
18139
18297
18140
18298
18141
18299
18142
18300
18143
18301
18144
18302
18145
18303
18146
18304
18147
18305
18148
18306
18149
18307
18150
18308
18151
18309
18152
18310
18153
18311
18154
18312
18155
18313
18156
18314
18157
18315
18158
18316
18159
18317
18160
18318
18161
18319
18162
18320
18163
18321
18164
18322
18165
18323
18166
18324
18167
18325
18168
18326
18169
18327
18170
18328
18171
18329
18172
18330
18173
18331
18174
18332
18175
18333
18176
18334
18177
18335
18178
18336
18179
18337
18180
18338
18181
18339
18182
18340
18183
18341
18184
18342
18185
18343
18186
18344
18187
18345
18188
18346
18189
18347
18190
18348
18191
18349
18192
18350
18193
18351
18194
18352
18195
18353
18196
18354
18197
18355
18198
18356
18199
18357
18200
18358
18201
18359
18202
18360
18203
18361
18204
18362
18205
18363
18206
18364
18207
18365
18208
18366
18209
18367
18210
18368
18211
18369
18212
18370
18213
18371
18214
18372
18215
18373
18216
18374
18217
18375
18218
18376
18219
18377
18220
18378
18221
18379
18222
18380
18223
18381
18224
18382
18225
18383
18226
18384
18227
18385
18228
18386
18229
18387
18230
18388
18231
18389
18232
18390
18233
18391
18234
18392
18235
18393
18236
18394
18237
18395
18238
18396
18239
18397
18240
18398
18241
18399
18242
18400
18401
32087
18244
18402
18245
18403
18246
18404
18247
18405
18248
18406
18249
18407
18250
18408
18251
18409
18252
18410
18253
18411
18254
18412
18255
18413
18256
18414
18257
18415
18258
18416
18259
18417
18260
18418
18261
18419
18262
18420
18263
18421
18264
18422
18265
18423
18266
18424
18267
18425
18268
18426
18269
18427
18270
18428
18271
18429
18272
18430
18273
18431
18274
18432
18275
18433
18276
18434
18277
18435
18278
18436
18279
18437
18280
18438
18281
18439
18282
18440
18283
18441
18284
18442
18285
18443
18286
18444
18287
18445
18288
18446
18289
18447
18290
18448
18291
18449
18292
18450
18293
18451
18294
18452
18295
18453
18296
18454
18297
18455
18298
18456
18299
18457
18300
18458
18301
18459
18302
18460
18303
18461
18304
18462
18305
18463
18306
18464
18307
18465
18308
18466
18309
18467
18310
18468
18311
18469
18312
18470
18313
18471
18314
18472
18315
18473
18316
18474
18317
18475
18318
18476
18319
18477
18320
18478
18321
18479
18322
18480
18323
18481
18324
18482
18325
18483
18326
18484
18327
18485
18328
18486
18329
18487
18330
18488
18331
18489
18332
18490
18333
18491
18334
18492
18335
18493
18336
18494
18337
18495
18338
18496
18339
18497
18340
18498
18341
18499
18342
18500
18343
18501
18344
18502
18345
18503
18346
18504
18347
18505
18348
18506
18349
18507
18350
18508
18351
18509
18352
18510
18353
18511
18354
18512
18355
18513
18356
18514
18357
18515
18358
18516
18359
18517
18360
18518
18361
18519
18362
18520
18363
18521
18364
18522
18365
18523
18366
18524
18367
18525
18368
18526
18369
18527
18370
18528
18371
18529
18372
18530
18373
18531
18374
18532
18375
18533
18376
18534
18377
18535
18378
18536
18379
18537
18380
18538
18381
18539
18382
18540
18383
18541
18384
18542
18385
18543
18386
18544
18387
18545
18388
18546
18389
18547
18390
18548
18391
18549
18392
18550
18393
18551
18394
18552
18395
18553
18396
18554
18397
18555
18398
18556
18399
18557
18400
18558
18401
18559
18560
32088
18403
18561
18404
18562
18405
18563
18406
18564
18407
18565
18408
18566
18409
18567
18410
18568
18411
18569
18412
18570
18413
18571
18414
18572
18415
18573
18416
18574
18417
18575
18418
18576
18419
18577
18420
18578
18421
18579
18422
18580
18423
18581
18424
18582
18425
18583
18426
18584
18427
18585
18428
18586
18429
18587
18430
18588
18431
18589
18432
18590
18433
18591
18434
18592
18435
18593
18436
18594
18437
18595
18438
18596
18439
18597
18440
18598
18441
18599
18442
18600
18443
18601
18444
18602
18445
18603
18446
18604
18447
18605
18448
18606
18449
18607
18450
18608
18451
18609
18452
18610
18453
18611
18454
18612
18455
18613
18456
18614
18457
18615
18458
18616
18459
18617
18460
18618
18461
18619
18462
18620
18463
18621
18464
18622
18465
18623
18466
18624
18467
18625
18468
18626
18469
18627
18470
18628
18471
18629
18472
18630
18473
18631
18474
18632
18475
18633
18476
18634
18477
18635
18478
18636
18479
18637
18480
18638
18481
18639
18482
18640
18483
18641
18484
18642
18485
18643
18486
18644
18487
18645
18488
18646
18489
18647
18490
18648
18491
18649
18492
18650
18493
18651
18494
18652
18495
18653
18496
18654
18497
18655
18498
18656
18499
18657
18500
18658
18501
18659
18502
18660
18503
18661
18504
18662
18505
18663
18506
18664
18507
18665
18508
18666
18509
18667
18510
18668
18511
18669
18512
18670
18513
18671
18514
18672
18515
18673
18516
18674
18517
18675
18518
18676
18519
18677
18520
18678
18521
18679
18522
18680
18523
18681
18524
18682
18525
18683
18526
18684
18527
18685
18528
18686
18529
18687
18530
18688
18531
18689
18532
18690
18533
18691
18534
18692
18535
18693
18536
18694
18537
18695
18538
18696
18539
18697
18540
18698
18541
18699
18542
18700
18543
18701
18544
18702
18545
18703
18546
18704
18547
18705
18548
18706
18549
18707
18550
18708
18551
18709
18552
18710
18553
18711
18554
18712
18555
18713
18556
18714
18557
18715
18558
18716
18559
18717
18560
18718
18719
32089
18562
18720
18563
18721
18564
18722
18565
18723
18566
18724
18567
18725
18568
18726
18569
18727
18570
18728
18571
18729
18572
18730
18573
18731
18574
18732
18575
18733
18576
18734
18577
18735
18578
18736
18579
18737
18580
18738
18581
18739
18582
18740
18583
18741
18584
18742
18585
18743
18586
18744
18587
18745
18588
18746
18589
18747
18590
18748
18591
18749
18592
18750
18593
18751
18594
18752
18595
18753
18596
18754
18597
18755
18598
18756
18599
18757
18600
18758
18601
18759
18602
18760
18603
18761
18604
18762
18605
18763
18606
18764
18607
18765
18608
18766
18609
18767
18610
18768
18611
18769
18612
18770
18613
18771
18614
18772
18615
18773
18616
18774
18617
18775
18618
18776
18619
18777
18620
18778
18621
18779
18622
18780
18623
18781
18624
18782
18625
18783
18626
18784
18627
18785
18628
18786
18629
18787
18630
18788
18631
18789
18632
18790
18633
18791
18634
18792
18635
18793
18636
18794
18637
18795
18638
18796
18639
18797
18640
18798
18641
18799
18642
18800
18643
18801
18644
18802
18645
18803
18646
18804
18647
18805
18648
18806
18649
18807
18650
18808
18651
18809
18652
18810
18653
18811
18654
18812
18655
18813
18656
18814
18657
18815
18658
18816
18659
18817
18660
18818
18661
18819
18662
18820
18663
18821
18664
18822
18665
18823
18666
18824
18667
18825
18668
18826
18669
18827
18670
18828
18671
18829
18672
18830
18673
18831
18674
18832
18675
18833
18676
18834
18677
18835
18678
18836
18679
18837
18680
18838
18681
18839
18682
18840
18683
18841
18684
18842
18685
18843
18686
18844
18687
18845
18688
18846
18689
18847
18690
18848
18691
18849
18692
18850
18693
18851
18694
18852
18695
18853
18696
18854
18697
18855
18698
18856
18699
18857
18700
18858
18701
18859
18702
18860
18703
18861
18704
18862
18705
18863
18706
18864
18707
18865
18708
18866
18709
18867
18710
18868
18711
18869
18712
18870
18713
18871
18714
18872
18715
18873
18716
18874
18717
18875
18718
18876
18719
18877
18878
32090
18721
18879
18722
18880
18723
18881
18724
18882
18725
18883
18726
18884
18727
18885
18728
18886
18729
18887
18730
18888
18731
18889
18732
18890
18733
18891
18734
18892
18735
18893
18736
18894
18737
18895
18738
18896
18739
18897
18740
18898
18741
18899
18742
18900
18743
18901
18744
18902
18745
18903
18746
18904
18747
18905
18748
18906
18749
18907
18750
18908
18751
18909
18752
18910
18753
18911
18754
18912
18755
18913
18756
18914
18757
18915
18758
18916
18759
18917
18760
18918
18761
18919
18762
18920
18763
18921
18764
18922
18765
18923
18766
18924
18767
18925
18768
18926
18769
18927
18770
18928
18771
18929
18772
18930
18773
18931
18774
18932
18775
18933
18776
18934
18777
18935
18778
18936
18779
18937
18780
18938
18781
18939
18782
18940
18783
18941
18784
18942
18785
18943
18786
18944
18787
18945
18788
18946
18789
18947
18790
18948
18791
18949
18792
18950
18793
18951
18794
18952
18795
18953
18796
18954
18797
18955
18798
18956
18799
18957
18800
18958
18801
18959
18802
18960
18803
18961
18804
18962
18805
18963
18806
18964
18807
18965
18808
18966
18809
18967
18810
18968
18811
18969
18812
18970
18813
18971
18814
18972
18815
18973
18816
18974
18817
18975
18818
18976
18819
18977
18820
18978
18821
18979
18822
18980
18823
18981
18824
18982
18825
18983
18826
18984
18827
18985
18828
18986
18829
18987
18830
18988
18831
18989
18832
18990
18833
18991
18834
18992
18835
18993
18836
18994
18837
18995
18838
18996
18839
18997
18840
18998
18841
18999
18842
19000
18843
19001
18844
19002
18845
19003
18846
19004
18847
19005
18848
19006
18849
19007
18850
19008
18851
19009
18852
19010
18853
19011
18854
19012
18855
19013
18856
19014
18857
19015
18858
19016
18859
19017
18860
19018
18861
19019
18862
19020
18863
19021
18864
19022
18865
19023
18866
19024
18867
19025
18868
19026
18869
19027
18870
19028
18871
19029
18872
19030
18873
19031
18874
19032
18875
19033
18876
19034
18877
19035
18878
19036
19037
32091
18880
19038
18881
19039
18882
19040
18883
19041
18884
19042
18885
19043
18886
19044
18887
19045
18888
19046
18889
19047
18890
19048
18891
19049
18892
19050
18893
19051
18894
19052
18895
19053
18896
19054
18897
19055
18898
19056
18899
19057
18900
19058
18901
19059
18902
19060
18903
19061
18904
19062
18905
19063
18906
19064
18907
19065
18908
19066
18909
19067
18910
19068
18911
19069
18912
19070
18913
19071
18914
19072
18915
19073
18916
19074
18917
19075
18918
19076
18919
19077
18920
19078
18921
19079
18922
19080
18923
19081
18924
19082
18925
19083
18926
19084
18927
19085
18928
19086
18929
19087
18930
19088
18931
19089
18932
19090
18933
19091
18934
19092
18935
19093
18936
19094
18937
19095
18938
19096
18939
19097
18940
19098
18941
19099
18942
19100
18943
19101
18944
19102
18945
19103
18946
19104
18947
19105
18948
19106
18949
19107
18950
19108
18951
19109
18952
19110
18953
19111
18954
19112
18955
19113
18956
19114
18957
19115
18958
19116
18959
19117
18960
19118
18961
19119
18962
19120
18963
19121
18964
19122
18965
19123
18966
19124
18967
19125
18968
19126
18969
19127
18970
19128
18971
19129
18972
19130
18973
19131
18974
19132
18975
19133
18976
19134
18977
19135
18978
19136
18979
19137
18980
19138
18981
19139
18982
19140
18983
19141
18984
19142
18985
19143
18986
19144
18987
19145
18988
19146
18989
19147
18990
19148
18991
19149
18992
19150
18993
19151
18994
19152
18995
19153
18996
19154
18997
19155
18998
19156
18999
19157
19000
19158
19001
19159
19002
19160
19003
19161
19004
19162
19005
19163
19006
19164
19007
19165
19008
19166
19009
19167
19010
19168
19011
19169
19012
19170
19013
19171
19014
19172
19015
19173
19016
19174
19017
19175
19018
19176
19019
19177
19020
19178
19021
19179
19022
19180
19023
19181
19024
19182
19025
19183
19026
19184
19027
19185
19028
19186
19029
19187
19030
19188
19031
19189
19032
19190
19033
19191
19034
19192
19035
19193
19036
19194
19037
19195
19196
32092
19039
19197
19040
19198
19041
19199
19042
19200
19043
19201
19044
19202
19045
19203
19046
19204
19047
19205
19048
19206
19049
19207
19050
19208
19051
19209
19052
19210
19053
19211
19054
19212
19055
19213
19056
19214
19057
19215
19058
19216
19059
19217
19060
19218
19061
19219
19062
19220
19063
19221
19064
19222
19065
19223
19066
19224
19067
19225
19068
19226
19069
19227
19070
19228
19071
19229
19072
19230
19073
19231
19074
19232
19075
19233
19076
19234
19077
19235
19078
19236
19079
19237
19080
19238
19081
19239
19082
19240
19083
19241
19084
19242
19085
19243
19086
19244
19087
19245
19088
19246
19089
19247
19090
19248
19091
19249
19092
19250
19093
19251
19094
19252
19095
19253
19096
19254
19097
19255
19098
19256
19099
19257
19100
19258
19101
19259
19102
19260
19103
19261
19104
19262
19105
19263
19106
19264
19107
19265
19108
19266
19109
19267
19110
19268
19111
19269
19112
19270
19113
19271
19114
19272
19115
19273
19116
19274
19117
19275
19118
19276
19119
19277
19120
19278
19121
19279
19122
19280
19123
19281
19124
19282
19125
19283
19126
19284
19127
19285
19128
19286
19129
19287
19130
19288
19131
19289
19132
19290
19133
19291
19134
19292
19135
19293
19136
19294
19137
19295
19138
19296
19139
19297
19140
19298
19141
19299
19142
19300
19143
19301
19144
19302
19145
19303
19146
19304
19147
19305
19148
19306
19149
19307
19150
19308
19151
19309
19152
19310
19153
19311
19154
19312
19155
19313
19156
19314
19157
19315
19158
19316
19159
19317
19160
19318
19161
19319
19162
19320
19163
19321
19164
19322
19165
19323
19166
19324
19167
19325
19168
19326
19169
19327
19170
19328
19171
19329
19172
19330
19173
19331
19174
19332
19175
19333
19176
19334
19177
19335
19178
19336
19179
19337
19180
19338
19181
19339
19182
19340
19183
19341
19184
19342
19185
19343
19186
19344
19187
19345
19188
19346
19189
19347
19190
19348
19191
19349
19192
19350
19193
19351
19194
19352
19195
19353
19196
19354
19355
32093
19198
19356
19199
19357
19200
19358
19201
19359
19202
19360
19203
19361
19204
19362
19205
19363
19206
19364
19207
19365
19208
19366
19209
19367
19210
19368
19211
19369
19212
19370
19213
19371
19214
19372
19215
19373
19216
19374
19217
19375
19218
19376
19219
19377
19220
19378
19221
19379
19222
19380
19223
19381
19224
19382
19225
19383
19226
19384
19227
19385
19228
19386
19229
19387
19230
19388
19231
19389
19232
19390
19233
19391
19234
19392
19235
19393
19236
19394
19237
19395
19238
19396
19239
19397
19240
19398
19241
19399
19242
19400
19243
19401
19244
19402
19245
19403
19246
19404
19247
19405
19248
19406
19249
19407
19250
19408
19251
19409
19252
19410
19253
19411
19254
19412
19255
19413
19256
19414
19257
19415
19258
19416
19259
19417
19260
19418
19261
19419
19262
19420
19263
19421
19264
19422
19265
19423
19266
19424
19267
19425
19268
19426
19269
19427
19270
19428
19271
19429
19272
19430
19273
19431
19274
19432
19275
19433
19276
19434
19277
19435
19278
19436
19279
19437
19280
19438
19281
19439
19282
19440
19283
19441
19284
19442
19285
19443
19286
19444
19287
19445
19288
19446
19289
19447
19290
19448
19291
19449
19292
19450
19293
19451
19294
19452
19295
19453
19296
19454
19297
19455
19298
19456
19299
19457
19300
19458
19301
19459
19302
19460
19303
19461
19304
19462
19305
19463
19306
19464
19307
19465
19308
19466
19309
19467
19310
19468
19311
19469
19312
19470
19313
19471
19314
19472
19315
19473
19316
19474
19317
19475
19318
19476
19319
19477
19320
19478
19321
19479
19322
19480
19323
19481
19324
19482
19325
19483
19326
19484
19327
19485
19328
19486
19329
19487
19330
19488
19331
19489
19332
19490
19333
19491
19334
19492
19335
19493
19336
19494
19337
19495
19338
19496
19339
19497
19340
19498
19341
19499
19342
19500
19343
19501
19344
19502
19345
19503
19346
19504
19347
19505
19348
19506
19349
19507
19350
19508
19351
19509
19352
19510
19353
19511
19354
19512
19355
19513
19514
32094
19357
19515
19358
19516
19359
19517
19360
19518
19361
19519
19362
19520
19363
19521
19364
19522
19365
19523
19366
19524
19367
19525
19368
19526
19369
19527
19370
19528
19371
19529
19372
19530
19373
19531
19374
19532
19375
19533
19376
19534
19377
19535
19378
19536
19379
19537
19380
19538
19381
19539
19382
19540
19383
19541
19384
19542
19385
19543
19386
19544
19387
19545
19388
19546
19389
19547
19390
19548
19391
19549
19392
19550
19393
19551
19394
19552
19395
19553
19396
19554
19397
19555
19398
19556
19399
19557
19400
19558
19401
19559
19402
19560
19403
19561
19404
19562
19405
19563
19406
19564
19407
19565
19408
19566
19409
19567
19410
19568
19411
19569
19412
19570
19413
19571
19414
19572
19415
19573
19416
19574
19417
19575
19418
19576
19419
19577
19420
19578
19421
19579
19422
19580
19423
19581
19424
19582
19425
19583
19426
19584
19427
19585
19428
19586
19429
19587
19430
19588
19431
19589
19432
19590
19433
19591
19434
19592
19435
19593
19436
19594
19437
19595
19438
19596
19439
19597
19440
19598
19441
19599
19442
19600
19443
19601
19444
19602
19445
19603
19446
19604
19447
19605
19448
19606
19449
19607
19450
19608
19451
19609
19452
19610
19453
19611
19454
19612
19455
19613
19456
19614
19457
19615
19458
19616
19459
19617
19460
19618
19461
19619
19462
19620
19463
19621
19464
19622
19465
19623
19466
19624
19467
19625
19468
19626
19469
19627
19470
19628
19471
19629
19472
19630
19473
19631
19474
19632
19475
19633
19476
19634
19477
19635
19478
19636
19479
19637
19480
19638
19481
19639
19482
19640
19483
19641
19484
19642
19485
19643
19486
19644
19487
19645
19488
19646
19489
19647
19490
19648
19491
19649
19492
19650
19493
19651
19494
19652
19495
19653
19496
19654
19497
19655
19498
19656
19499
19657
19500
19658
19501
19659
19502
19660
19503
19661
19504
19662
19505
19663
19506
19664
19507
19665
19508
19666
19509
19667
19510
19668
19511
19669
19512
19670
19513
19671
19514
19672
19673
32095
19516
19674
19517
19675
19518
19676
19519
19677
19520
19678
19521
19679
19522
19680
19523
19681
19524
19682
19525
19683
19526
19684
19527
19685
19528
19686
19529
19687
19530
19688
19531
19689
19532
19690
19533
19691
19534
19692
19535
19693
19536
19694
19537
19695
19538
19696
19539
19697
19540
19698
19541
19699
19542
19700
19543
19701
19544
19702
19545
19703
19546
19704
19547
19705
19548
19706
19549
19707
19550
19708
19551
19709
19552
19710
19553
19711
19554
19712
19555
19713
19556
19714
19557
19715
19558
19716
19559
19717
19560
19718
19561
19719
19562
19720
19563
19721
19564
19722
19565
19723
19566
19724
19567
19725
19568
19726
19569
19727
19570
19728
19571
19729
19572
19730
19573
19731
19574
19732
19575
19733
19576
19734
19577
19735
19578
19736
19579
19737
19580
19738
19581
19739
19582
19740
19583
19741
19584
19742
19585
19743
19586
19744
19587
19745
19588
19746
19589
19747
19590
19748
19591
19749
19592
19750
19593
19751
19594
19752
19595
19753
19596
19754
19597
19755
19598
19756
19599
19757
19600
19758
19601
19759
19602
19760
19603
19761
19604
19762
19605
19763
19606
19764
19607
19765
19608
19766
19609
19767
19610
19768
19611
19769
19612
19770
19613
19771
19614
19772
19615
19773
19616
19774
19617
19775
19618
19776
19619
19777
19620
19778
19621
19779
19622
19780
19623
19781
19624
19782
19625
19783
19626
19784
19627
19785
19628
19786
19629
19787
19630
19788
19631
19789
19632
19790
19633
19791
19634
19792
19635
19793
19636
19794
19637
19795
19638
19796
19639
19797
19640
19798
19641
19799
19642
19800
19643
19801
19644
19802
19645
19803
19646
19804
19647
19805
19648
19806
19649
19807
19650
19808
19651
19809
19652
19810
19653
19811
19654
19812
19655
19813
19656
19814
19657
19815
19658
19816
19659
19817
19660
19818
19661
19819
19662
19820
19663
19821
19664
19822
19665
19823
19666
19824
19667
19825
19668
19826
19669
19827
19670
19828
19671
19829
19672
19830
19673
19831
19832
32096
19675
19833
19676
19834
19677
19835
19678
19836
19679
19837
19680
19838
19681
19839
19682
19840
19683
19841
19684
19842
19685
19843
19686
19844
19687
19845
19688
19846
19689
19847
19690
19848
19691
19849
19692
19850
19693
19851
19694
19852
19695
19853
19696
19854
19697
19855
19698
19856
19699
19857
19700
19858
19701
19859
19702
19860
19703
19861
19704
19862
19705
19863
19706
19864
19707
19865
19708
19866
19709
19867
19710
19868
19711
19869
19712
19870
19713
19871
19714
19872
19715
19873
19716
19874
19717
19875
19718
19876
19719
19877
19720
19878
19721
19879
19722
19880
19723
19881
19724
19882
19725
19883
19726
19884
19727
19885
19728
19886
19729
19887
19730
19888
19731
19889
19732
19890
19733
19891
19734
19892
19735
19893
19736
19894
19737
19895
19738
19896
19739
19897
19740
19898
19741
19899
19742
19900
19743
19901
19744
19902
19745
19903
19746
19904
19747
19905
19748
19906
19749
19907
19750
19908
19751
19909
19752
19910
19753
19911
19754
19912
19755
19913
19756
19914
19757
19915
19758
19916
19759
19917
19760
19918
19761
19919
19762
19920
19763
19921
19764
19922
19765
19923
19766
19924
19767
19925
19768
19926
19769
19927
19770
19928
19771
19929
19772
19930
19773
19931
19774
19932
19775
19933
19776
19934
19777
19935
19778
19936
19779
19937
19780
19938
19781
19939
19782
19940
19783
19941
19784
19942
19785
19943
19786
19944
19787
19945
19788
19946
19789
19947
19790
19948
19791
19949
19792
19950
19793
19951
19794
19952
19795
19953
19796
19954
19797
19955
19798
19956
19799
19957
19800
19958
19801
19959
19802
19960
19803
19961
19804
19962
19805
19963
19806
19964
19807
19965
19808
19966
19809
19967
19810
19968
19811
19969
19812
19970
19813
19971
19814
19972
19815
19973
19816
19974
19817
19975
19818
19976
19819
19977
19820
19978
19821
19979
19822
19980
19823
19981
19824
19982
19825
19983
19826
19984
19827
19985
19828
19986
19829
19987
19830
19988
19831
19989
19832
19990
19991
32097
19834
19992
19835
19993
19836
19994
19837
19995
19838
19996
19839
19997
19840
19998
19841
19999
19842
20000
19843
20001
19844
20002
19845
20003
19846
20004
19847
20005
19848
20006
19849
20007
19850
20008
19851
20009
19852
20010
19853
20011
19854
20012
19855
20013
19856
20014
19857
20015
19858
20016
19859
20017
19860
20018
19861
20019
19862
20020
19863
20021
19864
20022
19865
20023
19866
20024
19867
20025
19868
20026
19869
20027
19870
20028
19871
20029
19872
20030
19873
20031
19874
20032
19875
20033
19876
20034
19877
20035
19878
20036
19879
20037
19880
20038
19881
20039
19882
20040
19883
20041
19884
20042
19885
20043
19886
20044
19887
20045
19888
20046
19889
20047
19890
20048
19891
20049
19892
20050
19893
20051
19894
20052
19895
20053
19896
20054
19897
20055
19898
20056
19899
20057
19900
20058
19901
20059
19902
20060
19903
20061
19904
20062
19905
20063
19906
20064
19907
20065
19908
20066
19909
20067
19910
20068
19911
20069
19912
20070
19913
20071
19914
20072
19915
20073
19916
20074
19917
20075
19918
20076
19919
20077
19920
20078
19921
20079
19922
20080
19923
20081
19924
20082
19925
20083
19926
20084
19927
20085
19928
20086
19929
20087
19930
20088
19931
20089
19932
20090
19933
20091
19934
20092
19935
20093
19936
20094
19937
20095
19938
20096
19939
20097
19940
20098
19941
20099
19942
20100
19943
20101
19944
20102
19945
20103
19946
20104
19947
20105
19948
20106
19949
20107
19950
20108
19951
20109
19952
20110
19953
20111
19954
20112
19955
20113
19956
20114
19957
20115
19958
20116
19959
20117
19960
20118
19961
20119
19962
20120
19963
20121
19964
20122
19965
20123
19966
20124
19967
20125
19968
20126
19969
20127
19970
20128
19971
20129
19972
20130
19973
20131
19974
20132
19975
20133
19976
20134
19977
20135
19978
20136
19979
20137
19980
20138
19981
20139
19982
20140
19983
20141
19984
20142
19985
20143
19986
20144
19987
20145
19988
20146
19989
20147
19990
20148
19991
20149
20150
32098
19993
20151
19994
20152
19995
20153
19996
20154
19997
20155
19998
20156
19999
20157
20000
20158
20001
20159
20002
20160
20003
20161
20004
20162
20005
20163
20006
20164
20007
20165
20008
20166
20009
20167
20010
20168
20011
20169
20012
20170
20013
20171
20014
20172
20015
20173
20016
20174
20017
20175
20018
20176
20019
20177
20020
20178
20021
20179
20022
20180
20023
20181
20024
20182
20025
20183
20026
20184
20027
20185
20028
20186
20029
20187
20030
20188
20031
20189
20032
20190
20033
20191
20034
20192
20035
20193
20036
20194
20037
20195
20038
20196
20039
20197
20040
20198
20041
20199
20042
20200
20043
20201
20044
20202
20045
20203
20046
20204
20047
20205
20048
20206
20049
20207
20050
20208
20051
20209
20052
20210
20053
20211
20054
20212
20055
20213
20056
20214
20057
20215
20058
20216
20059
20217
20060
20218
20061
20219
20062
20220
20063
20221
20064
20222
20065
20223
20066
20224
20067
20225
20068
20226
20069
20227
20070
20228
20071
20229
20072
20230
20073
20231
20074
20232
20075
20233
20076
20234
20077
20235
20078
20236
20079
20237
20080
20238
20081
20239
20082
20240
20083
20241
20084
20242
20085
20243
20086
20244
20087
20245
20088
20246
20089
20247
20090
20248
20091
20249
20092
20250
20093
20251
20094
20252
20095
20253
20096
20254
20097
20255
20098
20256
20099
20257
20100
20258
20101
20259
20102
20260
20103
20261
20104
20262
20105
20263
20106
20264
20107
20265
20108
20266
20109
20267
20110
20268
20111
20269
20112
20270
20113
20271
20114
20272
20115
20273
20116
20274
20117
20275
20118
20276
20119
20277
20120
20278
20121
20279
20122
20280
20123
20281
20124
20282
20125
20283
20126
20284
20127
20285
20128
20286
20129
20287
20130
20288
20131
20289
20132
20290
20133
20291
20134
20292
20135
20293
20136
20294
20137
20295
20138
20296
20139
20297
20140
20298
20141
20299
20142
20300
20143
20301
20144
20302
20145
20303
20146
20304
20147
20305
20148
20306
20149
20307
20150
20308
20309
32099
20152
20310
20153
20311
20154
20312
20155
20313
20156
20314
20157
20315
20158
20316
20159
20317
20160
20318
20161
20319
20162
20320
20163
20321
20164
20322
20165
20323
20166
20324
20167
20325
20168
20326
20169
20327
20170
20328
20171
20329
20172
20330
20173
20331
20174
20332
20175
20333
20176
20334
20177
20335
20178
20336
20179
20337
20180
20338
20181
20339
20182
20340
20183
20341
20184
20342
20185
20343
20186
20344
20187
20345
20188
20346
20189
20347
20190
20348
20191
20349
20192
20350
20193
20351
20194
20352
20195
20353
20196
20354
20197
20355
20198
20356
20199
20357
20200
20358
20201
20359
20202
20360
20203
20361
20204
20362
20205
20363
20206
20364
20207
20365
20208
20366
20209
20367
20210
20368
20211
20369
20212
20370
20213
20371
20214
20372
20215
20373
20216
20374
20217
20375
20218
20376
20219
20377
20220
20378
20221
20379
20222
20380
20223
20381
20224
20382
20225
20383
20226
20384
20227
20385
20228
20386
20229
20387
20230
20388
20231
20389
20232
20390
20233
20391
20234
20392
20235
20393
20236
20394
20237
20395
20238
20396
20239
20397
20240
20398
20241
20399
20242
20400
20243
20401
20244
20402
20245
20403
20246
20404
20247
20405
20248
20406
20249
20407
20250
20408
20251
20409
20252
20410
20253
20411
20254
20412
20255
20413
20256
20414
20257
20415
20258
20416
20259
20417
20260
20418
20261
20419
20262
20420
20263
20421
20264
20422
20265
20423
20266
20424
20267
20425
20268
20426
20269
20427
20270
20428
20271
20429
20272
20430
20273
20431
20274
20432
20275
20433
20276
20434
20277
20435
20278
20436
20279
20437
20280
20438
20281
20439
20282
20440
20283
20441
20284
20442
20285
20443
20286
20444
20287
20445
20288
20446
20289
20447
20290
20448
20291
20449
20292
20450
20293
20451
20294
20452
20295
20453
20296
20454
20297
20455
20298
20456
20299
20457
20300
20458
20301
20459
20302
20460
20303
20461
20304
20462
20305
20463
20306
20464
20307
20465
20308
20466
20309
20467
20468
32100
20311
20469
20312
20470
20313
20471
20314
20472
20315
20473
20316
20474
20317
20475
20318
20476
20319
20477
20320
20478
20321
20479
20322
20480
20323
20481
20324
20482
20325
20483
20326
20484
20327
20485
20328
20486
20329
20487
20330
20488
20331
20489
20332
20490
20333
20491
20334
20492
20335
20493
20336
20494
20337
20495
20338
20496
20339
20497
20340
20498
20341
20499
20342
20500
20343
20501
20344
20502
20345
20503
20346
20504
20347
20505
20348
20506
20349
20507
20350
20508
20351
20509
20352
20510
20353
20511
20354
20512
20355
20513
20356
20514
20357
20515
20358
20516
20359
20517
20360
20518
20361
20519
20362
20520
20363
20521
20364
20522
20365
20523
20366
20524
20367
20525
20368
20526
20369
20527
20370
20528
20371
20529
20372
20530
20373
20531
20374
20532
20375
20533
20376
20534
20377
20535
20378
20536
20379
20537
20380
20538
20381
20539
20382
20540
20383
20541
20384
20542
20385
20543
20386
20544
20387
20545
20388
20546
20389
20547
20390
20548
20391
20549
20392
20550
20393
20551
20394
20552
20395
20553
20396
20554
20397
20555
20398
20556
20399
20557
20400
20558
20401
20559
20402
20560
20403
20561
20404
20562
20405
20563
20406
20564
20407
20565
20408
20566
20409
20567
20410
20568
20411
20569
20412
20570
20413
20571
20414
20572
20415
20573
20416
20574
20417
20575
20418
20576
20419
20577
20420
20578
20421
20579
20422
20580
20423
20581
20424
20582
20425
20583
20426
20584
20427
20585
20428
20586
20429
20587
20430
20588
20431
20589
20432
20590
20433
20591
20434
20592
20435
20593
20436
20594
20437
20595
20438
20596
20439
20597
20440
20598
20441
20599
20442
20600
20443
20601
20444
20602
20445
20603
20446
20604
20447
20605
20448
20606
20449
20607
20450
20608
20451
20609
20452
20610
20453
20611
20454
20612
20455
20613
20456
20614
20457
20615
20458
20616
20459
20617
20460
20618
20461
20619
20462
20620
20463
20621
20464
20622
20465
20623
20466
20624
20467
20625
20468
20626
20627
32101
20470
20628
20471
20629
20472
20630
20473
20631
20474
20632
20475
20633
20476
20634
20477
20635
20478
20636
20479
20637
20480
20638
20481
20639
20482
20640
20483
20641
20484
20642
20485
20643
20486
20644
20487
20645
20488
20646
20489
20647
20490
20648
20491
20649
20492
20650
20493
20651
20494
20652
20495
20653
20496
20654
20497
20655
20498
20656
20499
20657
20500
20658
20501
20659
20502
20660
20503
20661
20504
20662
20505
20663
20506
20664
20507
20665
20508
20666
20509
20667
20510
20668
20511
20669
20512
20670
20513
20671
20514
20672
20515
20673
20516
20674
20517
20675
20518
20676
20519
20677
20520
20678
20521
20679
20522
20680
20523
20681
20524
20682
20525
20683
20526
20684
20527
20685
20528
20686
20529
20687
20530
20688
20531
20689
20532
20690
20533
20691
20534
20692
20535
20693
20536
20694
20537
20695
20538
20696
20539
20697
20540
20698
20541
20699
20542
20700
20543
20701
20544
20702
20545
20703
20546
20704
20547
20705
20548
20706
20549
20707
20550
20708
20551
20709
20552
20710
20553
20711
20554
20712
20555
20713
20556
20714
20557
20715
20558
20716
20559
20717
20560
20718
20561
20719
20562
20720
20563
20721
20564
20722
20565
20723
20566
20724
20567
20725
20568
20726
20569
20727
20570
20728
20571
20729
20572
20730
20573
20731
20574
20732
20575
20733
20576
20734
20577
20735
20578
20736
20579
20737
20580
20738
20581
20739
20582
20740
20583
20741
20584
20742
20585
20743
20586
20744
20587
20745
20588
20746
20589
20747
20590
20748
20591
20749
20592
20750
20593
20751
20594
20752
20595
20753
20596
20754
20597
20755
20598
20756
20599
20757
20600
20758
20601
20759
20602
20760
20603
20761
20604
20762
20605
20763
20606
20764
20607
20765
20608
20766
20609
20767
20610
20768
20611
20769
20612
20770
20613
20771
20614
20772
20615
20773
20616
20774
20617
20775
20618
20776
20619
20777
20620
20778
20621
20779
20622
20780
20623
20781
20624
20782
20625
20783
20626
20784
20627
20785
20786
32102
20629
20787
20630
20788
20631
20789
20632
20790
20633
20791
20634
20792
20635
20793
20636
20794
20637
20795
20638
20796
20639
20797
20640
20798
20641
20799
20642
20800
20643
20801
20644
20802
20645
20803
20646
20804
20647
20805
20648
20806
20649
20807
20650
20808
20651
20809
20652
20810
20653
20811
20654
20812
20655
20813
20656
20814
20657
20815
20658
20816
20659
20817
20660
20818
20661
20819
20662
20820
20663
20821
20664
20822
20665
20823
20666
20824
20667
20825
20668
20826
20669
20827
20670
20828
20671
20829
20672
20830
20673
20831
20674
20832
20675
20833
20676
20834
20677
20835
20678
20836
20679
20837
20680
20838
20681
20839
20682
20840
20683
20841
20684
20842
20685
20843
20686
20844
20687
20845
20688
20846
20689
20847
20690
20848
20691
20849
20692
20850
20693
20851
20694
20852
20695
20853
20696
20854
20697
20855
20698
20856
20699
20857
20700
20858
20701
20859
20702
20860
20703
20861
20704
20862
20705
20863
20706
20864
20707
20865
20708
20866
20709
20867
20710
20868
20711
20869
20712
20870
20713
20871
20714
20872
20715
20873
20716
20874
20717
20875
20718
20876
20719
20877
20720
20878
20721
20879
20722
20880
20723
20881
20724
20882
20725
20883
20726
20884
20727
20885
20728
20886
20729
20887
20730
20888
20731
20889
20732
20890
20733
20891
20734
20892
20735
20893
20736
20894
20737
20895
20738
20896
20739
20897
20740
20898
20741
20899
20742
20900
20743
20901
20744
20902
20745
20903
20746
20904
20747
20905
20748
20906
20749
20907
20750
20908
20751
20909
20752
20910
20753
20911
20754
20912
20755
20913
20756
20914
20757
20915
20758
20916
20759
20917
20760
20918
20761
20919
20762
20920
20763
20921
20764
20922
20765
20923
20766
20924
20767
20925
20768
20926
20769
20927
20770
20928
20771
20929
20772
20930
20773
20931
20774
20932
20775
20933
20776
20934
20777
20935
20778
20936
20779
20937
20780
20938
20781
20939
20782
20940
20783
20941
20784
20942
20785
20943
20786
20944
20945
32103
20788
20946
20789
20947
20790
20948
20791
20949
20792
20950
20793
20951
20794
20952
20795
20953
20796
20954
20797
20955
20798
20956
20799
20957
20800
20958
20801
20959
20802
20960
20803
20961
20804
20962
20805
20963
20806
20964
20807
20965
20808
20966
20809
20967
20810
20968
20811
20969
20812
20970
20813
20971
20814
20972
20815
20973
20816
20974
20817
20975
20818
20976
20819
20977
20820
20978
20821
20979
20822
20980
20823
20981
20824
20982
20825
20983
20826
20984
20827
20985
20828
20986
20829
20987
20830
20988
20831
20989
20832
20990
20833
20991
20834
20992
20835
20993
20836
20994
20837
20995
20838
20996
20839
20997
20840
20998
20841
20999
20842
21000
20843
21001
20844
21002
20845
21003
20846
21004
20847
21005
20848
21006
20849
21007
20850
21008
20851
21009
20852
21010
20853
21011
20854
21012
20855
21013
20856
21014
20857
21015
20858
21016
20859
21017
20860
21018
20861
21019
20862
21020
20863
21021
20864
21022
20865
21023
20866
21024
20867
21025
20868
21026
20869
21027
20870
21028
20871
21029
20872
21030
20873
21031
20874
21032
20875
21033
20876
21034
20877
21035
20878
21036
20879
21037
20880
21038
20881
21039
20882
21040
20883
21041
20884
21042
20885
21043
20886
21044
20887
21045
20888
21046
20889
21047
20890
21048
20891
21049
20892
21050
20893
21051
20894
21052
20895
21053
20896
21054
20897
21055
20898
21056
20899
21057
20900
21058
20901
21059
20902
21060
20903
21061
20904
21062
20905
21063
20906
21064
20907
21065
20908
21066
20909
21067
20910
21068
20911
21069
20912
21070
20913
21071
20914
21072
20915
21073
20916
21074
20917
21075
20918
21076
20919
21077
20920
21078
20921
21079
20922
21080
20923
21081
20924
21082
20925
21083
20926
21084
20927
21085
20928
21086
20929
21087
20930
21088
20931
21089
20932
21090
20933
21091
20934
21092
20935
21093
20936
21094
20937
21095
20938
21096
20939
21097
20940
21098
20941
21099
20942
21100
20943
21101
20944
21102
20945
21103
21104
32104
20947
21105
20948
21106
20949
21107
20950
21108
20951
21109
20952
21110
20953
21111
20954
21112
20955
21113
20956
21114
20957
21115
20958
21116
20959
21117
20960
21118
20961
21119
20962
21120
20963
21121
20964
21122
20965
21123
20966
21124
20967
21125
20968
21126
20969
21127
20970
21128
20971
21129
20972
21130
20973
21131
20974
21132
20975
21133
20976
21134
20977
21135
20978
21136
20979
21137
20980
21138
20981
21139
20982
21140
20983
21141
20984
21142
20985
21143
20986
21144
20987
21145
20988
21146
20989
21147
20990
21148
20991
21149
20992
21150
20993
21151
20994
21152
20995
21153
20996
21154
20997
21155
20998
21156
20999
21157
21000
21158
21001
21159
21002
21160
21003
21161
21004
21162
21005
21163
21006
21164
21007
21165
21008
21166
21009
21167
21010
21168
21011
21169
21012
21170
21013
21171
21014
21172
21015
21173
21016
21174
21017
21175
21018
21176
21019
21177
21020
21178
21021
21179
21022
21180
21023
21181
21024
21182
21025
21183
21026
21184
21027
21185
21028
21186
21029
21187
21030
21188
21031
21189
21032
21190
21033
21191
21034
21192
21035
21193
21036
21194
21037
21195
21038
21196
21039
21197
21040
21198
21041
21199
21042
21200
21043
21201
21044
21202
21045
21203
21046
21204
21047
21205
21048
21206
21049
21207
21050
21208
21051
21209
21052
21210
21053
21211
21054
21212
21055
21213
21056
21214
21057
21215
21058
21216
21059
21217
21060
21218
21061
21219
21062
21220
21063
21221
21064
21222
21065
21223
21066
21224
21067
21225
21068
21226
21069
21227
21070
21228
21071
21229
21072
21230
21073
21231
21074
21232
21075
21233
21076
21234
21077
21235
21078
21236
21079
21237
21080
21238
21081
21239
21082
21240
21083
21241
21084
21242
21085
21243
21086
21244
21087
21245
21088
21246
21089
21247
21090
21248
21091
21249
21092
21250
21093
21251
21094
21252
21095
21253
21096
21254
21097
21255
21098
21256
21099
21257
21100
21258
21101
21259
21102
21260
21103
21261
21104
21262
21263
32105
21106
21264
21107
21265
21108
21266
21109
21267
21110
21268
21111
21269
21112
21270
21113
21271
21114
21272
21115
21273
21116
21274
21117
21275
21118
21276
21119
21277
21120
21278
21121
21279
21122
21280
21123
21281
21124
21282
21125
21283
21126
21284
21127
21285
21128
21286
21129
21287
21130
21288
21131
21289
21132
21290
21133
21291
21134
21292
21135
21293
21136
21294
21137
21295
21138
21296
21139
21297
21140
21298
21141
21299
21142
21300
21143
21301
21144
21302
21145
21303
21146
21304
21147
21305
21148
21306
21149
21307
21150
21308
21151
21309
21152
21310
21153
21311
21154
21312
21155
21313
21156
21314
21157
21315
21158
21316
21159
21317
21160
21318
21161
21319
21162
21320
21163
21321
21164
21322
21165
21323
21166
21324
21167
21325
21168
21326
21169
21327
21170
21328
21171
21329
21172
21330
21173
21331
21174
21332
21175
21333
21176
21334
21177
21335
21178
21336
21179
21337
21180
21338
21181
21339
21182
21340
21183
21341
21184
21342
21185
21343
21186
21344
21187
21345
21188
21346
21189
21347
21190
21348
21191
21349
21192
21350
21193
21351
21194
21352
21195
21353
21196
21354
21197
21355
21198
21356
21199
21357
21200
21358
21201
21359
21202
21360
21203
21361
21204
21362
21205
21363
21206
21364
21207
21365
21208
21366
21209
21367
21210
21368
21211
21369
21212
21370
21213
21371
21214
21372
21215
21373
21216
21374
21217
21375
21218
21376
21219
21377
21220
21378
21221
21379
21222
21380
21223
21381
21224
21382
21225
21383
21226
21384
21227
21385
21228
21386
21229
21387
21230
21388
21231
21389
21232
21390
21233
21391
21234
21392
21235
21393
21236
21394
21237
21395
21238
21396
21239
21397
21240
21398
21241
21399
21242
21400
21243
21401
21244
21402
21245
21403
21246
21404
21247
21405
21248
21406
21249
21407
21250
21408
21251
21409
21252
21410
21253
21411
21254
21412
21255
21413
21256
21414
21257
21415
21258
21416
21259
21417
21260
21418
21261
21419
21262
21420
21263
21421
21422
32106
21265
21423
21266
21424
21267
21425
21268
21426
21269
21427
21270
21428
21271
21429
21272
21430
21273
21431
21274
21432
21275
21433
21276
21434
21277
21435
21278
21436
21279
21437
21280
21438
21281
21439
21282
21440
21283
21441
21284
21442
21285
21443
21286
21444
21287
21445
21288
21446
21289
21447
21290
21448
21291
21449
21292
21450
21293
21451
21294
21452
21295
21453
21296
21454
21297
21455
21298
21456
21299
21457
21300
21458
21301
21459
21302
21460
21303
21461
21304
21462
21305
21463
21306
21464
21307
21465
21308
21466
21309
21467
21310
21468
21311
21469
21312
21470
21313
21471
21314
21472
21315
21473
21316
21474
21317
21475
21318
21476
21319
21477
21320
21478
21321
21479
21322
21480
21323
21481
21324
21482
21325
21483
21326
21484
21327
21485
21328
21486
21329
21487
21330
21488
21331
21489
21332
21490
21333
21491
21334
21492
21335
21493
21336
21494
21337
21495
21338
21496
21339
21497
21340
21498
21341
21499
21342
21500
21343
21501
21344
21502
21345
21503
21346
21504
21347
21505
21348
21506
21349
21507
21350
21508
21351
21509
21352
21510
21353
21511
21354
21512
21355
21513
21356
21514
21357
21515
21358
21516
21359
21517
21360
21518
21361
21519
21362
21520
21363
21521
21364
21522
21365
21523
21366
21524
21367
21525
21368
21526
21369
21527
21370
21528
21371
21529
21372
21530
21373
21531
21374
21532
21375
21533
21376
21534
21377
21535
21378
21536
21379
21537
21380
21538
21381
21539
21382
21540
21383
21541
21384
21542
21385
21543
21386
21544
21387
21545
21388
21546
21389
21547
21390
21548
21391
21549
21392
21550
21393
21551
21394
21552
21395
21553
21396
21554
21397
21555
21398
21556
21399
21557
21400
21558
21401
21559
21402
21560
21403
21561
21404
21562
21405
21563
21406
21564
21407
21565
21408
21566
21409
21567
21410
21568
21411
21569
21412
21570
21413
21571
21414
21572
21415
21573
21416
21574
21417
21575
21418
21576
21419
21577
21420
21578
21421
21579
21422
21580
21581
32107
21424
21582
21425
21583
21426
21584
21427
21585
21428
21586
21429
21587
21430
21588
21431
21589
21432
21590
21433
21591
21434
21592
21435
21593
21436
21594
21437
21595
21438
21596
21439
21597
21440
21598
21441
21599
21442
21600
21443
21601
21444
21602
21445
21603
21446
21604
21447
21605
21448
21606
21449
21607
21450
21608
21451
21609
21452
21610
21453
21611
21454
21612
21455
21613
21456
21614
21457
21615
21458
21616
21459
21617
21460
21618
21461
21619
21462
21620
21463
21621
21464
21622
21465
21623
21466
21624
21467
21625
21468
21626
21469
21627
21470
21628
21471
21629
21472
21630
21473
21631
21474
21632
21475
21633
21476
21634
21477
21635
21478
21636
21479
21637
21480
21638
21481
21639
21482
21640
21483
21641
21484
21642
21485
21643
21486
21644
21487
21645
21488
21646
21489
21647
21490
21648
21491
21649
21492
21650
21493
21651
21494
21652
21495
21653
21496
21654
21497
21655
21498
21656
21499
21657
21500
21658
21501
21659
21502
21660
21503
21661
21504
21662
21505
21663
21506
21664
21507
21665
21508
21666
21509
21667
21510
21668
21511
21669
21512
21670
21513
21671
21514
21672
21515
21673
21516
21674
21517
21675
21518
21676
21519
21677
21520
21678
21521
21679
21522
21680
21523
21681
21524
21682
21525
21683
21526
21684
21527
21685
21528
21686
21529
21687
21530
21688
21531
21689
21532
21690
21533
21691
21534
21692
21535
21693
21536
21694
21537
21695
21538
21696
21539
21697
21540
21698
21541
21699
21542
21700
21543
21701
21544
21702
21545
21703
21546
21704
21547
21705
21548
21706
21549
21707
21550
21708
21551
21709
21552
21710
21553
21711
21554
21712
21555
21713
21556
21714
21557
21715
21558
21716
21559
21717
21560
21718
21561
21719
21562
21720
21563
21721
21564
21722
21565
21723
21566
21724
21567
21725
21568
21726
21569
21727
21570
21728
21571
21729
21572
21730
21573
21731
21574
21732
21575
21733
21576
21734
21577
21735
21578
21736
21579
21737
21580
21738
21581
21739
21740
32108
21583
21741
21584
21742
21585
21743
21586
21744
21587
21745
21588
21746
21589
21747
21590
21748
21591
21749
21592
21750
21593
21751
21594
21752
21595
21753
21596
21754
21597
21755
21598
21756
21599
21757
21600
21758
21601
21759
21602
21760
21603
21761
21604
21762
21605
21763
21606
21764
21607
21765
21608
21766
21609
21767
21610
21768
21611
21769
21612
21770
21613
21771
21614
21772
21615
21773
21616
21774
21617
21775
21618
21776
21619
21777
21620
21778
21621
21779
21622
21780
21623
21781
21624
21782
21625
21783
21626
21784
21627
21785
21628
21786
21629
21787
21630
21788
21631
21789
21632
21790
21633
21791
21634
21792
21635
21793
21636
21794
21637
21795
21638
21796
21639
21797
21640
21798
21641
21799
21642
21800
21643
21801
21644
21802
21645
21803
21646
21804
21647
21805
21648
21806
21649
21807
21650
21808
21651
21809
21652
21810
21653
21811
21654
21812
21655
21813
21656
21814
21657
21815
21658
21816
21659
21817
21660
21818
21661
21819
21662
21820
21663
21821
21664
21822
21665
21823
21666
21824
21667
21825
21668
21826
21669
21827
21670
21828
21671
21829
21672
21830
21673
21831
21674
21832
21675
21833
21676
21834
21677
21835
21678
21836
21679
21837
21680
21838
21681
21839
21682
21840
21683
21841
21684
21842
21685
21843
21686
21844
21687
21845
21688
21846
21689
21847
21690
21848
21691
21849
21692
21850
21693
21851
21694
21852
21695
21853
21696
21854
21697
21855
21698
21856
21699
21857
21700
21858
21701
21859
21702
21860
21703
21861
21704
21862
21705
21863
21706
21864
21707
21865
21708
21866
21709
21867
21710
21868
21711
21869
21712
21870
21713
21871
21714
21872
21715
21873
21716
21874
21717
21875
21718
21876
21719
21877
21720
21878
21721
21879
21722
21880
21723
21881
21724
21882
21725
21883
21726
21884
21727
21885
21728
21886
21729
21887
21730
21888
21731
21889
21732
21890
21733
21891
21734
21892
21735
21893
21736
21894
21737
21895
21738
21896
21739
21897
21740
21898
21899
32109
21742
21900
21743
21901
21744
21902
21745
21903
21746
21904
21747
21905
21748
21906
21749
21907
21750
21908
21751
21909
21752
21910
21753
21911
21754
21912
21755
21913
21756
21914
21757
21915
21758
21916
21759
21917
21760
21918
21761
21919
21762
21920
21763
21921
21764
21922
21765
21923
21766
21924
21767
21925
21768
21926
21769
21927
21770
21928
21771
21929
21772
21930
21773
21931
21774
21932
21775
21933
21776
21934
21777
21935
21778
21936
21779
21937
21780
21938
21781
21939
21782
21940
21783
21941
21784
21942
21785
21943
21786
21944
21787
21945
21788
21946
21789
21947
21790
21948
21791
21949
21792
21950
21793
21951
21794
21952
21795
21953
21796
21954
21797
21955
21798
21956
21799
21957
21800
21958
21801
21959
21802
21960
21803
21961
21804
21962
21805
21963
21806
21964
21807
21965
21808
21966
21809
21967
21810
21968
21811
21969
21812
21970
21813
21971
21814
21972
21815
21973
21816
21974
21817
21975
21818
21976
21819
21977
21820
21978
21821
21979
21822
21980
21823
21981
21824
21982
21825
21983
21826
21984
21827
21985
21828
21986
21829
21987
21830
21988
21831
21989
21832
21990
21833
21991
21834
21992
21835
21993
21836
21994
21837
21995
21838
21996
21839
21997
21840
21998
21841
21999
21842
22000
21843
22001
21844
22002
21845
22003
21846
22004
21847
22005
21848
22006
21849
22007
21850
22008
21851
22009
21852
22010
21853
22011
21854
22012
21855
22013
21856
22014
21857
22015
21858
22016
21859
22017
21860
22018
21861
22019
21862
22020
21863
22021
21864
22022
21865
22023
21866
22024
21867
22025
21868
22026
21869
22027
21870
22028
21871
22029
21872
22030
21873
22031
21874
22032
21875
22033
21876
22034
21877
22035
21878
22036
21879
22037
21880
22038
21881
22039
21882
22040
21883
22041
21884
22042
21885
22043
21886
22044
21887
22045
21888
22046
21889
22047
21890
22048
21891
22049
21892
22050
21893
22051
21894
22052
21895
22053
21896
22054
21897
22055
21898
22056
21899
22057
22058
32110
21901
22059
21902
22060
21903
22061
21904
22062
21905
22063
21906
22064
21907
22065
21908
22066
21909
22067
21910
22068
21911
22069
21912
22070
21913
22071
21914
22072
21915
22073
21916
22074
21917
22075
21918
22076
21919
22077
21920
22078
21921
22079
21922
22080
21923
22081
21924
22082
21925
22083
21926
22084
21927
22085
21928
22086
21929
22087
21930
22088
21931
22089
21932
22090
21933
22091
21934
22092
21935
22093
21936
22094
21937
22095
21938
22096
21939
22097
21940
22098
21941
22099
21942
22100
21943
22101
21944
22102
21945
22103
21946
22104
21947
22105
21948
22106
21949
22107
21950
22108
21951
22109
21952
22110
21953
22111
21954
22112
21955
22113
21956
22114
21957
22115
21958
22116
21959
22117
21960
22118
21961
22119
21962
22120
21963
22121
21964
22122
21965
22123
21966
22124
21967
22125
21968
22126
21969
22127
21970
22128
21971
22129
21972
22130
21973
22131
21974
22132
21975
22133
21976
22134
21977
22135
21978
22136
21979
22137
21980
22138
21981
22139
21982
22140
21983
22141
21984
22142
21985
22143
21986
22144
21987
22145
21988
22146
21989
22147
21990
22148
21991
22149
21992
22150
21993
22151
21994
22152
21995
22153
21996
22154
21997
22155
21998
22156
21999
22157
22000
22158
22001
22159
22002
22160
22003
22161
22004
22162
22005
22163
22006
22164
22007
22165
22008
22166
22009
22167
22010
22168
22011
22169
22012
22170
22013
22171
22014
22172
22015
22173
22016
22174
22017
22175
22018
22176
22019
22177
22020
22178
22021
22179
22022
22180
22023
22181
22024
22182
22025
22183
22026
22184
22027
22185
22028
22186
22029
22187
22030
22188
22031
22189
22032
22190
22033
22191
22034
22192
22035
22193
22036
22194
22037
22195
22038
22196
22039
22197
22040
22198
22041
22199
22042
22200
22043
22201
22044
22202
22045
22203
22046
22204
22047
22205
22048
22206
22049
22207
22050
22208
22051
22209
22052
22210
22053
22211
22054
22212
22055
22213
22056
22214
22057
22215
22058
22216
22217
32111
22060
22218
22061
22219
22062
22220
22063
22221
22064
22222
22065
22223
22066
22224
22067
22225
22068
22226
22069
22227
22070
22228
22071
22229
22072
22230
22073
22231
22074
22232
22075
22233
22076
22234
22077
22235
22078
22236
22079
22237
22080
22238
22081
22239
22082
22240
22083
22241
22084
22242
22085
22243
22086
22244
22087
22245
22088
22246
22089
22247
22090
22248
22091
22249
22092
22250
22093
22251
22094
22252
22095
22253
22096
22254
22097
22255
22098
22256
22099
22257
22100
22258
22101
22259
22102
22260
22103
22261
22104
22262
22105
22263
22106
22264
22107
22265
22108
22266
22109
22267
22110
22268
22111
22269
22112
22270
22113
22271
22114
22272
22115
22273
22116
22274
22117
22275
22118
22276
22119
22277
22120
22278
22121
22279
22122
22280
22123
22281
22124
22282
22125
22283
22126
22284
22127
22285
22128
22286
22129
22287
22130
22288
22131
22289
22132
22290
22133
22291
22134
22292
22135
22293
22136
22294
22137
22295
22138
22296
22139
22297
22140
22298
22141
22299
22142
22300
22143
22301
22144
22302
22145
22303
22146
22304
22147
22305
22148
22306
22149
22307
22150
22308
22151
22309
22152
22310
22153
22311
22154
22312
22155
22313
22156
22314
22157
22315
22158
22316
22159
22317
22160
22318
22161
22319
22162
22320
22163
22321
22164
22322
22165
22323
22166
22324
22167
22325
22168
22326
22169
22327
22170
22328
22171
22329
22172
22330
22173
22331
22174
22332
22175
22333
22176
22334
22177
22335
22178
22336
22179
22337
22180
22338
22181
22339
22182
22340
22183
22341
22184
22342
22185
22343
22186
22344
22187
22345
22188
22346
22189
22347
22190
22348
22191
22349
22192
22350
22193
22351
22194
22352
22195
22353
22196
22354
22197
22355
22198
22356
22199
22357
22200
22358
22201
22359
22202
22360
22203
22361
22204
22362
22205
22363
22206
22364
22207
22365
22208
22366
22209
22367
22210
22368
22211
22369
22212
22370
22213
22371
22214
22372
22215
22373
22216
22374
22217
22375
22376
32112
22219
22377
22220
22378
22221
22379
22222
22380
22223
22381
22224
22382
22225
22383
22226
22384
22227
22385
22228
22386
22229
22387
22230
22388
22231
22389
22232
22390
22233
22391
22234
22392
22235
22393
22236
22394
22237
22395
22238
22396
22239
22397
22240
22398
22241
22399
22242
22400
22243
22401
22244
22402
22245
22403
22246
22404
22247
22405
22248
22406
22249
22407
22250
22408
22251
22409
22252
22410
22253
22411
22254
22412
22255
22413
22256
22414
22257
22415
22258
22416
22259
22417
22260
22418
22261
22419
22262
22420
22263
22421
22264
22422
22265
22423
22266
22424
22267
22425
22268
22426
22269
22427
22270
22428
22271
22429
22272
22430
22273
22431
22274
22432
22275
22433
22276
22434
22277
22435
22278
22436
22279
22437
22280
22438
22281
22439
22282
22440
22283
22441
22284
22442
22285
22443
22286
22444
22287
22445
22288
22446
22289
22447
22290
22448
22291
22449
22292
22450
22293
22451
22294
22452
22295
22453
22296
22454
22297
22455
22298
22456
22299
22457
22300
22458
22301
22459
22302
22460
22303
22461
22304
22462
22305
22463
22306
22464
22307
22465
22308
22466
22309
22467
22310
22468
22311
22469
22312
22470
22313
22471
22314
22472
22315
22473
22316
22474
22317
22475
22318
22476
22319
22477
22320
22478
22321
22479
22322
22480
22323
22481
22324
22482
22325
22483
22326
22484
22327
22485
22328
22486
22329
22487
22330
22488
22331
22489
22332
22490
22333
22491
22334
22492
22335
22493
22336
22494
22337
22495
22338
22496
22339
22497
22340
22498
22341
22499
22342
22500
22343
22501
22344
22502
22345
22503
22346
22504
22347
22505
22348
22506
22349
22507
22350
22508
22351
22509
22352
22510
22353
22511
22354
22512
22355
22513
22356
22514
22357
22515
22358
22516
22359
22517
22360
22518
22361
22519
22362
22520
22363
22521
22364
22522
22365
22523
22366
22524
22367
22525
22368
22526
22369
22527
22370
22528
22371
22529
22372
22530
22373
22531
22374
22532
22375
22533
22376
22534
22535
32113
22378
22536
22379
22537
22380
22538
22381
22539
22382
22540
22383
22541
22384
22542
22385
22543
22386
22544
22387
22545
22388
22546
22389
22547
22390
22548
22391
22549
22392
22550
22393
22551
22394
22552
22395
22553
22396
22554
22397
22555
22398
22556
22399
22557
22400
22558
22401
22559
22402
22560
22403
22561
22404
22562
22405
22563
22406
22564
22407
22565
22408
22566
22409
22567
22410
22568
22411
22569
22412
22570
22413
22571
22414
22572
22415
22573
22416
22574
22417
22575
22418
22576
22419
22577
22420
22578
22421
22579
22422
22580
22423
22581
22424
22582
22425
22583
22426
22584
22427
22585
22428
22586
22429
22587
22430
22588
22431
22589
22432
22590
22433
22591
22434
22592
22435
22593
22436
22594
22437
22595
22438
22596
22439
22597
22440
22598
22441
22599
22442
22600
22443
22601
22444
22602
22445
22603
22446
22604
22447
22605
22448
22606
22449
22607
22450
22608
22451
22609
22452
22610
22453
22611
22454
22612
22455
22613
22456
22614
22457
22615
22458
22616
22459
22617
22460
22618
22461
22619
22462
22620
22463
22621
22464
22622
22465
22623
22466
22624
22467
22625
22468
22626
22469
22627
22470
22628
22471
22629
22472
22630
22473
22631
22474
22632
22475
22633
22476
22634
22477
22635
22478
22636
22479
22637
22480
22638
22481
22639
22482
22640
22483
22641
22484
22642
22485
22643
22486
22644
22487
22645
22488
22646
22489
22647
22490
22648
22491
22649
22492
22650
22493
22651
22494
22652
22495
22653
22496
22654
22497
22655
22498
22656
22499
22657
22500
22658
22501
22659
22502
22660
22503
22661
22504
22662
22505
22663
22506
22664
22507
22665
22508
22666
22509
22667
22510
22668
22511
22669
22512
22670
22513
22671
22514
22672
22515
22673
22516
22674
22517
22675
22518
22676
22519
22677
22520
22678
22521
22679
22522
22680
22523
22681
22524
22682
22525
22683
22526
22684
22527
22685
22528
22686
22529
22687
22530
22688
22531
22689
22532
22690
22533
22691
22534
22692
22535
22693
22694
32114
22537
22695
22538
22696
22539
22697
22540
22698
22541
22699
22542
22700
22543
22701
22544
22702
22545
22703
22546
22704
22547
22705
22548
22706
22549
22707
22550
22708
22551
22709
22552
22710
22553
22711
22554
22712
22555
22713
22556
22714
22557
22715
22558
22716
22559
22717
22560
22718
22561
22719
22562
22720
22563
22721
22564
22722
22565
22723
22566
22724
22567
22725
22568
22726
22569
22727
22570
22728
22571
22729
22572
22730
22573
22731
22574
22732
22575
22733
22576
22734
22577
22735
22578
22736
22579
22737
22580
22738
22581
22739
22582
22740
22583
22741
22584
22742
22585
22743
22586
22744
22587
22745
22588
22746
22589
22747
22590
22748
22591
22749
22592
22750
22593
22751
22594
22752
22595
22753
22596
22754
22597
22755
22598
22756
22599
22757
22600
22758
22601
22759
22602
22760
22603
22761
22604
22762
22605
22763
22606
22764
22607
22765
22608
22766
22609
22767
22610
22768
22611
22769
22612
22770
22613
22771
22614
22772
22615
22773
22616
22774
22617
22775
22618
22776
22619
22777
22620
22778
22621
22779
22622
22780
22623
22781
22624
22782
22625
22783
22626
22784
22627
22785
22628
22786
22629
22787
22630
22788
22631
22789
22632
22790
22633
22791
22634
22792
22635
22793
22636
22794
22637
22795
22638
22796
22639
22797
22640
22798
22641
22799
22642
22800
22643
22801
22644
22802
22645
22803
22646
22804
22647
22805
22648
22806
22649
22807
22650
22808
22651
22809
22652
22810
22653
22811
22654
22812
22655
22813
22656
22814
22657
22815
22658
22816
22659
22817
22660
22818
22661
22819
22662
22820
22663
22821
22664
22822
22665
22823
22666
22824
22667
22825
22668
22826
22669
22827
22670
22828
22671
22829
22672
22830
22673
22831
22674
22832
22675
22833
22676
22834
22677
22835
22678
22836
22679
22837
22680
22838
22681
22839
22682
22840
22683
22841
22684
22842
22685
22843
22686
22844
22687
22845
22688
22846
22689
22847
22690
22848
22691
22849
22692
22850
22693
22851
22694
22852
22853
32115
22696
22854
22697
22855
22698
22856
22699
22857
22700
22858
22701
22859
22702
22860
22703
22861
22704
22862
22705
22863
22706
22864
22707
22865
22708
22866
22709
22867
22710
22868
22711
22869
22712
22870
22713
22871
22714
22872
22715
22873
22716
22874
22717
22875
22718
22876
22719
22877
22720
22878
22721
22879
22722
22880
22723
22881
22724
22882
22725
22883
22726
22884
22727
22885
22728
22886
22729
22887
22730
22888
22731
22889
22732
22890
22733
22891
22734
22892
22735
22893
22736
22894
22737
22895
22738
22896
22739
22897
22740
22898
22741
22899
22742
22900
22743
22901
22744
22902
22745
22903
22746
22904
22747
22905
22748
22906
22749
22907
22750
22908
22751
22909
22752
22910
22753
22911
22754
22912
22755
22913
22756
22914
22757
22915
22758
22916
22759
22917
22760
22918
22761
22919
22762
22920
22763
22921
22764
22922
22765
22923
22766
22924
22767
22925
22768
22926
22769
22927
22770
22928
22771
22929
22772
22930
22773
22931
22774
22932
22775
22933
22776
22934
22777
22935
22778
22936
22779
22937
22780
22938
22781
22939
22782
22940
22783
22941
22784
22942
22785
22943
22786
22944
22787
22945
22788
22946
22789
22947
22790
22948
22791
22949
22792
22950
22793
22951
22794
22952
22795
22953
22796
22954
22797
22955
22798
22956
22799
22957
22800
22958
22801
22959
22802
22960
22803
22961
22804
22962
22805
22963
22806
22964
22807
22965
22808
22966
22809
22967
22810
22968
22811
22969
22812
22970
22813
22971
22814
22972
22815
22973
22816
22974
22817
22975
22818
22976
22819
22977
22820
22978
22821
22979
22822
22980
22823
22981
22824
22982
22825
22983
22826
22984
22827
22985
22828
22986
22829
22987
22830
22988
22831
22989
22832
22990
22833
22991
22834
22992
22835
22993
22836
22994
22837
22995
22838
22996
22839
22997
22840
22998
22841
22999
22842
23000
22843
23001
22844
23002
22845
23003
22846
23004
22847
23005
22848
23006
22849
23007
22850
23008
22851
23009
22852
23010
22853
23011
23012
32116
22855
23013
22856
23014
22857
23015
22858
23016
22859
23017
22860
23018
22861
23019
22862
23020
22863
23021
22864
23022
22865
23023
22866
23024
22867
23025
22868
23026
22869
23027
22870
23028
22871
23029
22872
23030
22873
23031
22874
23032
22875
23033
22876
23034
22877
23035
22878
23036
22879
23037
22880
23038
22881
23039
22882
23040
22883
23041
22884
23042
22885
23043
22886
23044
22887
23045
22888
23046
22889
23047
22890
23048
22891
23049
22892
23050
22893
23051
22894
23052
22895
23053
22896
23054
22897
23055
22898
23056
22899
23057
22900
23058
22901
23059
22902
23060
22903
23061
22904
23062
22905
23063
22906
23064
22907
23065
22908
23066
22909
23067
22910
23068
22911
23069
22912
23070
22913
23071
22914
23072
22915
23073
22916
23074
22917
23075
22918
23076
22919
23077
22920
23078
22921
23079
22922
23080
22923
23081
22924
23082
22925
23083
22926
23084
22927
23085
22928
23086
22929
23087
22930
23088
22931
23089
22932
23090
22933
23091
22934
23092
22935
23093
22936
23094
22937
23095
22938
23096
22939
23097
22940
23098
22941
23099
22942
23100
22943
23101
22944
23102
22945
23103
22946
23104
22947
23105
22948
23106
22949
23107
22950
23108
22951
23109
22952
23110
22953
23111
22954
23112
22955
23113
22956
23114
22957
23115
22958
23116
22959
23117
22960
23118
22961
23119
22962
23120
22963
23121
22964
23122
22965
23123
22966
23124
22967
23125
22968
23126
22969
23127
22970
23128
22971
23129
22972
23130
22973
23131
22974
23132
22975
23133
22976
23134
22977
23135
22978
23136
22979
23137
22980
23138
22981
23139
22982
23140
22983
23141
22984
23142
22985
23143
22986
23144
22987
23145
22988
23146
22989
23147
22990
23148
22991
23149
22992
23150
22993
23151
22994
23152
22995
23153
22996
23154
22997
23155
22998
23156
22999
23157
23000
23158
23001
23159
23002
23160
23003
23161
23004
23162
23005
23163
23006
23164
23007
23165
23008
23166
23009
23167
23010
23168
23011
23169
23012
23170
23171
32117
23014
23172
23015
23173
23016
23174
23017
23175
23018
23176
23019
23177
23020
23178
23021
23179
23022
23180
23023
23181
23024
23182
23025
23183
23026
23184
23027
23185
23028
23186
23029
23187
23030
23188
23031
23189
23032
23190
23033
23191
23034
23192
23035
23193
23036
23194
23037
23195
23038
23196
23039
23197
23040
23198
23041
23199
23042
23200
23043
23201
23044
23202
23045
23203
23046
23204
23047
23205
23048
23206
23049
23207
23050
23208
23051
23209
23052
23210
23053
23211
23054
23212
23055
23213
23056
23214
23057
23215
23058
23216
23059
23217
23060
23218
23061
23219
23062
23220
23063
23221
23064
23222
23065
23223
23066
23224
23067
23225
23068
23226
23069
23227
23070
23228
23071
23229
23072
23230
23073
23231
23074
23232
23075
23233
23076
23234
23077
23235
23078
23236
23079
23237
23080
23238
23081
23239
23082
23240
23083
23241
23084
23242
23085
23243
23086
23244
23087
23245
23088
23246
23089
23247
23090
23248
23091
23249
23092
23250
23093
23251
23094
23252
23095
23253
23096
23254
23097
23255
23098
23256
23099
23257
23100
23258
23101
23259
23102
23260
23103
23261
23104
23262
23105
23263
23106
23264
23107
23265
23108
23266
23109
23267
23110
23268
23111
23269
23112
23270
23113
23271
23114
23272
23115
23273
23116
23274
23117
23275
23118
23276
23119
23277
23120
23278
23121
23279
23122
23280
23123
23281
23124
23282
23125
23283
23126
23284
23127
23285
23128
23286
23129
23287
23130
23288
23131
23289
23132
23290
23133
23291
23134
23292
23135
23293
23136
23294
23137
23295
23138
23296
23139
23297
23140
23298
23141
23299
23142
23300
23143
23301
23144
23302
23145
23303
23146
23304
23147
23305
23148
23306
23149
23307
23150
23308
23151
23309
23152
23310
23153
23311
23154
23312
23155
23313
23156
23314
23157
23315
23158
23316
23159
23317
23160
23318
23161
23319
23162
23320
23163
23321
23164
23322
23165
23323
23166
23324
23167
23325
23168
23326
23169
23327
23170
23328
23171
23329
23330
32118
23173
23331
23174
23332
23175
23333
23176
23334
23177
23335
23178
23336
23179
23337
23180
23338
23181
23339
23182
23340
23183
23341
23184
23342
23185
23343
23186
23344
23187
23345
23188
23346
23189
23347
23190
23348
23191
23349
23192
23350
23193
23351
23194
23352
23195
23353
23196
23354
23197
23355
23198
23356
23199
23357
23200
23358
23201
23359
23202
23360
23203
23361
23204
23362
23205
23363
23206
23364
23207
23365
23208
23366
23209
23367
23210
23368
23211
23369
23212
23370
23213
23371
23214
23372
23215
23373
23216
23374
23217
23375
23218
23376
23219
23377
23220
23378
23221
23379
23222
23380
23223
23381
23224
23382
23225
23383
23226
23384
23227
23385
23228
23386
23229
23387
23230
23388
23231
23389
23232
23390
23233
23391
23234
23392
23235
23393
23236
23394
23237
23395
23238
23396
23239
23397
23240
23398
23241
23399
23242
23400
23243
23401
23244
23402
23245
23403
23246
23404
23247
23405
23248
23406
23249
23407
23250
23408
23251
23409
23252
23410
23253
23411
23254
23412
23255
23413
23256
23414
23257
23415
23258
23416
23259
23417
23260
23418
23261
23419
23262
23420
23263
23421
23264
23422
23265
23423
23266
23424
23267
23425
23268
23426
23269
23427
23270
23428
23271
23429
23272
23430
23273
23431
23274
23432
23275
23433
23276
23434
23277
23435
23278
23436
23279
23437
23280
23438
23281
23439
23282
23440
23283
23441
23284
23442
23285
23443
23286
23444
23287
23445
23288
23446
23289
23447
23290
23448
23291
23449
23292
23450
23293
23451
23294
23452
23295
23453
23296
23454
23297
23455
23298
23456
23299
23457
23300
23458
23301
23459
23302
23460
23303
23461
23304
23462
23305
23463
23306
23464
23307
23465
23308
23466
23309
23467
23310
23468
23311
23469
23312
23470
23313
23471
23314
23472
23315
23473
23316
23474
23317
23475
23318
23476
23319
23477
23320
23478
23321
23479
23322
23480
23323
23481
23324
23482
23325
23483
23326
23484
23327
23485
23328
23486
23329
23487
23330
23488
23489
32119
23332
23490
23333
23491
23334
23492
23335
23493
23336
23494
23337
23495
23338
23496
23339
23497
23340
23498
23341
23499
23342
23500
23343
23501
23344
23502
23345
23503
23346
23504
23347
23505
23348
23506
23349
23507
23350
23508
23351
23509
23352
23510
23353
23511
23354
23512
23355
23513
23356
23514
23357
23515
23358
23516
23359
23517
23360
23518
23361
23519
23362
23520
23363
23521
23364
23522
23365
23523
23366
23524
23367
23525
23368
23526
23369
23527
23370
23528
23371
23529
23372
23530
23373
23531
23374
23532
23375
23533
23376
23534
23377
23535
23378
23536
23379
23537
23380
23538
23381
23539
23382
23540
23383
23541
23384
23542
23385
23543
23386
23544
23387
23545
23388
23546
23389
23547
23390
23548
23391
23549
23392
23550
23393
23551
23394
23552
23395
23553
23396
23554
23397
23555
23398
23556
23399
23557
23400
23558
23401
23559
23402
23560
23403
23561
23404
23562
23405
23563
23406
23564
23407
23565
23408
23566
23409
23567
23410
23568
23411
23569
23412
23570
23413
23571
23414
23572
23415
23573
23416
23574
23417
23575
23418
23576
23419
23577
23420
23578
23421
23579
23422
23580
23423
23581
23424
23582
23425
23583
23426
23584
23427
23585
23428
23586
23429
23587
23430
23588
23431
23589
23432
23590
23433
23591
23434
23592
23435
23593
23436
23594
23437
23595
23438
23596
23439
23597
23440
23598
23441
23599
23442
23600
23443
23601
23444
23602
23445
23603
23446
23604
23447
23605
23448
23606
23449
23607
23450
23608
23451
23609
23452
23610
23453
23611
23454
23612
23455
23613
23456
23614
23457
23615
23458
23616
23459
23617
23460
23618
23461
23619
23462
23620
23463
23621
23464
23622
23465
23623
23466
23624
23467
23625
23468
23626
23469
23627
23470
23628
23471
23629
23472
23630
23473
23631
23474
23632
23475
23633
23476
23634
23477
23635
23478
23636
23479
23637
23480
23638
23481
23639
23482
23640
23483
23641
23484
23642
23485
23643
23486
23644
23487
23645
23488
23646
23489
23647
23648
32120
23491
23649
23492
23650
23493
23651
23494
23652
23495
23653
23496
23654
23497
23655
23498
23656
23499
23657
23500
23658
23501
23659
23502
23660
23503
23661
23504
23662
23505
23663
23506
23664
23507
23665
23508
23666
23509
23667
23510
23668
23511
23669
23512
23670
23513
23671
23514
23672
23515
23673
23516
23674
23517
23675
23518
23676
23519
23677
23520
23678
23521
23679
23522
23680
23523
23681
23524
23682
23525
23683
23526
23684
23527
23685
23528
23686
23529
23687
23530
23688
23531
23689
23532
23690
23533
23691
23534
23692
23535
23693
23536
23694
23537
23695
23538
23696
23539
23697
23540
23698
23541
23699
23542
23700
23543
23701
23544
23702
23545
23703
23546
23704
23547
23705
23548
23706
23549
23707
23550
23708
23551
23709
23552
23710
23553
23711
23554
23712
23555
23713
23556
23714
23557
23715
23558
23716
23559
23717
23560
23718
23561
23719
23562
23720
23563
23721
23564
23722
23565
23723
23566
23724
23567
23725
23568
23726
23569
23727
23570
23728
23571
23729
23572
23730
23573
23731
23574
23732
23575
23733
23576
23734
23577
23735
23578
23736
23579
23737
23580
23738
23581
23739
23582
23740
23583
23741
23584
23742
23585
23743
23586
23744
23587
23745
23588
23746
23589
23747
23590
23748
23591
23749
23592
23750
23593
23751
23594
23752
23595
23753
23596
23754
23597
23755
23598
23756
23599
23757
23600
23758
23601
23759
23602
23760
23603
23761
23604
23762
23605
23763
23606
23764
23607
23765
23608
23766
23609
23767
23610
23768
23611
23769
23612
23770
23613
23771
23614
23772
23615
23773
23616
23774
23617
23775
23618
23776
23619
23777
23620
23778
23621
23779
23622
23780
23623
23781
23624
23782
23625
23783
23626
23784
23627
23785
23628
23786
23629
23787
23630
23788
23631
23789
23632
23790
23633
23791
23634
23792
23635
23793
23636
23794
23637
23795
23638
23796
23639
23797
23640
23798
23641
23799
23642
23800
23643
23801
23644
23802
23645
23803
23646
23804
23647
23805
23648
23806
23807
32121
23650
23808
23651
23809
23652
23810
23653
23811
23654
23812
23655
23813
23656
23814
23657
23815
23658
23816
23659
23817
23660
23818
23661
23819
23662
23820
23663
23821
23664
23822
23665
23823
23666
23824
23667
23825
23668
23826
23669
23827
23670
23828
23671
23829
23672
23830
23673
23831
23674
23832
23675
23833
23676
23834
23677
23835
23678
23836
23679
23837
23680
23838
23681
23839
23682
23840
23683
23841
23684
23842
23685
23843
23686
23844
23687
23845
23688
23846
23689
23847
23690
23848
23691
23849
23692
23850
23693
23851
23694
23852
23695
23853
23696
23854
23697
23855
23698
23856
23699
23857
23700
23858
23701
23859
23702
23860
23703
23861
23704
23862
23705
23863
23706
23864
23707
23865
23708
23866
23709
23867
23710
23868
23711
23869
23712
23870
23713
23871
23714
23872
23715
23873
23716
23874
23717
23875
23718
23876
23719
23877
23720
23878
23721
23879
23722
23880
23723
23881
23724
23882
23725
23883
23726
23884
23727
23885
23728
23886
23729
23887
23730
23888
23731
23889
23732
23890
23733
23891
23734
23892
23735
23893
23736
23894
23737
23895
23738
23896
23739
23897
23740
23898
23741
23899
23742
23900
23743
23901
23744
23902
23745
23903
23746
23904
23747
23905
23748
23906
23749
23907
23750
23908
23751
23909
23752
23910
23753
23911
23754
23912
23755
23913
23756
23914
23757
23915
23758
23916
23759
23917
23760
23918
23761
23919
23762
23920
23763
23921
23764
23922
23765
23923
23766
23924
23767
23925
23768
23926
23769
23927
23770
23928
23771
23929
23772
23930
23773
23931
23774
23932
23775
23933
23776
23934
23777
23935
23778
23936
23779
23937
23780
23938
23781
23939
23782
23940
23783
23941
23784
23942
23785
23943
23786
23944
23787
23945
23788
23946
23789
23947
23790
23948
23791
23949
23792
23950
23793
23951
23794
23952
23795
23953
23796
23954
23797
23955
23798
23956
23799
23957
23800
23958
23801
23959
23802
23960
23803
23961
23804
23962
23805
23963
23806
23964
23807
23965
23966
32122
23809
23967
23810
23968
23811
23969
23812
23970
23813
23971
23814
23972
23815
23973
23816
23974
23817
23975
23818
23976
23819
23977
23820
23978
23821
23979
23822
23980
23823
23981
23824
23982
23825
23983
23826
23984
23827
23985
23828
23986
23829
23987
23830
23988
23831
23989
23832
23990
23833
23991
23834
23992
23835
23993
23836
23994
23837
23995
23838
23996
23839
23997
23840
23998
23841
23999
23842
24000
23843
24001
23844
24002
23845
24003
23846
24004
23847
24005
23848
24006
23849
24007
23850
24008
23851
24009
23852
24010
23853
24011
23854
24012
23855
24013
23856
24014
23857
24015
23858
24016
23859
24017
23860
24018
23861
24019
23862
24020
23863
24021
23864
24022
23865
24023
23866
24024
23867
24025
23868
24026
23869
24027
23870
24028
23871
24029
23872
24030
23873
24031
23874
24032
23875
24033
23876
24034
23877
24035
23878
24036
23879
24037
23880
24038
23881
24039
23882
24040
23883
24041
23884
24042
23885
24043
23886
24044
23887
24045
23888
24046
23889
24047
23890
24048
23891
24049
23892
24050
23893
24051
23894
24052
23895
24053
23896
24054
23897
24055
23898
24056
23899
24057
23900
24058
23901
24059
23902
24060
23903
24061
23904
24062
23905
24063
23906
24064
23907
24065
23908
24066
23909
24067
23910
24068
23911
24069
23912
24070
23913
24071
23914
24072
23915
24073
23916
24074
23917
24075
23918
24076
23919
24077
23920
24078
23921
24079
23922
24080
23923
24081
23924
24082
23925
24083
23926
24084
23927
24085
23928
24086
23929
24087
23930
24088
23931
24089
23932
24090
23933
24091
23934
24092
23935
24093
23936
24094
23937
24095
23938
24096
23939
24097
23940
24098
23941
24099
23942
24100
23943
24101
23944
24102
23945
24103
23946
24104
23947
24105
23948
24106
23949
24107
23950
24108
23951
24109
23952
24110
23953
24111
23954
24112
23955
24113
23956
24114
23957
24115
23958
24116
23959
24117
23960
24118
23961
24119
23962
24120
23963
24121
23964
24122
23965
24123
23966
24124
24125
32123
23968
24126
23969
24127
23970
24128
23971
24129
23972
24130
23973
24131
23974
24132
23975
24133
23976
24134
23977
24135
23978
24136
23979
24137
23980
24138
23981
24139
23982
24140
23983
24141
23984
24142
23985
24143
23986
24144
23987
24145
23988
24146
23989
24147
23990
24148
23991
24149
23992
24150
23993
24151
23994
24152
23995
24153
23996
24154
23997
24155
23998
24156
23999
24157
24000
24158
24001
24159
24002
24160
24003
24161
24004
24162
24005
24163
24006
24164
24007
24165
24008
24166
24009
24167
24010
24168
24011
24169
24012
24170
24013
24171
24014
24172
24015
24173
24016
24174
24017
24175
24018
24176
24019
24177
24020
24178
24021
24179
24022
24180
24023
24181
24024
24182
24025
24183
24026
24184
24027
24185
24028
24186
24029
24187
24030
24188
24031
24189
24032
24190
24033
24191
24034
24192
24035
24193
24036
24194
24037
24195
24038
24196
24039
24197
24040
24198
24041
24199
24042
24200
24043
24201
24044
24202
24045
24203
24046
24204
24047
24205
24048
24206
24049
24207
24050
24208
24051
24209
24052
24210
24053
24211
24054
24212
24055
24213
24056
24214
24057
24215
24058
24216
24059
24217
24060
24218
24061
24219
24062
24220
24063
24221
24064
24222
24065
24223
24066
24224
24067
24225
24068
24226
24069
24227
24070
24228
24071
24229
24072
24230
24073
24231
24074
24232
24075
24233
24076
24234
24077
24235
24078
24236
24079
24237
24080
24238
24081
24239
24082
24240
24083
24241
24084
24242
24085
24243
24086
24244
24087
24245
24088
24246
24089
24247
24090
24248
24091
24249
24092
24250
24093
24251
24094
24252
24095
24253
24096
24254
24097
24255
24098
24256
24099
24257
24100
24258
24101
24259
24102
24260
24103
24261
24104
24262
24105
24263
24106
24264
24107
24265
24108
24266
24109
24267
24110
24268
24111
24269
24112
24270
24113
24271
24114
24272
24115
24273
24116
24274
24117
24275
24118
24276
24119
24277
24120
24278
24121
24279
24122
24280
24123
24281
24124
24282
24125
24283
24284
32124
24127
24285
24128
24286
24129
24287
24130
24288
24131
24289
24132
24290
24133
24291
24134
24292
24135
24293
24136
24294
24137
24295
24138
24296
24139
24297
24140
24298
24141
24299
24142
24300
24143
24301
24144
24302
24145
24303
24146
24304
24147
24305
24148
24306
24149
24307
24150
24308
24151
24309
24152
24310
24153
24311
24154
24312
24155
24313
24156
24314
24157
24315
24158
24316
24159
24317
24160
24318
24161
24319
24162
24320
24163
24321
24164
24322
24165
24323
24166
24324
24167
24325
24168
24326
24169
24327
24170
24328
24171
24329
24172
24330
24173
24331
24174
24332
24175
24333
24176
24334
24177
24335
24178
24336
24179
24337
24180
24338
24181
24339
24182
24340
24183
24341
24184
24342
24185
24343
24186
24344
24187
24345
24188
24346
24189
24347
24190
24348
24191
24349
24192
24350
24193
24351
24194
24352
24195
24353
24196
24354
24197
24355
24198
24356
24199
24357
24200
24358
24201
24359
24202
24360
24203
24361
24204
24362
24205
24363
24206
24364
24207
24365
24208
24366
24209
24367
24210
24368
24211
24369
24212
24370
24213
24371
24214
24372
24215
24373
24216
24374
24217
24375
24218
24376
24219
24377
24220
24378
24221
24379
24222
24380
24223
24381
24224
24382
24225
24383
24226
24384
24227
24385
24228
24386
24229
24387
24230
24388
24231
24389
24232
24390
24233
24391
24234
24392
24235
24393
24236
24394
24237
24395
24238
24396
24239
24397
24240
24398
24241
24399
24242
24400
24243
24401
24244
24402
24245
24403
24246
24404
24247
24405
24248
24406
24249
24407
24250
24408
24251
24409
24252
24410
24253
24411
24254
24412
24255
24413
24256
24414
24257
24415
24258
24416
24259
24417
24260
24418
24261
24419
24262
24420
24263
24421
24264
24422
24265
24423
24266
24424
24267
24425
24268
24426
24269
24427
24270
24428
24271
24429
24272
24430
24273
24431
24274
24432
24275
24433
24276
24434
24277
24435
24278
24436
24279
24437
24280
24438
24281
24439
24282
24440
24283
24441
24284
24442
24443
32125
24286
24444
24287
24445
24288
24446
24289
24447
24290
24448
24291
24449
24292
24450
24293
24451
24294
24452
24295
24453
24296
24454
24297
24455
24298
24456
24299
24457
24300
24458
24301
24459
24302
24460
24303
24461
24304
24462
24305
24463
24306
24464
24307
24465
24308
24466
24309
24467
24310
24468
24311
24469
24312
24470
24313
24471
24314
24472
24315
24473
24316
24474
24317
24475
24318
24476
24319
24477
24320
24478
24321
24479
24322
24480
24323
24481
24324
24482
24325
24483
24326
24484
24327
24485
24328
24486
24329
24487
24330
24488
24331
24489
24332
24490
24333
24491
24334
24492
24335
24493
24336
24494
24337
24495
24338
24496
24339
24497
24340
24498
24341
24499
24342
24500
24343
24501
24344
24502
24345
24503
24346
24504
24347
24505
24348
24506
24349
24507
24350
24508
24351
24509
24352
24510
24353
24511
24354
24512
24355
24513
24356
24514
24357
24515
24358
24516
24359
24517
24360
24518
24361
24519
24362
24520
24363
24521
24364
24522
24365
24523
24366
24524
24367
24525
24368
24526
24369
24527
24370
24528
24371
24529
24372
24530
24373
24531
24374
24532
24375
24533
24376
24534
24377
24535
24378
24536
24379
24537
24380
24538
24381
24539
24382
24540
24383
24541
24384
24542
24385
24543
24386
24544
24387
24545
24388
24546
24389
24547
24390
24548
24391
24549
24392
24550
24393
24551
24394
24552
24395
24553
24396
24554
24397
24555
24398
24556
24399
24557
24400
24558
24401
24559
24402
24560
24403
24561
24404
24562
24405
24563
24406
24564
24407
24565
24408
24566
24409
24567
24410
24568
24411
24569
24412
24570
24413
24571
24414
24572
24415
24573
24416
24574
24417
24575
24418
24576
24419
24577
24420
24578
24421
24579
24422
24580
24423
24581
24424
24582
24425
24583
24426
24584
24427
24585
24428
24586
24429
24587
24430
24588
24431
24589
24432
24590
24433
24591
24434
24592
24435
24593
24436
24594
24437
24595
24438
24596
24439
24597
24440
24598
24441
24599
24442
24600
24443
24601
24602
32126
24445
24603
24446
24604
24447
24605
24448
24606
24449
24607
24450
24608
24451
24609
24452
24610
24453
24611
24454
24612
24455
24613
24456
24614
24457
24615
24458
24616
24459
24617
24460
24618
24461
24619
24462
24620
24463
24621
24464
24622
24465
24623
24466
24624
24467
24625
24468
24626
24469
24627
24470
24628
24471
24629
24472
24630
24473
24631
24474
24632
24475
24633
24476
24634
24477
24635
24478
24636
24479
24637
24480
24638
24481
24639
24482
24640
24483
24641
24484
24642
24485
24643
24486
24644
24487
24645
24488
24646
24489
24647
24490
24648
24491
24649
24492
24650
24493
24651
24494
24652
24495
24653
24496
24654
24497
24655
24498
24656
24499
24657
24500
24658
24501
24659
24502
24660
24503
24661
24504
24662
24505
24663
24506
24664
24507
24665
24508
24666
24509
24667
24510
24668
24511
24669
24512
24670
24513
24671
24514
24672
24515
24673
24516
24674
24517
24675
24518
24676
24519
24677
24520
24678
24521
24679
24522
24680
24523
24681
24524
24682
24525
24683
24526
24684
24527
24685
24528
24686
24529
24687
24530
24688
24531
24689
24532
24690
24533
24691
24534
24692
24535
24693
24536
24694
24537
24695
24538
24696
24539
24697
24540
24698
24541
24699
24542
24700
24543
24701
24544
24702
24545
24703
24546
24704
24547
24705
24548
24706
24549
24707
24550
24708
24551
24709
24552
24710
24553
24711
24554
24712
24555
24713
24556
24714
24557
24715
24558
24716
24559
24717
24560
24718
24561
24719
24562
24720
24563
24721
24564
24722
24565
24723
24566
24724
24567
24725
24568
24726
24569
24727
24570
24728
24571
24729
24572
24730
24573
24731
24574
24732
24575
24733
24576
24734
24577
24735
24578
24736
24579
24737
24580
24738
24581
24739
24582
24740
24583
24741
24584
24742
24585
24743
24586
24744
24587
24745
24588
24746
24589
24747
24590
24748
24591
24749
24592
24750
24593
24751
24594
24752
24595
24753
24596
24754
24597
24755
24598
24756
24599
24757
24600
24758
24601
24759
24602
24760
24761
32127
24604
24762
24605
24763
24606
24764
24607
24765
24608
24766
24609
24767
24610
24768
24611
24769
24612
24770
24613
24771
24614
24772
24615
24773
24616
24774
24617
24775
24618
24776
24619
24777
24620
24778
24621
24779
24622
24780
24623
24781
24624
24782
24625
24783
24626
24784
24627
24785
24628
24786
24629
24787
24630
24788
24631
24789
24632
24790
24633
24791
24634
24792
24635
24793
24636
24794
24637
24795
24638
24796
24639
24797
24640
24798
24641
24799
24642
24800
24643
24801
24644
24802
24645
24803
24646
24804
24647
24805
24648
24806
24649
24807
24650
24808
24651
24809
24652
24810
24653
24811
24654
24812
24655
24813
24656
24814
24657
24815
24658
24816
24659
24817
24660
24818
24661
24819
24662
24820
24663
24821
24664
24822
24665
24823
24666
24824
24667
24825
24668
24826
24669
24827
24670
24828
24671
24829
24672
24830
24673
24831
24674
24832
24675
24833
24676
24834
24677
24835
24678
24836
24679
24837
24680
24838
24681
24839
24682
24840
24683
24841
24684
24842
24685
24843
24686
24844
24687
24845
24688
24846
24689
24847
24690
24848
24691
24849
24692
24850
24693
24851
24694
24852
24695
24853
24696
24854
24697
24855
24698
24856
24699
24857
24700
24858
24701
24859
24702
24860
24703
24861
24704
24862
24705
24863
24706
24864
24707
24865
24708
24866
24709
24867
24710
24868
24711
24869
24712
24870
24713
24871
24714
24872
24715
24873
24716
24874
24717
24875
24718
24876
24719
24877
24720
24878
24721
24879
24722
24880
24723
24881
24724
24882
24725
24883
24726
24884
24727
24885
24728
24886
24729
24887
24730
24888
24731
24889
24732
24890
24733
24891
24734
24892
24735
24893
24736
24894
24737
24895
24738
24896
24739
24897
24740
24898
24741
24899
24742
24900
24743
24901
24744
24902
24745
24903
24746
24904
24747
24905
24748
24906
24749
24907
24750
24908
24751
24909
24752
24910
24753
24911
24754
24912
24755
24913
24756
24914
24757
24915
24758
24916
24759
24917
24760
24918
24761
24919
24920
32128
24763
24921
24764
24922
24765
24923
24766
24924
24767
24925
24768
24926
24769
24927
24770
24928
24771
24929
24772
24930
24773
24931
24774
24932
24775
24933
24776
24934
24777
24935
24778
24936
24779
24937
24780
24938
24781
24939
24782
24940
24783
24941
24784
24942
24785
24943
24786
24944
24787
24945
24788
24946
24789
24947
24790
24948
24791
24949
24792
24950
24793
24951
24794
24952
24795
24953
24796
24954
24797
24955
24798
24956
24799
24957
24800
24958
24801
24959
24802
24960
24803
24961
24804
24962
24805
24963
24806
24964
24807
24965
24808
24966
24809
24967
24810
24968
24811
24969
24812
24970
24813
24971
24814
24972
24815
24973
24816
24974
24817
24975
24818
24976
24819
24977
24820
24978
24821
24979
24822
24980
24823
24981
24824
24982
24825
24983
24826
24984
24827
24985
24828
24986
24829
24987
24830
24988
24831
24989
24832
24990
24833
24991
24834
24992
24835
24993
24836
24994
24837
24995
24838
24996
24839
24997
24840
24998
24841
24999
24842
25000
24843
25001
24844
25002
24845
25003
24846
25004
24847
25005
24848
25006
24849
25007
24850
25008
24851
25009
24852
25010
24853
25011
24854
25012
24855
25013
24856
25014
24857
25015
24858
25016
24859
25017
24860
25018
24861
25019
24862
25020
24863
25021
24864
25022
24865
25023
24866
25024
24867
25025
24868
25026
24869
25027
24870
25028
24871
25029
24872
25030
24873
25031
24874
25032
24875
25033
24876
25034
24877
25035
24878
25036
24879
25037
24880
25038
24881
25039
24882
25040
24883
25041
24884
25042
24885
25043
24886
25044
24887
25045
24888
25046
24889
25047
24890
25048
24891
25049
24892
25050
24893
25051
24894
25052
24895
25053
24896
25054
24897
25055
24898
25056
24899
25057
24900
25058
24901
25059
24902
25060
24903
25061
24904
25062
24905
25063
24906
25064
24907
25065
24908
25066
24909
25067
24910
25068
24911
25069
24912
25070
24913
25071
24914
25072
24915
25073
24916
25074
24917
25075
24918
25076
24919
25077
24920
25078
25079
32129
24922
25080
24923
25081
24924
25082
24925
25083
24926
25084
24927
25085
24928
25086
24929
25087
24930
25088
24931
25089
24932
25090
24933
25091
24934
25092
24935
25093
24936
25094
24937
25095
24938
25096
24939
25097
24940
25098
24941
25099
24942
25100
24943
25101
24944
25102
24945
25103
24946
25104
24947
25105
24948
25106
24949
25107
24950
25108
24951
25109
24952
25110
24953
25111
24954
25112
24955
25113
24956
25114
24957
25115
24958
25116
24959
25117
24960
25118
24961
25119
24962
25120
24963
25121
24964
25122
24965
25123
24966
25124
24967
25125
24968
25126
24969
25127
24970
25128
24971
25129
24972
25130
24973
25131
24974
25132
24975
25133
24976
25134
24977
25135
24978
25136
24979
25137
24980
25138
24981
25139
24982
25140
24983
25141
24984
25142
24985
25143
24986
25144
24987
25145
24988
25146
24989
25147
24990
25148
24991
25149
24992
25150
24993
25151
24994
25152
24995
25153
24996
25154
24997
25155
24998
25156
24999
25157
25000
25158
25001
25159
25002
25160
25003
25161
25004
25162
25005
25163
25006
25164
25007
25165
25008
25166
25009
25167
25010
25168
25011
25169
25012
25170
25013
25171
25014
25172
25015
25173
25016
25174
25017
25175
25018
25176
25019
25177
25020
25178
25021
25179
25022
25180
25023
25181
25024
25182
25025
25183
25026
25184
25027
25185
25028
25186
25029
25187
25030
25188
25031
25189
25032
25190
25033
25191
25034
25192
25035
25193
25036
25194
25037
25195
25038
25196
25039
25197
25040
25198
25041
25199
25042
25200
25043
25201
25044
25202
25045
25203
25046
25204
25047
25205
25048
25206
25049
25207
25050
25208
25051
25209
25052
25210
25053
25211
25054
25212
25055
25213
25056
25214
25057
25215
25058
25216
25059
25217
25060
25218
25061
25219
25062
25220
25063
25221
25064
25222
25065
25223
25066
25224
25067
25225
25068
25226
25069
25227
25070
25228
25071
25229
25072
25230
25073
25231
25074
25232
25075
25233
25076
25234
25077
25235
25078
25236
25079
25237
25238
32130
25081
25239
25082
25240
25083
25241
25084
25242
25085
25243
25086
25244
25087
25245
25088
25246
25089
25247
25090
25248
25091
25249
25092
25250
25093
25251
25094
25252
25095
25253
25096
25254
25097
25255
25098
25256
25099
25257
25100
25258
25101
25259
25102
25260
25103
25261
25104
25262
25105
25263
25106
25264
25107
25265
25108
25266
25109
25267
25110
25268
25111
25269
25112
25270
25113
25271
25114
25272
25115
25273
25116
25274
25117
25275
25118
25276
25119
25277
25120
25278
25121
25279
25122
25280
25123
25281
25124
25282
25125
25283
25126
25284
25127
25285
25128
25286
25129
25287
25130
25288
25131
25289
25132
25290
25133
25291
25134
25292
25135
25293
25136
25294
25137
25295
25138
25296
25139
25297
25140
25298
25141
25299
25142
25300
25143
25301
25144
25302
25145
25303
25146
25304
25147
25305
25148
25306
25149
25307
25150
25308
25151
25309
25152
25310
25153
25311
25154
25312
25155
25313
25156
25314
25157
25315
25158
25316
25159
25317
25160
25318
25161
25319
25162
25320
25163
25321
25164
25322
25165
25323
25166
25324
25167
25325
25168
25326
25169
25327
25170
25328
25171
25329
25172
25330
25173
25331
25174
25332
25175
25333
25176
25334
25177
25335
25178
25336
25179
25337
25180
25338
25181
25339
25182
25340
25183
25341
25184
25342
25185
25343
25186
25344
25187
25345
25188
25346
25189
25347
25190
25348
25191
25349
25192
25350
25193
25351
25194
25352
25195
25353
25196
25354
25197
25355
25198
25356
25199
25357
25200
25358
25201
25359
25202
25360
25203
25361
25204
25362
25205
25363
25206
25364
25207
25365
25208
25366
25209
25367
25210
25368
25211
25369
25212
25370
25213
25371
25214
25372
25215
25373
25216
25374
25217
25375
25218
25376
25219
25377
25220
25378
25221
25379
25222
25380
25223
25381
25224
25382
25225
25383
25226
25384
25227
25385
25228
25386
25229
25387
25230
25388
25231
25389
25232
25390
25233
25391
25234
25392
25235
25393
25236
25394
25237
25395
25238
25396
25397
32131
25240
25398
25241
25399
25242
25400
25243
25401
25244
25402
25245
25403
25246
25404
25247
25405
25248
25406
25249
25407
25250
25408
25251
25409
25252
25410
25253
25411
25254
25412
25255
25413
25256
25414
25257
25415
25258
25416
25259
25417
25260
25418
25261
25419
25262
25420
25263
25421
25264
25422
25265
25423
25266
25424
25267
25425
25268
25426
25269
25427
25270
25428
25271
25429
25272
25430
25273
25431
25274
25432
25275
25433
25276
25434
25277
25435
25278
25436
25279
25437
25280
25438
25281
25439
25282
25440
25283
25441
25284
25442
25285
25443
25286
25444
25287
25445
25288
25446
25289
25447
25290
25448
25291
25449
25292
25450
25293
25451
25294
25452
25295
25453
25296
25454
25297
25455
25298
25456
25299
25457
25300
25458
25301
25459
25302
25460
25303
25461
25304
25462
25305
25463
25306
25464
25307
25465
25308
25466
25309
25467
25310
25468
25311
25469
25312
25470
25313
25471
25314
25472
25315
25473
25316
25474
25317
25475
25318
25476
25319
25477
25320
25478
25321
25479
25322
25480
25323
25481
25324
25482
25325
25483
25326
25484
25327
25485
25328
25486
25329
25487
25330
25488
25331
25489
25332
25490
25333
25491
25334
25492
25335
25493
25336
25494
25337
25495
25338
25496
25339
25497
25340
25498
25341
25499
25342
25500
25343
25501
25344
25502
25345
25503
25346
25504
25347
25505
25348
25506
25349
25507
25350
25508
25351
25509
25352
25510
25353
25511
25354
25512
25355
25513
25356
25514
25357
25515
25358
25516
25359
25517
25360
25518
25361
25519
25362
25520
25363
25521
25364
25522
25365
25523
25366
25524
25367
25525
25368
25526
25369
25527
25370
25528
25371
25529
25372
25530
25373
25531
25374
25532
25375
25533
25376
25534
25377
25535
25378
25536
25379
25537
25380
25538
25381
25539
25382
25540
25383
25541
25384
25542
25385
25543
25386
25544
25387
25545
25388
25546
25389
25547
25390
25548
25391
25549
25392
25550
25393
25551
25394
25552
25395
25553
25396
25554
25397
25555
25556
32132
25399
25557
25400
25558
25401
25559
25402
25560
25403
25561
25404
25562
25405
25563
25406
25564
25407
25565
25408
25566
25409
25567
25410
25568
25411
25569
25412
25570
25413
25571
25414
25572
25415
25573
25416
25574
25417
25575
25418
25576
25419
25577
25420
25578
25421
25579
25422
25580
25423
25581
25424
25582
25425
25583
25426
25584
25427
25585
25428
25586
25429
25587
25430
25588
25431
25589
25432
25590
25433
25591
25434
25592
25435
25593
25436
25594
25437
25595
25438
25596
25439
25597
25440
25598
25441
25599
25442
25600
25443
25601
25444
25602
25445
25603
25446
25604
25447
25605
25448
25606
25449
25607
25450
25608
25451
25609
25452
25610
25453
25611
25454
25612
25455
25613
25456
25614
25457
25615
25458
25616
25459
25617
25460
25618
25461
25619
25462
25620
25463
25621
25464
25622
25465
25623
25466
25624
25467
25625
25468
25626
25469
25627
25470
25628
25471
25629
25472
25630
25473
25631
25474
25632
25475
25633
25476
25634
25477
25635
25478
25636
25479
25637
25480
25638
25481
25639
25482
25640
25483
25641
25484
25642
25485
25643
25486
25644
25487
25645
25488
25646
25489
25647
25490
25648
25491
25649
25492
25650
25493
25651
25494
25652
25495
25653
25496
25654
25497
25655
25498
25656
25499
25657
25500
25658
25501
25659
25502
25660
25503
25661
25504
25662
25505
25663
25506
25664
25507
25665
25508
25666
25509
25667
25510
25668
25511
25669
25512
25670
25513
25671
25514
25672
25515
25673
25516
25674
25517
25675
25518
25676
25519
25677
25520
25678
25521
25679
25522
25680
25523
25681
25524
25682
25525
25683
25526
25684
25527
25685
25528
25686
25529
25687
25530
25688
25531
25689
25532
25690
25533
25691
25534
25692
25535
25693
25536
25694
25537
25695
25538
25696
25539
25697
25540
25698
25541
25699
25542
25700
25543
25701
25544
25702
25545
25703
25546
25704
25547
25705
25548
25706
25549
25707
25550
25708
25551
25709
25552
25710
25553
25711
25554
25712
25555
25713
25556
25714
25715
32133
25558
25716
25559
25717
25560
25718
25561
25719
25562
25720
25563
25721
25564
25722
25565
25723
25566
25724
25567
25725
25568
25726
25569
25727
25570
25728
25571
25729
25572
25730
25573
25731
25574
25732
25575
25733
25576
25734
25577
25735
25578
25736
25579
25737
25580
25738
25581
25739
25582
25740
25583
25741
25584
25742
25585
25743
25586
25744
25587
25745
25588
25746
25589
25747
25590
25748
25591
25749
25592
25750
25593
25751
25594
25752
25595
25753
25596
25754
25597
25755
25598
25756
25599
25757
25600
25758
25601
25759
25602
25760
25603
25761
25604
25762
25605
25763
25606
25764
25607
25765
25608
25766
25609
25767
25610
25768
25611
25769
25612
25770
25613
25771
25614
25772
25615
25773
25616
25774
25617
25775
25618
25776
25619
25777
25620
25778
25621
25779
25622
25780
25623
25781
25624
25782
25625
25783
25626
25784
25627
25785
25628
25786
25629
25787
25630
25788
25631
25789
25632
25790
25633
25791
25634
25792
25635
25793
25636
25794
25637
25795
25638
25796
25639
25797
25640
25798
25641
25799
25642
25800
25643
25801
25644
25802
25645
25803
25646
25804
25647
25805
25648
25806
25649
25807
25650
25808
25651
25809
25652
25810
25653
25811
25654
25812
25655
25813
25656
25814
25657
25815
25658
25816
25659
25817
25660
25818
25661
25819
25662
25820
25663
25821
25664
25822
25665
25823
25666
25824
25667
25825
25668
25826
25669
25827
25670
25828
25671
25829
25672
25830
25673
25831
25674
25832
25675
25833
25676
25834
25677
25835
25678
25836
25679
25837
25680
25838
25681
25839
25682
25840
25683
25841
25684
25842
25685
25843
25686
25844
25687
25845
25688
25846
25689
25847
25690
25848
25691
25849
25692
25850
25693
25851
25694
25852
25695
25853
25696
25854
25697
25855
25698
25856
25699
25857
25700
25858
25701
25859
25702
25860
25703
25861
25704
25862
25705
25863
25706
25864
25707
25865
25708
25866
25709
25867
25710
25868
25711
25869
25712
25870
25713
25871
25714
25872
25715
25873
25874
32134
25717
25875
25718
25876
25719
25877
25720
25878
25721
25879
25722
25880
25723
25881
25724
25882
25725
25883
25726
25884
25727
25885
25728
25886
25729
25887
25730
25888
25731
25889
25732
25890
25733
25891
25734
25892
25735
25893
25736
25894
25737
25895
25738
25896
25739
25897
25740
25898
25741
25899
25742
25900
25743
25901
25744
25902
25745
25903
25746
25904
25747
25905
25748
25906
25749
25907
25750
25908
25751
25909
25752
25910
25753
25911
25754
25912
25755
25913
25756
25914
25757
25915
25758
25916
25759
25917
25760
25918
25761
25919
25762
25920
25763
25921
25764
25922
25765
25923
25766
25924
25767
25925
25768
25926
25769
25927
25770
25928
25771
25929
25772
25930
25773
25931
25774
25932
25775
25933
25776
25934
25777
25935
25778
25936
25779
25937
25780
25938
25781
25939
25782
25940
25783
25941
25784
25942
25785
25943
25786
25944
25787
25945
25788
25946
25789
25947
25790
25948
25791
25949
25792
25950
25793
25951
25794
25952
25795
25953
25796
25954
25797
25955
25798
25956
25799
25957
25800
25958
25801
25959
25802
25960
25803
25961
25804
25962
25805
25963
25806
25964
25807
25965
25808
25966
25809
25967
25810
25968
25811
25969
25812
25970
25813
25971
25814
25972
25815
25973
25816
25974
25817
25975
25818
25976
25819
25977
25820
25978
25821
25979
25822
25980
25823
25981
25824
25982
25825
25983
25826
25984
25827
25985
25828
25986
25829
25987
25830
25988
25831
25989
25832
25990
25833
25991
25834
25992
25835
25993
25836
25994
25837
25995
25838
25996
25839
25997
25840
25998
25841
25999
25842
26000
25843
26001
25844
26002
25845
26003
25846
26004
25847
26005
25848
26006
25849
26007
25850
26008
25851
26009
25852
26010
25853
26011
25854
26012
25855
26013
25856
26014
25857
26015
25858
26016
25859
26017
25860
26018
25861
26019
25862
26020
25863
26021
25864
26022
25865
26023
25866
26024
25867
26025
25868
26026
25869
26027
25870
26028
25871
26029
25872
26030
25873
26031
25874
26032
26033
32135
25876
26034
25877
26035
25878
26036
25879
26037
25880
26038
25881
26039
25882
26040
25883
26041
25884
26042
25885
26043
25886
26044
25887
26045
25888
26046
25889
26047
25890
26048
25891
26049
25892
26050
25893
26051
25894
26052
25895
26053
25896
26054
25897
26055
25898
26056
25899
26057
25900
26058
25901
26059
25902
26060
25903
26061
25904
26062
25905
26063
25906
26064
25907
26065
25908
26066
25909
26067
25910
26068
25911
26069
25912
26070
25913
26071
25914
26072
25915
26073
25916
26074
25917
26075
25918
26076
25919
26077
25920
26078
25921
26079
25922
26080
25923
26081
25924
26082
25925
26083
25926
26084
25927
26085
25928
26086
25929
26087
25930
26088
25931
26089
25932
26090
25933
26091
25934
26092
25935
26093
25936
26094
25937
26095
25938
26096
25939
26097
25940
26098
25941
26099
25942
26100
25943
26101
25944
26102
25945
26103
25946
26104
25947
26105
25948
26106
25949
26107
25950
26108
25951
26109
25952
26110
25953
26111
25954
26112
25955
26113
25956
26114
25957
26115
25958
26116
25959
26117
25960
26118
25961
26119
25962
26120
25963
26121
25964
26122
25965
26123
25966
26124
25967
26125
25968
26126
25969
26127
25970
26128
25971
26129
25972
26130
25973
26131
25974
26132
25975
26133
25976
26134
25977
26135
25978
26136
25979
26137
25980
26138
25981
26139
25982
26140
25983
26141
25984
26142
25985
26143
25986
26144
25987
26145
25988
26146
25989
26147
25990
26148
25991
26149
25992
26150
25993
26151
25994
26152
25995
26153
25996
26154
25997
26155
25998
26156
25999
26157
26000
26158
26001
26159
26002
26160
26003
26161
26004
26162
26005
26163
26006
26164
26007
26165
26008
26166
26009
26167
26010
26168
26011
26169
26012
26170
26013
26171
26014
26172
26015
26173
26016
26174
26017
26175
26018
26176
26019
26177
26020
26178
26021
26179
26022
26180
26023
26181
26024
26182
26025
26183
26026
26184
26027
26185
26028
26186
26029
26187
26030
26188
26031
26189
26032
26190
26033
26191
26192
32136
26035
26193
26036
26194
26037
26195
26038
26196
26039
26197
26040
26198
26041
26199
26042
26200
26043
26201
26044
26202
26045
26203
26046
26204
26047
26205
26048
26206
26049
26207
26050
26208
26051
26209
26052
26210
26053
26211
26054
26212
26055
26213
26056
26214
26057
26215
26058
26216
26059
26217
26060
26218
26061
26219
26062
26220
26063
26221
26064
26222
26065
26223
26066
26224
26067
26225
26068
26226
26069
26227
26070
26228
26071
26229
26072
26230
26073
26231
26074
26232
26075
26233
26076
26234
26077
26235
26078
26236
26079
26237
26080
26238
26081
26239
26082
26240
26083
26241
26084
26242
26085
26243
26086
26244
26087
26245
26088
26246
26089
26247
26090
26248
26091
26249
26092
26250
26093
26251
26094
26252
26095
26253
26096
26254
26097
26255
26098
26256
26099
26257
26100
26258
26101
26259
26102
26260
26103
26261
26104
26262
26105
26263
26106
26264
26107
26265
26108
26266
26109
26267
26110
26268
26111
26269
26112
26270
26113
26271
26114
26272
26115
26273
26116
26274
26117
26275
26118
26276
26119
26277
26120
26278
26121
26279
26122
26280
26123
26281
26124
26282
26125
26283
26126
26284
26127
26285
26128
26286
26129
26287
26130
26288
26131
26289
26132
26290
26133
26291
26134
26292
26135
26293
26136
26294
26137
26295
26138
26296
26139
26297
26140
26298
26141
26299
26142
26300
26143
26301
26144
26302
26145
26303
26146
26304
26147
26305
26148
26306
26149
26307
26150
26308
26151
26309
26152
26310
26153
26311
26154
26312
26155
26313
26156
26314
26157
26315
26158
26316
26159
26317
26160
26318
26161
26319
26162
26320
26163
26321
26164
26322
26165
26323
26166
26324
26167
26325
26168
26326
26169
26327
26170
26328
26171
26329
26172
26330
26173
26331
26174
26332
26175
26333
26176
26334
26177
26335
26178
26336
26179
26337
26180
26338
26181
26339
26182
26340
26183
26341
26184
26342
26185
26343
26186
26344
26187
26345
26188
26346
26189
26347
26190
26348
26191
26349
26192
26350
26351
32137
26194
26352
26195
26353
26196
26354
26197
26355
26198
26356
26199
26357
26200
26358
26201
26359
26202
26360
26203
26361
26204
26362
26205
26363
26206
26364
26207
26365
26208
26366
26209
26367
26210
26368
26211
26369
26212
26370
26213
26371
26214
26372
26215
26373
26216
26374
26217
26375
26218
26376
26219
26377
26220
26378
26221
26379
26222
26380
26223
26381
26224
26382
26225
26383
26226
26384
26227
26385
26228
26386
26229
26387
26230
26388
26231
26389
26232
26390
26233
26391
26234
26392
26235
26393
26236
26394
26237
26395
26238
26396
26239
26397
26240
26398
26241
26399
26242
26400
26243
26401
26244
26402
26245
26403
26246
26404
26247
26405
26248
26406
26249
26407
26250
26408
26251
26409
26252
26410
26253
26411
26254
26412
26255
26413
26256
26414
26257
26415
26258
26416
26259
26417
26260
26418
26261
26419
26262
26420
26263
26421
26264
26422
26265
26423
26266
26424
26267
26425
26268
26426
26269
26427
26270
26428
26271
26429
26272
26430
26273
26431
26274
26432
26275
26433
26276
26434
26277
26435
26278
26436
26279
26437
26280
26438
26281
26439
26282
26440
26283
26441
26284
26442
26285
26443
26286
26444
26287
26445
26288
26446
26289
26447
26290
26448
26291
26449
26292
26450
26293
26451
26294
26452
26295
26453
26296
26454
26297
26455
26298
26456
26299
26457
26300
26458
26301
26459
26302
26460
26303
26461
26304
26462
26305
26463
26306
26464
26307
26465
26308
26466
26309
26467
26310
26468
26311
26469
26312
26470
26313
26471
26314
26472
26315
26473
26316
26474
26317
26475
26318
26476
26319
26477
26320
26478
26321
26479
26322
26480
26323
26481
26324
26482
26325
26483
26326
26484
26327
26485
26328
26486
26329
26487
26330
26488
26331
26489
26332
26490
26333
26491
26334
26492
26335
26493
26336
26494
26337
26495
26338
26496
26339
26497
26340
26498
26341
26499
26342
26500
26343
26501
26344
26502
26345
26503
26346
26504
26347
26505
26348
26506
26349
26507
26350
26508
26351
26509
26510
32138
26353
26511
26354
26512
26355
26513
26356
26514
26357
26515
26358
26516
26359
26517
26360
26518
26361
26519
26362
26520
26363
26521
26364
26522
26365
26523
26366
26524
26367
26525
26368
26526
26369
26527
26370
26528
26371
26529
26372
26530
26373
26531
26374
26532
26375
26533
26376
26534
26377
26535
26378
26536
26379
26537
26380
26538
26381
26539
26382
26540
26383
26541
26384
26542
26385
26543
26386
26544
26387
26545
26388
26546
26389
26547
26390
26548
26391
26549
26392
26550
26393
26551
26394
26552
26395
26553
26396
26554
26397
26555
26398
26556
26399
26557
26400
26558
26401
26559
26402
26560
26403
26561
26404
26562
26405
26563
26406
26564
26407
26565
26408
26566
26409
26567
26410
26568
26411
26569
26412
26570
26413
26571
26414
26572
26415
26573
26416
26574
26417
26575
26418
26576
26419
26577
26420
26578
26421
26579
26422
26580
26423
26581
26424
26582
26425
26583
26426
26584
26427
26585
26428
26586
26429
26587
26430
26588
26431
26589
26432
26590
26433
26591
26434
26592
26435
26593
26436
26594
26437
26595
26438
26596
26439
26597
26440
26598
26441
26599
26442
26600
26443
26601
26444
26602
26445
26603
26446
26604
26447
26605
26448
26606
26449
26607
26450
26608
26451
26609
26452
26610
26453
26611
26454
26612
26455
26613
26456
26614
26457
26615
26458
26616
26459
26617
26460
26618
26461
26619
26462
26620
26463
26621
26464
26622
26465
26623
26466
26624
26467
26625
26468
26626
26469
26627
26470
26628
26471
26629
26472
26630
26473
26631
26474
26632
26475
26633
26476
26634
26477
26635
26478
26636
26479
26637
26480
26638
26481
26639
26482
26640
26483
26641
26484
26642
26485
26643
26486
26644
26487
26645
26488
26646
26489
26647
26490
26648
26491
26649
26492
26650
26493
26651
26494
26652
26495
26653
26496
26654
26497
26655
26498
26656
26499
26657
26500
26658
26501
26659
26502
26660
26503
26661
26504
26662
26505
26663
26506
26664
26507
26665
26508
26666
26509
26667
26510
26668
26669
32139
26512
26670
26513
26671
26514
26672
26515
26673
26516
26674
26517
26675
26518
26676
26519
26677
26520
26678
26521
26679
26522
26680
26523
26681
26524
26682
26525
26683
26526
26684
26527
26685
26528
26686
26529
26687
26530
26688
26531
26689
26532
26690
26533
26691
26534
26692
26535
26693
26536
26694
26537
26695
26538
26696
26539
26697
26540
26698
26541
26699
26542
26700
26543
26701
26544
26702
26545
26703
26546
26704
26547
26705
26548
26706
26549
26707
26550
26708
26551
26709
26552
26710
26553
26711
26554
26712
26555
26713
26556
26714
26557
26715
26558
26716
26559
26717
26560
26718
26561
26719
26562
26720
26563
26721
26564
26722
26565
26723
26566
26724
26567
26725
26568
26726
26569
26727
26570
26728
26571
26729
26572
26730
26573
26731
26574
26732
26575
26733
26576
26734
26577
26735
26578
26736
26579
26737
26580
26738
26581
26739
26582
26740
26583
26741
26584
26742
26585
26743
26586
26744
26587
26745
26588
26746
26589
26747
26590
26748
26591
26749
26592
26750
26593
26751
26594
26752
26595
26753
26596
26754
26597
26755
26598
26756
26599
26757
26600
26758
26601
26759
26602
26760
26603
26761
26604
26762
26605
26763
26606
26764
26607
26765
26608
26766
26609
26767
26610
26768
26611
26769
26612
26770
26613
26771
26614
26772
26615
26773
26616
26774
26617
26775
26618
26776
26619
26777
26620
26778
26621
26779
26622
26780
26623
26781
26624
26782
26625
26783
26626
26784
26627
26785
26628
26786
26629
26787
26630
26788
26631
26789
26632
26790
26633
26791
26634
26792
26635
26793
26636
26794
26637
26795
26638
26796
26639
26797
26640
26798
26641
26799
26642
26800
26643
26801
26644
26802
26645
26803
26646
26804
26647
26805
26648
26806
26649
26807
26650
26808
26651
26809
26652
26810
26653
26811
26654
26812
26655
26813
26656
26814
26657
26815
26658
26816
26659
26817
26660
26818
26661
26819
26662
26820
26663
26821
26664
26822
26665
26823
26666
26824
26667
26825
26668
26826
26669
26827
26828
32140
26671
26829
26672
26830
26673
26831
26674
26832
26675
26833
26676
26834
26677
26835
26678
26836
26679
26837
26680
26838
26681
26839
26682
26840
26683
26841
26684
26842
26685
26843
26686
26844
26687
26845
26688
26846
26689
26847
26690
26848
26691
26849
26692
26850
26693
26851
26694
26852
26695
26853
26696
26854
26697
26855
26698
26856
26699
26857
26700
26858
26701
26859
26702
26860
26703
26861
26704
26862
26705
26863
26706
26864
26707
26865
26708
26866
26709
26867
26710
26868
26711
26869
26712
26870
26713
26871
26714
26872
26715
26873
26716
26874
26717
26875
26718
26876
26719
26877
26720
26878
26721
26879
26722
26880
26723
26881
26724
26882
26725
26883
26726
26884
26727
26885
26728
26886
26729
26887
26730
26888
26731
26889
26732
26890
26733
26891
26734
26892
26735
26893
26736
26894
26737
26895
26738
26896
26739
26897
26740
26898
26741
26899
26742
26900
26743
26901
26744
26902
26745
26903
26746
26904
26747
26905
26748
26906
26749
26907
26750
26908
26751
26909
26752
26910
26753
26911
26754
26912
26755
26913
26756
26914
26757
26915
26758
26916
26759
26917
26760
26918
26761
26919
26762
26920
26763
26921
26764
26922
26765
26923
26766
26924
26767
26925
26768
26926
26769
26927
26770
26928
26771
26929
26772
26930
26773
26931
26774
26932
26775
26933
26776
26934
26777
26935
26778
26936
26779
26937
26780
26938
26781
26939
26782
26940
26783
26941
26784
26942
26785
26943
26786
26944
26787
26945
26788
26946
26789
26947
26790
26948
26791
26949
26792
26950
26793
26951
26794
26952
26795
26953
26796
26954
26797
26955
26798
26956
26799
26957
26800
26958
26801
26959
26802
26960
26803
26961
26804
26962
26805
26963
26806
26964
26807
26965
26808
26966
26809
26967
26810
26968
26811
26969
26812
26970
26813
26971
26814
26972
26815
26973
26816
26974
26817
26975
26818
26976
26819
26977
26820
26978
26821
26979
26822
26980
26823
26981
26824
26982
26825
26983
26826
26984
26827
26985
26828
26986
26987
32141
26830
26988
26831
26989
26832
26990
26833
26991
26834
26992
26835
26993
26836
26994
26837
26995
26838
26996
26839
26997
26840
26998
26841
26999
26842
27000
26843
27001
26844
27002
26845
27003
26846
27004
26847
27005
26848
27006
26849
27007
26850
27008
26851
27009
26852
27010
26853
27011
26854
27012
26855
27013
26856
27014
26857
27015
26858
27016
26859
27017
26860
27018
26861
27019
26862
27020
26863
27021
26864
27022
26865
27023
26866
27024
26867
27025
26868
27026
26869
27027
26870
27028
26871
27029
26872
27030
26873
27031
26874
27032
26875
27033
26876
27034
26877
27035
26878
27036
26879
27037
26880
27038
26881
27039
26882
27040
26883
27041
26884
27042
26885
27043
26886
27044
26887
27045
26888
27046
26889
27047
26890
27048
26891
27049
26892
27050
26893
27051
26894
27052
26895
27053
26896
27054
26897
27055
26898
27056
26899
27057
26900
27058
26901
27059
26902
27060
26903
27061
26904
27062
26905
27063
26906
27064
26907
27065
26908
27066
26909
27067
26910
27068
26911
27069
26912
27070
26913
27071
26914
27072
26915
27073
26916
27074
26917
27075
26918
27076
26919
27077
26920
27078
26921
27079
26922
27080
26923
27081
26924
27082
26925
27083
26926
27084
26927
27085
26928
27086
26929
27087
26930
27088
26931
27089
26932
27090
26933
27091
26934
27092
26935
27093
26936
27094
26937
27095
26938
27096
26939
27097
26940
27098
26941
27099
26942
27100
26943
27101
26944
27102
26945
27103
26946
27104
26947
27105
26948
27106
26949
27107
26950
27108
26951
27109
26952
27110
26953
27111
26954
27112
26955
27113
26956
27114
26957
27115
26958
27116
26959
27117
26960
27118
26961
27119
26962
27120
26963
27121
26964
27122
26965
27123
26966
27124
26967
27125
26968
27126
26969
27127
26970
27128
26971
27129
26972
27130
26973
27131
26974
27132
26975
27133
26976
27134
26977
27135
26978
27136
26979
27137
26980
27138
26981
27139
26982
27140
26983
27141
26984
27142
26985
27143
26986
27144
26987
27145
27146
32142
26989
27147
26990
27148
26991
27149
26992
27150
26993
27151
26994
27152
26995
27153
26996
27154
26997
27155
26998
27156
26999
27157
27000
27158
27001
27159
27002
27160
27003
27161
27004
27162
27005
27163
27006
27164
27007
27165
27008
27166
27009
27167
27010
27168
27011
27169
27012
27170
27013
27171
27014
27172
27015
27173
27016
27174
27017
27175
27018
27176
27019
27177
27020
27178
27021
27179
27022
27180
27023
27181
27024
27182
27025
27183
27026
27184
27027
27185
27028
27186
27029
27187
27030
27188
27031
27189
27032
27190
27033
27191
27034
27192
27035
27193
27036
27194
27037
27195
27038
27196
27039
27197
27040
27198
27041
27199
27042
27200
27043
27201
27044
27202
27045
27203
27046
27204
27047
27205
27048
27206
27049
27207
27050
27208
27051
27209
27052
27210
27053
27211
27054
27212
27055
27213
27056
27214
27057
27215
27058
27216
27059
27217
27060
27218
27061
27219
27062
27220
27063
27221
27064
27222
27065
27223
27066
27224
27067
27225
27068
27226
27069
27227
27070
27228
27071
27229
27072
27230
27073
27231
27074
27232
27075
27233
27076
27234
27077
27235
27078
27236
27079
27237
27080
27238
27081
27239
27082
27240
27083
27241
27084
27242
27085
27243
27086
27244
27087
27245
27088
27246
27089
27247
27090
27248
27091
27249
27092
27250
27093
27251
27094
27252
27095
27253
27096
27254
27097
27255
27098
27256
27099
27257
27100
27258
27101
27259
27102
27260
27103
27261
27104
27262
27105
27263
27106
27264
27107
27265
27108
27266
27109
27267
27110
27268
27111
27269
27112
27270
27113
27271
27114
27272
27115
27273
27116
27274
27117
27275
27118
27276
27119
27277
27120
27278
27121
27279
27122
27280
27123
27281
27124
27282
27125
27283
27126
27284
27127
27285
27128
27286
27129
27287
27130
27288
27131
27289
27132
27290
27133
27291
27134
27292
27135
27293
27136
27294
27137
27295
27138
27296
27139
27297
27140
27298
27141
27299
27142
27300
27143
27301
27144
27302
27145
27303
27146
27304
27305
32143
27148
27306
27149
27307
27150
27308
27151
27309
27152
27310
27153
27311
27154
27312
27155
27313
27156
27314
27157
27315
27158
27316
27159
27317
27160
27318
27161
27319
27162
27320
27163
27321
27164
27322
27165
27323
27166
27324
27167
27325
27168
27326
27169
27327
27170
27328
27171
27329
27172
27330
27173
27331
27174
27332
27175
27333
27176
27334
27177
27335
27178
27336
27179
27337
27180
27338
27181
27339
27182
27340
27183
27341
27184
27342
27185
27343
27186
27344
27187
27345
27188
27346
27189
27347
27190
27348
27191
27349
27192
27350
27193
27351
27194
27352
27195
27353
27196
27354
27197
27355
27198
27356
27199
27357
27200
27358
27201
27359
27202
27360
27203
27361
27204
27362
27205
27363
27206
27364
27207
27365
27208
27366
27209
27367
27210
27368
27211
27369
27212
27370
27213
27371
27214
27372
27215
27373
27216
27374
27217
27375
27218
27376
27219
27377
27220
27378
27221
27379
27222
27380
27223
27381
27224
27382
27225
27383
27226
27384
27227
27385
27228
27386
27229
27387
27230
27388
27231
27389
27232
27390
27233
27391
27234
27392
27235
27393
27236
27394
27237
27395
27238
27396
27239
27397
27240
27398
27241
27399
27242
27400
27243
27401
27244
27402
27245
27403
27246
27404
27247
27405
27248
27406
27249
27407
27250
27408
27251
27409
27252
27410
27253
27411
27254
27412
27255
27413
27256
27414
27257
27415
27258
27416
27259
27417
27260
27418
27261
27419
27262
27420
27263
27421
27264
27422
27265
27423
27266
27424
27267
27425
27268
27426
27269
27427
27270
27428
27271
27429
27272
27430
27273
27431
27274
27432
27275
27433
27276
27434
27277
27435
27278
27436
27279
27437
27280
27438
27281
27439
27282
27440
27283
27441
27284
27442
27285
27443
27286
27444
27287
27445
27288
27446
27289
27447
27290
27448
27291
27449
27292
27450
27293
27451
27294
27452
27295
27453
27296
27454
27297
27455
27298
27456
27299
27457
27300
27458
27301
27459
27302
27460
27303
27461
27304
27462
27305
27463
27464
32144
27307
27465
27308
27466
27309
27467
27310
27468
27311
27469
27312
27470
27313
27471
27314
27472
27315
27473
27316
27474
27317
27475
27318
27476
27319
27477
27320
27478
27321
27479
27322
27480
27323
27481
27324
27482
27325
27483
27326
27484
27327
27485
27328
27486
27329
27487
27330
27488
27331
27489
27332
27490
27333
27491
27334
27492
27335
27493
27336
27494
27337
27495
27338
27496
27339
27497
27340
27498
27341
27499
27342
27500
27343
27501
27344
27502
27345
27503
27346
27504
27347
27505
27348
27506
27349
27507
27350
27508
27351
27509
27352
27510
27353
27511
27354
27512
27355
27513
27356
27514
27357
27515
27358
27516
27359
27517
27360
27518
27361
27519
27362
27520
27363
27521
27364
27522
27365
27523
27366
27524
27367
27525
27368
27526
27369
27527
27370
27528
27371
27529
27372
27530
27373
27531
27374
27532
27375
27533
27376
27534
27377
27535
27378
27536
27379
27537
27380
27538
27381
27539
27382
27540
27383
27541
27384
27542
27385
27543
27386
27544
27387
27545
27388
27546
27389
27547
27390
27548
27391
27549
27392
27550
27393
27551
27394
27552
27395
27553
27396
27554
27397
27555
27398
27556
27399
27557
27400
27558
27401
27559
27402
27560
27403
27561
27404
27562
27405
27563
27406
27564
27407
27565
27408
27566
27409
27567
27410
27568
27411
27569
27412
27570
27413
27571
27414
27572
27415
27573
27416
27574
27417
27575
27418
27576
27419
27577
27420
27578
27421
27579
27422
27580
27423
27581
27424
27582
27425
27583
27426
27584
27427
27585
27428
27586
27429
27587
27430
27588
27431
27589
27432
27590
27433
27591
27434
27592
27435
27593
27436
27594
27437
27595
27438
27596
27439
27597
27440
27598
27441
27599
27442
27600
27443
27601
27444
27602
27445
27603
27446
27604
27447
27605
27448
27606
27449
27607
27450
27608
27451
27609
27452
27610
27453
27611
27454
27612
27455
27613
27456
27614
27457
27615
27458
27616
27459
27617
27460
27618
27461
27619
27462
27620
27463
27621
27464
27622
27623
32145
27466
27624
27467
27625
27468
27626
27469
27627
27470
27628
27471
27629
27472
27630
27473
27631
27474
27632
27475
27633
27476
27634
27477
27635
27478
27636
27479
27637
27480
27638
27481
27639
27482
27640
27483
27641
27484
27642
27485
27643
27486
27644
27487
27645
27488
27646
27489
27647
27490
27648
27491
27649
27492
27650
27493
27651
27494
27652
27495
27653
27496
27654
27497
27655
27498
27656
27499
27657
27500
27658
27501
27659
27502
27660
27503
27661
27504
27662
27505
27663
27506
27664
27507
27665
27508
27666
27509
27667
27510
27668
27511
27669
27512
27670
27513
27671
27514
27672
27515
27673
27516
27674
27517
27675
27518
27676
27519
27677
27520
27678
27521
27679
27522
27680
27523
27681
27524
27682
27525
27683
27526
27684
27527
27685
27528
27686
27529
27687
27530
27688
27531
27689
27532
27690
27533
27691
27534
27692
27535
27693
27536
27694
27537
27695
27538
27696
27539
27697
27540
27698
27541
27699
27542
27700
27543
27701
27544
27702
27545
27703
27546
27704
27547
27705
27548
27706
27549
27707
27550
27708
27551
27709
27552
27710
27553
27711
27554
27712
27555
27713
27556
27714
27557
27715
27558
27716
27559
27717
27560
27718
27561
27719
27562
27720
27563
27721
27564
27722
27565
27723
27566
27724
27567
27725
27568
27726
27569
27727
27570
27728
27571
27729
27572
27730
27573
27731
27574
27732
27575
27733
27576
27734
27577
27735
27578
27736
27579
27737
27580
27738
27581
27739
27582
27740
27583
27741
27584
27742
27585
27743
27586
27744
27587
27745
27588
27746
27589
27747
27590
27748
27591
27749
27592
27750
27593
27751
27594
27752
27595
27753
27596
27754
27597
27755
27598
27756
27599
27757
27600
27758
27601
27759
27602
27760
27603
27761
27604
27762
27605
27763
27606
27764
27607
27765
27608
27766
27609
27767
27610
27768
27611
27769
27612
27770
27613
27771
27614
27772
27615
27773
27616
27774
27617
27775
27618
27776
27619
27777
27620
27778
27621
27779
27622
27780
27623
27781
27782
32146
27625
27783
27626
27784
27627
27785
27628
27786
27629
27787
27630
27788
27631
27789
27632
27790
27633
27791
27634
27792
27635
27793
27636
27794
27637
27795
27638
27796
27639
27797
27640
27798
27641
27799
27642
27800
27643
27801
27644
27802
27645
27803
27646
27804
27647
27805
27648
27806
27649
27807
27650
27808
27651
27809
27652
27810
27653
27811
27654
27812
27655
27813
27656
27814
27657
27815
27658
27816
27659
27817
27660
27818
27661
27819
27662
27820
27663
27821
27664
27822
27665
27823
27666
27824
27667
27825
27668
27826
27669
27827
27670
27828
27671
27829
27672
27830
27673
27831
27674
27832
27675
27833
27676
27834
27677
27835
27678
27836
27679
27837
27680
27838
27681
27839
27682
27840
27683
27841
27684
27842
27685
27843
27686
27844
27687
27845
27688
27846
27689
27847
27690
27848
27691
27849
27692
27850
27693
27851
27694
27852
27695
27853
27696
27854
27697
27855
27698
27856
27699
27857
27700
27858
27701
27859
27702
27860
27703
27861
27704
27862
27705
27863
27706
27864
27707
27865
27708
27866
27709
27867
27710
27868
27711
27869
27712
27870
27713
27871
27714
27872
27715
27873
27716
27874
27717
27875
27718
27876
27719
27877
27720
27878
27721
27879
27722
27880
27723
27881
27724
27882
27725
27883
27726
27884
27727
27885
27728
27886
27729
27887
27730
27888
27731
27889
27732
27890
27733
27891
27734
27892
27735
27893
27736
27894
27737
27895
27738
27896
27739
27897
27740
27898
27741
27899
27742
27900
27743
27901
27744
27902
27745
27903
27746
27904
27747
27905
27748
27906
27749
27907
27750
27908
27751
27909
27752
27910
27753
27911
27754
27912
27755
27913
27756
27914
27757
27915
27758
27916
27759
27917
27760
27918
27761
27919
27762
27920
27763
27921
27764
27922
27765
27923
27766
27924
27767
27925
27768
27926
27769
27927
27770
27928
27771
27929
27772
27930
27773
27931
27774
27932
27775
27933
27776
27934
27777
27935
27778
27936
27779
27937
27780
27938
27781
27939
27782
27940
27941
32147
27784
27942
27785
27943
27786
27944
27787
27945
27788
27946
27789
27947
27790
27948
27791
27949
27792
27950
27793
27951
27794
27952
27795
27953
27796
27954
27797
27955
27798
27956
27799
27957
27800
27958
27801
27959
27802
27960
27803
27961
27804
27962
27805
27963
27806
27964
27807
27965
27808
27966
27809
27967
27810
27968
27811
27969
27812
27970
27813
27971
27814
27972
27815
27973
27816
27974
27817
27975
27818
27976
27819
27977
27820
27978
27821
27979
27822
27980
27823
27981
27824
27982
27825
27983
27826
27984
27827
27985
27828
27986
27829
27987
27830
27988
27831
27989
27832
27990
27833
27991
27834
27992
27835
27993
27836
27994
27837
27995
27838
27996
27839
27997
27840
27998
27841
27999
27842
28000
27843
28001
27844
28002
27845
28003
27846
28004
27847
28005
27848
28006
27849
28007
27850
28008
27851
28009
27852
28010
27853
28011
27854
28012
27855
28013
27856
28014
27857
28015
27858
28016
27859
28017
27860
28018
27861
28019
27862
28020
27863
28021
27864
28022
27865
28023
27866
28024
27867
28025
27868
28026
27869
28027
27870
28028
27871
28029
27872
28030
27873
28031
27874
28032
27875
28033
27876
28034
27877
28035
27878
28036
27879
28037
27880
28038
27881
28039
27882
28040
27883
28041
27884
28042
27885
28043
27886
28044
27887
28045
27888
28046
27889
28047
27890
28048
27891
28049
27892
28050
27893
28051
27894
28052
27895
28053
27896
28054
27897
28055
27898
28056
27899
28057
27900
28058
27901
28059
27902
28060
27903
28061
27904
28062
27905
28063
27906
28064
27907
28065
27908
28066
27909
28067
27910
28068
27911
28069
27912
28070
27913
28071
27914
28072
27915
28073
27916
28074
27917
28075
27918
28076
27919
28077
27920
28078
27921
28079
27922
28080
27923
28081
27924
28082
27925
28083
27926
28084
27927
28085
27928
28086
27929
28087
27930
28088
27931
28089
27932
28090
27933
28091
27934
28092
27935
28093
27936
28094
27937
28095
27938
28096
27939
28097
27940
28098
27941
28099
28100
32148
27943
28101
27944
28102
27945
28103
27946
28104
27947
28105
27948
28106
27949
28107
27950
28108
27951
28109
27952
28110
27953
28111
27954
28112
27955
28113
27956
28114
27957
28115
27958
28116
27959
28117
27960
28118
27961
28119
27962
28120
27963
28121
27964
28122
27965
28123
27966
28124
27967
28125
27968
28126
27969
28127
27970
28128
27971
28129
27972
28130
27973
28131
27974
28132
27975
28133
27976
28134
27977
28135
27978
28136
27979
28137
27980
28138
27981
28139
27982
28140
27983
28141
27984
28142
27985
28143
27986
28144
27987
28145
27988
28146
27989
28147
27990
28148
27991
28149
27992
28150
27993
28151
27994
28152
27995
28153
27996
28154
27997
28155
27998
28156
27999
28157
28000
28158
28001
28159
28002
28160
28003
28161
28004
28162
28005
28163
28006
28164
28007
28165
28008
28166
28009
28167
28010
28168
28011
28169
28012
28170
28013
28171
28014
28172
28015
28173
28016
28174
28017
28175
28018
28176
28019
28177
28020
28178
28021
28179
28022
28180
28023
28181
28024
28182
28025
28183
28026
28184
28027
28185
28028
28186
28029
28187
28030
28188
28031
28189
28032
28190
28033
28191
28034
28192
28035
28193
28036
28194
28037
28195
28038
28196
28039
28197
28040
28198
28041
28199
28042
28200
28043
28201
28044
28202
28045
28203
28046
28204
28047
28205
28048
28206
28049
28207
28050
28208
28051
28209
28052
28210
28053
28211
28054
28212
28055
28213
28056
28214
28057
28215
28058
28216
28059
28217
28060
28218
28061
28219
28062
28220
28063
28221
28064
28222
28065
28223
28066
28224
28067
28225
28068
28226
28069
28227
28070
28228
28071
28229
28072
28230
28073
28231
28074
28232
28075
28233
28076
28234
28077
28235
28078
28236
28079
28237
28080
28238
28081
28239
28082
28240
28083
28241
28084
28242
28085
28243
28086
28244
28087
28245
28088
28246
28089
28247
28090
28248
28091
28249
28092
28250
28093
28251
28094
28252
28095
28253
28096
28254
28097
28255
28098
28256
28099
28257
28100
28258
28259
32149
28102
28260
28103
28261
28104
28262
28105
28263
28106
28264
28107
28265
28108
28266
28109
28267
28110
28268
28111
28269
28112
28270
28113
28271
28114
28272
28115
28273
28116
28274
28117
28275
28118
28276
28119
28277
28120
28278
28121
28279
28122
28280
28123
28281
28124
28282
28125
28283
28126
28284
28127
28285
28128
28286
28129
28287
28130
28288
28131
28289
28132
28290
28133
28291
28134
28292
28135
28293
28136
28294
28137
28295
28138
28296
28139
28297
28140
28298
28141
28299
28142
28300
28143
28301
28144
28302
28145
28303
28146
28304
28147
28305
28148
28306
28149
28307
28150
28308
28151
28309
28152
28310
28153
28311
28154
28312
28155
28313
28156
28314
28157
28315
28158
28316
28159
28317
28160
28318
28161
28319
28162
28320
28163
28321
28164
28322
28165
28323
28166
28324
28167
28325
28168
28326
28169
28327
28170
28328
28171
28329
28172
28330
28173
28331
28174
28332
28175
28333
28176
28334
28177
28335
28178
28336
28179
28337
28180
28338
28181
28339
28182
28340
28183
28341
28184
28342
28185
28343
28186
28344
28187
28345
28188
28346
28189
28347
28190
28348
28191
28349
28192
28350
28193
28351
28194
28352
28195
28353
28196
28354
28197
28355
28198
28356
28199
28357
28200
28358
28201
28359
28202
28360
28203
28361
28204
28362
28205
28363
28206
28364
28207
28365
28208
28366
28209
28367
28210
28368
28211
28369
28212
28370
28213
28371
28214
28372
28215
28373
28216
28374
28217
28375
28218
28376
28219
28377
28220
28378
28221
28379
28222
28380
28223
28381
28224
28382
28225
28383
28226
28384
28227
28385
28228
28386
28229
28387
28230
28388
28231
28389
28232
28390
28233
28391
28234
28392
28235
28393
28236
28394
28237
28395
28238
28396
28239
28397
28240
28398
28241
28399
28242
28400
28243
28401
28244
28402
28245
28403
28246
28404
28247
28405
28248
28406
28249
28407
28250
28408
28251
28409
28252
28410
28253
28411
28254
28412
28255
28413
28256
28414
28257
28415
28258
28416
28259
28417
28418
32150
28261
28419
28262
28420
28263
28421
28264
28422
28265
28423
28266
28424
28267
28425
28268
28426
28269
28427
28270
28428
28271
28429
28272
28430
28273
28431
28274
28432
28275
28433
28276
28434
28277
28435
28278
28436
28279
28437
28280
28438
28281
28439
28282
28440
28283
28441
28284
28442
28285
28443
28286
28444
28287
28445
28288
28446
28289
28447
28290
28448
28291
28449
28292
28450
28293
28451
28294
28452
28295
28453
28296
28454
28297
28455
28298
28456
28299
28457
28300
28458
28301
28459
28302
28460
28303
28461
28304
28462
28305
28463
28306
28464
28307
28465
28308
28466
28309
28467
28310
28468
28311
28469
28312
28470
28313
28471
28314
28472
28315
28473
28316
28474
28317
28475
28318
28476
28319
28477
28320
28478
28321
28479
28322
28480
28323
28481
28324
28482
28325
28483
28326
28484
28327
28485
28328
28486
28329
28487
28330
28488
28331
28489
28332
28490
28333
28491
28334
28492
28335
28493
28336
28494
28337
28495
28338
28496
28339
28497
28340
28498
28341
28499
28342
28500
28343
28501
28344
28502
28345
28503
28346
28504
28347
28505
28348
28506
28349
28507
28350
28508
28351
28509
28352
28510
28353
28511
28354
28512
28355
28513
28356
28514
28357
28515
28358
28516
28359
28517
28360
28518
28361
28519
28362
28520
28363
28521
28364
28522
28365
28523
28366
28524
28367
28525
28368
28526
28369
28527
28370
28528
28371
28529
28372
28530
28373
28531
28374
28532
28375
28533
28376
28534
28377
28535
28378
28536
28379
28537
28380
28538
28381
28539
28382
28540
28383
28541
28384
28542
28385
28543
28386
28544
28387
28545
28388
28546
28389
28547
28390
28548
28391
28549
28392
28550
28393
28551
28394
28552
28395
28553
28396
28554
28397
28555
28398
28556
28399
28557
28400
28558
28401
28559
28402
28560
28403
28561
28404
28562
28405
28563
28406
28564
28407
28565
28408
28566
28409
28567
28410
28568
28411
28569
28412
28570
28413
28571
28414
28572
28415
28573
28416
28574
28417
28575
28418
28576
28577
32151
28420
28578
28421
28579
28422
28580
28423
28581
28424
28582
28425
28583
28426
28584
28427
28585
28428
28586
28429
28587
28430
28588
28431
28589
28432
28590
28433
28591
28434
28592
28435
28593
28436
28594
28437
28595
28438
28596
28439
28597
28440
28598
28441
28599
28442
28600
28443
28601
28444
28602
28445
28603
28446
28604
28447
28605
28448
28606
28449
28607
28450
28608
28451
28609
28452
28610
28453
28611
28454
28612
28455
28613
28456
28614
28457
28615
28458
28616
28459
28617
28460
28618
28461
28619
28462
28620
28463
28621
28464
28622
28465
28623
28466
28624
28467
28625
28468
28626
28469
28627
28470
28628
28471
28629
28472
28630
28473
28631
28474
28632
28475
28633
28476
28634
28477
28635
28478
28636
28479
28637
28480
28638
28481
28639
28482
28640
28483
28641
28484
28642
28485
28643
28486
28644
28487
28645
28488
28646
28489
28647
28490
28648
28491
28649
28492
28650
28493
28651
28494
28652
28495
28653
28496
28654
28497
28655
28498
28656
28499
28657
28500
28658
28501
28659
28502
28660
28503
28661
28504
28662
28505
28663
28506
28664
28507
28665
28508
28666
28509
28667
28510
28668
28511
28669
28512
28670
28513
28671
28514
28672
28515
28673
28516
28674
28517
28675
28518
28676
28519
28677
28520
28678
28521
28679
28522
28680
28523
28681
28524
28682
28525
28683
28526
28684
28527
28685
28528
28686
28529
28687
28530
28688
28531
28689
28532
28690
28533
28691
28534
28692
28535
28693
28536
28694
28537
28695
28538
28696
28539
28697
28540
28698
28541
28699
28542
28700
28543
28701
28544
28702
28545
28703
28546
28704
28547
28705
28548
28706
28549
28707
28550
28708
28551
28709
28552
28710
28553
28711
28554
28712
28555
28713
28556
28714
28557
28715
28558
28716
28559
28717
28560
28718
28561
28719
28562
28720
28563
28721
28564
28722
28565
28723
28566
28724
28567
28725
28568
28726
28569
28727
28570
28728
28571
28729
28572
28730
28573
28731
28574
28732
28575
28733
28576
28734
28577
28735
28736
32152
28579
28737
28580
28738
28581
28739
28582
28740
28583
28741
28584
28742
28585
28743
28586
28744
28587
28745
28588
28746
28589
28747
28590
28748
28591
28749
28592
28750
28593
28751
28594
28752
28595
28753
28596
28754
28597
28755
28598
28756
28599
28757
28600
28758
28601
28759
28602
28760
28603
28761
28604
28762
28605
28763
28606
28764
28607
28765
28608
28766
28609
28767
28610
28768
28611
28769
28612
28770
28613
28771
28614
28772
28615
28773
28616
28774
28617
28775
28618
28776
28619
28777
28620
28778
28621
28779
28622
28780
28623
28781
28624
28782
28625
28783
28626
28784
28627
28785
28628
28786
28629
28787
28630
28788
28631
28789
28632
28790
28633
28791
28634
28792
28635
28793
28636
28794
28637
28795
28638
28796
28639
28797
28640
28798
28641
28799
28642
28800
28643
28801
28644
28802
28645
28803
28646
28804
28647
28805
28648
28806
28649
28807
28650
28808
28651
28809
28652
28810
28653
28811
28654
28812
28655
28813
28656
28814
28657
28815
28658
28816
28659
28817
28660
28818
28661
28819
28662
28820
28663
28821
28664
28822
28665
28823
28666
28824
28667
28825
28668
28826
28669
28827
28670
28828
28671
28829
28672
28830
28673
28831
28674
28832
28675
28833
28676
28834
28677
28835
28678
28836
28679
28837
28680
28838
28681
28839
28682
28840
28683
28841
28684
28842
28685
28843
28686
28844
28687
28845
28688
28846
28689
28847
28690
28848
28691
28849
28692
28850
28693
28851
28694
28852
28695
28853
28696
28854
28697
28855
28698
28856
28699
28857
28700
28858
28701
28859
28702
28860
28703
28861
28704
28862
28705
28863
28706
28864
28707
28865
28708
28866
28709
28867
28710
28868
28711
28869
28712
28870
28713
28871
28714
28872
28715
28873
28716
28874
28717
28875
28718
28876
28719
28877
28720
28878
28721
28879
28722
28880
28723
28881
28724
28882
28725
28883
28726
28884
28727
28885
28728
28886
28729
28887
28730
28888
28731
28889
28732
28890
28733
28891
28734
28892
28735
28893
28736
28894
28895
32153
28738
28896
28739
28897
28740
28898
28741
28899
28742
28900
28743
28901
28744
28902
28745
28903
28746
28904
28747
28905
28748
28906
28749
28907
28750
28908
28751
28909
28752
28910
28753
28911
28754
28912
28755
28913
28756
28914
28757
28915
28758
28916
28759
28917
28760
28918
28761
28919
28762
28920
28763
28921
28764
28922
28765
28923
28766
28924
28767
28925
28768
28926
28769
28927
28770
28928
28771
28929
28772
28930
28773
28931
28774
28932
28775
28933
28776
28934
28777
28935
28778
28936
28779
28937
28780
28938
28781
28939
28782
28940
28783
28941
28784
28942
28785
28943
28786
28944
28787
28945
28788
28946
28789
28947
28790
28948
28791
28949
28792
28950
28793
28951
28794
28952
28795
28953
28796
28954
28797
28955
28798
28956
28799
28957
28800
28958
28801
28959
28802
28960
28803
28961
28804
28962
28805
28963
28806
28964
28807
28965
28808
28966
28809
28967
28810
28968
28811
28969
28812
28970
28813
28971
28814
28972
28815
28973
28816
28974
28817
28975
28818
28976
28819
28977
28820
28978
28821
28979
28822
28980
28823
28981
28824
28982
28825
28983
28826
28984
28827
28985
28828
28986
28829
28987
28830
28988
28831
28989
28832
28990
28833
28991
28834
28992
28835
28993
28836
28994
28837
28995
28838
28996
28839
28997
28840
28998
28841
28999
28842
29000
28843
29001
28844
29002
28845
29003
28846
29004
28847
29005
28848
29006
28849
29007
28850
29008
28851
29009
28852
29010
28853
29011
28854
29012
28855
29013
28856
29014
28857
29015
28858
29016
28859
29017
28860
29018
28861
29019
28862
29020
28863
29021
28864
29022
28865
29023
28866
29024
28867
29025
28868
29026
28869
29027
28870
29028
28871
29029
28872
29030
28873
29031
28874
29032
28875
29033
28876
29034
28877
29035
28878
29036
28879
29037
28880
29038
28881
29039
28882
29040
28883
29041
28884
29042
28885
29043
28886
29044
28887
29045
28888
29046
28889
29047
28890
29048
28891
29049
28892
29050
28893
29051
28894
29052
28895
29053
29054
32154
28897
29055
28898
29056
28899
29057
28900
29058
28901
29059
28902
29060
28903
29061
28904
29062
28905
29063
28906
29064
28907
29065
28908
29066
28909
29067
28910
29068
28911
29069
28912
29070
28913
29071
28914
29072
28915
29073
28916
29074
28917
29075
28918
29076
28919
29077
28920
29078
28921
29079
28922
29080
28923
29081
28924
29082
28925
29083
28926
29084
28927
29085
28928
29086
28929
29087
28930
29088
28931
29089
28932
29090
28933
29091
28934
29092
28935
29093
28936
29094
28937
29095
28938
29096
28939
29097
28940
29098
28941
29099
28942
29100
28943
29101
28944
29102
28945
29103
28946
29104
28947
29105
28948
29106
28949
29107
28950
29108
28951
29109
28952
29110
28953
29111
28954
29112
28955
29113
28956
29114
28957
29115
28958
29116
28959
29117
28960
29118
28961
29119
28962
29120
28963
29121
28964
29122
28965
29123
28966
29124
28967
29125
28968
29126
28969
29127
28970
29128
28971
29129
28972
29130
28973
29131
28974
29132
28975
29133
28976
29134
28977
29135
28978
29136
28979
29137
28980
29138
28981
29139
28982
29140
28983
29141
28984
29142
28985
29143
28986
29144
28987
29145
28988
29146
28989
29147
28990
29148
28991
29149
28992
29150
28993
29151
28994
29152
28995
29153
28996
29154
28997
29155
28998
29156
28999
29157
29000
29158
29001
29159
29002
29160
29003
29161
29004
29162
29005
29163
29006
29164
29007
29165
29008
29166
29009
29167
29010
29168
29011
29169
29012
29170
29013
29171
29014
29172
29015
29173
29016
29174
29017
29175
29018
29176
29019
29177
29020
29178
29021
29179
29022
29180
29023
29181
29024
29182
29025
29183
29026
29184
29027
29185
29028
29186
29029
29187
29030
29188
29031
29189
29032
29190
29033
29191
29034
29192
29035
29193
29036
29194
29037
29195
29038
29196
29039
29197
29040
29198
29041
29199
29042
29200
29043
29201
29044
29202
29045
29203
29046
29204
29047
29205
29048
29206
29049
29207
29050
29208
29051
29209
29052
29210
29053
29211
29054
29212
29213
32155
29056
29214
29057
29215
29058
29216
29059
29217
29060
29218
29061
29219
29062
29220
29063
29221
29064
29222
29065
29223
29066
29224
29067
29225
29068
29226
29069
29227
29070
29228
29071
29229
29072
29230
29073
29231
29074
29232
29075
29233
29076
29234
29077
29235
29078
29236
29079
29237
29080
29238
29081
29239
29082
29240
29083
29241
29084
29242
29085
29243
29086
29244
29087
29245
29088
29246
29089
29247
29090
29248
29091
29249
29092
29250
29093
29251
29094
29252
29095
29253
29096
29254
29097
29255
29098
29256
29099
29257
29100
29258
29101
29259
29102
29260
29103
29261
29104
29262
29105
29263
29106
29264
29107
29265
29108
29266
29109
29267
29110
29268
29111
29269
29112
29270
29113
29271
29114
29272
29115
29273
29116
29274
29117
29275
29118
29276
29119
29277
29120
29278
29121
29279
29122
29280
29123
29281
29124
29282
29125
29283
29126
29284
29127
29285
29128
29286
29129
29287
29130
29288
29131
29289
29132
29290
29133
29291
29134
29292
29135
29293
29136
29294
29137
29295
29138
29296
29139
29297
29140
29298
29141
29299
29142
29300
29143
29301
29144
29302
29145
29303
29146
29304
29147
29305
29148
29306
29149
29307
29150
29308
29151
29309
29152
29310
29153
29311
29154
29312
29155
29313
29156
29314
29157
29315
29158
29316
29159
29317
29160
29318
29161
29319
29162
29320
29163
29321
29164
29322
29165
29323
29166
29324
29167
29325
29168
29326
29169
29327
29170
29328
29171
29329
29172
29330
29173
29331
29174
29332
29175
29333
29176
29334
29177
29335
29178
29336
29179
29337
29180
29338
29181
29339
29182
29340
29183
29341
29184
29342
29185
29343
29186
29344
29187
29345
29188
29346
29189
29347
29190
29348
29191
29349
29192
29350
29193
29351
29194
29352
29195
29353
29196
29354
29197
29355
29198
29356
29199
29357
29200
29358
29201
29359
29202
29360
29203
29361
29204
29362
29205
29363
29206
29364
29207
29365
29208
29366
29209
29367
29210
29368
29211
29369
29212
29370
29213
29371
29372
32156
29215
29373
29216
29374
29217
29375
29218
29376
29219
29377
29220
29378
29221
29379
29222
29380
29223
29381
29224
29382
29225
29383
29226
29384
29227
29385
29228
29386
29229
29387
29230
29388
29231
29389
29232
29390
29233
29391
29234
29392
29235
29393
29236
29394
29237
29395
29238
29396
29239
29397
29240
29398
29241
29399
29242
29400
29243
29401
29244
29402
29245
29403
29246
29404
29247
29405
29248
29406
29249
29407
29250
29408
29251
29409
29252
29410
29253
29411
29254
29412
29255
29413
29256
29414
29257
29415
29258
29416
29259
29417
29260
29418
29261
29419
29262
29420
29263
29421
29264
29422
29265
29423
29266
29424
29267
29425
29268
29426
29269
29427
29270
29428
29271
29429
29272
29430
29273
29431
29274
29432
29275
29433
29276
29434
29277
29435
29278
29436
29279
29437
29280
29438
29281
29439
29282
29440
29283
29441
29284
29442
29285
29443
29286
29444
29287
29445
29288
29446
29289
29447
29290
29448
29291
29449
29292
29450
29293
29451
29294
29452
29295
29453
29296
29454
29297
29455
29298
29456
29299
29457
29300
29458
29301
29459
29302
29460
29303
29461
29304
29462
29305
29463
29306
29464
29307
29465
29308
29466
29309
29467
29310
29468
29311
29469
29312
29470
29313
29471
29314
29472
29315
29473
29316
29474
29317
29475
29318
29476
29319
29477
29320
29478
29321
29479
29322
29480
29323
29481
29324
29482
29325
29483
29326
29484
29327
29485
29328
29486
29329
29487
29330
29488
29331
29489
29332
29490
29333
29491
29334
29492
29335
29493
29336
29494
29337
29495
29338
29496
29339
29497
29340
29498
29341
29499
29342
29500
29343
29501
29344
29502
29345
29503
29346
29504
29347
29505
29348
29506
29349
29507
29350
29508
29351
29509
29352
29510
29353
29511
29354
29512
29355
29513
29356
29514
29357
29515
29358
29516
29359
29517
29360
29518
29361
29519
29362
29520
29363
29521
29364
29522
29365
29523
29366
29524
29367
29525
29368
29526
29369
29527
29370
29528
29371
29529
29372
29530
29531
32157
29374
29532
29375
29533
29376
29534
29377
29535
29378
29536
29379
29537
29380
29538
29381
29539
29382
29540
29383
29541
29384
29542
29385
29543
29386
29544
29387
29545
29388
29546
29389
29547
29390
29548
29391
29549
29392
29550
29393
29551
29394
29552
29395
29553
29396
29554
29397
29555
29398
29556
29399
29557
29400
29558
29401
29559
29402
29560
29403
29561
29404
29562
29405
29563
29406
29564
29407
29565
29408
29566
29409
29567
29410
29568
29411
29569
29412
29570
29413
29571
29414
29572
29415
29573
29416
29574
29417
29575
29418
29576
29419
29577
29420
29578
29421
29579
29422
29580
29423
29581
29424
29582
29425
29583
29426
29584
29427
29585
29428
29586
29429
29587
29430
29588
29431
29589
29432
29590
29433
29591
29434
29592
29435
29593
29436
29594
29437
29595
29438
29596
29439
29597
29440
29598
29441
29599
29442
29600
29443
29601
29444
29602
29445
29603
29446
29604
29447
29605
29448
29606
29449
29607
29450
29608
29451
29609
29452
29610
29453
29611
29454
29612
29455
29613
29456
29614
29457
29615
29458
29616
29459
29617
29460
29618
29461
29619
29462
29620
29463
29621
29464
29622
29465
29623
29466
29624
29467
29625
29468
29626
29469
29627
29470
29628
29471
29629
29472
29630
29473
29631
29474
29632
29475
29633
29476
29634
29477
29635
29478
29636
29479
29637
29480
29638
29481
29639
29482
29640
29483
29641
29484
29642
29485
29643
29486
29644
29487
29645
29488
29646
29489
29647
29490
29648
29491
29649
29492
29650
29493
29651
29494
29652
29495
29653
29496
29654
29497
29655
29498
29656
29499
29657
29500
29658
29501
29659
29502
29660
29503
29661
29504
29662
29505
29663
29506
29664
29507
29665
29508
29666
29509
29667
29510
29668
29511
29669
29512
29670
29513
29671
29514
29672
29515
29673
29516
29674
29517
29675
29518
29676
29519
29677
29520
29678
29521
29679
29522
29680
29523
29681
29524
29682
29525
29683
29526
29684
29527
29685
29528
29686
29529
29687
29530
29688
29531
29689
29690
32158
29533
29691
29534
29692
29535
29693
29536
29694
29537
29695
29538
29696
29539
29697
29540
29698
29541
29699
29542
29700
29543
29701
29544
29702
29545
29703
29546
29704
29547
29705
29548
29706
29549
29707
29550
29708
29551
29709
29552
29710
29553
29711
29554
29712
29555
29713
29556
29714
29557
29715
29558
29716
29559
29717
29560
29718
29561
29719
29562
29720
29563
29721
29564
29722
29565
29723
29566
29724
29567
29725
29568
29726
29569
29727
29570
29728
29571
29729
29572
29730
29573
29731
29574
29732
29575
29733
29576
29734
29577
29735
29578
29736
29579
29737
29580
29738
29581
29739
29582
29740
29583
29741
29584
29742
29585
29743
29586
29744
29587
29745
29588
29746
29589
29747
29590
29748
29591
29749
29592
29750
29593
29751
29594
29752
29595
29753
29596
29754
29597
29755
29598
29756
29599
29757
29600
29758
29601
29759
29602
29760
29603
29761
29604
29762
29605
29763
29606
29764
29607
29765
29608
29766
29609
29767
29610
29768
29611
29769
29612
29770
29613
29771
29614
29772
29615
29773
29616
29774
29617
29775
29618
29776
29619
29777
29620
29778
29621
29779
29622
29780
29623
29781
29624
29782
29625
29783
29626
29784
29627
29785
29628
29786
29629
29787
29630
29788
29631
29789
29632
29790
29633
29791
29634
29792
29635
29793
29636
29794
29637
29795
29638
29796
29639
29797
29640
29798
29641
29799
29642
29800
29643
29801
29644
29802
29645
29803
29646
29804
29647
29805
29648
29806
29649
29807
29650
29808
29651
29809
29652
29810
29653
29811
29654
29812
29655
29813
29656
29814
29657
29815
29658
29816
29659
29817
29660
29818
29661
29819
29662
29820
29663
29821
29664
29822
29665
29823
29666
29824
29667
29825
29668
29826
29669
29827
29670
29828
29671
29829
29672
29830
29673
29831
29674
29832
29675
29833
29676
29834
29677
29835
29678
29836
29679
29837
29680
29838
29681
29839
29682
29840
29683
29841
29684
29842
29685
29843
29686
29844
29687
29845
29688
29846
29689
29847
29690
29848
29849
32159
29692
29850
29693
29851
29694
29852
29695
29853
29696
29854
29697
29855
29698
29856
29699
29857
29700
29858
29701
29859
29702
29860
29703
29861
29704
29862
29705
29863
29706
29864
29707
29865
29708
29866
29709
29867
29710
29868
29711
29869
29712
29870
29713
29871
29714
29872
29715
29873
29716
29874
29717
29875
29718
29876
29719
29877
29720
29878
29721
29879
29722
29880
29723
29881
29724
29882
29725
29883
29726
29884
29727
29885
29728
29886
29729
29887
29730
29888
29731
29889
29732
29890
29733
29891
29734
29892
29735
29893
29736
29894
29737
29895
29738
29896
29739
29897
29740
29898
29741
29899
29742
29900
29743
29901
29744
29902
29745
29903
29746
29904
29747
29905
29748
29906
29749
29907
29750
29908
29751
29909
29752
29910
29753
29911
29754
29912
29755
29913
29756
29914
29757
29915
29758
29916
29759
29917
29760
29918
29761
29919
29762
29920
29763
29921
29764
29922
29765
29923
29766
29924
29767
29925
29768
29926
29769
29927
29770
29928
29771
29929
29772
29930
29773
29931
29774
29932
29775
29933
29776
29934
29777
29935
29778
29936
29779
29937
29780
29938
29781
29939
29782
29940
29783
29941
29784
29942
29785
29943
29786
29944
29787
29945
29788
29946
29789
29947
29790
29948
29791
29949
29792
29950
29793
29951
29794
29952
29795
29953
29796
29954
29797
29955
29798
29956
29799
29957
29800
29958
29801
29959
29802
29960
29803
29961
29804
29962
29805
29963
29806
29964
29807
29965
29808
29966
29809
29967
29810
29968
29811
29969
29812
29970
29813
29971
29814
29972
29815
29973
29816
29974
29817
29975
29818
29976
29819
29977
29820
29978
29821
29979
29822
29980
29823
29981
29824
29982
29825
29983
29826
29984
29827
29985
29828
29986
29829
29987
29830
29988
29831
29989
29832
29990
29833
29991
29834
29992
29835
29993
29836
29994
29837
29995
29838
29996
29839
29997
29840
29998
29841
29999
29842
30000
29843
30001
29844
30002
29845
30003
29846
30004
29847
30005
29848
30006
29849
30007
30008
32160
29851
30009
29852
30010
29853
30011
29854
30012
29855
30013
29856
30014
29857
30015
29858
30016
29859
30017
29860
30018
29861
30019
29862
30020
29863
30021
29864
30022
29865
30023
29866
30024
29867
30025
29868
30026
29869
30027
29870
30028
29871
30029
29872
30030
29873
30031
29874
30032
29875
30033
29876
30034
29877
30035
29878
30036
29879
30037
29880
30038
29881
30039
29882
30040
29883
30041
29884
30042
29885
30043
29886
30044
29887
30045
29888
30046
29889
30047
29890
30048
29891
30049
29892
30050
29893
30051
29894
30052
29895
30053
29896
30054
29897
30055
29898
30056
29899
30057
29900
30058
29901
30059
29902
30060
29903
30061
29904
30062
29905
30063
29906
30064
29907
30065
29908
30066
29909
30067
29910
30068
29911
30069
29912
30070
29913
30071
29914
30072
29915
30073
29916
30074
29917
30075
29918
30076
29919
30077
29920
30078
29921
30079
29922
30080
29923
30081
29924
30082
29925
30083
29926
30084
29927
30085
29928
30086
29929
30087
29930
30088
29931
30089
29932
30090
29933
30091
29934
30092
29935
30093
29936
30094
29937
30095
29938
30096
29939
30097
29940
30098
29941
30099
29942
30100
29943
30101
29944
30102
29945
30103
29946
30104
29947
30105
29948
30106
29949
30107
29950
30108
29951
30109
29952
30110
29953
30111
29954
30112
29955
30113
29956
30114
29957
30115
29958
30116
29959
30117
29960
30118
29961
30119
29962
30120
29963
30121
29964
30122
29965
30123
29966
30124
29967
30125
29968
30126
29969
30127
29970
30128
29971
30129
29972
30130
29973
30131
29974
30132
29975
30133
29976
30134
29977
30135
29978
30136
29979
30137
29980
30138
29981
30139
29982
30140
29983
30141
29984
30142
29985
30143
29986
30144
29987
30145
29988
30146
29989
30147
29990
30148
29991
30149
29992
30150
29993
30151
29994
30152
29995
30153
29996
30154
29997
30155
29998
30156
29999
30157
30000
30158
30001
30159
30002
30160
30003
30161
30004
30162
30005
30163
30006
30164
30007
30165
30008
30166
30167
32161
30010
30168
30011
30169
30012
30170
30013
30171
30014
30172
30015
30173
30016
30174
30017
30175
30018
30176
30019
30177
30020
30178
30021
30179
30022
30180
30023
30181
30024
30182
30025
30183
30026
30184
30027
30185
30028
30186
30029
30187
30030
30188
30031
30189
30032
30190
30033
30191
30034
30192
30035
30193
30036
30194
30037
30195
30038
30196
30039
30197
30040
30198
30041
30199
30042
30200
30043
30201
30044
30202
30045
30203
30046
30204
30047
30205
30048
30206
30049
30207
30050
30208
30051
30209
30052
30210
30053
30211
30054
30212
30055
30213
30056
30214
30057
30215
30058
30216
30059
30217
30060
30218
30061
30219
30062
30220
30063
30221
30064
30222
30065
30223
30066
30224
30067
30225
30068
30226
30069
30227
30070
30228
30071
30229
30072
30230
30073
30231
30074
30232
30075
30233
30076
30234
30077
30235
30078
30236
30079
30237
30080
30238
30081
30239
30082
30240
30083
30241
30084
30242
30085
30243
30086
30244
30087
30245
30088
30246
30089
30247
30090
30248
30091
30249
30092
30250
30093
30251
30094
30252
30095
30253
30096
30254
30097
30255
30098
30256
30099
30257
30100
30258
30101
30259
30102
30260
30103
30261
30104
30262
30105
30263
30106
30264
30107
30265
30108
30266
30109
30267
30110
30268
30111
30269
30112
30270
30113
30271
30114
30272
30115
30273
30116
30274
30117
30275
30118
30276
30119
30277
30120
30278
30121
30279
30122
30280
30123
30281
30124
30282
30125
30283
30126
30284
30127
30285
30128
30286
30129
30287
30130
30288
30131
30289
30132
30290
30133
30291
30134
30292
30135
30293
30136
30294
30137
30295
30138
30296
30139
30297
30140
30298
30141
30299
30142
30300
30143
30301
30144
30302
30145
30303
30146
30304
30147
30305
30148
30306
30149
30307
30150
30308
30151
30309
30152
30310
30153
30311
30154
30312
30155
30313
30156
30314
30157
30315
30158
30316
30159
30317
30160
30318
30161
30319
30162
30320
30163
30321
30164
30322
30165
30323
30166
30324
30167
30325
30326
32162
30169
30327
30170
30328
30171
30329
30172
30330
30173
30331
30174
30332
30175
30333
30176
30334
30177
30335
30178
30336
30179
30337
30180
30338
30181
30339
30182
30340
30183
30341
30184
30342
30185
30343
30186
30344
30187
30345
30188
30346
30189
30347
30190
30348
30191
30349
30192
30350
30193
30351
30194
30352
30195
30353
30196
30354
30197
30355
30198
30356
30199
30357
30200
30358
30201
30359
30202
30360
30203
30361
30204
30362
30205
30363
30206
30364
30207
30365
30208
30366
30209
30367
30210
30368
30211
30369
30212
30370
30213
30371
30214
30372
30215
30373
30216
30374
30217
30375
30218
30376
30219
30377
30220
30378
30221
30379
30222
30380
30223
30381
30224
30382
30225
30383
30226
30384
30227
30385
30228
30386
30229
30387
30230
30388
30231
30389
30232
30390
30233
30391
30234
30392
30235
30393
30236
30394
30237
30395
30238
30396
30239
30397
30240
30398
30241
30399
30242
30400
30243
30401
30244
30402
30245
30403
30246
30404
30247
30405
30248
30406
30249
30407
30250
30408
30251
30409
30252
30410
30253
30411
30254
30412
30255
30413
30256
30414
30257
30415
30258
30416
30259
30417
30260
30418
30261
30419
30262
30420
30263
30421
30264
30422
30265
30423
30266
30424
30267
30425
30268
30426
30269
30427
30270
30428
30271
30429
30272
30430
30273
30431
30274
30432
30275
30433
30276
30434
30277
30435
30278
30436
30279
30437
30280
30438
30281
30439
30282
30440
30283
30441
30284
30442
30285
30443
30286
30444
30287
30445
30288
30446
30289
30447
30290
30448
30291
30449
30292
30450
30293
30451
30294
30452
30295
30453
30296
30454
30297
30455
30298
30456
30299
30457
30300
30458
30301
30459
30302
30460
30303
30461
30304
30462
30305
30463
30306
30464
30307
30465
30308
30466
30309
30467
30310
30468
30311
30469
30312
30470
30313
30471
30314
30472
30315
30473
30316
30474
30317
30475
30318
30476
30319
30477
30320
30478
30321
30479
30322
30480
30323
30481
30324
30482
30325
30483
30326
30484
30485
32163
30328
30486
30329
30487
30330
30488
30331
30489
30332
30490
30333
30491
30334
30492
30335
30493
30336
30494
30337
30495
30338
30496
30339
30497
30340
30498
30341
30499
30342
30500
30343
30501
30344
30502
30345
30503
30346
30504
30347
30505
30348
30506
30349
30507
30350
30508
30351
30509
30352
30510
30353
30511
30354
30512
30355
30513
30356
30514
30357
30515
30358
30516
30359
30517
30360
30518
30361
30519
30362
30520
30363
30521
30364
30522
30365
30523
30366
30524
30367
30525
30368
30526
30369
30527
30370
30528
30371
30529
30372
30530
30373
30531
30374
30532
30375
30533
30376
30534
30377
30535
30378
30536
30379
30537
30380
30538
30381
30539
30382
30540
30383
30541
30384
30542
30385
30543
30386
30544
30387
30545
30388
30546
30389
30547
30390
30548
30391
30549
30392
30550
30393
30551
30394
30552
30395
30553
30396
30554
30397
30555
30398
30556
30399
30557
30400
30558
30401
30559
30402
30560
30403
30561
30404
30562
30405
30563
30406
30564
30407
30565
30408
30566
30409
30567
30410
30568
30411
30569
30412
30570
30413
30571
30414
30572
30415
30573
30416
30574
30417
30575
30418
30576
30419
30577
30420
30578
30421
30579
30422
30580
30423
30581
30424
30582
30425
30583
30426
30584
30427
30585
30428
30586
30429
30587
30430
30588
30431
30589
30432
30590
30433
30591
30434
30592
30435
30593
30436
30594
30437
30595
30438
30596
30439
30597
30440
30598
30441
30599
30442
30600
30443
30601
30444
30602
30445
30603
30446
30604
30447
30605
30448
30606
30449
30607
30450
30608
30451
30609
30452
30610
30453
30611
30454
30612
30455
30613
30456
30614
30457
30615
30458
30616
30459
30617
30460
30618
30461
30619
30462
30620
30463
30621
30464
30622
30465
30623
30466
30624
30467
30625
30468
30626
30469
30627
30470
30628
30471
30629
30472
30630
30473
30631
30474
30632
30475
30633
30476
30634
30477
30635
30478
30636
30479
30637
30480
30638
30481
30639
30482
30640
30483
30641
30484
30642
30485
30643
30644
32164
30487
30645
30488
30646
30489
30647
30490
30648
30491
30649
30492
30650
30493
30651
30494
30652
30495
30653
30496
30654
30497
30655
30498
30656
30499
30657
30500
30658
30501
30659
30502
30660
30503
30661
30504
30662
30505
30663
30506
30664
30507
30665
30508
30666
30509
30667
30510
30668
30511
30669
30512
30670
30513
30671
30514
30672
30515
30673
30516
30674
30517
30675
30518
30676
30519
30677
30520
30678
30521
30679
30522
30680
30523
30681
30524
30682
30525
30683
30526
30684
30527
30685
30528
30686
30529
30687
30530
30688
30531
30689
30532
30690
30533
30691
30534
30692
30535
30693
30536
30694
30537
30695
30538
30696
30539
30697
30540
30698
30541
30699
30542
30700
30543
30701
30544
30702
30545
30703
30546
30704
30547
30705
30548
30706
30549
30707
30550
30708
30551
30709
30552
30710
30553
30711
30554
30712
30555
30713
30556
30714
30557
30715
30558
30716
30559
30717
30560
30718
30561
30719
30562
30720
30563
30721
30564
30722
30565
30723
30566
30724
30567
30725
30568
30726
30569
30727
30570
30728
30571
30729
30572
30730
30573
30731
30574
30732
30575
30733
30576
30734
30577
30735
30578
30736
30579
30737
30580
30738
30581
30739
30582
30740
30583
30741
30584
30742
30585
30743
30586
30744
30587
30745
30588
30746
30589
30747
30590
30748
30591
30749
30592
30750
30593
30751
30594
30752
30595
30753
30596
30754
30597
30755
30598
30756
30599
30757
30600
30758
30601
30759
30602
30760
30603
30761
30604
30762
30605
30763
30606
30764
30607
30765
30608
30766
30609
30767
30610
30768
30611
30769
30612
30770
30613
30771
30614
30772
30615
30773
30616
30774
30617
30775
30618
30776
30619
30777
30620
30778
30621
30779
30622
30780
30623
30781
30624
30782
30625
30783
30626
30784
30627
30785
30628
30786
30629
30787
30630
30788
30631
30789
30632
30790
30633
30791
30634
30792
30635
30793
30636
30794
30637
30795
30638
30796
30639
30797
30640
30798
30641
30799
30642
30800
30643
30801
30644
30802
30803
32165
30646
30804
30647
30805
30648
30806
30649
30807
30650
30808
30651
30809
30652
30810
30653
30811
30654
30812
30655
30813
30656
30814
30657
30815
30658
30816
30659
30817
30660
30818
30661
30819
30662
30820
30663
30821
30664
30822
30665
30823
30666
30824
30667
30825
30668
30826
30669
30827
30670
30828
30671
30829
30672
30830
30673
30831
30674
30832
30675
30833
30676
30834
30677
30835
30678
30836
30679
30837
30680
30838
30681
30839
30682
30840
30683
30841
30684
30842
30685
30843
30686
30844
30687
30845
30688
30846
30689
30847
30690
30848
30691
30849
30692
30850
30693
30851
30694
30852
30695
30853
30696
30854
30697
30855
30698
30856
30699
30857
30700
30858
30701
30859
30702
30860
30703
30861
30704
30862
30705
30863
30706
30864
30707
30865
30708
30866
30709
30867
30710
30868
30711
30869
30712
30870
30713
30871
30714
30872
30715
30873
30716
30874
30717
30875
30718
30876
30719
30877
30720
30878
30721
30879
30722
30880
30723
30881
30724
30882
30725
30883
30726
30884
30727
30885
30728
30886
30729
30887
30730
30888
30731
30889
30732
30890
30733
30891
30734
30892
30735
30893
30736
30894
30737
30895
30738
30896
30739
30897
30740
30898
30741
30899
30742
30900
30743
30901
30744
30902
30745
30903
30746
30904
30747
30905
30748
30906
30749
30907
30750
30908
30751
30909
30752
30910
30753
30911
30754
30912
30755
30913
30756
30914
30757
30915
30758
30916
30759
30917
30760
30918
30761
30919
30762
30920
30763
30921
30764
30922
30765
30923
30766
30924
30767
30925
30768
30926
30769
30927
30770
30928
30771
30929
30772
30930
30773
30931
30774
30932
30775
30933
30776
30934
30777
30935
30778
30936
30779
30937
30780
30938
30781
30939
30782
30940
30783
30941
30784
30942
30785
30943
30786
30944
30787
30945
30788
30946
30789
30947
30790
30948
30791
30949
30792
30950
30793
30951
30794
30952
30795
30953
30796
30954
30797
30955
30798
30956
30799
30957
30800
30958
30801
30959
30802
30960
30803
30961
30962
32166
30805
30963
30806
30964
30807
30965
30808
30966
30809
30967
30810
30968
30811
30969
30812
30970
30813
30971
30814
30972
30815
30973
30816
30974
30817
30975
30818
30976
30819
30977
30820
30978
30821
30979
30822
30980
30823
30981
30824
30982
30825
30983
30826
30984
30827
30985
30828
30986
30829
30987
30830
30988
30831
30989
30832
30990
30833
30991
30834
30992
30835
30993
30836
30994
30837
30995
30838
30996
30839
30997
30840
30998
30841
30999
30842
31000
30843
31001
30844
31002
30845
31003
30846
31004
30847
31005
30848
31006
30849
31007
30850
31008
30851
31009
30852
31010
30853
31011
30854
31012
30855
31013
30856
31014
30857
31015
30858
31016
30859
31017
30860
31018
30861
31019
30862
31020
30863
31021
30864
31022
30865
31023
30866
31024
30867
31025
30868
31026
30869
31027
30870
31028
30871
31029
30872
31030
30873
31031
30874
31032
30875
31033
30876
31034
30877
31035
30878
31036
30879
31037
30880
31038
30881
31039
30882
31040
30883
31041
30884
31042
30885
31043
30886
31044
30887
31045
30888
31046
30889
31047
30890
31048
30891
31049
30892
31050
30893
31051
30894
31052
30895
31053
30896
31054
30897
31055
30898
31056
30899
31057
30900
31058
30901
31059
30902
31060
30903
31061
30904
31062
30905
31063
30906
31064
30907
31065
30908
31066
30909
31067
30910
31068
30911
31069
30912
31070
30913
31071
30914
31072
30915
31073
30916
31074
30917
31075
30918
31076
30919
31077
30920
31078
30921
31079
30922
31080
30923
31081
30924
31082
30925
31083
30926
31084
30927
31085
30928
31086
30929
31087
30930
31088
30931
31089
30932
31090
30933
31091
30934
31092
30935
31093
30936
31094
30937
31095
30938
31096
30939
31097
30940
31098
30941
31099
30942
31100
30943
31101
30944
31102
30945
31103
30946
31104
30947
31105
30948
31106
30949
31107
30950
31108
30951
31109
30952
31110
30953
31111
30954
31112
30955
31113
30956
31114
30957
31115
30958
31116
30959
31117
30960
31118
30961
31119
30962
31120
31121
32167
30964
31122
30965
31123
30966
31124
30967
31125
30968
31126
30969
31127
30970
31128
30971
31129
30972
31130
30973
31131
30974
31132
30975
31133
30976
31134
30977
31135
30978
31136
30979
31137
30980
31138
30981
31139
30982
31140
30983
31141
30984
31142
30985
31143
30986
31144
30987
31145
30988
31146
30989
31147
30990
31148
30991
31149
30992
31150
30993
31151
30994
31152
30995
31153
30996
31154
30997
31155
30998
31156
30999
31157
31000
31158
31001
31159
31002
31160
31003
31161
31004
31162
31005
31163
31006
31164
31007
31165
31008
31166
31009
31167
31010
31168
31011
31169
31012
31170
31013
31171
31014
31172
31015
31173
31016
31174
31017
31175
31018
31176
31019
31177
31020
31178
31021
31179
31022
31180
31023
31181
31024
31182
31025
31183
31026
31184
31027
31185
31028
31186
31029
31187
31030
31188
31031
31189
31032
31190
31033
31191
31034
31192
31035
31193
31036
31194
31037
31195
31038
31196
31039
31197
31040
31198
31041
31199
31042
31200
31043
31201
31044
31202
31045
31203
31046
31204
31047
31205
31048
31206
31049
31207
31050
31208
31051
31209
31052
31210
31053
31211
31054
31212
31055
31213
31056
31214
31057
31215
31058
31216
31059
31217
31060
31218
31061
31219
31062
31220
31063
31221
31064
31222
31065
31223
31066
31224
31067
31225
31068
31226
31069
31227
31070
31228
31071
31229
31072
31230
31073
31231
31074
31232
31075
31233
31076
31234
31077
31235
31078
31236
31079
31237
31080
31238
31081
31239
31082
31240
31083
31241
31084
31242
31085
31243
31086
31244
31087
31245
31088
31246
31089
31247
31090
31248
31091
31249
31092
31250
31093
31251
31094
31252
31095
31253
31096
31254
31097
31255
31098
31256
31099
31257
31100
31258
31101
31259
31102
31260
31103
31261
31104
31262
31105
31263
31106
31264
31107
31265
31108
31266
31109
31267
31110
31268
31111
31269
31112
31270
31113
31271
31114
31272
31115
31273
31116
31274
31117
31275
31118
31276
31119
31277
31120
31278
31121
31279
31280
32168
31123
31281
31124
31282
31125
31283
31126
31284
31127
31285
31128
31286
31129
31287
31130
31288
31131
31289
31132
31290
31133
31291
31134
31292
31135
31293
31136
31294
31137
31295
31138
31296
31139
31297
31140
31298
31141
31299
31142
31300
31143
31301
31144
31302
31145
31303
31146
31304
31147
31305
31148
31306
31149
31307
31150
31308
31151
31309
31152
31310
31153
31311
31154
31312
31155
31313
31156
31314
31157
31315
31158
31316
31159
31317
31160
31318
31161
31319
31162
31320
31163
31321
31164
31322
31165
31323
31166
31324
31167
31325
31168
31326
31169
31327
31170
31328
31171
31329
31172
31330
31173
31331
31174
31332
31175
31333
31176
31334
31177
31335
31178
31336
31179
31337
31180
31338
31181
31339
31182
31340
31183
31341
31184
31342
31185
31343
31186
31344
31187
31345
31188
31346
31189
31347
31190
31348
31191
31349
31192
31350
31193
31351
31194
31352
31195
31353
31196
31354
31197
31355
31198
31356
31199
31357
31200
31358
31201
31359
31202
31360
31203
31361
31204
31362
31205
31363
31206
31364
31207
31365
31208
31366
31209
31367
31210
31368
31211
31369
31212
31370
31213
31371
31214
31372
31215
31373
31216
31374
31217
31375
31218
31376
31219
31377
31220
31378
31221
31379
31222
31380
31223
31381
31224
31382
31225
31383
31226
31384
31227
31385
31228
31386
31229
31387
31230
31388
31231
31389
31232
31390
31233
31391
31234
31392
31235
31393
31236
31394
31237
31395
31238
31396
31239
31397
31240
31398
31241
31399
31242
31400
31243
31401
31244
31402
31245
31403
31246
31404
31247
31405
31248
31406
31249
31407
31250
31408
31251
31409
31252
31410
31253
31411
31254
31412
31255
31413
31256
31414
31257
31415
31258
31416
31259
31417
31260
31418
31261
31419
31262
31420
31263
31421
31264
31422
31265
31423
31266
31424
31267
31425
31268
31426
31269
31427
31270
31428
31271
31429
31272
31430
31273
31431
31274
31432
31275
31433
31276
31434
31277
31435
31278
31436
31279
31437
31280
31438
31439
32169
31282
31440
31283
31441
31284
31442
31285
31443
31286
31444
31287
31445
31288
31446
31289
31447
31290
31448
31291
31449
31292
31450
31293
31451
31294
31452
31295
31453
31296
31454
31297
31455
31298
31456
31299
31457
31300
31458
31301
31459
31302
31460
31303
31461
31304
31462
31305
31463
31306
31464
31307
31465
31308
31466
31309
31467
31310
31468
31311
31469
31312
31470
31313
31471
31314
31472
31315
31473
31316
31474
31317
31475
31318
31476
31319
31477
31320
31478
31321
31479
31322
31480
31323
31481
31324
31482
31325
31483
31326
31484
31327
31485
31328
31486
31329
31487
31330
31488
31331
31489
31332
31490
31333
31491
31334
31492
31335
31493
31336
31494
31337
31495
31338
31496
31339
31497
31340
31498
31341
31499
31342
31500
31343
31501
31344
31502
31345
31503
31346
31504
31347
31505
31348
31506
31349
31507
31350
31508
31351
31509
31352
31510
31353
31511
31354
31512
31355
31513
31356
31514
31357
31515
31358
31516
31359
31517
31360
31518
31361
31519
31362
31520
31363
31521
31364
31522
31365
31523
31366
31524
31367
31525
31368
31526
31369
31527
31370
31528
31371
31529
31372
31530
31373
31531
31374
31532
31375
31533
31376
31534
31377
31535
31378
31536
31379
31537
31380
31538
31381
31539
31382
31540
31383
31541
31384
31542
31385
31543
31386
31544
31387
31545
31388
31546
31389
31547
31390
31548
31391
31549
31392
31550
31393
31551
31394
31552
31395
31553
31396
31554
31397
31555
31398
31556
31399
31557
31400
31558
31401
31559
31402
31560
31403
31561
31404
31562
31405
31563
31406
31564
31407
31565
31408
31566
31409
31567
31410
31568
31411
31569
31412
31570
31413
31571
31414
31572
31415
31573
31416
31574
31417
31575
31418
31576
31419
31577
31420
31578
31421
31579
31422
31580
31423
31581
31424
31582
31425
31583
31426
31584
31427
31585
31428
31586
31429
31587
31430
31588
31431
31589
31432
31590
31433
31591
31434
31592
31435
31593
31436
31594
31437
31595
31438
31596
31439
31597
31598
32170
31441
31599
31442
31600
31443
31601
31444
31602
31445
31603
31446
31604
31447
31605
31448
31606
31449
31607
31450
31608
31451
31609
31452
31610
31453
31611
31454
31612
31455
31613
31456
31614
31457
31615
31458
31616
31459
31617
31460
31618
31461
31619
31462
31620
31463
31621
31464
31622
31465
31623
31466
31624
31467
31625
31468
31626
31469
31627
31470
31628
31471
31629
31472
31630
31473
31631
31474
31632
31475
31633
31476
31634
31477
31635
31478
31636
31479
31637
31480
31638
31481
31639
31482
31640
31483
31641
31484
31642
31485
31643
31486
31644
31487
31645
31488
31646
31489
31647
31490
31648
31491
31649
31492
31650
31493
31651
31494
31652
31495
31653
31496
31654
31497
31655
31498
31656
31499
31657
31500
31658
31501
31659
31502
31660
31503
31661
31504
31662
31505
31663
31506
31664
31507
31665
31508
31666
31509
31667
31510
31668
31511
31669
31512
31670
31513
31671
31514
31672
31515
31673
31516
31674
31517
31675
31518
31676
31519
31677
31520
31678
31521
31679
31522
31680
31523
31681
31524
31682
31525
31683
31526
31684
31527
31685
31528
31686
31529
31687
31530
31688
31531
31689
31532
31690
31533
31691
31534
31692
31535
31693
31536
31694
31537
31695
31538
31696
31539
31697
31540
31698
31541
31699
31542
31700
31543
31701
31544
31702
31545
31703
31546
31704
31547
31705
31548
31706
31549
31707
31550
31708
31551
31709
31552
31710
31553
31711
31554
31712
31555
31713
31556
31714
31557
31715
31558
31716
31559
31717
31560
31718
31561
31719
31562
31720
31563
31721
31564
31722
31565
31723
31566
31724
31567
31725
31568
31726
31569
31727
31570
31728
31571
31729
31572
31730
31573
31731
31574
31732
31575
31733
31576
31734
31577
31735
31578
31736
31579
31737
31580
31738
31581
31739
31582
31740
31583
31741
31584
31742
31585
31743
31586
31744
31587
31745
31588
31746
31589
31747
31590
31748
31591
31749
31592
31750
31593
31751
31594
31752
31595
31753
31596
31754
31597
31755
31598
31756
31757
32171
31600
31758
31601
31759
31602
31760
31603
31761
31604
31762
31605
31763
31606
31764
31607
31765
31608
31766
31609
31767
31610
31768
31611
31769
31612
31770
31613
31771
31614
31772
31615
31773
31616
31774
31617
31775
31618
31776
31619
31777
31620
31778
31621
31779
31622
31780
31623
31781
31624
31782
31625
31783
31626
31784
31627
31785
31628
31786
31629
31787
31630
31788
31631
31789
31632
31790
31633
31791
31634
31792
31635
31793
31636
31794
31637
31795
31638
31796
31639
31797
31640
31798
31641
31799
31642
31800
31643
31801
31644
31802
31645
31803
31646
31804
31647
31805
31648
31806
31649
31807
31650
31808
31651
31809
31652
31810
31653
31811
31654
31812
31655
31813
31656
31814
31657
31815
31658
31816
31659
31817
31660
31818
31661
31819
31662
31820
31663
31821
31664
31822
31665
31823
31666
31824
31667
31825
31668
31826
31669
31827
31670
31828
31671
31829
31672
31830
31673
31831
31674
31832
31675
31833
31676
31834
31677
31835
31678
31836
31679
31837
31680
31838
31681
31839
31682
31840
31683
31841
31684
31842
31685
31843
31686
31844
31687
31845
31688
31846
31689
31847
31690
31848
31691
31849
31692
31850
31693
31851
31694
31852
31695
31853
31696
31854
31697
31855
31698
31856
31699
31857
31700
31858
31701
31859
31702
31860
31703
31861
31704
31862
31705
31863
31706
31864
31707
31865
31708
31866
31709
31867
31710
31868
31711
31869
31712
31870
31713
31871
31714
31872
31715
31873
31716
31874
31717
31875
31718
31876
31719
31877
31720
31878
31721
31879
31722
31880
31723
31881
31724
31882
31725
31883
31726
31884
31727
31885
31728
31886
31729
31887
31730
31888
31731
31889
31732
31890
31733
31891
31734
31892
31735
31893
31736
31894
31737
31895
31738
31896
31739
31897
31740
31898
31741
31899
31742
31900
31743
31901
31744
31902
31745
31903
31746
31904
31747
31905
31748
31906
31749
31907
31750
31908
31751
31909
31752
31910
31753
31911
31754
31912
31755
31913
31756
31914
31757
31915
31916
32172
31759
31917
31760
31918
31761
31919
31762
31920
31763
31921
31764
31922
31765
31923
31766
31924
31767
31925
31768
31926
31769
31927
31770
31928
31771
31929
31772
31930
31773
31931
31774
31932
31775
31933
31776
31934
31777
31935
31778
31936
31779
31937
31780
31938
31781
31939
31782
31940
31783
31941
31784
31942
31785
31943
31786
31944
31787
31945
31788
31946
31789
31947
31790
31948
31791
31949
31792
31950
31793
31951
31794
31952
31795
31953
31796
31954
31797
31955
31798
31956
31799
31957
31800
31958
31801
31959
31802
31960
31803
31961
31804
31962
31805
31963
31806
31964
31807
31965
31808
31966
31809
31967
31810
31968
31811
31969
31812
31970
31813
31971
31814
31972
31815
31973
31816
31974
31817
31975
31818
31976
31819
31977
31820
31978
31821
31979
31822
31980
31823
31981
31824
31982
31825
31983
31826
31984
31827
31985
31828
31986
31829
31987
31830
31988
31831
31989
31832
31990
31833
31991
31834
31992
31835
31993
31836
31994
31837
31995
31838
31996
31839
31997
31840
31998
31841
31999
31842
32000
31843
32001
31844
32002
31845
32003
31846
32004
31847
32005
31848
32006
31849
32007
31850
32008
31851
32009
31852
32010
31853
32011
31854
32012
31855
32013
31856
32014
31857
32015
31858
32016
31859
32017
31860
32018
31861
32019
31862
32020
31863
32021
31864
32022
31865
32023
31866
32024
31867
32025
31868
32026
31869
32027
31870
32028
31871
32029
31872
32030
31873
32031
31874
32032
31875
32033
31876
32034
31877
32035
31878
32036
31879
32037
31880
32038
31881
32039
31882
32040
31883
32041
31884
32042
31885
32043
31886
32044
31887
32045
31888
32046
31889
32047
31890
32048
31891
32049
31892
32050
31893
32051
31894
32052
31895
32053
31896
32054
31897
32055
31898
32056
31899
32057
31900
32058
31901
32059
31902
32060
31903
32061
31904
32062
31905
32063
31906
32064
31907
32065
31908
32066
31909
32067
31910
32068
31911
32069
31912
32070
31913
32071
31914
32072
31915
32073
31916
32074
32075
32173
31918
31919
31920
31921
31922
31923
31924
31925
31926
31927
31928
31929
31930
31931
31932
31933
31934
31935
31936
31937
31938
31939
31940
31941
31942
31943
31944
31945
31946
31947
31948
31949
31950
31951
31952
31953
31954
31955
31956
31957
31958
31959
31960
31961
31962
31963
31964
31965
31966
31967
31968
31969
31970
31971
31972
31973
31974
31975
31976
31977
31978
31979
31980
31981
31982
31983
31984
31985
31986
31987
31988
31989
31990
31991
31992
31993
31994
31995
31996
31997
31998
31999
32000
32001
32002
32003
32004
32005
32006
32007
32008
32009
32010
32011
32012
32013
32014
32015
32016
32017
32018
32019
32020
32021
32022
32023
32024
32025
32026
32027
32028
32029
32030
32031
32032
32033
32034
32035
32036
32037
32038
32039
32040
32041
32042
32043
32044
32045
32046
32047
32048
32049
32050
32051
32052
32053
32054
32055
32056
32057
32058
32059
32060
32061
32062
32063
32064
32065
32066
32067
32068
32069
32070
32071
32072
32073
32074
32075
32174
32077
32175
32078
32176
32079
32177
32080
32178
32081
32179
32082
32180
32083
32181
32084
32182
32085
32183
32086
32184
32087
32185
32088
32186
32089
32187
32090
32188
32091
32189
32092
32190
32093
32191
32094
32192
32095
32193
32096
32194
32097
32195
32098
32196
32099
32197
32100
32198
32101
32199
32102
32200
32103
32201
32104
32202
32105
32203
32106
32204
32107
32205
32108
32206
32109
32207
32110
32208
32111
32209
32112
32210
32113
32211
32114
32212
32115
32213
32116
32214
32117
32215
32118
32216
32119
32217
32120
32218
32121
32219
32122
32220
32123
32221
32124
32222
32125
32223
32126
32224
32127
32225
32128
32226
32129
32227
32130
32228
32131
32229
32132
32230
32133
32231
32134
32232
32135
32233
32136
32234
32137
32235
32138
32236
32139
32237
32140
32238
32141
32239
32142
32240
32143
32241
32144
32242
32145
32243
32146
32244
32147
32245
32148
32246
32149
32247
32150
32248
32151
32249
32152
32250
32153
32251
32154
32252
32155
32253
32156
32254
32157
32255
32158
32256
32159
32257
32160
32258
32161
32259
32162
32260
32163
32261
32164
32262
32165
32263
32166
32264
32167
32265
32168
32266
32169
32267
32170
32268
32171
32269
32172
32270
32173
32271
32174
32272
32273
32176
32274
32177
32275
32178
32276
32179
32277
32180
32278
32181
32279
32182
32280
32183
32281
32184
32282
32185
32283
32186
32284
32187
32285
32188
32286
32189
32287
32190
32288
32191
32289
32192
32290
32193
32291
32194
32292
32195
32293
32196
32294
32197
32295
32198
32296
32199
32297
32200
32298
32201
32299
32202
32300
32203
32301
32204
32302
32205
32303
32206
32304
32207
32305
32208
32306
32209
32307
32210
32308
32211
32309
32212
32310
32213
32311
32214
32312
32215
32313
32216
32314
32217
32315
32218
32316
32219
32317
32220
32318
32221
32319
32222
32320
32223
32321
32224
32322
32225
32323
32226
32324
32227
32325
32228
32326
32229
32327
32230
32328
32231
32329
32232
32330
32233
32331
32234
32332
32235
32333
32236
32334
32237
32335
32238
32336
32239
32337
32240
32338
32241
32339
32242
32340
32243
32341
32244
32342
32245
32343
32246
32344
32247
32345
32248
32346
32249
32347
32250
32348
32251
32349
32252
32350
32253
32351
32254
32352
32255
32353
32256
32354
32257
32355
32258
32356
32259
32357
32260
32358
32261
32359
32262
32360
32263
32361
32264
32362
32265
32363
32266
32364
32267
32365
32268
32366
32269
32367
32270
32368
32271
32369
32272
32370
32273
32371
32372
32275
32373
32276
32374
32277
32375
32278
32376
32279
32377
32280
32378
32281
32379
32282
32380
32283
32381
32284
32382
32285
32383
32286
32384
32287
32385
32288
32386
32289
32387
32290
32388
32291
32389
32292
32390
32293
32391
32294
32392
32295
32393
32296
32394
32297
32395
32298
32396
32299
32397
32300
32398
32301
32399
32302
32400
32303
32401
32304
32402
32305
32403
32306
32404
32307
32405
32308
32406
32309
32407
32310
32408
32311
32409
32312
32410
32313
32411
32314
32412
32315
32413
32316
32414
32317
32415
32318
32416
32319
32417
32320
32418
32321
32419
32322
32420
32323
32421
32324
32422
32325
32423
32326
32424
32327
32425
32328
32426
32329
32427
32330
32428
32331
32429
32332
32430
32333
32431
32334
32432
32335
32433
32336
32434
32337
32435
32338
32436
32339
32437
32340
32438
32341
32439
32342
32440
32343
32441
32344
32442
32345
32443
32346
32444
32347
32445
32348
32446
32349
32447
32350
32448
32351
32449
32352
32450
32353
32451
32354
32452
32355
32453
32356
32454
32357
32455
32358
32456
32359
32457
32360
32458
32361
32459
32362
32460
32363
32461
32364
32462
32365
32463
32366
32464
32367
32465
32368
32466
32369
32467
32370
32468
32371
32469
32372
32470
32471
32374
32472
32375
32473
32376
32474
32377
32475
32378
32476
32379
32477
32380
32478
32381
32479
32382
32480
32383
32481
32384
32482
32385
32483
32386
32484
32387
32485
32388
32486
32389
32487
32390
32488
32391
32489
32392
32490
32393
32491
32394
32492
32395
32493
32396
32494
32397
32495
32398
32496
32399
32497
32400
32498
32401
32499
32402
32500
32403
32501
32404
32502
32405
32503
32406
32504
32407
32505
32408
32506
32409
32507
32410
32508
32411
32509
32412
32510
32413
32511
32414
32512
32415
32513
32416
32514
32417
32515
32418
32516
32419
32517
32420
32518
32421
32519
32422
32520
32423
32521
32424
32522
32425
32523
32426
32524
32427
32525
32428
32526
32429
32527
32430
32528
32431
32529
32432
32530
32433
32531
32434
32532
32435
32533
32436
32534
32437
32535
32438
32536
32439
32537
32440
32538
32441
32539
32442
32540
32443
32541
32444
32542
32445
32543
32446
32544
32447
32545
32448
32546
32449
32547
32450
32548
32451
32549
32452
32550
32453
32551
32454
32552
32455
32553
32456
32554
32457
32555
32458
32556
32459
32557
32460
32558
32461
32559
32462
32560
32463
32561
32464
32562
32465
32563
32466
32564
32467
32565
32468
32566
32469
32567
32470
32568
32471
32569
32570
32473
32571
32474
32572
32475
32573
32476
32574
32477
32575
32478
32576
32479
32577
32480
32578
32481
32579
32482
32580
32483
32581
32484
32582
32485
32583
32486
32584
32487
32585
32488
32586
32489
32587
32490
32588
32491
32589
32492
32590
32493
32591
32494
32592
32495
32593
32496
32594
32497
32595
32498
32596
32499
32597
32500
32598
32501
32599
32502
32600
32503
32601
32504
32602
32505
32603
32506
32604
32507
32605
32508
32606
32509
32607
32510
32608
32511
32609
32512
32610
32513
32611
32514
32612
32515
32613
32516
32614
32517
32615
32518
32616
32519
32617
32520
32618
32521
32619
32522
32620
32523
32621
32524
32622
32525
32623
32526
32624
32527
32625
32528
32626
32529
32627
32530
32628
32531
32629
32532
32630
32533
32631
32534
32632
32535
32633
32536
32634
32537
32635
32538
32636
32539
32637
32540
32638
32541
32639
32542
32640
32543
32641
32544
32642
32545
32643
32546
32644
32547
32645
32548
32646
32549
32647
32550
32648
32551
32649
32552
32650
32553
32651
32554
32652
32555
32653
32556
32654
32557
32655
32558
32656
32559
32657
32560
32658
32561
32659
32562
32660
32563
32661
32564
32662
32565
32663
32566
32664
32567
32665
32568
32666
32569
32667
32570
32668
32669
32572
32670
32573
32671
32574
32672
32575
32673
32576
32674
32577
32675
32578
32676
32579
32677
32580
32678
32581
32679
32582
32680
32583
32681
32584
32682
32585
32683
32586
32684
32587
32685
32588
32686
32589
32687
32590
32688
32591
32689
32592
32690
32593
32691
32594
32692
32595
32693
32596
32694
32597
32695
32598
32696
32599
32697
32600
32698
32601
32699
32602
32700
32603
32701
32604
32702
32605
32703
32606
32704
32607
32705
32608
32706
32609
32707
32610
32708
32611
32709
32612
32710
32613
32711
32614
32712
32615
32713
32616
32714
32617
32715
32618
32716
32619
32717
32620
32718
32621
32719
32622
32720
32623
32721
32624
32722
32625
32723
32626
32724
32627
32725
32628
32726
32629
32727
32630
32728
32631
32729
32632
32730
32633
32731
32634
32732
32635
32733
32636
32734
32637
32735
32638
32736
32639
32737
32640
32738
32641
32739
32642
32740
32643
32741
32644
32742
32645
32743
32646
32744
32647
32745
32648
32746
32649
32747
32650
32748
32651
32749
32652
32750
32653
32751
32654
32752
32655
32753
32656
32754
32657
32755
32658
32756
32659
32757
32660
32758
32661
32759
32662
32760
32663
32761
32664
32762
32665
32763
32666
32764
32667
32765
32668
32766
32669
32767
32768
32671
32769
32672
32770
32673
32771
32674
32772
32675
32773
32676
32774
32677
32775
32678
32776
32679
32777
32680
32778
32681
32779
32682
32780
32683
32781
32684
32782
32685
32783
32686
32784
32687
32785
32688
32786
32689
32787
32690
32788
32691
32789
32692
32790
32693
32791
32694
32792
32695
32793
32696
32794
32697
32795
32698
32796
32699
32797
32700
32798
32701
32799
32702
32800
32703
32801
32704
32802
32705
32803
32706
32804
32707
32805
32708
32806
32709
32807
32710
32808
32711
32809
32712
32810
32713
32811
32714
32812
32715
32813
32716
32814
32717
32815
32718
32816
32719
32817
32720
32818
32721
32819
32722
32820
32723
32821
32724
32822
32725
32823
32726
32824
32727
32825
32728
32826
32729
32827
32730
32828
32731
32829
32732
32830
32733
32831
32734
32832
32735
32833
32736
32834
32737
32835
32738
32836
32739
32837
32740
32838
32741
32839
32742
32840
32743
32841
32744
32842
32745
32843
32746
32844
32747
32845
32748
32846
32749
32847
32750
32848
32751
32849
32752
32850
32753
32851
32754
32852
32755
32853
32756
32854
32757
32855
32758
32856
32759
32857
32760
32858
32761
32859
32762
32860
32763
32861
32764
32862
32765
32863
32766
32864
32767
32865
32768
32866
32867
32770
32868
32771
32869
32772
32870
32773
32871
32774
32872
32775
32873
32776
32874
32777
32875
32778
32876
32779
32877
32780
32878
32781
32879
32782
32880
32783
32881
32784
32882
32785
32883
32786
32884
32787
32885
32788
32886
32789
32887
32790
32888
32791
32889
32792
32890
32793
32891
32794
32892
32795
32893
32796
32894
32797
32895
32798
32896
32799
32897
32800
32898
32801
32899
32802
32900
32803
32901
32804
32902
32805
32903
32806
32904
32807
32905
32808
32906
32809
32907
32810
32908
32811
32909
32812
32910
32813
32911
32814
32912
32815
32913
32816
32914
32817
32915
32818
32916
32819
32917
32820
32918
32821
32919
32822
32920
32823
32921
32824
32922
32825
32923
32826
32924
32827
32925
32828
32926
32829
32927
32830
32928
32831
32929
32832
32930
32833
32931
32834
32932
32835
32933
32836
32934
32837
32935
32838
32936
32839
32937
32840
32938
32841
32939
32842
32940
32843
32941
32844
32942
32845
32943
32846
32944
32847
32945
32848
32946
32849
32947
32850
32948
32851
32949
32852
32950
32853
32951
32854
32952
32855
32953
32856
32954
32857
32955
32858
32956
32859
32957
32860
32958
32861
32959
32862
32960
32863
32961
32864
32962
32865
32963
32866
32964
32867
32965
32966
32869
32967
32870
32968
32871
32969
32872
32970
32873
32971
32874
32972
32875
32973
32876
32974
32877
32975
32878
32976
32879
32977
32880
32978
32881
32979
32882
32980
32883
32981
32884
32982
32885
32983
32886
32984
32887
32985
32888
32986
32889
32987
32890
32988
32891
32989
32892
32990
32893
32991
32894
32992
32895
32993
32896
32994
32897
32995
32898
32996
32899
32997
32900
32998
32901
32999
32902
33000
32903
33001
32904
33002
32905
33003
32906
33004
32907
33005
32908
33006
32909
33007
32910
33008
32911
33009
32912
33010
32913
33011
32914
33012
32915
33013
32916
33014
32917
33015
32918
33016
32919
33017
32920
33018
32921
33019
32922
33020
32923
33021
32924
33022
32925
33023
32926
33024
32927
33025
32928
33026
32929
33027
32930
33028
32931
33029
32932
33030
32933
33031
32934
33032
32935
33033
32936
33034
32937
33035
32938
33036
32939
33037
32940
33038
32941
33039
32942
33040
32943
33041
32944
33042
32945
33043
32946
33044
32947
33045
32948
33046
32949
33047
32950
33048
32951
33049
32952
33050
32953
33051
32954
33052
32955
33053
32956
33054
32957
33055
32958
33056
32959
33057
32960
33058
32961
33059
32962
33060
32963
33061
32964
33062
32965
33063
32966
33064
33065
32968
33066
32969
33067
32970
33068
32971
33069
32972
33070
32973
33071
32974
33072
32975
33073
32976
33074
32977
33075
32978
33076
32979
33077
32980
33078
32981
33079
32982
33080
32983
33081
32984
33082
32985
33083
32986
33084
32987
33085
32988
33086
32989
33087
32990
33088
32991
33089
32992
33090
32993
33091
32994
33092
32995
33093
32996
33094
32997
33095
32998
33096
32999
33097
33000
33098
33001
33099
33002
33100
33003
33101
33004
33102
33005
33103
33006
33104
33007
33105
33008
33106
33009
33107
33010
33108
33011
33109
33012
33110
33013
33111
33014
33112
33015
33113
33016
33114
33017
33115
33018
33116
33019
33117
33020
33118
33021
33119
33022
33120
33023
33121
33024
33122
33025
33123
33026
33124
33027
33125
33028
33126
33029
33127
33030
33128
33031
33129
33032
33130
33033
33131
33034
33132
33035
33133
33036
33134
33037
33135
33038
33136
33039
33137
33040
33138
33041
33139
33042
33140
33043
33141
33044
33142
33045
33143
33046
33144
33047
33145
33048
33146
33049
33147
33050
33148
33051
33149
33052
33150
33053
33151
33054
33152
33055
33153
33056
33154
33057
33155
33058
33156
33059
33157
33060
33158
33061
33159
33062
33160
33063
33161
33064
33162
33065
33163
33164
33067
33165
33068
33166
33069
33167
33070
33168
33071
33169
33072
33170
33073
33171
33074
33172
33075
33173
33076
33174
33077
33175
33078
33176
33079
33177
33080
33178
33081
33179
33082
33180
33083
33181
33084
33182
33085
33183
33086
33184
33087
33185
33088
33186
33089
33187
33090
33188
33091
33189
33092
33190
33093
33191
33094
33192
33095
33193
33096
33194
33097
33195
33098
33196
33099
33197
33100
33198
33101
33199
33102
33200
33103
33201
33104
33202
33105
33203
33106
33204
33107
33205
33108
33206
33109
33207
33110
33208
33111
33209
33112
33210
33113
33211
33114
33212
33115
33213
33116
33214
33117
33215
33118
33216
33119
33217
33120
33218
33121
33219
33122
33220
33123
33221
33124
33222
33125
33223
33126
33224
33127
33225
33128
33226
33129
33227
33130
33228
33131
33229
33132
33230
33133
33231
33134
33232
33135
33233
33136
33234
33137
33235
33138
33236
33139
33237
33140
33238
33141
33239
33142
33240
33143
33241
33144
33242
33145
33243
33146
33244
33147
33245
33148
33246
33149
33247
33150
33248
33151
33249
33152
33250
33153
33251
33154
33252
33155
33253
33156
33254
33157
33255
33158
33256
33159
33257
33160
33258
33161
33259
33162
33260
33163
33261
33164
33262
33263
33166
33264
33167
33265
33168
33266
33169
33267
33170
33268
33171
33269
33172
33270
33173
33271
33174
33272
33175
33273
33176
33274
33177
33275
33178
33276
33179
33277
33180
33278
33181
33279
33182
33280
33183
33281
33184
33282
33185
33283
33186
33284
33187
33285
33188
33286
33189
33287
33190
33288
33191
33289
33192
33290
33193
33291
33194
33292
33195
33293
33196
33294
33197
33295
33198
33296
33199
33297
33200
33298
33201
33299
33202
33300
33203
33301
33204
33302
33205
33303
33206
33304
33207
33305
33208
33306
33209
33307
33210
33308
33211
33309
33212
33310
33213
33311
33214
33312
33215
33313
33216
33314
33217
33315
33218
33316
33219
33317
33220
33318
33221
33319
33222
33320
33223
33321
33224
33322
33225
33323
33226
33324
33227
33325
33228
33326
33229
33327
33230
33328
33231
33329
33232
33330
33233
33331
33234
33332
33235
33333
33236
33334
33237
33335
33238
33336
33239
33337
33240
33338
33241
33339
33242
33340
33243
33341
33244
33342
33245
33343
33246
33344
33247
33345
33248
33346
33249
33347
33250
33348
33251
33349
33252
33350
33253
33351
33254
33352
33255
33353
33256
33354
33257
33355
33258
33356
33259
33357
33260
33358
33261
33359
33262
33360
33263
33361
33362
33265
33363
33266
33364
33267
33365
33268
33366
33269
33367
33270
33368
33271
33369
33272
33370
33273
33371
33274
33372
33275
33373
33276
33374
33277
33375
33278
33376
33279
33377
33280
33378
33281
33379
33282
33380
33283
33381
33284
33382
33285
33383
33286
33384
33287
33385
33288
33386
33289
33387
33290
33388
33291
33389
33292
33390
33293
33391
33294
33392
33295
33393
33296
33394
33297
33395
33298
33396
33299
33397
33300
33398
33301
33399
33302
33400
33303
33401
33304
33402
33305
33403
33306
33404
33307
33405
33308
33406
33309
33407
33310
33408
33311
33409
33312
33410
33313
33411
33314
33412
33315
33413
33316
33414
33317
33415
33318
33416
33319
33417
33320
33418
33321
33419
33322
33420
33323
33421
33324
33422
33325
33423
33326
33424
33327
33425
33328
33426
33329
33427
33330
33428
33331
33429
33332
33430
33333
33431
33334
33432
33335
33433
33336
33434
33337
33435
33338
33436
33339
33437
33340
33438
33341
33439
33342
33440
33343
33441
33344
33442
33345
33443
33346
33444
33347
33445
33348
33446
33349
33447
33350
33448
33351
33449
33352
33450
33353
33451
33354
33452
33355
33453
33356
33454
33357
33455
33358
33456
33359
33457
33360
33458
33361
33459
33362
33460
33461
33364
33462
33365
33463
33366
33464
33367
33465
33368
33466
33369
33467
33370
33468
33371
33469
33372
33470
33373
33471
33374
33472
33375
33473
33376
33474
33377
33475
33378
33476
33379
33477
33380
33478
33381
33479
33382
33480
33383
33481
33384
33482
33385
33483
33386
33484
33387
33485
33388
33486
33389
33487
33390
33488
33391
33489
33392
33490
33393
33491
33394
33492
33395
33493
33396
33494
33397
33495
33398
33496
33399
33497
33400
33498
33401
33499
33402
33500
33403
33501
33404
33502
33405
33503
33406
33504
33407
33505
33408
33506
33409
33507
33410
33508
33411
33509
33412
33510
33413
33511
33414
33512
33415
33513
33416
33514
33417
33515
33418
33516
33419
33517
33420
33518
33421
33519
33422
33520
33423
33521
33424
33522
33425
33523
33426
33524
33427
33525
33428
33526
33429
33527
33430
33528
33431
33529
33432
33530
33433
33531
33434
33532
33435
33533
33436
33534
33437
33535
33438
33536
33439
33537
33440
33538
33441
33539
33442
33540
33443
33541
33444
33542
33445
33543
33446
33544
33447
33545
33448
33546
33449
33547
33450
33548
33451
33549
33452
33550
33453
33551
33454
33552
33455
33553
33456
33554
33457
33555
33458
33556
33459
33557
33460
33558
33461
33559
33560
33463
33561
33464
33562
33465
33563
33466
33564
33467
33565
33468
33566
33469
33567
33470
33568
33471
33569
33472
33570
33473
33571
33474
33572
33475
33573
33476
33574
33477
33575
33478
33576
33479
33577
33480
33578
33481
33579
33482
33580
33483
33581
33484
33582
33485
33583
33486
33584
33487
33585
33488
33586
33489
33587
33490
33588
33491
33589
33492
33590
33493
33591
33494
33592
33495
33593
33496
33594
33497
33595
33498
33596
33499
33597
33500
33598
33501
33599
33502
33600
33503
33601
33504
33602
33505
33603
33506
33604
33507
33605
33508
33606
33509
33607
33510
33608
33511
33609
33512
33610
33513
33611
33514
33612
33515
33613
33516
33614
33517
33615
33518
33616
33519
33617
33520
33618
33521
33619
33522
33620
33523
33621
33524
33622
33525
33623
33526
33624
33527
33625
33528
33626
33529
33627
33530
33628
33531
33629
33532
33630
33533
33631
33534
33632
33535
33633
33536
33634
33537
33635
33538
33636
33539
33637
33540
33638
33541
33639
33542
33640
33543
33641
33544
33642
33545
33643
33546
33644
33547
33645
33548
33646
33549
33647
33550
33648
33551
33649
33552
33650
33553
33651
33554
33652
33555
33653
33556
33654
33557
33655
33558
33656
33559
33657
33560
33658
33659
33562
33660
33563
33661
33564
33662
33565
33663
33566
33664
33567
33665
33568
33666
33569
33667
33570
33668
33571
33669
33572
33670
33573
33671
33574
33672
33575
33673
33576
33674
33577
33675
33578
33676
33579
33677
33580
33678
33581
33679
33582
33680
33583
33681
33584
33682
33585
33683
33586
33684
33587
33685
33588
33686
33589
33687
33590
33688
33591
33689
33592
33690
33593
33691
33594
33692
33595
33693
33596
33694
33597
33695
33598
33696
33599
33697
33600
33698
33601
33699
33602
33700
33603
33701
33604
33702
33605
33703
33606
33704
33607
33705
33608
33706
33609
33707
33610
33708
33611
33709
33612
33710
33613
33711
33614
33712
33615
33713
33616
33714
33617
33715
33618
33716
33619
33717
33620
33718
33621
33719
33622
33720
33623
33721
33624
33722
33625
33723
33626
33724
33627
33725
33628
33726
33629
33727
33630
33728
33631
33729
33632
33730
33633
33731
33634
33732
33635
33733
33636
33734
33637
33735
33638
33736
33639
33737
33640
33738
33641
33739
33642
33740
33643
33741
33644
33742
33645
33743
33646
33744
33647
33745
33648
33746
33649
33747
33650
33748
33651
33749
33652
33750
33653
33751
33654
33752
33655
33753
33656
33754
33657
33755
33658
33756
33659
33757
33758
33661
33759
33662
33760
33663
33761
33664
33762
33665
33763
33666
33764
33667
33765
33668
33766
33669
33767
33670
33768
33671
33769
33672
33770
33673
33771
33674
33772
33675
33773
33676
33774
33677
33775
33678
33776
33679
33777
33680
33778
33681
33779
33682
33780
33683
33781
33684
33782
33685
33783
33686
33784
33687
33785
33688
33786
33689
33787
33690
33788
33691
33789
33692
33790
33693
33791
33694
33792
33695
33793
33696
33794
33697
33795
33698
33796
33699
33797
33700
33798
33701
33799
33702
33800
33703
33801
33704
33802
33705
33803
33706
33804
33707
33805
33708
33806
33709
33807
33710
33808
33711
33809
33712
33810
33713
33811
33714
33812
33715
33813
33716
33814
33717
33815
33718
33816
33719
33817
33720
33818
33721
33819
33722
33820
33723
33821
33724
33822
33725
33823
33726
33824
33727
33825
33728
33826
33729
33827
33730
33828
33731
33829
33732
33830
33733
33831
33734
33832
33735
33833
33736
33834
33737
33835
33738
33836
33739
33837
33740
33838
33741
33839
33742
33840
33743
33841
33744
33842
33745
33843
33746
33844
33747
33845
33748
33846
33749
33847
33750
33848
33751
33849
33752
33850
33753
33851
33754
33852
33755
33853
33756
33854
33757
33855
33758
33856
33857
33760
33858
33761
33859
33762
33860
33763
33861
33764
33862
33765
33863
33766
33864
33767
33865
33768
33866
33769
33867
33770
33868
33771
33869
33772
33870
33773
33871
33774
33872
33775
33873
33776
33874
33777
33875
33778
33876
33779
33877
33780
33878
33781
33879
33782
33880
33783
33881
33784
33882
33785
33883
33786
33884
33787
33885
33788
33886
33789
33887
33790
33888
33791
33889
33792
33890
33793
33891
33794
33892
33795
33893
33796
33894
33797
33895
33798
33896
33799
33897
33800
33898
33801
33899
33802
33900
33803
33901
33804
33902
33805
33903
33806
33904
33807
33905
33808
33906
33809
33907
33810
33908
33811
33909
33812
33910
33813
33911
33814
33912
33815
33913
33816
33914
33817
33915
33818
33916
33819
33917
33820
33918
33821
33919
33822
33920
33823
33921
33824
33922
33825
33923
33826
33924
33827
33925
33828
33926
33829
33927
33830
33928
33831
33929
33832
33930
33833
33931
33834
33932
33835
33933
33836
33934
33837
33935
33838
33936
33839
33937
33840
33938
33841
33939
33842
33940
33843
33941
33844
33942
33845
33943
33846
33944
33847
33945
33848
33946
33849
33947
33850
33948
33851
33949
33852
33950
33853
33951
33854
33952
33855
33953
33856
33954
33857
33955
33956
33859
33957
33860
33958
33861
33959
33862
33960
33863
33961
33864
33962
33865
33963
33866
33964
33867
33965
33868
33966
33869
33967
33870
33968
33871
33969
33872
33970
33873
33971
33874
33972
33875
33973
33876
33974
33877
33975
33878
33976
33879
33977
33880
33978
33881
33979
33882
33980
33883
33981
33884
33982
33885
33983
33886
33984
33887
33985
33888
33986
33889
33987
33890
33988
33891
33989
33892
33990
33893
33991
33894
33992
33895
33993
33896
33994
33897
33995
33898
33996
33899
33997
33900
33998
33901
33999
33902
34000
33903
34001
33904
34002
33905
34003
33906
34004
33907
34005
33908
34006
33909
34007
33910
34008
33911
34009
33912
34010
33913
34011
33914
34012
33915
34013
33916
34014
33917
34015
33918
34016
33919
34017
33920
34018
33921
34019
33922
34020
33923
34021
33924
34022
33925
34023
33926
34024
33927
34025
33928
34026
33929
34027
33930
34028
33931
34029
33932
34030
33933
34031
33934
34032
33935
34033
33936
34034
33937
34035
33938
34036
33939
34037
33940
34038
33941
34039
33942
34040
33943
34041
33944
34042
33945
34043
33946
34044
33947
34045
33948
34046
33949
34047
33950
34048
33951
34049
33952
34050
33953
34051
33954
34052
33955
34053
33956
34054
34055
33958
34056
33959
34057
33960
34058
33961
34059
33962
34060
33963
34061
33964
34062
33965
34063
33966
34064
33967
34065
33968
34066
33969
34067
33970
34068
33971
34069
33972
34070
33973
34071
33974
34072
33975
34073
33976
34074
33977
34075
33978
34076
33979
34077
33980
34078
33981
34079
33982
34080
33983
34081
33984
34082
33985
34083
33986
34084
33987
34085
33988
34086
33989
34087
33990
34088
33991
34089
33992
34090
33993
34091
33994
34092
33995
34093
33996
34094
33997
34095
33998
34096
33999
34097
34000
34098
34001
34099
34002
34100
34003
34101
34004
34102
34005
34103
34006
34104
34007
34105
34008
34106
34009
34107
34010
34108
34011
34109
34012
34110
34013
34111
34014
34112
34015
34113
34016
34114
34017
34115
34018
34116
34019
34117
34020
34118
34021
34119
34022
34120
34023
34121
34024
34122
34025
34123
34026
34124
34027
34125
34028
34126
34029
34127
34030
34128
34031
34129
34032
34130
34033
34131
34034
34132
34035
34133
34036
34134
34037
34135
34038
34136
34039
34137
34040
34138
34041
34139
34042
34140
34043
34141
34044
34142
34045
34143
34046
34144
34047
34145
34048
34146
34049
34147
34050
34148
34051
34149
34052
34150
34053
34151
34054
34152
34055
34153
34154
34057
34155
34058
34156
34059
34157
34060
34158
34061
34159
34062
34160
34063
34161
34064
34162
34065
34163
34066
34164
34067
34165
34068
34166
34069
34167
34070
34168
34071
34169
34072
34170
34073
34171
34074
34172
34075
34173
34076
34174
34077
34175
34078
34176
34079
34177
34080
34178
34081
34179
34082
34180
34083
34181
34084
34182
34085
34183
34086
34184
34087
34185
34088
34186
34089
34187
34090
34188
34091
34189
34092
34190
34093
34191
34094
34192
34095
34193
34096
34194
34097
34195
34098
34196
34099
34197
34100
34198
34101
34199
34102
34200
34103
34201
34104
34202
34105
34203
34106
34204
34107
34205
34108
34206
34109
34207
34110
34208
34111
34209
34112
34210
34113
34211
34114
34212
34115
34213
34116
34214
34117
34215
34118
34216
34119
34217
34120
34218
34121
34219
34122
34220
34123
34221
34124
34222
34125
34223
34126
34224
34127
34225
34128
34226
34129
34227
34130
34228
34131
34229
34132
34230
34133
34231
34134
34232
34135
34233
34136
34234
34137
34235
34138
34236
34139
34237
34140
34238
34141
34239
34142
34240
34143
34241
34144
34242
34145
34243
34146
34244
34147
34245
34148
34246
34149
34247
34150
34248
34151
34249
34152
34250
34153
34251
34154
34252
34253
34156
34254
34157
34255
34158
34256
34159
34257
34160
34258
34161
34259
34162
34260
34163
34261
34164
34262
34165
34263
34166
34264
34167
34265
34168
34266
34169
34267
34170
34268
34171
34269
34172
34270
34173
34271
34174
34272
34175
34273
34176
34274
34177
34275
34178
34276
34179
34277
34180
34278
34181
34279
34182
34280
34183
34281
34184
34282
34185
34283
34186
34284
34187
34285
34188
34286
34189
34287
34190
34288
34191
34289
34192
34290
34193
34291
34194
34292
34195
34293
34196
34294
34197
34295
34198
34296
34199
34297
34200
34298
34201
34299
34202
34300
34203
34301
34204
34302
34205
34303
34206
34304
34207
34305
34208
34306
34209
34307
34210
34308
34211
34309
34212
34310
34213
34311
34214
34312
34215
34313
34216
34314
34217
34315
34218
34316
34219
34317
34220
34318
34221
34319
34222
34320
34223
34321
34224
34322
34225
34323
34226
34324
34227
34325
34228
34326
34229
34327
34230
34328
34231
34329
34232
34330
34233
34331
34234
34332
34235
34333
34236
34334
34237
34335
34238
34336
34239
34337
34240
34338
34241
34339
34242
34340
34243
34341
34244
34342
34245
34343
34246
34344
34247
34345
34248
34346
34249
34347
34250
34348
34251
34349
34252
34350
34253
34351
34352
34255
34353
34256
34354
34257
34355
34258
34356
34259
34357
34260
34358
34261
34359
34262
34360
34263
34361
34264
34362
34265
34363
34266
34364
34267
34365
34268
34366
34269
34367
34270
34368
34271
34369
34272
34370
34273
34371
34274
34372
34275
34373
34276
34374
34277
34375
34278
34376
34279
34377
34280
34378
34281
34379
34282
34380
34283
34381
34284
34382
34285
34383
34286
34384
34287
34385
34288
34386
34289
34387
34290
34388
34291
34389
34292
34390
34293
34391
34294
34392
34295
34393
34296
34394
34297
34395
34298
34396
34299
34397
34300
34398
34301
34399
34302
34400
34303
34401
34304
34402
34305
34403
34306
34404
34307
34405
34308
34406
34309
34407
34310
34408
34311
34409
34312
34410
34313
34411
34314
34412
34315
34413
34316
34414
34317
34415
34318
34416
34319
34417
34320
34418
34321
34419
34322
34420
34323
34421
34324
34422
34325
34423
34326
34424
34327
34425
34328
34426
34329
34427
34330
34428
34331
34429
34332
34430
34333
34431
34334
34432
34335
34433
34336
34434
34337
34435
34338
34436
34339
34437
34340
34438
34341
34439
34342
34440
34343
34441
34344
34442
34345
34443
34346
34444
34347
34445
34348
34446
34349
34447
34350
34448
34351
34449
34352
34450
34451
34354
34452
34355
34453
34356
34454
34357
34455
34358
34456
34359
34457
34360
34458
34361
34459
34362
34460
34363
34461
34364
34462
34365
34463
34366
34464
34367
34465
34368
34466
34369
34467
34370
34468
34371
34469
34372
34470
34373
34471
34374
34472
34375
34473
34376
34474
34377
34475
34378
34476
34379
34477
34380
34478
34381
34479
34382
34480
34383
34481
34384
34482
34385
34483
34386
34484
34387
34485
34388
34486
34389
34487
34390
34488
34391
34489
34392
34490
34393
34491
34394
34492
34395
34493
34396
34494
34397
34495
34398
34496
34399
34497
34400
34498
34401
34499
34402
34500
34403
34501
34404
34502
34405
34503
34406
34504
34407
34505
34408
34506
34409
34507
34410
34508
34411
34509
34412
34510
34413
34511
34414
34512
34415
34513
34416
34514
34417
34515
34418
34516
34419
34517
34420
34518
34421
34519
34422
34520
34423
34521
34424
34522
34425
34523
34426
34524
34427
34525
34428
34526
34429
34527
34430
34528
34431
34529
34432
34530
34433
34531
34434
34532
34435
34533
34436
34534
34437
34535
34438
34536
34439
34537
34440
34538
34441
34539
34442
34540
34443
34541
34444
34542
34445
34543
34446
34544
34447
34545
34448
34546
34449
34547
34450
34548
34451
34549
34550
34453
34551
34454
34552
34455
34553
34456
34554
34457
34555
34458
34556
34459
34557
34460
34558
34461
34559
34462
34560
34463
34561
34464
34562
34465
34563
34466
34564
34467
34565
34468
34566
34469
34567
34470
34568
34471
34569
34472
34570
34473
34571
34474
34572
34475
34573
34476
34574
34477
34575
34478
34576
34479
34577
34480
34578
34481
34579
34482
34580
34483
34581
34484
34582
34485
34583
34486
34584
34487
34585
34488
34586
34489
34587
34490
34588
34491
34589
34492
34590
34493
34591
34494
34592
34495
34593
34496
34594
34497
34595
34498
34596
34499
34597
34500
34598
34501
34599
34502
34600
34503
34601
34504
34602
34505
34603
34506
34604
34507
34605
34508
34606
34509
34607
34510
34608
34511
34609
34512
34610
34513
34611
34514
34612
34515
34613
34516
34614
34517
34615
34518
34616
34519
34617
34520
34618
34521
34619
34522
34620
34523
34621
34524
34622
34525
34623
34526
34624
34527
34625
34528
34626
34529
34627
34530
34628
34531
34629
34532
34630
34533
34631
34534
34632
34535
34633
34536
34634
34537
34635
34538
34636
34539
34637
34540
34638
34541
34639
34542
34640
34543
34641
34544
34642
34545
34643
34546
34644
34547
34645
34548
34646
34549
34647
34550
34648
34649
34552
34650
34553
34651
34554
34652
34555
34653
34556
34654
34557
34655
34558
34656
34559
34657
34560
34658
34561
34659
34562
34660
34563
34661
34564
34662
34565
34663
34566
34664
34567
34665
34568
34666
34569
34667
34570
34668
34571
34669
34572
34670
34573
34671
34574
34672
34575
34673
34576
34674
34577
34675
34578
34676
34579
34677
34580
34678
34581
34679
34582
34680
34583
34681
34584
34682
34585
34683
34586
34684
34587
34685
34588
34686
34589
34687
34590
34688
34591
34689
34592
34690
34593
34691
34594
34692
34595
34693
34596
34694
34597
34695
34598
34696
34599
34697
34600
34698
34601
34699
34602
34700
34603
34701
34604
34702
34605
34703
34606
34704
34607
34705
34608
34706
34609
34707
34610
34708
34611
34709
34612
34710
34613
34711
34614
34712
34615
34713
34616
34714
34617
34715
34618
34716
34619
34717
34620
34718
34621
34719
34622
34720
34623
34721
34624
34722
34625
34723
34626
34724
34627
34725
34628
34726
34629
34727
34630
34728
34631
34729
34632
34730
34633
34731
34634
34732
34635
34733
34636
34734
34637
34735
34638
34736
34639
34737
34640
34738
34641
34739
34642
34740
34643
34741
34644
34742
34645
34743
34646
34744
34647
34745
34648
34746
34649
34747
34748
34651
34749
34652
34750
34653
34751
34654
34752
34655
34753
34656
34754
34657
34755
34658
34756
34659
34757
34660
34758
34661
34759
34662
34760
34663
34761
34664
34762
34665
34763
34666
34764
34667
34765
34668
34766
34669
34767
34670
34768
34671
34769
34672
34770
34673
34771
34674
34772
34675
34773
34676
34774
34677
34775
34678
34776
34679
34777
34680
34778
34681
34779
34682
34780
34683
34781
34684
34782
34685
34783
34686
34784
34687
34785
34688
34786
34689
34787
34690
34788
34691
34789
34692
34790
34693
34791
34694
34792
34695
34793
34696
34794
34697
34795
34698
34796
34699
34797
34700
34798
34701
34799
34702
34800
34703
34801
34704
34802
34705
34803
34706
34804
34707
34805
34708
34806
34709
34807
34710
34808
34711
34809
34712
34810
34713
34811
34714
34812
34715
34813
34716
34814
34717
34815
34718
34816
34719
34817
34720
34818
34721
34819
34722
34820
34723
34821
34724
34822
34725
34823
34726
34824
34727
34825
34728
34826
34729
34827
34730
34828
34731
34829
34732
34830
34733
34831
34734
34832
34735
34833
34736
34834
34737
34835
34738
34836
34739
34837
34740
34838
34741
34839
34742
34840
34743
34841
34744
34842
34745
34843
34746
34844
34747
34845
34748
34846
34847
34750
34848
34751
34849
34752
34850
34753
34851
34754
34852
34755
34853
34756
34854
34757
34855
34758
34856
34759
34857
34760
34858
34761
34859
34762
34860
34763
34861
34764
34862
34765
34863
34766
34864
34767
34865
34768
34866
34769
34867
34770
34868
34771
34869
34772
34870
34773
34871
34774
34872
34775
34873
34776
34874
34777
34875
34778
34876
34779
34877
34780
34878
34781
34879
34782
34880
34783
34881
34784
34882
34785
34883
34786
34884
34787
34885
34788
34886
34789
34887
34790
34888
34791
34889
34792
34890
34793
34891
34794
34892
34795
34893
34796
34894
34797
34895
34798
34896
34799
34897
34800
34898
34801
34899
34802
34900
34803
34901
34804
34902
34805
34903
34806
34904
34807
34905
34808
34906
34809
34907
34810
34908
34811
34909
34812
34910
34813
34911
34814
34912
34815
34913
34816
34914
34817
34915
34818
34916
34819
34917
34820
34918
34821
34919
34822
34920
34823
34921
34824
34922
34825
34923
34826
34924
34827
34925
34828
34926
34829
34927
34830
34928
34831
34929
34832
34930
34833
34931
34834
34932
34835
34933
34836
34934
34837
34935
34838
34936
34839
34937
34840
34938
34841
34939
34842
34940
34843
34941
34844
34942
34845
34943
34846
34944
34847
34945
34946
34849
34947
34850
34948
34851
34949
34852
34950
34853
34951
34854
34952
34855
34953
34856
34954
34857
34955
34858
34956
34859
34957
34860
34958
34861
34959
34862
34960
34863
34961
34864
34962
34865
34963
34866
34964
34867
34965
34868
34966
34869
34967
34870
34968
34871
34969
34872
34970
34873
34971
34874
34972
34875
34973
34876
34974
34877
34975
34878
34976
34879
34977
34880
34978
34881
34979
34882
34980
34883
34981
34884
34982
34885
34983
34886
34984
34887
34985
34888
34986
34889
34987
34890
34988
34891
34989
34892
34990
34893
34991
34894
34992
34895
34993
34896
34994
34897
34995
34898
34996
34899
34997
34900
34998
34901
34999
34902
35000
34903
35001
34904
35002
34905
35003
34906
35004
34907
35005
34908
35006
34909
35007
34910
35008
34911
35009
34912
35010
34913
35011
34914
35012
34915
35013
34916
35014
34917
35015
34918
35016
34919
35017
34920
35018
34921
35019
34922
35020
34923
35021
34924
35022
34925
35023
34926
35024
34927
35025
34928
35026
34929
35027
34930
35028
34931
35029
34932
35030
34933
35031
34934
35032
34935
35033
34936
35034
34937
35035
34938
35036
34939
35037
34940
35038
34941
35039
34942
35040
34943
35041
34944
35042
34945
35043
34946
35044
35045
34948
35046
34949
35047
34950
35048
34951
35049
34952
35050
34953
35051
34954
35052
34955
35053
34956
35054
34957
35055
34958
35056
34959
35057
34960
35058
34961
35059
34962
35060
34963
35061
34964
35062
34965
35063
34966
35064
34967
35065
34968
35066
34969
35067
34970
35068
34971
35069
34972
35070
34973
35071
34974
35072
34975
35073
34976
35074
34977
35075
34978
35076
34979
35077
34980
35078
34981
35079
34982
35080
34983
35081
34984
35082
34985
35083
34986
35084
34987
35085
34988
35086
34989
35087
34990
35088
34991
35089
34992
35090
34993
35091
34994
35092
34995
35093
34996
35094
34997
35095
34998
35096
34999
35097
35000
35098
35001
35099
35002
35100
35003
35101
35004
35102
35005
35103
35006
35104
35007
35105
35008
35106
35009
35107
35010
35108
35011
35109
35012
35110
35013
35111
35014
35112
35015
35113
35016
35114
35017
35115
35018
35116
35019
35117
35020
35118
35021
35119
35022
35120
35023
35121
35024
35122
35025
35123
35026
35124
35027
35125
35028
35126
35029
35127
35030
35128
35031
35129
35032
35130
35033
35131
35034
35132
35035
35133
35036
35134
35037
35135
35038
35136
35039
35137
35040
35138
35041
35139
35042
35140
35043
35141
35044
35142
35045
35143
35144
35047
35145
35048
35146
35049
35147
35050
35148
35051
35149
35052
35150
35053
35151
35054
35152
35055
35153
35056
35154
35057
35155
35058
35156
35059
35157
35060
35158
35061
35159
35062
35160
35063
35161
35064
35162
35065
35163
35066
35164
35067
35165
35068
35166
35069
35167
35070
35168
35071
35169
35072
35170
35073
35171
35074
35172
35075
35173
35076
35174
35077
35175
35078
35176
35079
35177
35080
35178
35081
35179
35082
35180
35083
35181
35084
35182
35085
35183
35086
35184
35087
35185
35088
35186
35089
35187
35090
35188
35091
35189
35092
35190
35093
35191
35094
35192
35095
35193
35096
35194
35097
35195
35098
35196
35099
35197
35100
35198
35101
35199
35102
35200
35103
35201
35104
35202
35105
35203
35106
35204
35107
35205
35108
35206
35109
35207
35110
35208
35111
35209
35112
35210
35113
35211
35114
35212
35115
35213
35116
35214
35117
35215
35118
35216
35119
35217
35120
35218
35121
35219
35122
35220
35123
35221
35124
35222
35125
35223
35126
35224
35127
35225
35128
35226
35129
35227
35130
35228
35131
35229
35132
35230
35133
35231
35134
35232
35135
35233
35136
35234
35137
35235
35138
35236
35139
35237
35140
35238
35141
35239
35142
35240
35143
35241
35144
35242
35243
35146
35244
35147
35245
35148
35246
35149
35247
35150
35248
35151
35249
35152
35250
35153
35251
35154
35252
35155
35253
35156
35254
35157
35255
35158
35256
35159
35257
35160
35258
35161
35259
35162
35260
35163
35261
35164
35262
35165
35263
35166
35264
35167
35265
35168
35266
35169
35267
35170
35268
35171
35269
35172
35270
35173
35271
35174
35272
35175
35273
35176
35274
35177
35275
35178
35276
35179
35277
35180
35278
35181
35279
35182
35280
35183
35281
35184
35282
35185
35283
35186
35284
35187
35285
35188
35286
35189
35287
35190
35288
35191
35289
35192
35290
35193
35291
35194
35292
35195
35293
35196
35294
35197
35295
35198
35296
35199
35297
35200
35298
35201
35299
35202
35300
35203
35301
35204
35302
35205
35303
35206
35304
35207
35305
35208
35306
35209
35307
35210
35308
35211
35309
35212
35310
35213
35311
35214
35312
35215
35313
35216
35314
35217
35315
35218
35316
35219
35317
35220
35318
35221
35319
35222
35320
35223
35321
35224
35322
35225
35323
35226
35324
35227
35325
35228
35326
35229
35327
35230
35328
35231
35329
35232
35330
35233
35331
35234
35332
35235
35333
35236
35334
35237
35335
35238
35336
35239
35337
35240
35338
35241
35339
35242
35340
35243
35341
35342
35245
35343
35246
35344
35247
35345
35248
35346
35249
35347
35250
35348
35251
35349
35252
35350
35253
35351
35254
35352
35255
35353
35256
35354
35257
35355
35258
35356
35259
35357
35260
35358
35261
35359
35262
35360
35263
35361
35264
35362
35265
35363
35266
35364
35267
35365
35268
35366
35269
35367
35270
35368
35271
35369
35272
35370
35273
35371
35274
35372
35275
35373
35276
35374
35277
35375
35278
35376
35279
35377
35280
35378
35281
35379
35282
35380
35283
35381
35284
35382
35285
35383
35286
35384
35287
35385
35288
35386
35289
35387
35290
35388
35291
35389
35292
35390
35293
35391
35294
35392
35295
35393
35296
35394
35297
35395
35298
35396
35299
35397
35300
35398
35301
35399
35302
35400
35303
35401
35304
35402
35305
35403
35306
35404
35307
35405
35308
35406
35309
35407
35310
35408
35311
35409
35312
35410
35313
35411
35314
35412
35315
35413
35316
35414
35317
35415
35318
35416
35319
35417
35320
35418
35321
35419
35322
35420
35323
35421
35324
35422
35325
35423
35326
35424
35327
35425
35328
35426
35329
35427
35330
35428
35331
35429
35332
35430
35333
35431
35334
35432
35335
35433
35336
35434
35337
35435
35338
35436
35339
35437
35340
35438
35341
35439
35342
35440
35441
35344
35442
35345
35443
35346
35444
35347
35445
35348
35446
35349
35447
35350
35448
35351
35449
35352
35450
35353
35451
35354
35452
35355
35453
35356
35454
35357
35455
35358
35456
35359
35457
35360
35458
35361
35459
35362
35460
35363
35461
35364
35462
35365
35463
35366
35464
35367
35465
35368
35466
35369
35467
35370
35468
35371
35469
35372
35470
35373
35471
35374
35472
35375
35473
35376
35474
35377
35475
35378
35476
35379
35477
35380
35478
35381
35479
35382
35480
35383
35481
35384
35482
35385
35483
35386
35484
35387
35485
35388
35486
35389
35487
35390
35488
35391
35489
35392
35490
35393
35491
35394
35492
35395
35493
35396
35494
35397
35495
35398
35496
35399
35497
35400
35498
35401
35499
35402
35500
35403
35501
35404
35502
35405
35503
35406
35504
35407
35505
35408
35506
35409
35507
35410
35508
35411
35509
35412
35510
35413
35511
35414
35512
35415
35513
35416
35514
35417
35515
35418
35516
35419
35517
35420
35518
35421
35519
35422
35520
35423
35521
35424
35522
35425
35523
35426
35524
35427
35525
35428
35526
35429
35527
35430
35528
35431
35529
35432
35530
35433
35531
35434
35532
35435
35533
35436
35534
35437
35535
35438
35536
35439
35537
35440
35538
35441
35539
35540
35443
35541
35444
35542
35445
35543
35446
35544
35447
35545
35448
35546
35449
35547
35450
35548
35451
35549
35452
35550
35453
35551
35454
35552
35455
35553
35456
35554
35457
35555
35458
35556
35459
35557
35460
35558
35461
35559
35462
35560
35463
35561
35464
35562
35465
35563
35466
35564
35467
35565
35468
35566
35469
35567
35470
35568
35471
35569
35472
35570
35473
35571
35474
35572
35475
35573
35476
35574
35477
35575
35478
35576
35479
35577
35480
35578
35481
35579
35482
35580
35483
35581
35484
35582
35485
35583
35486
35584
35487
35585
35488
35586
35489
35587
35490
35588
35491
35589
35492
35590
35493
35591
35494
35592
35495
35593
35496
35594
35497
35595
35498
35596
35499
35597
35500
35598
35501
35599
35502
35600
35503
35601
35504
35602
35505
35603
35506
35604
35507
35605
35508
35606
35509
35607
35510
35608
35511
35609
35512
35610
35513
35611
35514
35612
35515
35613
35516
35614
35517
35615
35518
35616
35519
35617
35520
35618
35521
35619
35522
35620
35523
35621
35524
35622
35525
35623
35526
35624
35527
35625
35528
35626
35529
35627
35530
35628
35531
35629
35532
35630
35533
35631
35534
35632
35535
35633
35536
35634
35537
35635
35538
35636
35539
35637
35540
35638
35639
35542
35640
35543
35641
35544
35642
35545
35643
35546
35644
35547
35645
35548
35646
35549
35647
35550
35648
35551
35649
35552
35650
35553
35651
35554
35652
35555
35653
35556
35654
35557
35655
35558
35656
35559
35657
35560
35658
35561
35659
35562
35660
35563
35661
35564
35662
35565
35663
35566
35664
35567
35665
35568
35666
35569
35667
35570
35668
35571
35669
35572
35670
35573
35671
35574
35672
35575
35673
35576
35674
35577
35675
35578
35676
35579
35677
35580
35678
35581
35679
35582
35680
35583
35681
35584
35682
35585
35683
35586
35684
35587
35685
35588
35686
35589
35687
35590
35688
35591
35689
35592
35690
35593
35691
35594
35692
35595
35693
35596
35694
35597
35695
35598
35696
35599
35697
35600
35698
35601
35699
35602
35700
35603
35701
35604
35702
35605
35703
35606
35704
35607
35705
35608
35706
35609
35707
35610
35708
35611
35709
35612
35710
35613
35711
35614
35712
35615
35713
35616
35714
35617
35715
35618
35716
35619
35717
35620
35718
35621
35719
35622
35720
35623
35721
35624
35722
35625
35723
35626
35724
35627
35725
35628
35726
35629
35727
35630
35728
35631
35729
35632
35730
35633
35731
35634
35732
35635
35733
35636
35734
35637
35735
35638
35736
35639
35737
35738
35641
35739
35642
35740
35643
35741
35644
35742
35645
35743
35646
35744
35647
35745
35648
35746
35649
35747
35650
35748
35651
35749
35652
35750
35653
35751
35654
35752
35655
35753
35656
35754
35657
35755
35658
35756
35659
35757
35660
35758
35661
35759
35662
35760
35663
35761
35664
35762
35665
35763
35666
35764
35667
35765
35668
35766
35669
35767
35670
35768
35671
35769
35672
35770
35673
35771
35674
35772
35675
35773
35676
35774
35677
35775
35678
35776
35679
35777
35680
35778
35681
35779
35682
35780
35683
35781
35684
35782
35685
35783
35686
35784
35687
35785
35688
35786
35689
35787
35690
35788
35691
35789
35692
35790
35693
35791
35694
35792
35695
35793
35696
35794
35697
35795
35698
35796
35699
35797
35700
35798
35701
35799
35702
35800
35703
35801
35704
35802
35705
35803
35706
35804
35707
35805
35708
35806
35709
35807
35710
35808
35711
35809
35712
35810
35713
35811
35714
35812
35715
35813
35716
35814
35717
35815
35718
35816
35719
35817
35720
35818
35721
35819
35722
35820
35723
35821
35724
35822
35725
35823
35726
35824
35727
35825
35728
35826
35729
35827
35730
35828
35731
35829
35732
35830
35733
35831
35734
35832
35735
35833
35736
35834
35737
35835
35738
35836
35837
35740
35838
35741
35839
35742
35840
35743
35841
35744
35842
35745
35843
35746
35844
35747
35845
35748
35846
35749
35847
35750
35848
35751
35849
35752
35850
35753
35851
35754
35852
35755
35853
35756
35854
35757
35855
35758
35856
35759
35857
35760
35858
35761
35859
35762
35860
35763
35861
35764
35862
35765
35863
35766
35864
35767
35865
35768
35866
35769
35867
35770
35868
35771
35869
35772
35870
35773
35871
35774
35872
35775
35873
35776
35874
35777
35875
35778
35876
35779
35877
35780
35878
35781
35879
35782
35880
35783
35881
35784
35882
35785
35883
35786
35884
35787
35885
35788
35886
35789
35887
35790
35888
35791
35889
35792
35890
35793
35891
35794
35892
35795
35893
35796
35894
35797
35895
35798
35896
35799
35897
35800
35898
35801
35899
35802
35900
35803
35901
35804
35902
35805
35903
35806
35904
35807
35905
35808
35906
35809
35907
35810
35908
35811
35909
35812
35910
35813
35911
35814
35912
35815
35913
35816
35914
35817
35915
35818
35916
35819
35917
35820
35918
35821
35919
35822
35920
35823
35921
35824
35922
35825
35923
35826
35924
35827
35925
35828
35926
35829
35927
35830
35928
35831
35929
35832
35930
35833
35931
35834
35932
35835
35933
35836
35934
35837
35935
35936
35839
35937
35840
35938
35841
35939
35842
35940
35843
35941
35844
35942
35845
35943
35846
35944
35847
35945
35848
35946
35849
35947
35850
35948
35851
35949
35852
35950
35853
35951
35854
35952
35855
35953
35856
35954
35857
35955
35858
35956
35859
35957
35860
35958
35861
35959
35862
35960
35863
35961
35864
35962
35865
35963
35866
35964
35867
35965
35868
35966
35869
35967
35870
35968
35871
35969
35872
35970
35873
35971
35874
35972
35875
35973
35876
35974
35877
35975
35878
35976
35879
35977
35880
35978
35881
35979
35882
35980
35883
35981
35884
35982
35885
35983
35886
35984
35887
35985
35888
35986
35889
35987
35890
35988
35891
35989
35892
35990
35893
35991
35894
35992
35895
35993
35896
35994
35897
35995
35898
35996
35899
35997
35900
35998
35901
35999
35902
36000
35903
36001
35904
36002
35905
36003
35906
36004
35907
36005
35908
36006
35909
36007
35910
36008
35911
36009
35912
36010
35913
36011
35914
36012
35915
36013
35916
36014
35917
36015
35918
36016
35919
36017
35920
36018
35921
36019
35922
36020
35923
36021
35924
36022
35925
36023
35926
36024
35927
36025
35928
36026
35929
36027
35930
36028
35931
36029
35932
36030
35933
36031
35934
36032
35935
36033
35936
36034
36035
35938
36036
35939
36037
35940
36038
35941
36039
35942
36040
35943
36041
35944
36042
35945
36043
35946
36044
35947
36045
35948
36046
35949
36047
35950
36048
35951
36049
35952
36050
35953
36051
35954
36052
35955
36053
35956
36054
35957
36055
35958
36056
35959
36057
35960
36058
35961
36059
35962
36060
35963
36061
35964
36062
35965
36063
35966
36064
35967
36065
35968
36066
35969
36067
35970
36068
35971
36069
35972
36070
35973
36071
35974
36072
35975
36073
35976
36074
35977
36075
35978
36076
35979
36077
35980
36078
35981
36079
35982
36080
35983
36081
35984
36082
35985
36083
35986
36084
35987
36085
35988
36086
35989
36087
35990
36088
35991
36089
35992
36090
35993
36091
35994
36092
35995
36093
35996
36094
35997
36095
35998
36096
35999
36097
36000
36098
36001
36099
36002
36100
36003
36101
36004
36102
36005
36103
36006
36104
36007
36105
36008
36106
36009
36107
36010
36108
36011
36109
36012
36110
36013
36111
36014
36112
36015
36113
36016
36114
36017
36115
36018
36116
36019
36117
36020
36118
36021
36119
36022
36120
36023
36121
36024
36122
36025
36123
36026
36124
36027
36125
36028
36126
36029
36127
36030
36128
36031
36129
36032
36130
36033
36131
36034
36132
36035
36133
36134
36037
36135
36038
36136
36039
36137
36040
36138
36041
36139
36042
36140
36043
36141
36044
36142
36045
36143
36046
36144
36047
36145
36048
36146
36049
36147
36050
36148
36051
36149
36052
36150
36053
36151
36054
36152
36055
36153
36056
36154
36057
36155
36058
36156
36059
36157
36060
36158
36061
36159
36062
36160
36063
36161
36064
36162
36065
36163
36066
36164
36067
36165
36068
36166
36069
36167
36070
36168
36071
36169
36072
36170
36073
36171
36074
36172
36075
36173
36076
36174
36077
36175
36078
36176
36079
36177
36080
36178
36081
36179
36082
36180
36083
36181
36084
36182
36085
36183
36086
36184
36087
36185
36088
36186
36089
36187
36090
36188
36091
36189
36092
36190
36093
36191
36094
36192
36095
36193
36096
36194
36097
36195
36098
36196
36099
36197
36100
36198
36101
36199
36102
36200
36103
36201
36104
36202
36105
36203
36106
36204
36107
36205
36108
36206
36109
36207
36110
36208
36111
36209
36112
36210
36113
36211
36114
36212
36115
36213
36116
36214
36117
36215
36118
36216
36119
36217
36120
36218
36121
36219
36122
36220
36123
36221
36124
36222
36125
36223
36126
36224
36127
36225
36128
36226
36129
36227
36130
36228
36131
36229
36132
36230
36133
36231
36134
36232
36233
36136
36234
36137
36235
36138
36236
36139
36237
36140
36238
36141
36239
36142
36240
36143
36241
36144
36242
36145
36243
36146
36244
36147
36245
36148
36246
36149
36247
36150
36248
36151
36249
36152
36250
36153
36251
36154
36252
36155
36253
36156
36254
36157
36255
36158
36256
36159
36257
36160
36258
36161
36259
36162
36260
36163
36261
36164
36262
36165
36263
36166
36264
36167
36265
36168
36266
36169
36267
36170
36268
36171
36269
36172
36270
36173
36271
36174
36272
36175
36273
36176
36274
36177
36275
36178
36276
36179
36277
36180
36278
36181
36279
36182
36280
36183
36281
36184
36282
36185
36283
36186
36284
36187
36285
36188
36286
36189
36287
36190
36288
36191
36289
36192
36290
36193
36291
36194
36292
36195
36293
36196
36294
36197
36295
36198
36296
36199
36297
36200
36298
36201
36299
36202
36300
36203
36301
36204
36302
36205
36303
36206
36304
36207
36305
36208
36306
36209
36307
36210
36308
36211
36309
36212
36310
36213
36311
36214
36312
36215
36313
36216
36314
36217
36315
36218
36316
36219
36317
36220
36318
36221
36319
36222
36320
36223
36321
36224
36322
36225
36323
36226
36324
36227
36325
36228
36326
36229
36327
36230
36328
36231
36329
36232
36330
36233
36331
36332
36235
36333
36236
36334
36237
36335
36238
36336
36239
36337
36240
36338
36241
36339
36242
36340
36243
36341
36244
36342
36245
36343
36246
36344
36247
36345
36248
36346
36249
36347
36250
36348
36251
36349
36252
36350
36253
36351
36254
36352
36255
36353
36256
36354
36257
36355
36258
36356
36259
36357
36260
36358
36261
36359
36262
36360
36263
36361
36264
36362
36265
36363
36266
36364
36267
36365
36268
36366
36269
36367
36270
36368
36271
36369
36272
36370
36273
36371
36274
36372
36275
36373
36276
36374
36277
36375
36278
36376
36279
36377
36280
36378
36281
36379
36282
36380
36283
36381
36284
36382
36285
36383
36286
36384
36287
36385
36288
36386
36289
36387
36290
36388
36291
36389
36292
36390
36293
36391
36294
36392
36295
36393
36296
36394
36297
36395
36298
36396
36299
36397
36300
36398
36301
36399
36302
36400
36303
36401
36304
36402
36305
36403
36306
36404
36307
36405
36308
36406
36309
36407
36310
36408
36311
36409
36312
36410
36313
36411
36314
36412
36315
36413
36316
36414
36317
36415
36318
36416
36319
36417
36320
36418
36321
36419
36322
36420
36323
36421
36324
36422
36325
36423
36326
36424
36327
36425
36328
36426
36329
36427
36330
36428
36331
36429
36332
36430
36431
36334
36432
36335
36433
36336
36434
36337
36435
36338
36436
36339
36437
36340
36438
36341
36439
36342
36440
36343
36441
36344
36442
36345
36443
36346
36444
36347
36445
36348
36446
36349
36447
36350
36448
36351
36449
36352
36450
36353
36451
36354
36452
36355
36453
36356
36454
36357
36455
36358
36456
36359
36457
36360
36458
36361
36459
36362
36460
36363
36461
36364
36462
36365
36463
36366
36464
36367
36465
36368
36466
36369
36467
36370
36468
36371
36469
36372
36470
36373
36471
36374
36472
36375
36473
36376
36474
36377
36475
36378
36476
36379
36477
36380
36478
36381
36479
36382
36480
36383
36481
36384
36482
36385
36483
36386
36484
36387
36485
36388
36486
36389
36487
36390
36488
36391
36489
36392
36490
36393
36491
36394
36492
36395
36493
36396
36494
36397
36495
36398
36496
36399
36497
36400
36498
36401
36499
36402
36500
36403
36501
36404
36502
36405
36503
36406
36504
36407
36505
36408
36506
36409
36507
36410
36508
36411
36509
36412
36510
36413
36511
36414
36512
36415
36513
36416
36514
36417
36515
36418
36516
36419
36517
36420
36518
36421
36519
36422
36520
36423
36521
36424
36522
36425
36523
36426
36524
36427
36525
36428
36526
36429
36527
36430
36528
36431
36529
36530
36433
36531
36434
36532
36435
36533
36436
36534
36437
36535
36438
36536
36439
36537
36440
36538
36441
36539
36442
36540
36443
36541
36444
36542
36445
36543
36446
36544
36447
36545
36448
36546
36449
36547
36450
36548
36451
36549
36452
36550
36453
36551
36454
36552
36455
36553
36456
36554
36457
36555
36458
36556
36459
36557
36460
36558
36461
36559
36462
36560
36463
36561
36464
36562
36465
36563
36466
36564
36467
36565
36468
36566
36469
36567
36470
36568
36471
36569
36472
36570
36473
36571
36474
36572
36475
36573
36476
36574
36477
36575
36478
36576
36479
36577
36480
36578
36481
36579
36482
36580
36483
36581
36484
36582
36485
36583
36486
36584
36487
36585
36488
36586
36489
36587
36490
36588
36491
36589
36492
36590
36493
36591
36494
36592
36495
36593
36496
36594
36497
36595
36498
36596
36499
36597
36500
36598
36501
36599
36502
36600
36503
36601
36504
36602
36505
36603
36506
36604
36507
36605
36508
36606
36509
36607
36510
36608
36511
36609
36512
36610
36513
36611
36514
36612
36515
36613
36516
36614
36517
36615
36518
36616
36519
36617
36520
36618
36521
36619
36522
36620
36523
36621
36524
36622
36525
36623
36526
36624
36527
36625
36528
36626
36529
36627
36530
36628
36629
36532
36630
36533
36631
36534
36632
36535
36633
36536
36634
36537
36635
36538
36636
36539
36637
36540
36638
36541
36639
36542
36640
36543
36641
36544
36642
36545
36643
36546
36644
36547
36645
36548
36646
36549
36647
36550
36648
36551
36649
36552
36650
36553
36651
36554
36652
36555
36653
36556
36654
36557
36655
36558
36656
36559
36657
36560
36658
36561
36659
36562
36660
36563
36661
36564
36662
36565
36663
36566
36664
36567
36665
36568
36666
36569
36667
36570
36668
36571
36669
36572
36670
36573
36671
36574
36672
36575
36673
36576
36674
36577
36675
36578
36676
36579
36677
36580
36678
36581
36679
36582
36680
36583
36681
36584
36682
36585
36683
36586
36684
36587
36685
36588
36686
36589
36687
36590
36688
36591
36689
36592
36690
36593
36691
36594
36692
36595
36693
36596
36694
36597
36695
36598
36696
36599
36697
36600
36698
36601
36699
36602
36700
36603
36701
36604
36702
36605
36703
36606
36704
36607
36705
36608
36706
36609
36707
36610
36708
36611
36709
36612
36710
36613
36711
36614
36712
36615
36713
36616
36714
36617
36715
36618
36716
36619
36717
36620
36718
36621
36719
36622
36720
36623
36721
36624
36722
36625
36723
36626
36724
36627
36725
36628
36726
36629
36727
36728
36631
36729
36632
36730
36633
36731
36634
36732
36635
36733
36636
36734
36637
36735
36638
36736
36639
36737
36640
36738
36641
36739
36642
36740
36643
36741
36644
36742
36645
36743
36646
36744
36647
36745
36648
36746
36649
36747
36650
36748
36651
36749
36652
36750
36653
36751
36654
36752
36655
36753
36656
36754
36657
36755
36658
36756
36659
36757
36660
36758
36661
36759
36662
36760
36663
36761
36664
36762
36665
36763
36666
36764
36667
36765
36668
36766
36669
36767
36670
36768
36671
36769
36672
36770
36673
36771
36674
36772
36675
36773
36676
36774
36677
36775
36678
36776
36679
36777
36680
36778
36681
36779
36682
36780
36683
36781
36684
36782
36685
36783
36686
36784
36687
36785
36688
36786
36689
36787
36690
36788
36691
36789
36692
36790
36693
36791
36694
36792
36695
36793
36696
36794
36697
36795
36698
36796
36699
36797
36700
36798
36701
36799
36702
36800
36703
36801
36704
36802
36705
36803
36706
36804
36707
36805
36708
36806
36709
36807
36710
36808
36711
36809
36712
36810
36713
36811
36714
36812
36715
36813
36716
36814
36717
36815
36718
36816
36719
36817
36720
36818
36721
36819
36722
36820
36723
36821
36724
36822
36725
36823
36726
36824
36727
36825
36728
36826
36827
36730
36828
36731
36829
36732
36830
36733
36831
36734
36832
36735
36833
36736
36834
36737
36835
36738
36836
36739
36837
36740
36838
36741
36839
36742
36840
36743
36841
36744
36842
36745
36843
36746
36844
36747
36845
36748
36846
36749
36847
36750
36848
36751
36849
36752
36850
36753
36851
36754
36852
36755
36853
36756
36854
36757
36855
36758
36856
36759
36857
36760
36858
36761
36859
36762
36860
36763
36861
36764
36862
36765
36863
36766
36864
36767
36865
36768
36866
36769
36867
36770
36868
36771
36869
36772
36870
36773
36871
36774
36872
36775
36873
36776
36874
36777
36875
36778
36876
36779
36877
36780
36878
36781
36879
36782
36880
36783
36881
36784
36882
36785
36883
36786
36884
36787
36885
36788
36886
36789
36887
36790
36888
36791
36889
36792
36890
36793
36891
36794
36892
36795
36893
36796
36894
36797
36895
36798
36896
36799
36897
36800
36898
36801
36899
36802
36900
36803
36901
36804
36902
36805
36903
36806
36904
36807
36905
36808
36906
36809
36907
36810
36908
36811
36909
36812
36910
36813
36911
36814
36912
36815
36913
36816
36914
36817
36915
36818
36916
36819
36917
36820
36918
36821
36919
36822
36920
36823
36921
36824
36922
36825
36923
36826
36924
36827
36925
36926
36829
36927
36830
36928
36831
36929
36832
36930
36833
36931
36834
36932
36835
36933
36836
36934
36837
36935
36838
36936
36839
36937
36840
36938
36841
36939
36842
36940
36843
36941
36844
36942
36845
36943
36846
36944
36847
36945
36848
36946
36849
36947
36850
36948
36851
36949
36852
36950
36853
36951
36854
36952
36855
36953
36856
36954
36857
36955
36858
36956
36859
36957
36860
36958
36861
36959
36862
36960
36863
36961
36864
36962
36865
36963
36866
36964
36867
36965
36868
36966
36869
36967
36870
36968
36871
36969
36872
36970
36873
36971
36874
36972
36875
36973
36876
36974
36877
36975
36878
36976
36879
36977
36880
36978
36881
36979
36882
36980
36883
36981
36884
36982
36885
36983
36886
36984
36887
36985
36888
36986
36889
36987
36890
36988
36891
36989
36892
36990
36893
36991
36894
36992
36895
36993
36896
36994
36897
36995
36898
36996
36899
36997
36900
36998
36901
36999
36902
37000
36903
37001
36904
37002
36905
37003
36906
37004
36907
37005
36908
37006
36909
37007
36910
37008
36911
37009
36912
37010
36913
37011
36914
37012
36915
37013
36916
37014
36917
37015
36918
37016
36919
37017
36920
37018
36921
37019
36922
37020
36923
37021
36924
37022
36925
37023
36926
37024
37025
36928
37026
36929
37027
36930
37028
36931
37029
36932
37030
36933
37031
36934
37032
36935
37033
36936
37034
36937
37035
36938
37036
36939
37037
36940
37038
36941
37039
36942
37040
36943
37041
36944
37042
36945
37043
36946
37044
36947
37045
36948
37046
36949
37047
36950
37048
36951
37049
36952
37050
36953
37051
36954
37052
36955
37053
36956
37054
36957
37055
36958
37056
36959
37057
36960
37058
36961
37059
36962
37060
36963
37061
36964
37062
36965
37063
36966
37064
36967
37065
36968
37066
36969
37067
36970
37068
36971
37069
36972
37070
36973
37071
36974
37072
36975
37073
36976
37074
36977
37075
36978
37076
36979
37077
36980
37078
36981
37079
36982
37080
36983
37081
36984
37082
36985
37083
36986
37084
36987
37085
36988
37086
36989
37087
36990
37088
36991
37089
36992
37090
36993
37091
36994
37092
36995
37093
36996
37094
36997
37095
36998
37096
36999
37097
37000
37098
37001
37099
37002
37100
37003
37101
37004
37102
37005
37103
37006
37104
37007
37105
37008
37106
37009
37107
37010
37108
37011
37109
37012
37110
37013
37111
37014
37112
37015
37113
37016
37114
37017
37115
37018
37116
37019
37117
37020
37118
37021
37119
37022
37120
37023
37121
37024
37122
37025
37123
37124
37027
37125
37028
37126
37029
37127
37030
37128
37031
37129
37032
37130
37033
37131
37034
37132
37035
37133
37036
37134
37037
37135
37038
37136
37039
37137
37040
37138
37041
37139
37042
37140
37043
37141
37044
37142
37045
37143
37046
37144
37047
37145
37048
37146
37049
37147
37050
37148
37051
37149
37052
37150
37053
37151
37054
37152
37055
37153
37056
37154
37057
37155
37058
37156
37059
37157
37060
37158
37061
37159
37062
37160
37063
37161
37064
37162
37065
37163
37066
37164
37067
37165
37068
37166
37069
37167
37070
37168
37071
37169
37072
37170
37073
37171
37074
37172
37075
37173
37076
37174
37077
37175
37078
37176
37079
37177
37080
37178
37081
37179
37082
37180
37083
37181
37084
37182
37085
37183
37086
37184
37087
37185
37088
37186
37089
37187
37090
37188
37091
37189
37092
37190
37093
37191
37094
37192
37095
37193
37096
37194
37097
37195
37098
37196
37099
37197
37100
37198
37101
37199
37102
37200
37103
37201
37104
37202
37105
37203
37106
37204
37107
37205
37108
37206
37109
37207
37110
37208
37111
37209
37112
37210
37113
37211
37114
37212
37115
37213
37116
37214
37117
37215
37118
37216
37119
37217
37120
37218
37121
37219
37122
37220
37123
37221
37124
37222
37223
37126
37224
37127
37225
37128
37226
37129
37227
37130
37228
37131
37229
37132
37230
37133
37231
37134
37232
37135
37233
37136
37234
37137
37235
37138
37236
37139
37237
37140
37238
37141
37239
37142
37240
37143
37241
37144
37242
37145
37243
37146
37244
37147
37245
37148
37246
37149
37247
37150
37248
37151
37249
37152
37250
37153
37251
37154
37252
37155
37253
37156
37254
37157
37255
37158
37256
37159
37257
37160
37258
37161
37259
37162
37260
37163
37261
37164
37262
37165
37263
37166
37264
37167
37265
37168
37266
37169
37267
37170
37268
37171
37269
37172
37270
37173
37271
37174
37272
37175
37273
37176
37274
37177
37275
37178
37276
37179
37277
37180
37278
37181
37279
37182
37280
37183
37281
37184
37282
37185
37283
37186
37284
37187
37285
37188
37286
37189
37287
37190
37288
37191
37289
37192
37290
37193
37291
37194
37292
37195
37293
37196
37294
37197
37295
37198
37296
37199
37297
37200
37298
37201
37299
37202
37300
37203
37301
37204
37302
37205
37303
37206
37304
37207
37305
37208
37306
37209
37307
37210
37308
37211
37309
37212
37310
37213
37311
37214
37312
37215
37313
37216
37314
37217
37315
37218
37316
37219
37317
37220
37318
37221
37319
37222
37320
37223
37321
37322
37225
37323
37226
37324
37227
37325
37228
37326
37229
37327
37230
37328
37231
37329
37232
37330
37233
37331
37234
37332
37235
37333
37236
37334
37237
37335
37238
37336
37239
37337
37240
37338
37241
37339
37242
37340
37243
37341
37244
37342
37245
37343
37246
37344
37247
37345
37248
37346
37249
37347
37250
37348
37251
37349
37252
37350
37253
37351
37254
37352
37255
37353
37256
37354
37257
37355
37258
37356
37259
37357
37260
37358
37261
37359
37262
37360
37263
37361
37264
37362
37265
37363
37266
37364
37267
37365
37268
37366
37269
37367
37270
37368
37271
37369
37272
37370
37273
37371
37274
37372
37275
37373
37276
37374
37277
37375
37278
37376
37279
37377
37280
37378
37281
37379
37282
37380
37283
37381
37284
37382
37285
37383
37286
37384
37287
37385
37288
37386
37289
37387
37290
37388
37291
37389
37292
37390
37293
37391
37294
37392
37295
37393
37296
37394
37297
37395
37298
37396
37299
37397
37300
37398
37301
37399
37302
37400
37303
37401
37304
37402
37305
37403
37306
37404
37307
37405
37308
37406
37309
37407
37310
37408
37311
37409
37312
37410
37313
37411
37314
37412
37315
37413
37316
37414
37317
37415
37318
37416
37319
37417
37320
37418
37321
37419
37322
37420
37421
37324
37422
37325
37423
37326
37424
37327
37425
37328
37426
37329
37427
37330
37428
37331
37429
37332
37430
37333
37431
37334
37432
37335
37433
37336
37434
37337
37435
37338
37436
37339
37437
37340
37438
37341
37439
37342
37440
37343
37441
37344
37442
37345
37443
37346
37444
37347
37445
37348
37446
37349
37447
37350
37448
37351
37449
37352
37450
37353
37451
37354
37452
37355
37453
37356
37454
37357
37455
37358
37456
37359
37457
37360
37458
37361
37459
37362
37460
37363
37461
37364
37462
37365
37463
37366
37464
37367
37465
37368
37466
37369
37467
37370
37468
37371
37469
37372
37470
37373
37471
37374
37472
37375
37473
37376
37474
37377
37475
37378
37476
37379
37477
37380
37478
37381
37479
37382
37480
37383
37481
37384
37482
37385
37483
37386
37484
37387
37485
37388
37486
37389
37487
37390
37488
37391
37489
37392
37490
37393
37491
37394
37492
37395
37493
37396
37494
37397
37495
37398
37496
37399
37497
37400
37498
37401
37499
37402
37500
37403
37501
37404
37502
37405
37503
37406
37504
37407
37505
37408
37506
37409
37507
37410
37508
37411
37509
37412
37510
37413
37511
37414
37512
37415
37513
37416
37514
37417
37515
37418
37516
37419
37517
37420
37518
37421
37519
37520
37423
37521
37424
37522
37425
37523
37426
37524
37427
37525
37428
37526
37429
37527
37430
37528
37431
37529
37432
37530
37433
37531
37434
37532
37435
37533
37436
37534
37437
37535
37438
37536
37439
37537
37440
37538
37441
37539
37442
37540
37443
37541
37444
37542
37445
37543
37446
37544
37447
37545
37448
37546
37449
37547
37450
37548
37451
37549
37452
37550
37453
37551
37454
37552
37455
37553
37456
37554
37457
37555
37458
37556
37459
37557
37460
37558
37461
37559
37462
37560
37463
37561
37464
37562
37465
37563
37466
37564
37467
37565
37468
37566
37469
37567
37470
37568
37471
37569
37472
37570
37473
37571
37474
37572
37475
37573
37476
37574
37477
37575
37478
37576
37479
37577
37480
37578
37481
37579
37482
37580
37483
37581
37484
37582
37485
37583
37486
37584
37487
37585
37488
37586
37489
37587
37490
37588
37491
37589
37492
37590
37493
37591
37494
37592
37495
37593
37496
37594
37497
37595
37498
37596
37499
37597
37500
37598
37501
37599
37502
37600
37503
37601
37504
37602
37505
37603
37506
37604
37507
37605
37508
37606
37509
37607
37510
37608
37511
37609
37512
37610
37513
37611
37514
37612
37515
37613
37516
37614
37517
37615
37518
37616
37519
37617
37520
37618
37619
37522
37620
37523
37621
37524
37622
37525
37623
37526
37624
37527
37625
37528
37626
37529
37627
37530
37628
37531
37629
37532
37630
37533
37631
37534
37632
37535
37633
37536
37634
37537
37635
37538
37636
37539
37637
37540
37638
37541
37639
37542
37640
37543
37641
37544
37642
37545
37643
37546
37644
37547
37645
37548
37646
37549
37647
37550
37648
37551
37649
37552
37650
37553
37651
37554
37652
37555
37653
37556
37654
37557
37655
37558
37656
37559
37657
37560
37658
37561
37659
37562
37660
37563
37661
37564
37662
37565
37663
37566
37664
37567
37665
37568
37666
37569
37667
37570
37668
37571
37669
37572
37670
37573
37671
37574
37672
37575
37673
37576
37674
37577
37675
37578
37676
37579
37677
37580
37678
37581
37679
37582
37680
37583
37681
37584
37682
37585
37683
37586
37684
37587
37685
37588
37686
37589
37687
37590
37688
37591
37689
37592
37690
37593
37691
37594
37692
37595
37693
37596
37694
37597
37695
37598
37696
37599
37697
37600
37698
37601
37699
37602
37700
37603
37701
37604
37702
37605
37703
37606
37704
37607
37705
37608
37706
37609
37707
37610
37708
37611
37709
37612
37710
37613
37711
37614
37712
37615
37713
37616
37714
37617
37715
37618
37716
37619
37717
37718
37621
37719
37622
37720
37623
37721
37624
37722
37625
37723
37626
37724
37627
37725
37628
37726
37629
37727
37630
37728
37631
37729
37632
37730
37633
37731
37634
37732
37635
37733
37636
37734
37637
37735
37638
37736
37639
37737
37640
37738
37641
37739
37642
37740
37643
37741
37644
37742
37645
37743
37646
37744
37647
37745
37648
37746
37649
37747
37650
37748
37651
37749
37652
37750
37653
37751
37654
37752
37655
37753
37656
37754
37657
37755
37658
37756
37659
37757
37660
37758
37661
37759
37662
37760
37663
37761
37664
37762
37665
37763
37666
37764
37667
37765
37668
37766
37669
37767
37670
37768
37671
37769
37672
37770
37673
37771
37674
37772
37675
37773
37676
37774
37677
37775
37678
37776
37679
37777
37680
37778
37681
37779
37682
37780
37683
37781
37684
37782
37685
37783
37686
37784
37687
37785
37688
37786
37689
37787
37690
37788
37691
37789
37692
37790
37693
37791
37694
37792
37695
37793
37696
37794
37697
37795
37698
37796
37699
37797
37700
37798
37701
37799
37702
37800
37703
37801
37704
37802
37705
37803
37706
37804
37707
37805
37708
37806
37709
37807
37710
37808
37711
37809
37712
37810
37713
37811
37714
37812
37715
37813
37716
37814
37717
37815
37718
37816
37817
37720
37818
37721
37819
37722
37820
37723
37821
37724
37822
37725
37823
37726
37824
37727
37825
37728
37826
37729
37827
37730
37828
37731
37829
37732
37830
37733
37831
37734
37832
37735
37833
37736
37834
37737
37835
37738
37836
37739
37837
37740
37838
37741
37839
37742
37840
37743
37841
37744
37842
37745
37843
37746
37844
37747
37845
37748
37846
37749
37847
37750
37848
37751
37849
37752
37850
37753
37851
37754
37852
37755
37853
37756
37854
37757
37855
37758
37856
37759
37857
37760
37858
37761
37859
37762
37860
37763
37861
37764
37862
37765
37863
37766
37864
37767
37865
37768
37866
37769
37867
37770
37868
37771
37869
37772
37870
37773
37871
37774
37872
37775
37873
37776
37874
37777
37875
37778
37876
37779
37877
37780
37878
37781
37879
37782
37880
37783
37881
37784
37882
37785
37883
37786
37884
37787
37885
37788
37886
37789
37887
37790
37888
37791
37889
37792
37890
37793
37891
37794
37892
37795
37893
37796
37894
37797
37895
37798
37896
37799
37897
37800
37898
37801
37899
37802
37900
37803
37901
37804
37902
37805
37903
37806
37904
37807
37905
37808
37906
37809
37907
37810
37908
37811
37909
37812
37910
37813
37911
37814
37912
37815
37913
37816
37914
37817
37915
37916
37819
37917
37820
37918
37821
37919
37822
37920
37823
37921
37824
37922
37825
37923
37826
37924
37827
37925
37828
37926
37829
37927
37830
37928
37831
37929
37832
37930
37833
37931
37834
37932
37835
37933
37836
37934
37837
37935
37838
37936
37839
37937
37840
37938
37841
37939
37842
37940
37843
37941
37844
37942
37845
37943
37846
37944
37847
37945
37848
37946
37849
37947
37850
37948
37851
37949
37852
37950
37853
37951
37854
37952
37855
37953
37856
37954
37857
37955
37858
37956
37859
37957
37860
37958
37861
37959
37862
37960
37863
37961
37864
37962
37865
37963
37866
37964
37867
37965
37868
37966
37869
37967
37870
37968
37871
37969
37872
37970
37873
37971
37874
37972
37875
37973
37876
37974
37877
37975
37878
37976
37879
37977
37880
37978
37881
37979
37882
37980
37883
37981
37884
37982
37885
37983
37886
37984
37887
37985
37888
37986
37889
37987
37890
37988
37891
37989
37892
37990
37893
37991
37894
37992
37895
37993
37896
37994
37897
37995
37898
37996
37899
37997
37900
37998
37901
37999
37902
38000
37903
38001
37904
38002
37905
38003
37906
38004
37907
38005
37908
38006
37909
38007
37910
38008
37911
38009
37912
38010
37913
38011
37914
38012
37915
38013
37916
38014
38015
37918
38016
37919
38017
37920
38018
37921
38019
37922
38020
37923
38021
37924
38022
37925
38023
37926
38024
37927
38025
37928
38026
37929
38027
37930
38028
37931
38029
37932
38030
37933
38031
37934
38032
37935
38033
37936
38034
37937
38035
37938
38036
37939
38037
37940
38038
37941
38039
37942
38040
37943
38041
37944
38042
37945
38043
37946
38044
37947
38045
37948
38046
37949
38047
37950
38048
37951
38049
37952
38050
37953
38051
37954
38052
37955
38053
37956
38054
37957
38055
37958
38056
37959
38057
37960
38058
37961
38059
37962
38060
37963
38061
37964
38062
37965
38063
37966
38064
37967
38065
37968
38066
37969
38067
37970
38068
37971
38069
37972
38070
37973
38071
37974
38072
37975
38073
37976
38074
37977
38075
37978
38076
37979
38077
37980
38078
37981
38079
37982
38080
37983
38081
37984
38082
37985
38083
37986
38084
37987
38085
37988
38086
37989
38087
37990
38088
37991
38089
37992
38090
37993
38091
37994
38092
37995
38093
37996
38094
37997
38095
37998
38096
37999
38097
38000
38098
38001
38099
38002
38100
38003
38101
38004
38102
38005
38103
38006
38104
38007
38105
38008
38106
38009
38107
38010
38108
38011
38109
38012
38110
38013
38111
38014
38112
38015
38113
38114
38017
38115
38018
38116
38019
38117
38020
38118
38021
38119
38022
38120
38023
38121
38024
38122
38025
38123
38026
38124
38027
38125
38028
38126
38029
38127
38030
38128
38031
38129
38032
38130
38033
38131
38034
38132
38035
38133
38036
38134
38037
38135
38038
38136
38039
38137
38040
38138
38041
38139
38042
38140
38043
38141
38044
38142
38045
38143
38046
38144
38047
38145
38048
38146
38049
38147
38050
38148
38051
38149
38052
38150
38053
38151
38054
38152
38055
38153
38056
38154
38057
38155
38058
38156
38059
38157
38060
38158
38061
38159
38062
38160
38063
38161
38064
38162
38065
38163
38066
38164
38067
38165
38068
38166
38069
38167
38070
38168
38071
38169
38072
38170
38073
38171
38074
38172
38075
38173
38076
38174
38077
38175
38078
38176
38079
38177
38080
38178
38081
38179
38082
38180
38083
38181
38084
38182
38085
38183
38086
38184
38087
38185
38088
38186
38089
38187
38090
38188
38091
38189
38092
38190
38093
38191
38094
38192
38095
38193
38096
38194
38097
38195
38098
38196
38099
38197
38100
38198
38101
38199
38102
38200
38103
38201
38104
38202
38105
38203
38106
38204
38107
38205
38108
38206
38109
38207
38110
38208
38111
38209
38112
38210
38113
38211
38114
38212
38213
38116
38214
38117
38215
38118
38216
38119
38217
38120
38218
38121
38219
38122
38220
38123
38221
38124
38222
38125
38223
38126
38224
38127
38225
38128
38226
38129
38227
38130
38228
38131
38229
38132
38230
38133
38231
38134
38232
38135
38233
38136
38234
38137
38235
38138
38236
38139
38237
38140
38238
38141
38239
38142
38240
38143
38241
38144
38242
38145
38243
38146
38244
38147
38245
38148
38246
38149
38247
38150
38248
38151
38249
38152
38250
38153
38251
38154
38252
38155
38253
38156
38254
38157
38255
38158
38256
38159
38257
38160
38258
38161
38259
38162
38260
38163
38261
38164
38262
38165
38263
38166
38264
38167
38265
38168
38266
38169
38267
38170
38268
38171
38269
38172
38270
38173
38271
38174
38272
38175
38273
38176
38274
38177
38275
38178
38276
38179
38277
38180
38278
38181
38279
38182
38280
38183
38281
38184
38282
38185
38283
38186
38284
38187
38285
38188
38286
38189
38287
38190
38288
38191
38289
38192
38290
38193
38291
38194
38292
38195
38293
38196
38294
38197
38295
38198
38296
38199
38297
38200
38298
38201
38299
38202
38300
38203
38301
38204
38302
38205
38303
38206
38304
38207
38305
38208
38306
38209
38307
38210
38308
38211
38309
38212
38310
38213
38311
38312
38215
38313
38216
38314
38217
38315
38218
38316
38219
38317
38220
38318
38221
38319
38222
38320
38223
38321
38224
38322
38225
38323
38226
38324
38227
38325
38228
38326
38229
38327
38230
38328
38231
38329
38232
38330
38233
38331
38234
38332
38235
38333
38236
38334
38237
38335
38238
38336
38239
38337
38240
38338
38241
38339
38242
38340
38243
38341
38244
38342
38245
38343
38246
38344
38247
38345
38248
38346
38249
38347
38250
38348
38251
38349
38252
38350
38253
38351
38254
38352
38255
38353
38256
38354
38257
38355
38258
38356
38259
38357
38260
38358
38261
38359
38262
38360
38263
38361
38264
38362
38265
38363
38266
38364
38267
38365
38268
38366
38269
38367
38270
38368
38271
38369
38272
38370
38273
38371
38274
38372
38275
38373
38276
38374
38277
38375
38278
38376
38279
38377
38280
38378
38281
38379
38282
38380
38283
38381
38284
38382
38285
38383
38286
38384
38287
38385
38288
38386
38289
38387
38290
38388
38291
38389
38292
38390
38293
38391
38294
38392
38295
38393
38296
38394
38297
38395
38298
38396
38299
38397
38300
38398
38301
38399
38302
38400
38303
38401
38304
38402
38305
38403
38306
38404
38307
38405
38308
38406
38309
38407
38310
38408
38311
38409
38312
38410
38411
38314
38412
38315
38413
38316
38414
38317
38415
38318
38416
38319
38417
38320
38418
38321
38419
38322
38420
38323
38421
38324
38422
38325
38423
38326
38424
38327
38425
38328
38426
38329
38427
38330
38428
38331
38429
38332
38430
38333
38431
38334
38432
38335
38433
38336
38434
38337
38435
38338
38436
38339
38437
38340
38438
38341
38439
38342
38440
38343
38441
38344
38442
38345
38443
38346
38444
38347
38445
38348
38446
38349
38447
38350
38448
38351
38449
38352
38450
38353
38451
38354
38452
38355
38453
38356
38454
38357
38455
38358
38456
38359
38457
38360
38458
38361
38459
38362
38460
38363
38461
38364
38462
38365
38463
38366
38464
38367
38465
38368
38466
38369
38467
38370
38468
38371
38469
38372
38470
38373
38471
38374
38472
38375
38473
38376
38474
38377
38475
38378
38476
38379
38477
38380
38478
38381
38479
38382
38480
38383
38481
38384
38482
38385
38483
38386
38484
38387
38485
38388
38486
38389
38487
38390
38488
38391
38489
38392
38490
38393
38491
38394
38492
38395
38493
38396
38494
38397
38495
38398
38496
38399
38497
38400
38498
38401
38499
38402
38500
38403
38501
38404
38502
38405
38503
38406
38504
38407
38505
38408
38506
38409
38507
38410
38508
38411
38509
38510
38413
38511
38414
38512
38415
38513
38416
38514
38417
38515
38418
38516
38419
38517
38420
38518
38421
38519
38422
38520
38423
38521
38424
38522
38425
38523
38426
38524
38427
38525
38428
38526
38429
38527
38430
38528
38431
38529
38432
38530
38433
38531
38434
38532
38435
38533
38436
38534
38437
38535
38438
38536
38439
38537
38440
38538
38441
38539
38442
38540
38443
38541
38444
38542
38445
38543
38446
38544
38447
38545
38448
38546
38449
38547
38450
38548
38451
38549
38452
38550
38453
38551
38454
38552
38455
38553
38456
38554
38457
38555
38458
38556
38459
38557
38460
38558
38461
38559
38462
38560
38463
38561
38464
38562
38465
38563
38466
38564
38467
38565
38468
38566
38469
38567
38470
38568
38471
38569
38472
38570
38473
38571
38474
38572
38475
38573
38476
38574
38477
38575
38478
38576
38479
38577
38480
38578
38481
38579
38482
38580
38483
38581
38484
38582
38485
38583
38486
38584
38487
38585
38488
38586
38489
38587
38490
38588
38491
38589
38492
38590
38493
38591
38494
38592
38495
38593
38496
38594
38497
38595
38498
38596
38499
38597
38500
38598
38501
38599
38502
38600
38503
38601
38504
38602
38505
38603
38506
38604
38507
38605
38508
38606
38509
38607
38510
38608
38609
38512
38610
38513
38611
38514
38612
38515
38613
38516
38614
38517
38615
38518
38616
38519
38617
38520
38618
38521
38619
38522
38620
38523
38621
38524
38622
38525
38623
38526
38624
38527
38625
38528
38626
38529
38627
38530
38628
38531
38629
38532
38630
38533
38631
38534
38632
38535
38633
38536
38634
38537
38635
38538
38636
38539
38637
38540
38638
38541
38639
38542
38640
38543
38641
38544
38642
38545
38643
38546
38644
38547
38645
38548
38646
38549
38647
38550
38648
38551
38649
38552
38650
38553
38651
38554
38652
38555
38653
38556
38654
38557
38655
38558
38656
38559
38657
38560
38658
38561
38659
38562
38660
38563
38661
38564
38662
38565
38663
38566
38664
38567
38665
38568
38666
38569
38667
38570
38668
38571
38669
38572
38670
38573
38671
38574
38672
38575
38673
38576
38674
38577
38675
38578
38676
38579
38677
38580
38678
38581
38679
38582
38680
38583
38681
38584
38682
38585
38683
38586
38684
38587
38685
38588
38686
38589
38687
38590
38688
38591
38689
38592
38690
38593
38691
38594
38692
38595
38693
38596
38694
38597
38695
38598
38696
38599
38697
38600
38698
38601
38699
38602
38700
38603
38701
38604
38702
38605
38703
38606
38704
38607
38705
38608
38706
38609
38707
38708
38611
38709
38612
38710
38613
38711
38614
38712
38615
38713
38616
38714
38617
38715
38618
38716
38619
38717
38620
38718
38621
38719
38622
38720
38623
38721
38624
38722
38625
38723
38626
38724
38627
38725
38628
38726
38629
38727
38630
38728
38631
38729
38632
38730
38633
38731
38634
38732
38635
38733
38636
38734
38637
38735
38638
38736
38639
38737
38640
38738
38641
38739
38642
38740
38643
38741
38644
38742
38645
38743
38646
38744
38647
38745
38648
38746
38649
38747
38650
38748
38651
38749
38652
38750
38653
38751
38654
38752
38655
38753
38656
38754
38657
38755
38658
38756
38659
38757
38660
38758
38661
38759
38662
38760
38663
38761
38664
38762
38665
38763
38666
38764
38667
38765
38668
38766
38669
38767
38670
38768
38671
38769
38672
38770
38673
38771
38674
38772
38675
38773
38676
38774
38677
38775
38678
38776
38679
38777
38680
38778
38681
38779
38682
38780
38683
38781
38684
38782
38685
38783
38686
38784
38687
38785
38688
38786
38689
38787
38690
38788
38691
38789
38692
38790
38693
38791
38694
38792
38695
38793
38696
38794
38697
38795
38698
38796
38699
38797
38700
38798
38701
38799
38702
38800
38703
38801
38704
38802
38705
38803
38706
38804
38707
38805
38708
38806
38807
38710
38808
38711
38809
38712
38810
38713
38811
38714
38812
38715
38813
38716
38814
38717
38815
38718
38816
38719
38817
38720
38818
38721
38819
38722
38820
38723
38821
38724
38822
38725
38823
38726
38824
38727
38825
38728
38826
38729
38827
38730
38828
38731
38829
38732
38830
38733
38831
38734
38832
38735
38833
38736
38834
38737
38835
38738
38836
38739
38837
38740
38838
38741
38839
38742
38840
38743
38841
38744
38842
38745
38843
38746
38844
38747
38845
38748
38846
38749
38847
38750
38848
38751
38849
38752
38850
38753
38851
38754
38852
38755
38853
38756
38854
38757
38855
38758
38856
38759
38857
38760
38858
38761
38859
38762
38860
38763
38861
38764
38862
38765
38863
38766
38864
38767
38865
38768
38866
38769
38867
38770
38868
38771
38869
38772
38870
38773
38871
38774
38872
38775
38873
38776
38874
38777
38875
38778
38876
38779
38877
38780
38878
38781
38879
38782
38880
38783
38881
38784
38882
38785
38883
38786
38884
38787
38885
38788
38886
38789
38887
38790
38888
38791
38889
38792
38890
38793
38891
38794
38892
38795
38893
38796
38894
38797
38895
38798
38896
38799
38897
38800
38898
38801
38899
38802
38900
38803
38901
38804
38902
38805
38903
38806
38904
38807
38905
38906
38809
38907
38810
38908
38811
38909
38812
38910
38813
38911
38814
38912
38815
38913
38816
38914
38817
38915
38818
38916
38819
38917
38820
38918
38821
38919
38822
38920
38823
38921
38824
38922
38825
38923
38826
38924
38827
38925
38828
38926
38829
38927
38830
38928
38831
38929
38832
38930
38833
38931
38834
38932
38835
38933
38836
38934
38837
38935
38838
38936
38839
38937
38840
38938
38841
38939
38842
38940
38843
38941
38844
38942
38845
38943
38846
38944
38847
38945
38848
38946
38849
38947
38850
38948
38851
38949
38852
38950
38853
38951
38854
38952
38855
38953
38856
38954
38857
38955
38858
38956
38859
38957
38860
38958
38861
38959
38862
38960
38863
38961
38864
38962
38865
38963
38866
38964
38867
38965
38868
38966
38869
38967
38870
38968
38871
38969
38872
38970
38873
38971
38874
38972
38875
38973
38876
38974
38877
38975
38878
38976
38879
38977
38880
38978
38881
38979
38882
38980
38883
38981
38884
38982
38885
38983
38886
38984
38887
38985
38888
38986
38889
38987
38890
38988
38891
38989
38892
38990
38893
38991
38894
38992
38895
38993
38896
38994
38897
38995
38898
38996
38899
38997
38900
38998
38901
38999
38902
39000
38903
39001
38904
39002
38905
39003
38906
39004
39005
38908
39006
38909
39007
38910
39008
38911
39009
38912
39010
38913
39011
38914
39012
38915
39013
38916
39014
38917
39015
38918
39016
38919
39017
38920
39018
38921
39019
38922
39020
38923
39021
38924
39022
38925
39023
38926
39024
38927
39025
38928
39026
38929
39027
38930
39028
38931
39029
38932
39030
38933
39031
38934
39032
38935
39033
38936
39034
38937
39035
38938
39036
38939
39037
38940
39038
38941
39039
38942
39040
38943
39041
38944
39042
38945
39043
38946
39044
38947
39045
38948
39046
38949
39047
38950
39048
38951
39049
38952
39050
38953
39051
38954
39052
38955
39053
38956
39054
38957
39055
38958
39056
38959
39057
38960
39058
38961
39059
38962
39060
38963
39061
38964
39062
38965
39063
38966
39064
38967
39065
38968
39066
38969
39067
38970
39068
38971
39069
38972
39070
38973
39071
38974
39072
38975
39073
38976
39074
38977
39075
38978
39076
38979
39077
38980
39078
38981
39079
38982
39080
38983
39081
38984
39082
38985
39083
38986
39084
38987
39085
38988
39086
38989
39087
38990
39088
38991
39089
38992
39090
38993
39091
38994
39092
38995
39093
38996
39094
38997
39095
38998
39096
38999
39097
39000
39098
39001
39099
39002
39100
39003
39101
39004
39102
39005
39103
39104
39007
39105
39008
39106
39009
39107
39010
39108
39011
39109
39012
39110
39013
39111
39014
39112
39015
39113
39016
39114
39017
39115
39018
39116
39019
39117
39020
39118
39021
39119
39022
39120
39023
39121
39024
39122
39025
39123
39026
39124
39027
39125
39028
39126
39029
39127
39030
39128
39031
39129
39032
39130
39033
39131
39034
39132
39035
39133
39036
39134
39037
39135
39038
39136
39039
39137
39040
39138
39041
39139
39042
39140
39043
39141
39044
39142
39045
39143
39046
39144
39047
39145
39048
39146
39049
39147
39050
39148
39051
39149
39052
39150
39053
39151
39054
39152
39055
39153
39056
39154
39057
39155
39058
39156
39059
39157
39060
39158
39061
39159
39062
39160
39063
39161
39064
39162
39065
39163
39066
39164
39067
39165
39068
39166
39069
39167
39070
39168
39071
39169
39072
39170
39073
39171
39074
39172
39075
39173
39076
39174
39077
39175
39078
39176
39079
39177
39080
39178
39081
39179
39082
39180
39083
39181
39084
39182
39085
39183
39086
39184
39087
39185
39088
39186
39089
39187
39090
39188
39091
39189
39092
39190
39093
39191
39094
39192
39095
39193
39096
39194
39097
39195
39098
39196
39099
39197
39100
39198
39101
39199
39102
39200
39103
39201
39104
39202
39203
39106
39204
39107
39205
39108
39206
39109
39207
39110
39208
39111
39209
39112
39210
39113
39211
39114
39212
39115
39213
39116
39214
39117
39215
39118
39216
39119
39217
39120
39218
39121
39219
39122
39220
39123
39221
39124
39222
39125
39223
39126
39224
39127
39225
39128
39226
39129
39227
39130
39228
39131
39229
39132
39230
39133
39231
39134
39232
39135
39233
39136
39234
39137
39235
39138
39236
39139
39237
39140
39238
39141
39239
39142
39240
39143
39241
39144
39242
39145
39243
39146
39244
39147
39245
39148
39246
39149
39247
39150
39248
39151
39249
39152
39250
39153
39251
39154
39252
39155
39253
39156
39254
39157
39255
39158
39256
39159
39257
39160
39258
39161
39259
39162
39260
39163
39261
39164
39262
39165
39263
39166
39264
39167
39265
39168
39266
39169
39267
39170
39268
39171
39269
39172
39270
39173
39271
39174
39272
39175
39273
39176
39274
39177
39275
39178
39276
39179
39277
39180
39278
39181
39279
39182
39280
39183
39281
39184
39282
39185
39283
39186
39284
39187
39285
39188
39286
39189
39287
39190
39288
39191
39289
39192
39290
39193
39291
39194
39292
39195
39293
39196
39294
39197
39295
39198
39296
39199
39297
39200
39298
39201
39299
39202
39300
39203
39301
39302
39205
39303
39206
39304
39207
39305
39208
39306
39209
39307
39210
39308
39211
39309
39212
39310
39213
39311
39214
39312
39215
39313
39216
39314
39217
39315
39218
39316
39219
39317
39220
39318
39221
39319
39222
39320
39223
39321
39224
39322
39225
39323
39226
39324
39227
39325
39228
39326
39229
39327
39230
39328
39231
39329
39232
39330
39233
39331
39234
39332
39235
39333
39236
39334
39237
39335
39238
39336
39239
39337
39240
39338
39241
39339
39242
39340
39243
39341
39244
39342
39245
39343
39246
39344
39247
39345
39248
39346
39249
39347
39250
39348
39251
39349
39252
39350
39253
39351
39254
39352
39255
39353
39256
39354
39257
39355
39258
39356
39259
39357
39260
39358
39261
39359
39262
39360
39263
39361
39264
39362
39265
39363
39266
39364
39267
39365
39268
39366
39269
39367
39270
39368
39271
39369
39272
39370
39273
39371
39274
39372
39275
39373
39276
39374
39277
39375
39278
39376
39279
39377
39280
39378
39281
39379
39282
39380
39283
39381
39284
39382
39285
39383
39286
39384
39287
39385
39288
39386
39289
39387
39290
39388
39291
39389
39292
39390
39293
39391
39294
39392
39295
39393
39296
39394
39297
39395
39298
39396
39299
39397
39300
39398
39301
39399
39302
39400
39401
39304
39402
39305
39403
39306
39404
39307
39405
39308
39406
39309
39407
39310
39408
39311
39409
39312
39410
39313
39411
39314
39412
39315
39413
39316
39414
39317
39415
39318
39416
39319
39417
39320
39418
39321
39419
39322
39420
39323
39421
39324
39422
39325
39423
39326
39424
39327
39425
39328
39426
39329
39427
39330
39428
39331
39429
39332
39430
39333
39431
39334
39432
39335
39433
39336
39434
39337
39435
39338
39436
39339
39437
39340
39438
39341
39439
39342
39440
39343
39441
39344
39442
39345
39443
39346
39444
39347
39445
39348
39446
39349
39447
39350
39448
39351
39449
39352
39450
39353
39451
39354
39452
39355
39453
39356
39454
39357
39455
39358
39456
39359
39457
39360
39458
39361
39459
39362
39460
39363
39461
39364
39462
39365
39463
39366
39464
39367
39465
39368
39466
39369
39467
39370
39468
39371
39469
39372
39470
39373
39471
39374
39472
39375
39473
39376
39474
39377
39475
39378
39476
39379
39477
39380
39478
39381
39479
39382
39480
39383
39481
39384
39482
39385
39483
39386
39484
39387
39485
39388
39486
39389
39487
39390
39488
39391
39489
39392
39490
39393
39491
39394
39492
39395
39493
39396
39494
39397
39495
39398
39496
39399
39497
39400
39498
39401
39499
39500
39403
39501
39404
39502
39405
39503
39406
39504
39407
39505
39408
39506
39409
39507
39410
39508
39411
39509
39412
39510
39413
39511
39414
39512
39415
39513
39416
39514
39417
39515
39418
39516
39419
39517
39420
39518
39421
39519
39422
39520
39423
39521
39424
39522
39425
39523
39426
39524
39427
39525
39428
39526
39429
39527
39430
39528
39431
39529
39432
39530
39433
39531
39434
39532
39435
39533
39436
39534
39437
39535
39438
39536
39439
39537
39440
39538
39441
39539
39442
39540
39443
39541
39444
39542
39445
39543
39446
39544
39447
39545
39448
39546
39449
39547
39450
39548
39451
39549
39452
39550
39453
39551
39454
39552
39455
39553
39456
39554
39457
39555
39458
39556
39459
39557
39460
39558
39461
39559
39462
39560
39463
39561
39464
39562
39465
39563
39466
39564
39467
39565
39468
39566
39469
39567
39470
39568
39471
39569
39472
39570
39473
39571
39474
39572
39475
39573
39476
39574
39477
39575
39478
39576
39479
39577
39480
39578
39481
39579
39482
39580
39483
39581
39484
39582
39485
39583
39486
39584
39487
39585
39488
39586
39489
39587
39490
39588
39491
39589
39492
39590
39493
39591
39494
39592
39495
39593
39496
39594
39497
39595
39498
39596
39499
39597
39500
39598
39599
39502
39600
39503
39601
39504
39602
39505
39603
39506
39604
39507
39605
39508
39606
39509
39607
39510
39608
39511
39609
39512
39610
39513
39611
39514
39612
39515
39613
39516
39614
39517
39615
39518
39616
39519
39617
39520
39618
39521
39619
39522
39620
39523
39621
39524
39622
39525
39623
39526
39624
39527
39625
39528
39626
39529
39627
39530
39628
39531
39629
39532
39630
39533
39631
39534
39632
39535
39633
39536
39634
39537
39635
39538
39636
39539
39637
39540
39638
39541
39639
39542
39640
39543
39641
39544
39642
39545
39643
39546
39644
39547
39645
39548
39646
39549
39647
39550
39648
39551
39649
39552
39650
39553
39651
39554
39652
39555
39653
39556
39654
39557
39655
39558
39656
39559
39657
39560
39658
39561
39659
39562
39660
39563
39661
39564
39662
39565
39663
39566
39664
39567
39665
39568
39666
39569
39667
39570
39668
39571
39669
39572
39670
39573
39671
39574
39672
39575
39673
39576
39674
39577
39675
39578
39676
39579
39677
39580
39678
39581
39679
39582
39680
39583
39681
39584
39682
39585
39683
39586
39684
39587
39685
39588
39686
39589
39687
39590
39688
39591
39689
39592
39690
39593
39691
39594
39692
39595
39693
39596
39694
39597
39695
39598
39696
39599
39697
39698
39601
39699
39602
39700
39603
39701
39604
39702
39605
39703
39606
39704
39607
39705
39608
39706
39609
39707
39610
39708
39611
39709
39612
39710
39613
39711
39614
39712
39615
39713
39616
39714
39617
39715
39618
39716
39619
39717
39620
39718
39621
39719
39622
39720
39623
39721
39624
39722
39625
39723
39626
39724
39627
39725
39628
39726
39629
39727
39630
39728
39631
39729
39632
39730
39633
39731
39634
39732
39635
39733
39636
39734
39637
39735
39638
39736
39639
39737
39640
39738
39641
39739
39642
39740
39643
39741
39644
39742
39645
39743
39646
39744
39647
39745
39648
39746
39649
39747
39650
39748
39651
39749
39652
39750
39653
39751
39654
39752
39655
39753
39656
39754
39657
39755
39658
39756
39659
39757
39660
39758
39661
39759
39662
39760
39663
39761
39664
39762
39665
39763
39666
39764
39667
39765
39668
39766
39669
39767
39670
39768
39671
39769
39672
39770
39673
39771
39674
39772
39675
39773
39676
39774
39677
39775
39678
39776
39679
39777
39680
39778
39681
39779
39682
39780
39683
39781
39684
39782
39685
39783
39686
39784
39687
39785
39688
39786
39689
39787
39690
39788
39691
39789
39692
39790
39693
39791
39694
39792
39695
39793
39696
39794
39697
39795
39698
39796
39797
39700
39798
39701
39799
39702
39800
39703
39801
39704
39802
39705
39803
39706
39804
39707
39805
39708
39806
39709
39807
39710
39808
39711
39809
39712
39810
39713
39811
39714
39812
39715
39813
39716
39814
39717
39815
39718
39816
39719
39817
39720
39818
39721
39819
39722
39820
39723
39821
39724
39822
39725
39823
39726
39824
39727
39825
39728
39826
39729
39827
39730
39828
39731
39829
39732
39830
39733
39831
39734
39832
39735
39833
39736
39834
39737
39835
39738
39836
39739
39837
39740
39838
39741
39839
39742
39840
39743
39841
39744
39842
39745
39843
39746
39844
39747
39845
39748
39846
39749
39847
39750
39848
39751
39849
39752
39850
39753
39851
39754
39852
39755
39853
39756
39854
39757
39855
39758
39856
39759
39857
39760
39858
39761
39859
39762
39860
39763
39861
39764
39862
39765
39863
39766
39864
39767
39865
39768
39866
39769
39867
39770
39868
39771
39869
39772
39870
39773
39871
39774
39872
39775
39873
39776
39874
39777
39875
39778
39876
39779
39877
39780
39878
39781
39879
39782
39880
39783
39881
39784
39882
39785
39883
39786
39884
39787
39885
39788
39886
39789
39887
39790
39888
39791
39889
39792
39890
39793
39891
39794
39892
39795
39893
39796
39894
39797
39895
39896
39799
39897
39800
39898
39801
39899
39802
39900
39803
39901
39804
39902
39805
39903
39806
39904
39807
39905
39808
39906
39809
39907
39810
39908
39811
39909
39812
39910
39813
39911
39814
39912
39815
39913
39816
39914
39817
39915
39818
39916
39819
39917
39820
39918
39821
39919
39822
39920
39823
39921
39824
39922
39825
39923
39826
39924
39827
39925
39828
39926
39829
39927
39830
39928
39831
39929
39832
39930
39833
39931
39834
39932
39835
39933
39836
39934
39837
39935
39838
39936
39839
39937
39840
39938
39841
39939
39842
39940
39843
39941
39844
39942
39845
39943
39846
39944
39847
39945
39848
39946
39849
39947
39850
39948
39851
39949
39852
39950
39853
39951
39854
39952
39855
39953
39856
39954
39857
39955
39858
39956
39859
39957
39860
39958
39861
39959
39862
39960
39863
39961
39864
39962
39865
39963
39866
39964
39867
39965
39868
39966
39869
39967
39870
39968
39871
39969
39872
39970
39873
39971
39874
39972
39875
39973
39876
39974
39877
39975
39878
39976
39879
39977
39880
39978
39881
39979
39882
39980
39883
39981
39884
39982
39885
39983
39886
39984
39887
39985
39888
39986
39889
39987
39890
39988
39891
39989
39892
39990
39893
39991
39894
39992
39895
39993
39896
39994
39995
39898
39996
39899
39997
39900
39998
39901
39999
39902
40000
39903
40001
39904
40002
39905
40003
39906
40004
39907
40005
39908
40006
39909
40007
39910
40008
39911
40009
39912
40010
39913
40011
39914
40012
39915
40013
39916
40014
39917
40015
39918
40016
39919
40017
39920
40018
39921
40019
39922
40020
39923
40021
39924
40022
39925
40023
39926
40024
39927
40025
39928
40026
39929
40027
39930
40028
39931
40029
39932
40030
39933
40031
39934
40032
39935
40033
39936
40034
39937
40035
39938
40036
39939
40037
39940
40038
39941
40039
39942
40040
39943
40041
39944
40042
39945
40043
39946
40044
39947
40045
39948
40046
39949
40047
39950
40048
39951
40049
39952
40050
39953
40051
39954
40052
39955
40053
39956
40054
39957
40055
39958
40056
39959
40057
39960
40058
39961
40059
39962
40060
39963
40061
39964
40062
39965
40063
39966
40064
39967
40065
39968
40066
39969
40067
39970
40068
39971
40069
39972
40070
39973
40071
39974
40072
39975
40073
39976
40074
39977
40075
39978
40076
39979
40077
39980
40078
39981
40079
39982
40080
39983
40081
39984
40082
39985
40083
39986
40084
39987
40085
39988
40086
39989
40087
39990
40088
39991
40089
39992
40090
39993
40091
39994
40092
39995
40093
40094
39997
40095
39998
40096
39999
40097
40000
40098
40001
40099
40002
40100
40003
40101
40004
40102
40005
40103
40006
40104
40007
40105
40008
40106
40009
40107
40010
40108
40011
40109
40012
40110
40013
40111
40014
40112
40015
40113
40016
40114
40017
40115
40018
40116
40019
40117
40020
40118
40021
40119
40022
40120
40023
40121
40024
40122
40025
40123
40026
40124
40027
40125
40028
40126
40029
40127
40030
40128
40031
40129
40032
40130
40033
40131
40034
40132
40035
40133
40036
40134
40037
40135
40038
40136
40039
40137
40040
40138
40041
40139
40042
40140
40043
40141
40044
40142
40045
40143
40046
40144
40047
40145
40048
40146
40049
40147
40050
40148
40051
40149
40052
40150
40053
40151
40054
40152
40055
40153
40056
40154
40057
40155
40058
40156
40059
40157
40060
40158
40061
40159
40062
40160
40063
40161
40064
40162
40065
40163
40066
40164
40067
40165
40068
40166
40069
40167
40070
40168
40071
40169
40072
40170
40073
40171
40074
40172
40075
40173
40076
40174
40077
40175
40078
40176
40079
40177
40080
40178
40081
40179
40082
40180
40083
40181
40084
40182
40085
40183
40086
40184
40087
40185
40088
40186
40089
40187
40090
40188
40091
40189
40092
40190
40093
40191
40094
40192
40193
40096
40194
40097
40195
40098
40196
40099
40197
40100
40198
40101
40199
40102
40200
40103
40201
40104
40202
40105
40203
40106
40204
40107
40205
40108
40206
40109
40207
40110
40208
40111
40209
40112
40210
40113
40211
40114
40212
40115
40213
40116
40214
40117
40215
40118
40216
40119
40217
40120
40218
40121
40219
40122
40220
40123
40221
40124
40222
40125
40223
40126
40224
40127
40225
40128
40226
40129
40227
40130
40228
40131
40229
40132
40230
40133
40231
40134
40232
40135
40233
40136
40234
40137
40235
40138
40236
40139
40237
40140
40238
40141
40239
40142
40240
40143
40241
40144
40242
40145
40243
40146
40244
40147
40245
40148
40246
40149
40247
40150
40248
40151
40249
40152
40250
40153
40251
40154
40252
40155
40253
40156
40254
40157
40255
40158
40256
40159
40257
40160
40258
40161
40259
40162
40260
40163
40261
40164
40262
40165
40263
40166
40264
40167
40265
40168
40266
40169
40267
40170
40268
40171
40269
40172
40270
40173
40271
40174
40272
40175
40273
40176
40274
40177
40275
40178
40276
40179
40277
40180
40278
40181
40279
40182
40280
40183
40281
40184
40282
40185
40283
40186
40284
40187
40285
40188
40286
40189
40287
40190
40288
40191
40289
40192
40290
40193
40291
40292
40195
40293
40196
40294
40197
40295
40198
40296
40199
40297
40200
40298
40201
40299
40202
40300
40203
40301
40204
40302
40205
40303
40206
40304
40207
40305
40208
40306
40209
40307
40210
40308
40211
40309
40212
40310
40213
40311
40214
40312
40215
40313
40216
40314
40217
40315
40218
40316
40219
40317
40220
40318
40221
40319
40222
40320
40223
40321
40224
40322
40225
40323
40226
40324
40227
40325
40228
40326
40229
40327
40230
40328
40231
40329
40232
40330
40233
40331
40234
40332
40235
40333
40236
40334
40237
40335
40238
40336
40239
40337
40240
40338
40241
40339
40242
40340
40243
40341
40244
40342
40245
40343
40246
40344
40247
40345
40248
40346
40249
40347
40250
40348
40251
40349
40252
40350
40253
40351
40254
40352
40255
40353
40256
40354
40257
40355
40258
40356
40259
40357
40260
40358
40261
40359
40262
40360
40263
40361
40264
40362
40265
40363
40266
40364
40267
40365
40268
40366
40269
40367
40270
40368
40271
40369
40272
40370
40273
40371
40274
40372
40275
40373
40276
40374
40277
40375
40278
40376
40279
40377
40280
40378
40281
40379
40282
40380
40283
40381
40284
40382
40285
40383
40286
40384
40287
40385
40288
40386
40289
40387
40290
40388
40291
40389
40292
40390
40391
40294
40392
40295
40393
40296
40394
40297
40395
40298
40396
40299
40397
40300
40398
40301
40399
40302
40400
40303
40401
40304
40402
40305
40403
40306
40404
40307
40405
40308
40406
40309
40407
40310
40408
40311
40409
40312
40410
40313
40411
40314
40412
40315
40413
40316
40414
40317
40415
40318
40416
40319
40417
40320
40418
40321
40419
40322
40420
40323
40421
40324
40422
40325
40423
40326
40424
40327
40425
40328
40426
40329
40427
40330
40428
40331
40429
40332
40430
40333
40431
40334
40432
40335
40433
40336
40434
40337
40435
40338
40436
40339
40437
40340
40438
40341
40439
40342
40440
40343
40441
40344
40442
40345
40443
40346
40444
40347
40445
40348
40446
40349
40447
40350
40448
40351
40449
40352
40450
40353
40451
40354
40452
40355
40453
40356
40454
40357
40455
40358
40456
40359
40457
40360
40458
40361
40459
40362
40460
40363
40461
40364
40462
40365
40463
40366
40464
40367
40465
40368
40466
40369
40467
40370
40468
40371
40469
40372
40470
40373
40471
40374
40472
40375
40473
40376
40474
40377
40475
40378
40476
40379
40477
40380
40478
40381
40479
40382
40480
40383
40481
40384
40482
40385
40483
40386
40484
40387
40485
40388
40486
40389
40487
40390
40488
40391
40489
40490
40393
40491
40394
40492
40395
40493
40396
40494
40397
40495
40398
40496
40399
40497
40400
40498
40401
40499
40402
40500
40403
40501
40404
40502
40405
40503
40406
40504
40407
40505
40408
40506
40409
40507
40410
40508
40411
40509
40412
40510
40413
40511
40414
40512
40415
40513
40416
40514
40417
40515
40418
40516
40419
40517
40420
40518
40421
40519
40422
40520
40423
40521
40424
40522
40425
40523
40426
40524
40427
40525
40428
40526
40429
40527
40430
40528
40431
40529
40432
40530
40433
40531
40434
40532
40435
40533
40436
40534
40437
40535
40438
40536
40439
40537
40440
40538
40441
40539
40442
40540
40443
40541
40444
40542
40445
40543
40446
40544
40447
40545
40448
40546
40449
40547
40450
40548
40451
40549
40452
40550
40453
40551
40454
40552
40455
40553
40456
40554
40457
40555
40458
40556
40459
40557
40460
40558
40461
40559
40462
40560
40463
40561
40464
40562
40465
40563
40466
40564
40467
40565
40468
40566
40469
40567
40470
40568
40471
40569
40472
40570
40473
40571
40474
40572
40475
40573
40476
40574
40477
40575
40478
40576
40479
40577
40480
40578
40481
40579
40482
40580
40483
40581
40484
40582
40485
40583
40486
40584
40487
40585
40488
40586
40489
40587
40490
40588
40589
40492
40590
40493
40591
40494
40592
40495
40593
40496
40594
40497
40595
40498
40596
40499
40597
40500
40598
40501
40599
40502
40600
40503
40601
40504
40602
40505
40603
40506
40604
40507
40605
40508
40606
40509
40607
40510
40608
40511
40609
40512
40610
40513
40611
40514
40612
40515
40613
40516
40614
40517
40615
40518
40616
40519
40617
40520
40618
40521
40619
40522
40620
40523
40621
40524
40622
40525
40623
40526
40624
40527
40625
40528
40626
40529
40627
40530
40628
40531
40629
40532
40630
40533
40631
40534
40632
40535
40633
40536
40634
40537
40635
40538
40636
40539
40637
40540
40638
40541
40639
40542
40640
40543
40641
40544
40642
40545
40643
40546
40644
40547
40645
40548
40646
40549
40647
40550
40648
40551
40649
40552
40650
40553
40651
40554
40652
40555
40653
40556
40654
40557
40655
40558
40656
40559
40657
40560
40658
40561
40659
40562
40660
40563
40661
40564
40662
40565
40663
40566
40664
40567
40665
40568
40666
40569
40667
40570
40668
40571
40669
40572
40670
40573
40671
40574
40672
40575
40673
40576
40674
40577
40675
40578
40676
40579
40677
40580
40678
40581
40679
40582
40680
40583
40681
40584
40682
40585
40683
40586
40684
40587
40685
40588
40686
40589
40687
40688
40591
40689
40592
40690
40593
40691
40594
40692
40595
40693
40596
40694
40597
40695
40598
40696
40599
40697
40600
40698
40601
40699
40602
40700
40603
40701
40604
40702
40605
40703
40606
40704
40607
40705
40608
40706
40609
40707
40610
40708
40611
40709
40612
40710
40613
40711
40614
40712
40615
40713
40616
40714
40617
40715
40618
40716
40619
40717
40620
40718
40621
40719
40622
40720
40623
40721
40624
40722
40625
40723
40626
40724
40627
40725
40628
40726
40629
40727
40630
40728
40631
40729
40632
40730
40633
40731
40634
40732
40635
40733
40636
40734
40637
40735
40638
40736
40639
40737
40640
40738
40641
40739
40642
40740
40643
40741
40644
40742
40645
40743
40646
40744
40647
40745
40648
40746
40649
40747
40650
40748
40651
40749
40652
40750
40653
40751
40654
40752
40655
40753
40656
40754
40657
40755
40658
40756
40659
40757
40660
40758
40661
40759
40662
40760
40663
40761
40664
40762
40665
40763
40666
40764
40667
40765
40668
40766
40669
40767
40670
40768
40671
40769
40672
40770
40673
40771
40674
40772
40675
40773
40676
40774
40677
40775
40678
40776
40679
40777
40680
40778
40681
40779
40682
40780
40683
40781
40684
40782
40685
40783
40686
40784
40687
40785
40688
40786
40787
40690
40788
40691
40789
40692
40790
40693
40791
40694
40792
40695
40793
40696
40794
40697
40795
40698
40796
40699
40797
40700
40798
40701
40799
40702
40800
40703
40801
40704
40802
40705
40803
40706
40804
40707
40805
40708
40806
40709
40807
40710
40808
40711
40809
40712
40810
40713
40811
40714
40812
40715
40813
40716
40814
40717
40815
40718
40816
40719
40817
40720
40818
40721
40819
40722
40820
40723
40821
40724
40822
40725
40823
40726
40824
40727
40825
40728
40826
40729
40827
40730
40828
40731
40829
40732
40830
40733
40831
40734
40832
40735
40833
40736
40834
40737
40835
40738
40836
40739
40837
40740
40838
40741
40839
40742
40840
40743
40841
40744
40842
40745
40843
40746
40844
40747
40845
40748
40846
40749
40847
40750
40848
40751
40849
40752
40850
40753
40851
40754
40852
40755
40853
40756
40854
40757
40855
40758
40856
40759
40857
40760
40858
40761
40859
40762
40860
40763
40861
40764
40862
40765
40863
40766
40864
40767
40865
40768
40866
40769
40867
40770
40868
40771
40869
40772
40870
40773
40871
40774
40872
40775
40873
40776
40874
40777
40875
40778
40876
40779
40877
40780
40878
40781
40879
40782
40880
40783
40881
40784
40882
40785
40883
40786
40884
40787
40885
40886
40789
40887
40790
40888
40791
40889
40792
40890
40793
40891
40794
40892
40795
40893
40796
40894
40797
40895
40798
40896
40799
40897
40800
40898
40801
40899
40802
40900
40803
40901
40804
40902
40805
40903
40806
40904
40807
40905
40808
40906
40809
40907
40810
40908
40811
40909
40812
40910
40813
40911
40814
40912
40815
40913
40816
40914
40817
40915
40818
40916
40819
40917
40820
40918
40821
40919
40822
40920
40823
40921
40824
40922
40825
40923
40826
40924
40827
40925
40828
40926
40829
40927
40830
40928
40831
40929
40832
40930
40833
40931
40834
40932
40835
40933
40836
40934
40837
40935
40838
40936
40839
40937
40840
40938
40841
40939
40842
40940
40843
40941
40844
40942
40845
40943
40846
40944
40847
40945
40848
40946
40849
40947
40850
40948
40851
40949
40852
40950
40853
40951
40854
40952
40855
40953
40856
40954
40857
40955
40858
40956
40859
40957
40860
40958
40861
40959
40862
40960
40863
40961
40864
40962
40865
40963
40866
40964
40867
40965
40868
40966
40869
40967
40870
40968
40871
40969
40872
40970
40873
40971
40874
40972
40875
40973
40876
40974
40877
40975
40878
40976
40879
40977
40880
40978
40881
40979
40882
40980
40883
40981
40884
40982
40885
40983
40886
40984
40985
40888
40986
40889
40987
40890
40988
40891
40989
40892
40990
40893
40991
40894
40992
40895
40993
40896
40994
40897
40995
40898
40996
40899
40997
40900
40998
40901
40999
40902
41000
40903
41001
40904
41002
40905
41003
40906
41004
40907
41005
40908
41006
40909
41007
40910
41008
40911
41009
40912
41010
40913
41011
40914
41012
40915
41013
40916
41014
40917
41015
40918
41016
40919
41017
40920
41018
40921
41019
40922
41020
40923
41021
40924
41022
40925
41023
40926
41024
40927
41025
40928
41026
40929
41027
40930
41028
40931
41029
40932
41030
40933
41031
40934
41032
40935
41033
40936
41034
40937
41035
40938
41036
40939
41037
40940
41038
40941
41039
40942
41040
40943
41041
40944
41042
40945
41043
40946
41044
40947
41045
40948
41046
40949
41047
40950
41048
40951
41049
40952
41050
40953
41051
40954
41052
40955
41053
40956
41054
40957
41055
40958
41056
40959
41057
40960
41058
40961
41059
40962
41060
40963
41061
40964
41062
40965
41063
40966
41064
40967
41065
40968
41066
40969
41067
40970
41068
40971
41069
40972
41070
40973
41071
40974
41072
40975
41073
40976
41074
40977
41075
40978
41076
40979
41077
40980
41078
40981
41079
40982
41080
40983
41081
40984
41082
40985
41083
41084
40987
41085
40988
41086
40989
41087
40990
41088
40991
41089
40992
41090
40993
41091
40994
41092
40995
41093
40996
41094
40997
41095
40998
41096
40999
41097
41000
41098
41001
41099
41002
41100
41003
41101
41004
41102
41005
41103
41006
41104
41007
41105
41008
41106
41009
41107
41010
41108
41011
41109
41012
41110
41013
41111
41014
41112
41015
41113
41016
41114
41017
41115
41018
41116
41019
41117
41020
41118
41021
41119
41022
41120
41023
41121
41024
41122
41025
41123
41026
41124
41027
41125
41028
41126
41029
41127
41030
41128
41031
41129
41032
41130
41033
41131
41034
41132
41035
41133
41036
41134
41037
41135
41038
41136
41039
41137
41040
41138
41041
41139
41042
41140
41043
41141
41044
41142
41045
41143
41046
41144
41047
41145
41048
41146
41049
41147
41050
41148
41051
41149
41052
41150
41053
41151
41054
41152
41055
41153
41056
41154
41057
41155
41058
41156
41059
41157
41060
41158
41061
41159
41062
41160
41063
41161
41064
41162
41065
41163
41066
41164
41067
41165
41068
41166
41069
41167
41070
41168
41071
41169
41072
41170
41073
41171
41074
41172
41075
41173
41076
41174
41077
41175
41078
41176
41079
41177
41080
41178
41081
41179
41082
41180
41083
41181
41084
41182
41183
41086
41184
41087
41185
41088
41186
41089
41187
41090
41188
41091
41189
41092
41190
41093
41191
41094
41192
41095
41193
41096
41194
41097
41195
41098
41196
41099
41197
41100
41198
41101
41199
41102
41200
41103
41201
41104
41202
41105
41203
41106
41204
41107
41205
41108
41206
41109
41207
41110
41208
41111
41209
41112
41210
41113
41211
41114
41212
41115
41213
41116
41214
41117
41215
41118
41216
41119
41217
41120
41218
41121
41219
41122
41220
41123
41221
41124
41222
41125
41223
41126
41224
41127
41225
41128
41226
41129
41227
41130
41228
41131
41229
41132
41230
41133
41231
41134
41232
41135
41233
41136
41234
41137
41235
41138
41236
41139
41237
41140
41238
41141
41239
41142
41240
41143
41241
41144
41242
41145
41243
41146
41244
41147
41245
41148
41246
41149
41247
41150
41248
41151
41249
41152
41250
41153
41251
41154
41252
41155
41253
41156
41254
41157
41255
41158
41256
41159
41257
41160
41258
41161
41259
41162
41260
41163
41261
41164
41262
41165
41263
41166
41264
41167
41265
41168
41266
41169
41267
41170
41268
41171
41269
41172
41270
41173
41271
41174
41272
41175
41273
41176
41274
41177
41275
41178
41276
41179
41277
41180
41278
41181
41279
41182
41280
41183
41281
41282
41185
41283
41186
41284
41187
41285
41188
41286
41189
41287
41190
41288
41191
41289
41192
41290
41193
41291
41194
41292
41195
41293
41196
41294
41197
41295
41198
41296
41199
41297
41200
41298
41201
41299
41202
41300
41203
41301
41204
41302
41205
41303
41206
41304
41207
41305
41208
41306
41209
41307
41210
41308
41211
41309
41212
41310
41213
41311
41214
41312
41215
41313
41216
41314
41217
41315
41218
41316
41219
41317
41220
41318
41221
41319
41222
41320
41223
41321
41224
41322
41225
41323
41226
41324
41227
41325
41228
41326
41229
41327
41230
41328
41231
41329
41232
41330
41233
41331
41234
41332
41235
41333
41236
41334
41237
41335
41238
41336
41239
41337
41240
41338
41241
41339
41242
41340
41243
41341
41244
41342
41245
41343
41246
41344
41247
41345
41248
41346
41249
41347
41250
41348
41251
41349
41252
41350
41253
41351
41254
41352
41255
41353
41256
41354
41257
41355
41258
41356
41259
41357
41260
41358
41261
41359
41262
41360
41263
41361
41264
41362
41265
41363
41266
41364
41267
41365
41268
41366
41269
41367
41270
41368
41271
41369
41272
41370
41273
41371
41274
41372
41275
41373
41276
41374
41277
41375
41278
41376
41279
41377
41280
41378
41281
41379
41282
41380
41381
41284
41382
41285
41383
41286
41384
41287
41385
41288
41386
41289
41387
41290
41388
41291
41389
41292
41390
41293
41391
41294
41392
41295
41393
41296
41394
41297
41395
41298
41396
41299
41397
41300
41398
41301
41399
41302
41400
41303
41401
41304
41402
41305
41403
41306
41404
41307
41405
41308
41406
41309
41407
41310
41408
41311
41409
41312
41410
41313
41411
41314
41412
41315
41413
41316
41414
41317
41415
41318
41416
41319
41417
41320
41418
41321
41419
41322
41420
41323
41421
41324
41422
41325
41423
41326
41424
41327
41425
41328
41426
41329
41427
41330
41428
41331
41429
41332
41430
41333
41431
41334
41432
41335
41433
41336
41434
41337
41435
41338
41436
41339
41437
41340
41438
41341
41439
41342
41440
41343
41441
41344
41442
41345
41443
41346
41444
41347
41445
41348
41446
41349
41447
41350
41448
41351
41449
41352
41450
41353
41451
41354
41452
41355
41453
41356
41454
41357
41455
41358
41456
41359
41457
41360
41458
41361
41459
41362
41460
41363
41461
41364
41462
41365
41463
41366
41464
41367
41465
41368
41466
41369
41467
41370
41468
41371
41469
41372
41470
41373
41471
41374
41472
41375
41473
41376
41474
41377
41475
41378
41476
41379
41477
41380
41478
41381
41479
41480
41383
41481
41384
41482
41385
41483
41386
41484
41387
41485
41388
41486
41389
41487
41390
41488
41391
41489
41392
41490
41393
41491
41394
41492
41395
41493
41396
41494
41397
41495
41398
41496
41399
41497
41400
41498
41401
41499
41402
41500
41403
41501
41404
41502
41405
41503
41406
41504
41407
41505
41408
41506
41409
41507
41410
41508
41411
41509
41412
41510
41413
41511
41414
41512
41415
41513
41416
41514
41417
41515
41418
41516
41419
41517
41420
41518
41421
41519
41422
41520
41423
41521
41424
41522
41425
41523
41426
41524
41427
41525
41428
41526
41429
41527
41430
41528
41431
41529
41432
41530
41433
41531
41434
41532
41435
41533
41436
41534
41437
41535
41438
41536
41439
41537
41440
41538
41441
41539
41442
41540
41443
41541
41444
41542
41445
41543
41446
41544
41447
41545
41448
41546
41449
41547
41450
41548
41451
41549
41452
41550
41453
41551
41454
41552
41455
41553
41456
41554
41457
41555
41458
41556
41459
41557
41460
41558
41461
41559
41462
41560
41463
41561
41464
41562
41465
41563
41466
41564
41467
41565
41468
41566
41469
41567
41470
41568
41471
41569
41472
41570
41473
41571
41474
41572
41475
41573
41476
41574
41477
41575
41478
41576
41479
41577
41480
41578
41579
41482
41580
41483
41581
41484
41582
41485
41583
41486
41584
41487
41585
41488
41586
41489
41587
41490
41588
41491
41589
41492
41590
41493
41591
41494
41592
41495
41593
41496
41594
41497
41595
41498
41596
41499
41597
41500
41598
41501
41599
41502
41600
41503
41601
41504
41602
41505
41603
41506
41604
41507
41605
41508
41606
41509
41607
41510
41608
41511
41609
41512
41610
41513
41611
41514
41612
41515
41613
41516
41614
41517
41615
41518
41616
41519
41617
41520
41618
41521
41619
41522
41620
41523
41621
41524
41622
41525
41623
41526
41624
41527
41625
41528
41626
41529
41627
41530
41628
41531
41629
41532
41630
41533
41631
41534
41632
41535
41633
41536
41634
41537
41635
41538
41636
41539
41637
41540
41638
41541
41639
41542
41640
41543
41641
41544
41642
41545
41643
41546
41644
41547
41645
41548
41646
41549
41647
41550
41648
41551
41649
41552
41650
41553
41651
41554
41652
41555
41653
41556
41654
41557
41655
41558
41656
41559
41657
41560
41658
41561
41659
41562
41660
41563
41661
41564
41662
41565
41663
41566
41664
41567
41665
41568
41666
41569
41667
41570
41668
41571
41669
41572
41670
41573
41671
41574
41672
41575
41673
41576
41674
41577
41675
41578
41676
41579
41677
41678
41581
41679
41582
41680
41583
41681
41584
41682
41585
41683
41586
41684
41587
41685
41588
41686
41589
41687
41590
41688
41591
41689
41592
41690
41593
41691
41594
41692
41595
41693
41596
41694
41597
41695
41598
41696
41599
41697
41600
41698
41601
41699
41602
41700
41603
41701
41604
41702
41605
41703
41606
41704
41607
41705
41608
41706
41609
41707
41610
41708
41611
41709
41612
41710
41613
41711
41614
41712
41615
41713
41616
41714
41617
41715
41618
41716
41619
41717
41620
41718
41621
41719
41622
41720
41623
41721
41624
41722
41625
41723
41626
41724
41627
41725
41628
41726
41629
41727
41630
41728
41631
41729
41632
41730
41633
41731
41634
41732
41635
41733
41636
41734
41637
41735
41638
41736
41639
41737
41640
41738
41641
41739
41642
41740
41643
41741
41644
41742
41645
41743
41646
41744
41647
41745
41648
41746
41649
41747
41650
41748
41651
41749
41652
41750
41653
41751
41654
41752
41655
41753
41656
41754
41657
41755
41658
41756
41659
41757
41660
41758
41661
41759
41662
41760
41663
41761
41664
41762
41665
41763
41666
41764
41667
41765
41668
41766
41669
41767
41670
41768
41671
41769
41672
41770
41673
41771
41674
41772
41675
41773
41676
41774
41677
41775
41678
41776
41777
41680
41778
41681
41779
41682
41780
41683
41781
41684
41782
41685
41783
41686
41784
41687
41785
41688
41786
41689
41787
41690
41788
41691
41789
41692
41790
41693
41791
41694
41792
41695
41793
41696
41794
41697
41795
41698
41796
41699
41797
41700
41798
41701
41799
41702
41800
41703
41801
41704
41802
41705
41803
41706
41804
41707
41805
41708
41806
41709
41807
41710
41808
41711
41809
41712
41810
41713
41811
41714
41812
41715
41813
41716
41814
41717
41815
41718
41816
41719
41817
41720
41818
41721
41819
41722
41820
41723
41821
41724
41822
41725
41823
41726
41824
41727
41825
41728
41826
41729
41827
41730
41828
41731
41829
41732
41830
41733
41831
41734
41832
41735
41833
41736
41834
41737
41835
41738
41836
41739
41837
41740
41838
41741
41839
41742
41840
41743
41841
41744
41842
41745
41843
41746
41844
41747
41845
41748
41846
41749
41847
41750
41848
41751
41849
41752
41850
41753
41851
41754
41852
41755
41853
41756
41854
41757
41855
41758
41856
41759
41857
41760
41858
41761
41859
41762
41860
41763
41861
41764
41862
41765
41863
41766
41864
41767
41865
41768
41866
41769
41867
41770
41868
41771
41869
41772
41870
41773
41871
41774
41872
41775
41873
41776
41874
41777
41875
41876
41779
41877
41780
41878
41781
41879
41782
41880
41783
41881
41784
41882
41785
41883
41786
41884
41787
41885
41788
41886
41789
41887
41790
41888
41791
41889
41792
41890
41793
41891
41794
41892
41795
41893
41796
41894
41797
41895
41798
41896
41799
41897
41800
41898
41801
41899
41802
41900
41803
41901
41804
41902
41805
41903
41806
41904
41807
41905
41808
41906
41809
41907
41810
41908
41811
41909
41812
41910
41813
41911
41814
41912
41815
41913
41816
41914
41817
41915
41818
41916
41819
41917
41820
41918
41821
41919
41822
41920
41823
41921
41824
41922
41825
41923
41826
41924
41827
41925
41828
41926
41829
41927
41830
41928
41831
41929
41832
41930
41833
41931
41834
41932
41835
41933
41836
41934
41837
41935
41838
41936
41839
41937
41840
41938
41841
41939
41842
41940
41843
41941
41844
41942
41845
41943
41846
41944
41847
41945
41848
41946
41849
41947
41850
41948
41851
41949
41852
41950
41853
41951
41854
41952
41855
41953
41856
41954
41857
41955
41858
41956
41859
41957
41860
41958
41861
41959
41862
41960
41863
41961
41864
41962
41865
41963
41866
41964
41867
41965
41868
41966
41869
41967
41870
41968
41871
41969
41872
41970
41873
41971
41874
41972
41875
41973
41876
41974
41975
41878
41976
41879
41977
41880
41978
41881
41979
41882
41980
41883
41981
41884
41982
41885
41983
41886
41984
41887
41985
41888
41986
41889
41987
41890
41988
41891
41989
41892
41990
41893
41991
41894
41992
41895
41993
41896
41994
41897
41995
41898
41996
41899
41997
41900
41998
41901
41999
41902
42000
41903
42001
41904
42002
41905
42003
41906
42004
41907
42005
41908
42006
41909
42007
41910
42008
41911
42009
41912
42010
41913
42011
41914
42012
41915
42013
41916
42014
41917
42015
41918
42016
41919
42017
41920
42018
41921
42019
41922
42020
41923
42021
41924
42022
41925
42023
41926
42024
41927
42025
41928
42026
41929
42027
41930
42028
41931
42029
41932
42030
41933
42031
41934
42032
41935
42033
41936
42034
41937
42035
41938
42036
41939
42037
41940
42038
41941
42039
41942
42040
41943
42041
41944
42042
41945
42043
41946
42044
41947
42045
41948
42046
41949
42047
41950
42048
41951
42049
41952
42050
41953
42051
41954
42052
41955
42053
41956
42054
41957
42055
41958
42056
41959
42057
41960
42058
41961
42059
41962
42060
41963
42061
41964
42062
41965
42063
41966
42064
41967
42065
41968
42066
41969
42067
41970
42068
41971
42069
41972
42070
41973
42071
41974
42072
41975
42073
42074
41977
42075
41978
42076
41979
42077
41980
42078
41981
42079
41982
42080
41983
42081
41984
42082
41985
42083
41986
42084
41987
42085
41988
42086
41989
42087
41990
42088
41991
42089
41992
42090
41993
42091
41994
42092
41995
42093
41996
42094
41997
42095
41998
42096
41999
42097
42000
42098
42001
42099
42002
42100
42003
42101
42004
42102
42005
42103
42006
42104
42007
42105
42008
42106
42009
42107
42010
42108
42011
42109
42012
42110
42013
42111
42014
42112
42015
42113
42016
42114
42017
42115
42018
42116
42019
42117
42020
42118
42021
42119
42022
42120
42023
42121
42024
42122
42025
42123
42026
42124
42027
42125
42028
42126
42029
42127
42030
42128
42031
42129
42032
42130
42033
42131
42034
42132
42035
42133
42036
42134
42037
42135
42038
42136
42039
42137
42040
42138
42041
42139
42042
42140
42043
42141
42044
42142
42045
42143
42046
42144
42047
42145
42048
42146
42049
42147
42050
42148
42051
42149
42052
42150
42053
42151
42054
42152
42055
42153
42056
42154
42057
42155
42058
42156
42059
42157
42060
42158
42061
42159
42062
42160
42063
42161
42064
42162
42065
42163
42066
42164
42067
42165
42068
42166
42069
42167
42070
42168
42071
42169
42072
42170
42073
42171
42074
42172
42173
42076
42174
42077
42175
42078
42176
42079
42177
42080
42178
42081
42179
42082
42180
42083
42181
42084
42182
42085
42183
42086
42184
42087
42185
42088
42186
42089
42187
42090
42188
42091
42189
42092
42190
42093
42191
42094
42192
42095
42193
42096
42194
42097
42195
42098
42196
42099
42197
42100
42198
42101
42199
42102
42200
42103
42201
42104
42202
42105
42203
42106
42204
42107
42205
42108
42206
42109
42207
42110
42208
42111
42209
42112
42210
42113
42211
42114
42212
42115
42213
42116
42214
42117
42215
42118
42216
42119
42217
42120
42218
42121
42219
42122
42220
42123
42221
42124
42222
42125
42223
42126
42224
42127
42225
42128
42226
42129
42227
42130
42228
42131
42229
42132
42230
42133
42231
42134
42232
42135
42233
42136
42234
42137
42235
42138
42236
42139
42237
42140
42238
42141
42239
42142
42240
42143
42241
42144
42242
42145
42243
42146
42244
42147
42245
42148
42246
42149
42247
42150
42248
42151
42249
42152
42250
42153
42251
42154
42252
42155
42253
42156
42254
42157
42255
42158
42256
42159
42257
42160
42258
42161
42259
42162
42260
42163
42261
42164
42262
42165
42263
42166
42264
42167
42265
42168
42266
42169
42267
42170
42268
42171
42269
42172
42270
42173
42271
42272
42175
42273
42176
42274
42177
42275
42178
42276
42179
42277
42180
42278
42181
42279
42182
42280
42183
42281
42184
42282
42185
42283
42186
42284
42187
42285
42188
42286
42189
42287
42190
42288
42191
42289
42192
42290
42193
42291
42194
42292
42195
42293
42196
42294
42197
42295
42198
42296
42199
42297
42200
42298
42201
42299
42202
42300
42203
42301
42204
42302
42205
42303
42206
42304
42207
42305
42208
42306
42209
42307
42210
42308
42211
42309
42212
42310
42213
42311
42214
42312
42215
42313
42216
42314
42217
42315
42218
42316
42219
42317
42220
42318
42221
42319
42222
42320
42223
42321
42224
42322
42225
42323
42226
42324
42227
42325
42228
42326
42229
42327
42230
42328
42231
42329
42232
42330
42233
42331
42234
42332
42235
42333
42236
42334
42237
42335
42238
42336
42239
42337
42240
42338
42241
42339
42242
42340
42243
42341
42244
42342
42245
42343
42246
42344
42247
42345
42248
42346
42249
42347
42250
42348
42251
42349
42252
42350
42253
42351
42254
42352
42255
42353
42256
42354
42257
42355
42258
42356
42259
42357
42260
42358
42261
42359
42262
42360
42263
42361
42264
42362
42265
42363
42266
42364
42267
42365
42268
42366
42269
42367
42270
42368
42271
42369
42272
42370
42371
42274
42372
42275
42373
42276
42374
42277
42375
42278
42376
42279
42377
42280
42378
42281
42379
42282
42380
42283
42381
42284
42382
42285
42383
42286
42384
42287
42385
42288
42386
42289
42387
42290
42388
42291
42389
42292
42390
42293
42391
42294
42392
42295
42393
42296
42394
42297
42395
42298
42396
42299
42397
42300
42398
42301
42399
42302
42400
42303
42401
42304
42402
42305
42403
42306
42404
42307
42405
42308
42406
42309
42407
42310
42408
42311
42409
42312
42410
42313
42411
42314
42412
42315
42413
42316
42414
42317
42415
42318
42416
42319
42417
42320
42418
42321
42419
42322
42420
42323
42421
42324
42422
42325
42423
42326
42424
42327
42425
42328
42426
42329
42427
42330
42428
42331
42429
42332
42430
42333
42431
42334
42432
42335
42433
42336
42434
42337
42435
42338
42436
42339
42437
42340
42438
42341
42439
42342
42440
42343
42441
42344
42442
42345
42443
42346
42444
42347
42445
42348
42446
42349
42447
42350
42448
42351
42449
42352
42450
42353
42451
42354
42452
42355
42453
42356
42454
42357
42455
42358
42456
42359
42457
42360
42458
42361
42459
42362
42460
42363
42461
42364
42462
42365
42463
42366
42464
42367
42465
42368
42466
42369
42467
42370
42468
42371
42469
42470
42373
42471
42374
42472
42375
42473
42376
42474
42377
42475
42378
42476
42379
42477
42380
42478
42381
42479
42382
42480
42383
42481
42384
42482
42385
42483
42386
42484
42387
42485
42388
42486
42389
42487
42390
42488
42391
42489
42392
42490
42393
42491
42394
42492
42395
42493
42396
42494
42397
42495
42398
42496
42399
42497
42400
42498
42401
42499
42402
42500
42403
42501
42404
42502
42405
42503
42406
42504
42407
42505
42408
42506
42409
42507
42410
42508
42411
42509
42412
42510
42413
42511
42414
42512
42415
42513
42416
42514
42417
42515
42418
42516
42419
42517
42420
42518
42421
42519
42422
42520
42423
42521
42424
42522
42425
42523
42426
42524
42427
42525
42428
42526
42429
42527
42430
42528
42431
42529
42432
42530
42433
42531
42434
42532
42435
42533
42436
42534
42437
42535
42438
42536
42439
42537
42440
42538
42441
42539
42442
42540
42443
42541
42444
42542
42445
42543
42446
42544
42447
42545
42448
42546
42449
42547
42450
42548
42451
42549
42452
42550
42453
42551
42454
42552
42455
42553
42456
42554
42457
42555
42458
42556
42459
42557
42460
42558
42461
42559
42462
42560
42463
42561
42464
42562
42465
42563
42466
42564
42467
42565
42468
42566
42469
42567
42470
42568
42569
42472
42570
42473
42571
42474
42572
42475
42573
42476
42574
42477
42575
42478
42576
42479
42577
42480
42578
42481
42579
42482
42580
42483
42581
42484
42582
42485
42583
42486
42584
42487
42585
42488
42586
42489
42587
42490
42588
42491
42589
42492
42590
42493
42591
42494
42592
42495
42593
42496
42594
42497
42595
42498
42596
42499
42597
42500
42598
42501
42599
42502
42600
42503
42601
42504
42602
42505
42603
42506
42604
42507
42605
42508
42606
42509
42607
42510
42608
42511
42609
42512
42610
42513
42611
42514
42612
42515
42613
42516
42614
42517
42615
42518
42616
42519
42617
42520
42618
42521
42619
42522
42620
42523
42621
42524
42622
42525
42623
42526
42624
42527
42625
42528
42626
42529
42627
42530
42628
42531
42629
42532
42630
42533
42631
42534
42632
42535
42633
42536
42634
42537
42635
42538
42636
42539
42637
42540
42638
42541
42639
42542
42640
42543
42641
42544
42642
42545
42643
42546
42644
42547
42645
42548
42646
42549
42647
42550
42648
42551
42649
42552
42650
42553
42651
42554
42652
42555
42653
42556
42654
42557
42655
42558
42656
42559
42657
42560
42658
42561
42659
42562
42660
42563
42661
42564
42662
42565
42663
42566
42664
42567
42665
42568
42666
42569
42667
42668
42571
42669
42572
42670
42573
42671
42574
42672
42575
42673
42576
42674
42577
42675
42578
42676
42579
42677
42580
42678
42581
42679
42582
42680
42583
42681
42584
42682
42585
42683
42586
42684
42587
42685
42588
42686
42589
42687
42590
42688
42591
42689
42592
42690
42593
42691
42594
42692
42595
42693
42596
42694
42597
42695
42598
42696
42599
42697
42600
42698
42601
42699
42602
42700
42603
42701
42604
42702
42605
42703
42606
42704
42607
42705
42608
42706
42609
42707
42610
42708
42611
42709
42612
42710
42613
42711
42614
42712
42615
42713
42616
42714
42617
42715
42618
42716
42619
42717
42620
42718
42621
42719
42622
42720
42623
42721
42624
42722
42625
42723
42626
42724
42627
42725
42628
42726
42629
42727
42630
42728
42631
42729
42632
42730
42633
42731
42634
42732
42635
42733
42636
42734
42637
42735
42638
42736
42639
42737
42640
42738
42641
42739
42642
42740
42643
42741
42644
42742
42645
42743
42646
42744
42647
42745
42648
42746
42649
42747
42650
42748
42651
42749
42652
42750
42653
42751
42654
42752
42655
42753
42656
42754
42657
42755
42658
42756
42659
42757
42660
42758
42661
42759
42662
42760
42663
42761
42664
42762
42665
42763
42666
42764
42667
42765
42668
42766
42767
42670
42768
42671
42769
42672
42770
42673
42771
42674
42772
42675
42773
42676
42774
42677
42775
42678
42776
42679
42777
42680
42778
42681
42779
42682
42780
42683
42781
42684
42782
42685
42783
42686
42784
42687
42785
42688
42786
42689
42787
42690
42788
42691
42789
42692
42790
42693
42791
42694
42792
42695
42793
42696
42794
42697
42795
42698
42796
42699
42797
42700
42798
42701
42799
42702
42800
42703
42801
42704
42802
42705
42803
42706
42804
42707
42805
42708
42806
42709
42807
42710
42808
42711
42809
42712
42810
42713
42811
42714
42812
42715
42813
42716
42814
42717
42815
42718
42816
42719
42817
42720
42818
42721
42819
42722
42820
42723
42821
42724
42822
42725
42823
42726
42824
42727
42825
42728
42826
42729
42827
42730
42828
42731
42829
42732
42830
42733
42831
42734
42832
42735
42833
42736
42834
42737
42835
42738
42836
42739
42837
42740
42838
42741
42839
42742
42840
42743
42841
42744
42842
42745
42843
42746
42844
42747
42845
42748
42846
42749
42847
42750
42848
42751
42849
42752
42850
42753
42851
42754
42852
42755
42853
42756
42854
42757
42855
42758
42856
42759
42857
42760
42858
42761
42859
42762
42860
42763
42861
42764
42862
42765
42863
42766
42864
42767
42865
42866
42769
42867
42770
42868
42771
42869
42772
42870
42773
42871
42774
42872
42775
42873
42776
42874
42777
42875
42778
42876
42779
42877
42780
42878
42781
42879
42782
42880
42783
42881
42784
42882
42785
42883
42786
42884
42787
42885
42788
42886
42789
42887
42790
42888
42791
42889
42792
42890
42793
42891
42794
42892
42795
42893
42796
42894
42797
42895
42798
42896
42799
42897
42800
42898
42801
42899
42802
42900
42803
42901
42804
42902
42805
42903
42806
42904
42807
42905
42808
42906
42809
42907
42810
42908
42811
42909
42812
42910
42813
42911
42814
42912
42815
42913
42816
42914
42817
42915
42818
42916
42819
42917
42820
42918
42821
42919
42822
42920
42823
42921
42824
42922
42825
42923
42826
42924
42827
42925
42828
42926
42829
42927
42830
42928
42831
42929
42832
42930
42833
42931
42834
42932
42835
42933
42836
42934
42837
42935
42838
42936
42839
42937
42840
42938
42841
42939
42842
42940
42843
42941
42844
42942
42845
42943
42846
42944
42847
42945
42848
42946
42849
42947
42850
42948
42851
42949
42852
42950
42853
42951
42854
42952
42855
42953
42856
42954
42857
42955
42858
42956
42859
42957
42860
42958
42861
42959
42862
42960
42863
42961
42864
42962
42865
42963
42866
42964
42965
42868
42966
42869
42967
42870
42968
42871
42969
42872
42970
42873
42971
42874
42972
42875
42973
42876
42974
42877
42975
42878
42976
42879
42977
42880
42978
42881
42979
42882
42980
42883
42981
42884
42982
42885
42983
42886
42984
42887
42985
42888
42986
42889
42987
42890
42988
42891
42989
42892
42990
42893
42991
42894
42992
42895
42993
42896
42994
42897
42995
42898
42996
42899
42997
42900
42998
42901
42999
42902
43000
42903
43001
42904
43002
42905
43003
42906
43004
42907
43005
42908
43006
42909
43007
42910
43008
42911
43009
42912
43010
42913
43011
42914
43012
42915
43013
42916
43014
42917
43015
42918
43016
42919
43017
42920
43018
42921
43019
42922
43020
42923
43021
42924
43022
42925
43023
42926
43024
42927
43025
42928
43026
42929
43027
42930
43028
42931
43029
42932
43030
42933
43031
42934
43032
42935
43033
42936
43034
42937
43035
42938
43036
42939
43037
42940
43038
42941
43039
42942
43040
42943
43041
42944
43042
42945
43043
42946
43044
42947
43045
42948
43046
42949
43047
42950
43048
42951
43049
42952
43050
42953
43051
42954
43052
42955
43053
42956
43054
42957
43055
42958
43056
42959
43057
42960
43058
42961
43059
42962
43060
42963
43061
42964
43062
42965
43063
43064
42967
43065
42968
43066
42969
43067
42970
43068
42971
43069
42972
43070
42973
43071
42974
43072
42975
43073
42976
43074
42977
43075
42978
43076
42979
43077
42980
43078
42981
43079
42982
43080
42983
43081
42984
43082
42985
43083
42986
43084
42987
43085
42988
43086
42989
43087
42990
43088
42991
43089
42992
43090
42993
43091
42994
43092
42995
43093
42996
43094
42997
43095
42998
43096
42999
43097
43000
43098
43001
43099
43002
43100
43003
43101
43004
43102
43005
43103
43006
43104
43007
43105
43008
43106
43009
43107
43010
43108
43011
43109
43012
43110
43013
43111
43014
43112
43015
43113
43016
43114
43017
43115
43018
43116
43019
43117
43020
43118
43021
43119
43022
43120
43023
43121
43024
43122
43025
43123
43026
43124
43027
43125
43028
43126
43029
43127
43030
43128
43031
43129
43032
43130
43033
43131
43034
43132
43035
43133
43036
43134
43037
43135
43038
43136
43039
43137
43040
43138
43041
43139
43042
43140
43043
43141
43044
43142
43045
43143
43046
43144
43047
43145
43048
43146
43049
43147
43050
43148
43051
43149
43052
43150
43053
43151
43054
43152
43055
43153
43056
43154
43057
43155
43058
43156
43059
43157
43060
43158
43061
43159
43062
43160
43063
43161
43064
43162
43163
43066
43164
43067
43165
43068
43166
43069
43167
43070
43168
43071
43169
43072
43170
43073
43171
43074
43172
43075
43173
43076
43174
43077
43175
43078
43176
43079
43177
43080
43178
43081
43179
43082
43180
43083
43181
43084
43182
43085
43183
43086
43184
43087
43185
43088
43186
43089
43187
43090
43188
43091
43189
43092
43190
43093
43191
43094
43192
43095
43193
43096
43194
43097
43195
43098
43196
43099
43197
43100
43198
43101
43199
43102
43200
43103
43201
43104
43202
43105
43203
43106
43204
43107
43205
43108
43206
43109
43207
43110
43208
43111
43209
43112
43210
43113
43211
43114
43212
43115
43213
43116
43214
43117
43215
43118
43216
43119
43217
43120
43218
43121
43219
43122
43220
43123
43221
43124
43222
43125
43223
43126
43224
43127
43225
43128
43226
43129
43227
43130
43228
43131
43229
43132
43230
43133
43231
43134
43232
43135
43233
43136
43234
43137
43235
43138
43236
43139
43237
43140
43238
43141
43239
43142
43240
43143
43241
43144
43242
43145
43243
43146
43244
43147
43245
43148
43246
43149
43247
43150
43248
43151
43249
43152
43250
43153
43251
43154
43252
43155
43253
43156
43254
43157
43255
43158
43256
43159
43257
43160
43258
43161
43259
43162
43260
43163
43261
43262
43165
43263
43166
43264
43167
43265
43168
43266
43169
43267
43170
43268
43171
43269
43172
43270
43173
43271
43174
43272
43175
43273
43176
43274
43177
43275
43178
43276
43179
43277
43180
43278
43181
43279
43182
43280
43183
43281
43184
43282
43185
43283
43186
43284
43187
43285
43188
43286
43189
43287
43190
43288
43191
43289
43192
43290
43193
43291
43194
43292
43195
43293
43196
43294
43197
43295
43198
43296
43199
43297
43200
43298
43201
43299
43202
43300
43203
43301
43204
43302
43205
43303
43206
43304
43207
43305
43208
43306
43209
43307
43210
43308
43211
43309
43212
43310
43213
43311
43214
43312
43215
43313
43216
43314
43217
43315
43218
43316
43219
43317
43220
43318
43221
43319
43222
43320
43223
43321
43224
43322
43225
43323
43226
43324
43227
43325
43228
43326
43229
43327
43230
43328
43231
43329
43232
43330
43233
43331
43234
43332
43235
43333
43236
43334
43237
43335
43238
43336
43239
43337
43240
43338
43241
43339
43242
43340
43243
43341
43244
43342
43245
43343
43246
43344
43247
43345
43248
43346
43249
43347
43250
43348
43251
43349
43252
43350
43253
43351
43254
43352
43255
43353
43256
43354
43257
43355
43258
43356
43259
43357
43260
43358
43261
43359
43262
43360
43361
43264
43362
43265
43363
43266
43364
43267
43365
43268
43366
43269
43367
43270
43368
43271
43369
43272
43370
43273
43371
43274
43372
43275
43373
43276
43374
43277
43375
43278
43376
43279
43377
43280
43378
43281
43379
43282
43380
43283
43381
43284
43382
43285
43383
43286
43384
43287
43385
43288
43386
43289
43387
43290
43388
43291
43389
43292
43390
43293
43391
43294
43392
43295
43393
43296
43394
43297
43395
43298
43396
43299
43397
43300
43398
43301
43399
43302
43400
43303
43401
43304
43402
43305
43403
43306
43404
43307
43405
43308
43406
43309
43407
43310
43408
43311
43409
43312
43410
43313
43411
43314
43412
43315
43413
43316
43414
43317
43415
43318
43416
43319
43417
43320
43418
43321
43419
43322
43420
43323
43421
43324
43422
43325
43423
43326
43424
43327
43425
43328
43426
43329
43427
43330
43428
43331
43429
43332
43430
43333
43431
43334
43432
43335
43433
43336
43434
43337
43435
43338
43436
43339
43437
43340
43438
43341
43439
43342
43440
43343
43441
43344
43442
43345
43443
43346
43444
43347
43445
43348
43446
43349
43447
43350
43448
43351
43449
43352
43450
43353
43451
43354
43452
43355
43453
43356
43454
43357
43455
43358
43456
43359
43457
43360
43458
43361
43459
43460
43363
43461
43364
43462
43365
43463
43366
43464
43367
43465
43368
43466
43369
43467
43370
43468
43371
43469
43372
43470
43373
43471
43374
43472
43375
43473
43376
43474
43377
43475
43378
43476
43379
43477
43380
43478
43381
43479
43382
43480
43383
43481
43384
43482
43385
43483
43386
43484
43387
43485
43388
43486
43389
43487
43390
43488
43391
43489
43392
43490
43393
43491
43394
43492
43395
43493
43396
43494
43397
43495
43398
43496
43399
43497
43400
43498
43401
43499
43402
43500
43403
43501
43404
43502
43405
43503
43406
43504
43407
43505
43408
43506
43409
43507
43410
43508
43411
43509
43412
43510
43413
43511
43414
43512
43415
43513
43416
43514
43417
43515
43418
43516
43419
43517
43420
43518
43421
43519
43422
43520
43423
43521
43424
43522
43425
43523
43426
43524
43427
43525
43428
43526
43429
43527
43430
43528
43431
43529
43432
43530
43433
43531
43434
43532
43435
43533
43436
43534
43437
43535
43438
43536
43439
43537
43440
43538
43441
43539
43442
43540
43443
43541
43444
43542
43445
43543
43446
43544
43447
43545
43448
43546
43449
43547
43450
43548
43451
43549
43452
43550
43453
43551
43454
43552
43455
43553
43456
43554
43457
43555
43458
43556
43459
43557
43460
43558
43559
43462
43560
43463
43561
43464
43562
43465
43563
43466
43564
43467
43565
43468
43566
43469
43567
43470
43568
43471
43569
43472
43570
43473
43571
43474
43572
43475
43573
43476
43574
43477
43575
43478
43576
43479
43577
43480
43578
43481
43579
43482
43580
43483
43581
43484
43582
43485
43583
43486
43584
43487
43585
43488
43586
43489
43587
43490
43588
43491
43589
43492
43590
43493
43591
43494
43592
43495
43593
43496
43594
43497
43595
43498
43596
43499
43597
43500
43598
43501
43599
43502
43600
43503
43601
43504
43602
43505
43603
43506
43604
43507
43605
43508
43606
43509
43607
43510
43608
43511
43609
43512
43610
43513
43611
43514
43612
43515
43613
43516
43614
43517
43615
43518
43616
43519
43617
43520
43618
43521
43619
43522
43620
43523
43621
43524
43622
43525
43623
43526
43624
43527
43625
43528
43626
43529
43627
43530
43628
43531
43629
43532
43630
43533
43631
43534
43632
43535
43633
43536
43634
43537
43635
43538
43636
43539
43637
43540
43638
43541
43639
43542
43640
43543
43641
43544
43642
43545
43643
43546
43644
43547
43645
43548
43646
43549
43647
43550
43648
43551
43649
43552
43650
43553
43651
43554
43652
43555
43653
43556
43654
43557
43655
43558
43656
43559
43657
43658
43561
43659
43562
43660
43563
43661
43564
43662
43565
43663
43566
43664
43567
43665
43568
43666
43569
43667
43570
43668
43571
43669
43572
43670
43573
43671
43574
43672
43575
43673
43576
43674
43577
43675
43578
43676
43579
43677
43580
43678
43581
43679
43582
43680
43583
43681
43584
43682
43585
43683
43586
43684
43587
43685
43588
43686
43589
43687
43590
43688
43591
43689
43592
43690
43593
43691
43594
43692
43595
43693
43596
43694
43597
43695
43598
43696
43599
43697
43600
43698
43601
43699
43602
43700
43603
43701
43604
43702
43605
43703
43606
43704
43607
43705
43608
43706
43609
43707
43610
43708
43611
43709
43612
43710
43613
43711
43614
43712
43615
43713
43616
43714
43617
43715
43618
43716
43619
43717
43620
43718
43621
43719
43622
43720
43623
43721
43624
43722
43625
43723
43626
43724
43627
43725
43628
43726
43629
43727
43630
43728
43631
43729
43632
43730
43633
43731
43634
43732
43635
43733
43636
43734
43637
43735
43638
43736
43639
43737
43640
43738
43641
43739
43642
43740
43643
43741
43644
43742
43645
43743
43646
43744
43647
43745
43648
43746
43649
43747
43650
43748
43651
43749
43652
43750
43653
43751
43654
43752
43655
43753
43656
43754
43657
43755
43658
43756
43757
43660
43758
43661
43759
43662
43760
43663
43761
43664
43762
43665
43763
43666
43764
43667
43765
43668
43766
43669
43767
43670
43768
43671
43769
43672
43770
43673
43771
43674
43772
43675
43773
43676
43774
43677
43775
43678
43776
43679
43777
43680
43778
43681
43779
43682
43780
43683
43781
43684
43782
43685
43783
43686
43784
43687
43785
43688
43786
43689
43787
43690
43788
43691
43789
43692
43790
43693
43791
43694
43792
43695
43793
43696
43794
43697
43795
43698
43796
43699
43797
43700
43798
43701
43799
43702
43800
43703
43801
43704
43802
43705
43803
43706
43804
43707
43805
43708
43806
43709
43807
43710
43808
43711
43809
43712
43810
43713
43811
43714
43812
43715
43813
43716
43814
43717
43815
43718
43816
43719
43817
43720
43818
43721
43819
43722
43820
43723
43821
43724
43822
43725
43823
43726
43824
43727
43825
43728
43826
43729
43827
43730
43828
43731
43829
43732
43830
43733
43831
43734
43832
43735
43833
43736
43834
43737
43835
43738
43836
43739
43837
43740
43838
43741
43839
43742
43840
43743
43841
43744
43842
43745
43843
43746
43844
43747
43845
43748
43846
43749
43847
43750
43848
43751
43849
43752
43850
43753
43851
43754
43852
43755
43853
43756
43854
43757
43855
43856
43759
43857
43760
43858
43761
43859
43762
43860
43763
43861
43764
43862
43765
43863
43766
43864
43767
43865
43768
43866
43769
43867
43770
43868
43771
43869
43772
43870
43773
43871
43774
43872
43775
43873
43776
43874
43777
43875
43778
43876
43779
43877
43780
43878
43781
43879
43782
43880
43783
43881
43784
43882
43785
43883
43786
43884
43787
43885
43788
43886
43789
43887
43790
43888
43791
43889
43792
43890
43793
43891
43794
43892
43795
43893
43796
43894
43797
43895
43798
43896
43799
43897
43800
43898
43801
43899
43802
43900
43803
43901
43804
43902
43805
43903
43806
43904
43807
43905
43808
43906
43809
43907
43810
43908
43811
43909
43812
43910
43813
43911
43814
43912
43815
43913
43816
43914
43817
43915
43818
43916
43819
43917
43820
43918
43821
43919
43822
43920
43823
43921
43824
43922
43825
43923
43826
43924
43827
43925
43828
43926
43829
43927
43830
43928
43831
43929
43832
43930
43833
43931
43834
43932
43835
43933
43836
43934
43837
43935
43838
43936
43839
43937
43840
43938
43841
43939
43842
43940
43843
43941
43844
43942
43845
43943
43846
43944
43847
43945
43848
43946
43849
43947
43850
43948
43851
43949
43852
43950
43853
43951
43854
43952
43855
43953
43856
43954
43955
43858
43956
43859
43957
43860
43958
43861
43959
43862
43960
43863
43961
43864
43962
43865
43963
43866
43964
43867
43965
43868
43966
43869
43967
43870
43968
43871
43969
43872
43970
43873
43971
43874
43972
43875
43973
43876
43974
43877
43975
43878
43976
43879
43977
43880
43978
43881
43979
43882
43980
43883
43981
43884
43982
43885
43983
43886
43984
43887
43985
43888
43986
43889
43987
43890
43988
43891
43989
43892
43990
43893
43991
43894
43992
43895
43993
43896
43994
43897
43995
43898
43996
43899
43997
43900
43998
43901
43999
43902
44000
43903
44001
43904
44002
43905
44003
43906
44004
43907
44005
43908
44006
43909
44007
43910
44008
43911
44009
43912
44010
43913
44011
43914
44012
43915
44013
43916
44014
43917
44015
43918
44016
43919
44017
43920
44018
43921
44019
43922
44020
43923
44021
43924
44022
43925
44023
43926
44024
43927
44025
43928
44026
43929
44027
43930
44028
43931
44029
43932
44030
43933
44031
43934
44032
43935
44033
43936
44034
43937
44035
43938
44036
43939
44037
43940
44038
43941
44039
43942
44040
43943
44041
43944
44042
43945
44043
43946
44044
43947
44045
43948
44046
43949
44047
43950
44048
43951
44049
43952
44050
43953
44051
43954
44052
43955
44053
44054
43957
44055
43958
44056
43959
44057
43960
44058
43961
44059
43962
44060
43963
44061
43964
44062
43965
44063
43966
44064
43967
44065
43968
44066
43969
44067
43970
44068
43971
44069
43972
44070
43973
44071
43974
44072
43975
44073
43976
44074
43977
44075
43978
44076
43979
44077
43980
44078
43981
44079
43982
44080
43983
44081
43984
44082
43985
44083
43986
44084
43987
44085
43988
44086
43989
44087
43990
44088
43991
44089
43992
44090
43993
44091
43994
44092
43995
44093
43996
44094
43997
44095
43998
44096
43999
44097
44000
44098
44001
44099
44002
44100
44003
44101
44004
44102
44005
44103
44006
44104
44007
44105
44008
44106
44009
44107
44010
44108
44011
44109
44012
44110
44013
44111
44014
44112
44015
44113
44016
44114
44017
44115
44018
44116
44019
44117
44020
44118
44021
44119
44022
44120
44023
44121
44024
44122
44025
44123
44026
44124
44027
44125
44028
44126
44029
44127
44030
44128
44031
44129
44032
44130
44033
44131
44034
44132
44035
44133
44036
44134
44037
44135
44038
44136
44039
44137
44040
44138
44041
44139
44042
44140
44043
44141
44044
44142
44045
44143
44046
44144
44047
44145
44048
44146
44049
44147
44050
44148
44051
44149
44052
44150
44053
44151
44054
44152
44153
44056
44154
44057
44155
44058
44156
44059
44157
44060
44158
44061
44159
44062
44160
44063
44161
44064
44162
44065
44163
44066
44164
44067
44165
44068
44166
44069
44167
44070
44168
44071
44169
44072
44170
44073
44171
44074
44172
44075
44173
44076
44174
44077
44175
44078
44176
44079
44177
44080
44178
44081
44179
44082
44180
44083
44181
44084
44182
44085
44183
44086
44184
44087
44185
44088
44186
44089
44187
44090
44188
44091
44189
44092
44190
44093
44191
44094
44192
44095
44193
44096
44194
44097
44195
44098
44196
44099
44197
44100
44198
44101
44199
44102
44200
44103
44201
44104
44202
44105
44203
44106
44204
44107
44205
44108
44206
44109
44207
44110
44208
44111
44209
44112
44210
44113
44211
44114
44212
44115
44213
44116
44214
44117
44215
44118
44216
44119
44217
44120
44218
44121
44219
44122
44220
44123
44221
44124
44222
44125
44223
44126
44224
44127
44225
44128
44226
44129
44227
44130
44228
44131
44229
44132
44230
44133
44231
44134
44232
44135
44233
44136
44234
44137
44235
44138
44236
44139
44237
44140
44238
44141
44239
44142
44240
44143
44241
44144
44242
44145
44243
44146
44244
44147
44245
44148
44246
44149
44247
44150
44248
44151
44249
44152
44250
44153
44251
44252
44155
44253
44156
44254
44157
44255
44158
44256
44159
44257
44160
44258
44161
44259
44162
44260
44163
44261
44164
44262
44165
44263
44166
44264
44167
44265
44168
44266
44169
44267
44170
44268
44171
44269
44172
44270
44173
44271
44174
44272
44175
44273
44176
44274
44177
44275
44178
44276
44179
44277
44180
44278
44181
44279
44182
44280
44183
44281
44184
44282
44185
44283
44186
44284
44187
44285
44188
44286
44189
44287
44190
44288
44191
44289
44192
44290
44193
44291
44194
44292
44195
44293
44196
44294
44197
44295
44198
44296
44199
44297
44200
44298
44201
44299
44202
44300
44203
44301
44204
44302
44205
44303
44206
44304
44207
44305
44208
44306
44209
44307
44210
44308
44211
44309
44212
44310
44213
44311
44214
44312
44215
44313
44216
44314
44217
44315
44218
44316
44219
44317
44220
44318
44221
44319
44222
44320
44223
44321
44224
44322
44225
44323
44226
44324
44227
44325
44228
44326
44229
44327
44230
44328
44231
44329
44232
44330
44233
44331
44234
44332
44235
44333
44236
44334
44237
44335
44238
44336
44239
44337
44240
44338
44241
44339
44242
44340
44243
44341
44244
44342
44245
44343
44246
44344
44247
44345
44248
44346
44249
44347
44250
44348
44251
44349
44252
44350
44351
44254
44352
44255
44353
44256
44354
44257
44355
44258
44356
44259
44357
44260
44358
44261
44359
44262
44360
44263
44361
44264
44362
44265
44363
44266
44364
44267
44365
44268
44366
44269
44367
44270
44368
44271
44369
44272
44370
44273
44371
44274
44372
44275
44373
44276
44374
44277
44375
44278
44376
44279
44377
44280
44378
44281
44379
44282
44380
44283
44381
44284
44382
44285
44383
44286
44384
44287
44385
44288
44386
44289
44387
44290
44388
44291
44389
44292
44390
44293
44391
44294
44392
44295
44393
44296
44394
44297
44395
44298
44396
44299
44397
44300
44398
44301
44399
44302
44400
44303
44401
44304
44402
44305
44403
44306
44404
44307
44405
44308
44406
44309
44407
44310
44408
44311
44409
44312
44410
44313
44411
44314
44412
44315
44413
44316
44414
44317
44415
44318
44416
44319
44417
44320
44418
44321
44419
44322
44420
44323
44421
44324
44422
44325
44423
44326
44424
44327
44425
44328
44426
44329
44427
44330
44428
44331
44429
44332
44430
44333
44431
44334
44432
44335
44433
44336
44434
44337
44435
44338
44436
44339
44437
44340
44438
44341
44439
44342
44440
44343
44441
44344
44442
44345
44443
44346
44444
44347
44445
44348
44446
44349
44447
44350
44448
44351
44449
44450
44353
44451
44354
44452
44355
44453
44356
44454
44357
44455
44358
44456
44359
44457
44360
44458
44361
44459
44362
44460
44363
44461
44364
44462
44365
44463
44366
44464
44367
44465
44368
44466
44369
44467
44370
44468
44371
44469
44372
44470
44373
44471
44374
44472
44375
44473
44376
44474
44377
44475
44378
44476
44379
44477
44380
44478
44381
44479
44382
44480
44383
44481
44384
44482
44385
44483
44386
44484
44387
44485
44388
44486
44389
44487
44390
44488
44391
44489
44392
44490
44393
44491
44394
44492
44395
44493
44396
44494
44397
44495
44398
44496
44399
44497
44400
44498
44401
44499
44402
44500
44403
44501
44404
44502
44405
44503
44406
44504
44407
44505
44408
44506
44409
44507
44410
44508
44411
44509
44412
44510
44413
44511
44414
44512
44415
44513
44416
44514
44417
44515
44418
44516
44419
44517
44420
44518
44421
44519
44422
44520
44423
44521
44424
44522
44425
44523
44426
44524
44427
44525
44428
44526
44429
44527
44430
44528
44431
44529
44432
44530
44433
44531
44434
44532
44435
44533
44436
44534
44437
44535
44438
44536
44439
44537
44440
44538
44441
44539
44442
44540
44443
44541
44444
44542
44445
44543
44446
44544
44447
44545
44448
44546
44449
44547
44450
44548
44549
44452
44550
44453
44551
44454
44552
44455
44553
44456
44554
44457
44555
44458
44556
44459
44557
44460
44558
44461
44559
44462
44560
44463
44561
44464
44562
44465
44563
44466
44564
44467
44565
44468
44566
44469
44567
44470
44568
44471
44569
44472
44570
44473
44571
44474
44572
44475
44573
44476
44574
44477
44575
44478
44576
44479
44577
44480
44578
44481
44579
44482
44580
44483
44581
44484
44582
44485
44583
44486
44584
44487
44585
44488
44586
44489
44587
44490
44588
44491
44589
44492
44590
44493
44591
44494
44592
44495
44593
44496
44594
44497
44595
44498
44596
44499
44597
44500
44598
44501
44599
44502
44600
44503
44601
44504
44602
44505
44603
44506
44604
44507
44605
44508
44606
44509
44607
44510
44608
44511
44609
44512
44610
44513
44611
44514
44612
44515
44613
44516
44614
44517
44615
44518
44616
44519
44617
44520
44618
44521
44619
44522
44620
44523
44621
44524
44622
44525
44623
44526
44624
44527
44625
44528
44626
44529
44627
44530
44628
44531
44629
44532
44630
44533
44631
44534
44632
44535
44633
44536
44634
44537
44635
44538
44636
44539
44637
44540
44638
44541
44639
44542
44640
44543
44641
44544
44642
44545
44643
44546
44644
44547
44645
44548
44646
44549
44647
44648
44551
44649
44552
44650
44553
44651
44554
44652
44555
44653
44556
44654
44557
44655
44558
44656
44559
44657
44560
44658
44561
44659
44562
44660
44563
44661
44564
44662
44565
44663
44566
44664
44567
44665
44568
44666
44569
44667
44570
44668
44571
44669
44572
44670
44573
44671
44574
44672
44575
44673
44576
44674
44577
44675
44578
44676
44579
44677
44580
44678
44581
44679
44582
44680
44583
44681
44584
44682
44585
44683
44586
44684
44587
44685
44588
44686
44589
44687
44590
44688
44591
44689
44592
44690
44593
44691
44594
44692
44595
44693
44596
44694
44597
44695
44598
44696
44599
44697
44600
44698
44601
44699
44602
44700
44603
44701
44604
44702
44605
44703
44606
44704
44607
44705
44608
44706
44609
44707
44610
44708
44611
44709
44612
44710
44613
44711
44614
44712
44615
44713
44616
44714
44617
44715
44618
44716
44619
44717
44620
44718
44621
44719
44622
44720
44623
44721
44624
44722
44625
44723
44626
44724
44627
44725
44628
44726
44629
44727
44630
44728
44631
44729
44632
44730
44633
44731
44634
44732
44635
44733
44636
44734
44637
44735
44638
44736
44639
44737
44640
44738
44641
44739
44642
44740
44643
44741
44644
44742
44645
44743
44646
44744
44647
44745
44648
44746
44747
44650
44748
44651
44749
44652
44750
44653
44751
44654
44752
44655
44753
44656
44754
44657
44755
44658
44756
44659
44757
44660
44758
44661
44759
44662
44760
44663
44761
44664
44762
44665
44763
44666
44764
44667
44765
44668
44766
44669
44767
44670
44768
44671
44769
44672
44770
44673
44771
44674
44772
44675
44773
44676
44774
44677
44775
44678
44776
44679
44777
44680
44778
44681
44779
44682
44780
44683
44781
44684
44782
44685
44783
44686
44784
44687
44785
44688
44786
44689
44787
44690
44788
44691
44789
44692
44790
44693
44791
44694
44792
44695
44793
44696
44794
44697
44795
44698
44796
44699
44797
44700
44798
44701
44799
44702
44800
44703
44801
44704
44802
44705
44803
44706
44804
44707
44805
44708
44806
44709
44807
44710
44808
44711
44809
44712
44810
44713
44811
44714
44812
44715
44813
44716
44814
44717
44815
44718
44816
44719
44817
44720
44818
44721
44819
44722
44820
44723
44821
44724
44822
44725
44823
44726
44824
44727
44825
44728
44826
44729
44827
44730
44828
44731
44829
44732
44830
44733
44831
44734
44832
44735
44833
44736
44834
44737
44835
44738
44836
44739
44837
44740
44838
44741
44839
44742
44840
44743
44841
44744
44842
44745
44843
44746
44844
44747
44845
44846
44749
44847
44750
44848
44751
44849
44752
44850
44753
44851
44754
44852
44755
44853
44756
44854
44757
44855
44758
44856
44759
44857
44760
44858
44761
44859
44762
44860
44763
44861
44764
44862
44765
44863
44766
44864
44767
44865
44768
44866
44769
44867
44770
44868
44771
44869
44772
44870
44773
44871
44774
44872
44775
44873
44776
44874
44777
44875
44778
44876
44779
44877
44780
44878
44781
44879
44782
44880
44783
44881
44784
44882
44785
44883
44786
44884
44787
44885
44788
44886
44789
44887
44790
44888
44791
44889
44792
44890
44793
44891
44794
44892
44795
44893
44796
44894
44797
44895
44798
44896
44799
44897
44800
44898
44801
44899
44802
44900
44803
44901
44804
44902
44805
44903
44806
44904
44807
44905
44808
44906
44809
44907
44810
44908
44811
44909
44812
44910
44813
44911
44814
44912
44815
44913
44816
44914
44817
44915
44818
44916
44819
44917
44820
44918
44821
44919
44822
44920
44823
44921
44824
44922
44825
44923
44826
44924
44827
44925
44828
44926
44829
44927
44830
44928
44831
44929
44832
44930
44833
44931
44834
44932
44835
44933
44836
44934
44837
44935
44838
44936
44839
44937
44840
44938
44841
44939
44842
44940
44843
44941
44844
44942
44845
44943
44846
44944
44945
44848
44946
44849
44947
44850
44948
44851
44949
44852
44950
44853
44951
44854
44952
44855
44953
44856
44954
44857
44955
44858
44956
44859
44957
44860
44958
44861
44959
44862
44960
44863
44961
44864
44962
44865
44963
44866
44964
44867
44965
44868
44966
44869
44967
44870
44968
44871
44969
44872
44970
44873
44971
44874
44972
44875
44973
44876
44974
44877
44975
44878
44976
44879
44977
44880
44978
44881
44979
44882
44980
44883
44981
44884
44982
44885
44983
44886
44984
44887
44985
44888
44986
44889
44987
44890
44988
44891
44989
44892
44990
44893
44991
44894
44992
44895
44993
44896
44994
44897
44995
44898
44996
44899
44997
44900
44998
44901
44999
44902
45000
44903
45001
44904
45002
44905
45003
44906
45004
44907
45005
44908
45006
44909
45007
44910
45008
44911
45009
44912
45010
44913
45011
44914
45012
44915
45013
44916
45014
44917
45015
44918
45016
44919
45017
44920
45018
44921
45019
44922
45020
44923
45021
44924
45022
44925
45023
44926
45024
44927
45025
44928
45026
44929
45027
44930
45028
44931
45029
44932
45030
44933
45031
44934
45032
44935
45033
44936
45034
44937
45035
44938
45036
44939
45037
44940
45038
44941
45039
44942
45040
44943
45041
44944
45042
44945
45043
45044
44947
45045
44948
45046
44949
45047
44950
45048
44951
45049
44952
45050
44953
45051
44954
45052
44955
45053
44956
45054
44957
45055
44958
45056
44959
45057
44960
45058
44961
45059
44962
45060
44963
45061
44964
45062
44965
45063
44966
45064
44967
45065
44968
45066
44969
45067
44970
45068
44971
45069
44972
45070
44973
45071
44974
45072
44975
45073
44976
45074
44977
45075
44978
45076
44979
45077
44980
45078
44981
45079
44982
45080
44983
45081
44984
45082
44985
45083
44986
45084
44987
45085
44988
45086
44989
45087
44990
45088
44991
45089
44992
45090
44993
45091
44994
45092
44995
45093
44996
45094
44997
45095
44998
45096
44999
45097
45000
45098
45001
45099
45002
45100
45003
45101
45004
45102
45005
45103
45006
45104
45007
45105
45008
45106
45009
45107
45010
45108
45011
45109
45012
45110
45013
45111
45014
45112
45015
45113
45016
45114
45017
45115
45018
45116
45019
45117
45020
45118
45021
45119
45022
45120
45023
45121
45024
45122
45025
45123
45026
45124
45027
45125
45028
45126
45029
45127
45030
45128
45031
45129
45032
45130
45033
45131
45034
45132
45035
45133
45036
45134
45037
45135
45038
45136
45039
45137
45040
45138
45041
45139
45042
45140
45043
45141
45044
45142
45143
45046
45144
45047
45145
45048
45146
45049
45147
45050
45148
45051
45149
45052
45150
45053
45151
45054
45152
45055
45153
45056
45154
45057
45155
45058
45156
45059
45157
45060
45158
45061
45159
45062
45160
45063
45161
45064
45162
45065
45163
45066
45164
45067
45165
45068
45166
45069
45167
45070
45168
45071
45169
45072
45170
45073
45171
45074
45172
45075
45173
45076
45174
45077
45175
45078
45176
45079
45177
45080
45178
45081
45179
45082
45180
45083
45181
45084
45182
45085
45183
45086
45184
45087
45185
45088
45186
45089
45187
45090
45188
45091
45189
45092
45190
45093
45191
45094
45192
45095
45193
45096
45194
45097
45195
45098
45196
45099
45197
45100
45198
45101
45199
45102
45200
45103
45201
45104
45202
45105
45203
45106
45204
45107
45205
45108
45206
45109
45207
45110
45208
45111
45209
45112
45210
45113
45211
45114
45212
45115
45213
45116
45214
45117
45215
45118
45216
45119
45217
45120
45218
45121
45219
45122
45220
45123
45221
45124
45222
45125
45223
45126
45224
45127
45225
45128
45226
45129
45227
45130
45228
45131
45229
45132
45230
45133
45231
45134
45232
45135
45233
45136
45234
45137
45235
45138
45236
45139
45237
45140
45238
45141
45239
45142
45240
45143
45241
45242
45145
45243
45146
45244
45147
45245
45148
45246
45149
45247
45150
45248
45151
45249
45152
45250
45153
45251
45154
45252
45155
45253
45156
45254
45157
45255
45158
45256
45159
45257
45160
45258
45161
45259
45162
45260
45163
45261
45164
45262
45165
45263
45166
45264
45167
45265
45168
45266
45169
45267
45170
45268
45171
45269
45172
45270
45173
45271
45174
45272
45175
45273
45176
45274
45177
45275
45178
45276
45179
45277
45180
45278
45181
45279
45182
45280
45183
45281
45184
45282
45185
45283
45186
45284
45187
45285
45188
45286
45189
45287
45190
45288
45191
45289
45192
45290
45193
45291
45194
45292
45195
45293
45196
45294
45197
45295
45198
45296
45199
45297
45200
45298
45201
45299
45202
45300
45203
45301
45204
45302
45205
45303
45206
45304
45207
45305
45208
45306
45209
45307
45210
45308
45211
45309
45212
45310
45213
45311
45214
45312
45215
45313
45216
45314
45217
45315
45218
45316
45219
45317
45220
45318
45221
45319
45222
45320
45223
45321
45224
45322
45225
45323
45226
45324
45227
45325
45228
45326
45229
45327
45230
45328
45231
45329
45232
45330
45233
45331
45234
45332
45235
45333
45236
45334
45237
45335
45238
45336
45239
45337
45240
45338
45241
45339
45242
45340
45341
45244
45342
45245
45343
45246
45344
45247
45345
45248
45346
45249
45347
45250
45348
45251
45349
45252
45350
45253
45351
45254
45352
45255
45353
45256
45354
45257
45355
45258
45356
45259
45357
45260
45358
45261
45359
45262
45360
45263
45361
45264
45362
45265
45363
45266
45364
45267
45365
45268
45366
45269
45367
45270
45368
45271
45369
45272
45370
45273
45371
45274
45372
45275
45373
45276
45374
45277
45375
45278
45376
45279
45377
45280
45378
45281
45379
45282
45380
45283
45381
45284
45382
45285
45383
45286
45384
45287
45385
45288
45386
45289
45387
45290
45388
45291
45389
45292
45390
45293
45391
45294
45392
45295
45393
45296
45394
45297
45395
45298
45396
45299
45397
45300
45398
45301
45399
45302
45400
45303
45401
45304
45402
45305
45403
45306
45404
45307
45405
45308
45406
45309
45407
45310
45408
45311
45409
45312
45410
45313
45411
45314
45412
45315
45413
45316
45414
45317
45415
45318
45416
45319
45417
45320
45418
45321
45419
45322
45420
45323
45421
45324
45422
45325
45423
45326
45424
45327
45425
45328
45426
45329
45427
45330
45428
45331
45429
45332
45430
45333
45431
45334
45432
45335
45433
45336
45434
45337
45435
45338
45436
45339
45437
45340
45438
45341
45439
45440
45343
45441
45344
45442
45345
45443
45346
45444
45347
45445
45348
45446
45349
45447
45350
45448
45351
45449
45352
45450
45353
45451
45354
45452
45355
45453
45356
45454
45357
45455
45358
45456
45359
45457
45360
45458
45361
45459
45362
45460
45363
45461
45364
45462
45365
45463
45366
45464
45367
45465
45368
45466
45369
45467
45370
45468
45371
45469
45372
45470
45373
45471
45374
45472
45375
45473
45376
45474
45377
45475
45378
45476
45379
45477
45380
45478
45381
45479
45382
45480
45383
45481
45384
45482
45385
45483
45386
45484
45387
45485
45388
45486
45389
45487
45390
45488
45391
45489
45392
45490
45393
45491
45394
45492
45395
45493
45396
45494
45397
45495
45398
45496
45399
45497
45400
45498
45401
45499
45402
45500
45403
45501
45404
45502
45405
45503
45406
45504
45407
45505
45408
45506
45409
45507
45410
45508
45411
45509
45412
45510
45413
45511
45414
45512
45415
45513
45416
45514
45417
45515
45418
45516
45419
45517
45420
45518
45421
45519
45422
45520
45423
45521
45424
45522
45425
45523
45426
45524
45427
45525
45428
45526
45429
45527
45430
45528
45431
45529
45432
45530
45433
45531
45434
45532
45435
45533
45436
45534
45437
45535
45438
45536
45439
45537
45440
45538
45539
45442
45540
45443
45541
45444
45542
45445
45543
45446
45544
45447
45545
45448
45546
45449
45547
45450
45548
45451
45549
45452
45550
45453
45551
45454
45552
45455
45553
45456
45554
45457
45555
45458
45556
45459
45557
45460
45558
45461
45559
45462
45560
45463
45561
45464
45562
45465
45563
45466
45564
45467
45565
45468
45566
45469
45567
45470
45568
45471
45569
45472
45570
45473
45571
45474
45572
45475
45573
45476
45574
45477
45575
45478
45576
45479
45577
45480
45578
45481
45579
45482
45580
45483
45581
45484
45582
45485
45583
45486
45584
45487
45585
45488
45586
45489
45587
45490
45588
45491
45589
45492
45590
45493
45591
45494
45592
45495
45593
45496
45594
45497
45595
45498
45596
45499
45597
45500
45598
45501
45599
45502
45600
45503
45601
45504
45602
45505
45603
45506
45604
45507
45605
45508
45606
45509
45607
45510
45608
45511
45609
45512
45610
45513
45611
45514
45612
45515
45613
45516
45614
45517
45615
45518
45616
45519
45617
45520
45618
45521
45619
45522
45620
45523
45621
45524
45622
45525
45623
45526
45624
45527
45625
45528
45626
45529
45627
45530
45628
45531
45629
45532
45630
45533
45631
45534
45632
45535
45633
45536
45634
45537
45635
45538
45636
45539
45637
45638
45541
45639
45542
45640
45543
45641
45544
45642
45545
45643
45546
45644
45547
45645
45548
45646
45549
45647
45550
45648
45551
45649
45552
45650
45553
45651
45554
45652
45555
45653
45556
45654
45557
45655
45558
45656
45559
45657
45560
45658
45561
45659
45562
45660
45563
45661
45564
45662
45565
45663
45566
45664
45567
45665
45568
45666
45569
45667
45570
45668
45571
45669
45572
45670
45573
45671
45574
45672
45575
45673
45576
45674
45577
45675
45578
45676
45579
45677
45580
45678
45581
45679
45582
45680
45583
45681
45584
45682
45585
45683
45586
45684
45587
45685
45588
45686
45589
45687
45590
45688
45591
45689
45592
45690
45593
45691
45594
45692
45595
45693
45596
45694
45597
45695
45598
45696
45599
45697
45600
45698
45601
45699
45602
45700
45603
45701
45604
45702
45605
45703
45606
45704
45607
45705
45608
45706
45609
45707
45610
45708
45611
45709
45612
45710
45613
45711
45614
45712
45615
45713
45616
45714
45617
45715
45618
45716
45619
45717
45620
45718
45621
45719
45622
45720
45623
45721
45624
45722
45625
45723
45626
45724
45627
45725
45628
45726
45629
45727
45630
45728
45631
45729
45632
45730
45633
45731
45634
45732
45635
45733
45636
45734
45637
45735
45638
45736
45737
45640
45738
45641
45739
45642
45740
45643
45741
45644
45742
45645
45743
45646
45744
45647
45745
45648
45746
45649
45747
45650
45748
45651
45749
45652
45750
45653
45751
45654
45752
45655
45753
45656
45754
45657
45755
45658
45756
45659
45757
45660
45758
45661
45759
45662
45760
45663
45761
45664
45762
45665
45763
45666
45764
45667
45765
45668
45766
45669
45767
45670
45768
45671
45769
45672
45770
45673
45771
45674
45772
45675
45773
45676
45774
45677
45775
45678
45776
45679
45777
45680
45778
45681
45779
45682
45780
45683
45781
45684
45782
45685
45783
45686
45784
45687
45785
45688
45786
45689
45787
45690
45788
45691
45789
45692
45790
45693
45791
45694
45792
45695
45793
45696
45794
45697
45795
45698
45796
45699
45797
45700
45798
45701
45799
45702
45800
45703
45801
45704
45802
45705
45803
45706
45804
45707
45805
45708
45806
45709
45807
45710
45808
45711
45809
45712
45810
45713
45811
45714
45812
45715
45813
45716
45814
45717
45815
45718
45816
45719
45817
45720
45818
45721
45819
45722
45820
45723
45821
45724
45822
45725
45823
45726
45824
45727
45825
45728
45826
45729
45827
45730
45828
45731
45829
45732
45830
45733
45831
45734
45832
45735
45833
45736
45834
45737
45835
45836
45739
45837
45740
45838
45741
45839
45742
45840
45743
45841
45744
45842
45745
45843
45746
45844
45747
45845
45748
45846
45749
45847
45750
45848
45751
45849
45752
45850
45753
45851
45754
45852
45755
45853
45756
45854
45757
45855
45758
45856
45759
45857
45760
45858
45761
45859
45762
45860
45763
45861
45764
45862
45765
45863
45766
45864
45767
45865
45768
45866
45769
45867
45770
45868
45771
45869
45772
45870
45773
45871
45774
45872
45775
45873
45776
45874
45777
45875
45778
45876
45779
45877
45780
45878
45781
45879
45782
45880
45783
45881
45784
45882
45785
45883
45786
45884
45787
45885
45788
45886
45789
45887
45790
45888
45791
45889
45792
45890
45793
45891
45794
45892
45795
45893
45796
45894
45797
45895
45798
45896
45799
45897
45800
45898
45801
45899
45802
45900
45803
45901
45804
45902
45805
45903
45806
45904
45807
45905
45808
45906
45809
45907
45810
45908
45811
45909
45812
45910
45813
45911
45814
45912
45815
45913
45816
45914
45817
45915
45818
45916
45819
45917
45820
45918
45821
45919
45822
45920
45823
45921
45824
45922
45825
45923
45826
45924
45827
45925
45828
45926
45829
45927
45830
45928
45831
45929
45832
45930
45833
45931
45834
45932
45835
45933
45836
45934
45935
45838
45936
45839
45937
45840
45938
45841
45939
45842
45940
45843
45941
45844
45942
45845
45943
45846
45944
45847
45945
45848
45946
45849
45947
45850
45948
45851
45949
45852
45950
45853
45951
45854
45952
45855
45953
45856
45954
45857
45955
45858
45956
45859
45957
45860
45958
45861
45959
45862
45960
45863
45961
45864
45962
45865
45963
45866
45964
45867
45965
45868
45966
45869
45967
45870
45968
45871
45969
45872
45970
45873
45971
45874
45972
45875
45973
45876
45974
45877
45975
45878
45976
45879
45977
45880
45978
45881
45979
45882
45980
45883
45981
45884
45982
45885
45983
45886
45984
45887
45985
45888
45986
45889
45987
45890
45988
45891
45989
45892
45990
45893
45991
45894
45992
45895
45993
45896
45994
45897
45995
45898
45996
45899
45997
45900
45998
45901
45999
45902
46000
45903
46001
45904
46002
45905
46003
45906
46004
45907
46005
45908
46006
45909
46007
45910
46008
45911
46009
45912
46010
45913
46011
45914
46012
45915
46013
45916
46014
45917
46015
45918
46016
45919
46017
45920
46018
45921
46019
45922
46020
45923
46021
45924
46022
45925
46023
45926
46024
45927
46025
45928
46026
45929
46027
45930
46028
45931
46029
45932
46030
45933
46031
45934
46032
45935
46033
46034
45937
46035
45938
46036
45939
46037
45940
46038
45941
46039
45942
46040
45943
46041
45944
46042
45945
46043
45946
46044
45947
46045
45948
46046
45949
46047
45950
46048
45951
46049
45952
46050
45953
46051
45954
46052
45955
46053
45956
46054
45957
46055
45958
46056
45959
46057
45960
46058
45961
46059
45962
46060
45963
46061
45964
46062
45965
46063
45966
46064
45967
46065
45968
46066
45969
46067
45970
46068
45971
46069
45972
46070
45973
46071
45974
46072
45975
46073
45976
46074
45977
46075
45978
46076
45979
46077
45980
46078
45981
46079
45982
46080
45983
46081
45984
46082
45985
46083
45986
46084
45987
46085
45988
46086
45989
46087
45990
46088
45991
46089
45992
46090
45993
46091
45994
46092
45995
46093
45996
46094
45997
46095
45998
46096
45999
46097
46000
46098
46001
46099
46002
46100
46003
46101
46004
46102
46005
46103
46006
46104
46007
46105
46008
46106
46009
46107
46010
46108
46011
46109
46012
46110
46013
46111
46014
46112
46015
46113
46016
46114
46017
46115
46018
46116
46019
46117
46020
46118
46021
46119
46022
46120
46023
46121
46024
46122
46025
46123
46026
46124
46027
46125
46028
46126
46029
46127
46030
46128
46031
46129
46032
46130
46033
46131
46034
46132
46133
46036
46134
46037
46135
46038
46136
46039
46137
46040
46138
46041
46139
46042
46140
46043
46141
46044
46142
46045
46143
46046
46144
46047
46145
46048
46146
46049
46147
46050
46148
46051
46149
46052
46150
46053
46151
46054
46152
46055
46153
46056
46154
46057
46155
46058
46156
46059
46157
46060
46158
46061
46159
46062
46160
46063
46161
46064
46162
46065
46163
46066
46164
46067
46165
46068
46166
46069
46167
46070
46168
46071
46169
46072
46170
46073
46171
46074
46172
46075
46173
46076
46174
46077
46175
46078
46176
46079
46177
46080
46178
46081
46179
46082
46180
46083
46181
46084
46182
46085
46183
46086
46184
46087
46185
46088
46186
46089
46187
46090
46188
46091
46189
46092
46190
46093
46191
46094
46192
46095
46193
46096
46194
46097
46195
46098
46196
46099
46197
46100
46198
46101
46199
46102
46200
46103
46201
46104
46202
46105
46203
46106
46204
46107
46205
46108
46206
46109
46207
46110
46208
46111
46209
46112
46210
46113
46211
46114
46212
46115
46213
46116
46214
46117
46215
46118
46216
46119
46217
46120
46218
46121
46219
46122
46220
46123
46221
46124
46222
46125
46223
46126
46224
46127
46225
46128
46226
46129
46227
46130
46228
46131
46229
46132
46230
46133
46231
46232
46135
46233
46136
46234
46137
46235
46138
46236
46139
46237
46140
46238
46141
46239
46142
46240
46143
46241
46144
46242
46145
46243
46146
46244
46147
46245
46148
46246
46149
46247
46150
46248
46151
46249
46152
46250
46153
46251
46154
46252
46155
46253
46156
46254
46157
46255
46158
46256
46159
46257
46160
46258
46161
46259
46162
46260
46163
46261
46164
46262
46165
46263
46166
46264
46167
46265
46168
46266
46169
46267
46170
46268
46171
46269
46172
46270
46173
46271
46174
46272
46175
46273
46176
46274
46177
46275
46178
46276
46179
46277
46180
46278
46181
46279
46182
46280
46183
46281
46184
46282
46185
46283
46186
46284
46187
46285
46188
46286
46189
46287
46190
46288
46191
46289
46192
46290
46193
46291
46194
46292
46195
46293
46196
46294
46197
46295
46198
46296
46199
46297
46200
46298
46201
46299
46202
46300
46203
46301
46204
46302
46205
46303
46206
46304
46207
46305
46208
46306
46209
46307
46210
46308
46211
46309
46212
46310
46213
46311
46214
46312
46215
46313
46216
46314
46217
46315
46218
46316
46219
46317
46220
46318
46221
46319
46222
46320
46223
46321
46224
46322
46225
46323
46226
46324
46227
46325
46228
46326
46229
46327
46230
46328
46231
46329
46232
46330
46331
46234
46332
46235
46333
46236
46334
46237
46335
46238
46336
46239
46337
46240
46338
46241
46339
46242
46340
46243
46341
46244
46342
46245
46343
46246
46344
46247
46345
46248
46346
46249
46347
46250
46348
46251
46349
46252
46350
46253
46351
46254
46352
46255
46353
46256
46354
46257
46355
46258
46356
46259
46357
46260
46358
46261
46359
46262
46360
46263
46361
46264
46362
46265
46363
46266
46364
46267
46365
46268
46366
46269
46367
46270
46368
46271
46369
46272
46370
46273
46371
46274
46372
46275
46373
46276
46374
46277
46375
46278
46376
46279
46377
46280
46378
46281
46379
46282
46380
46283
46381
46284
46382
46285
46383
46286
46384
46287
46385
46288
46386
46289
46387
46290
46388
46291
46389
46292
46390
46293
46391
46294
46392
46295
46393
46296
46394
46297
46395
46298
46396
46299
46397
46300
46398
46301
46399
46302
46400
46303
46401
46304
46402
46305
46403
46306
46404
46307
46405
46308
46406
46309
46407
46310
46408
46311
46409
46312
46410
46313
46411
46314
46412
46315
46413
46316
46414
46317
46415
46318
46416
46319
46417
46320
46418
46321
46419
46322
46420
46323
46421
46324
46422
46325
46423
46326
46424
46327
46425
46328
46426
46329
46427
46330
46428
46331
46429
46430
46333
46431
46334
46432
46335
46433
46336
46434
46337
46435
46338
46436
46339
46437
46340
46438
46341
46439
46342
46440
46343
46441
46344
46442
46345
46443
46346
46444
46347
46445
46348
46446
46349
46447
46350
46448
46351
46449
46352
46450
46353
46451
46354
46452
46355
46453
46356
46454
46357
46455
46358
46456
46359
46457
46360
46458
46361
46459
46362
46460
46363
46461
46364
46462
46365
46463
46366
46464
46367
46465
46368
46466
46369
46467
46370
46468
46371
46469
46372
46470
46373
46471
46374
46472
46375
46473
46376
46474
46377
46475
46378
46476
46379
46477
46380
46478
46381
46479
46382
46480
46383
46481
46384
46482
46385
46483
46386
46484
46387
46485
46388
46486
46389
46487
46390
46488
46391
46489
46392
46490
46393
46491
46394
46492
46395
46493
46396
46494
46397
46495
46398
46496
46399
46497
46400
46498
46401
46499
46402
46500
46403
46501
46404
46502
46405
46503
46406
46504
46407
46505
46408
46506
46409
46507
46410
46508
46411
46509
46412
46510
46413
46511
46414
46512
46415
46513
46416
46514
46417
46515
46418
46516
46419
46517
46420
46518
46421
46519
46422
46520
46423
46521
46424
46522
46425
46523
46426
46524
46427
46525
46428
46526
46429
46527
46430
46528
46529
46432
46530
46433
46531
46434
46532
46435
46533
46436
46534
46437
46535
46438
46536
46439
46537
46440
46538
46441
46539
46442
46540
46443
46541
46444
46542
46445
46543
46446
46544
46447
46545
46448
46546
46449
46547
46450
46548
46451
46549
46452
46550
46453
46551
46454
46552
46455
46553
46456
46554
46457
46555
46458
46556
46459
46557
46460
46558
46461
46559
46462
46560
46463
46561
46464
46562
46465
46563
46466
46564
46467
46565
46468
46566
46469
46567
46470
46568
46471
46569
46472
46570
46473
46571
46474
46572
46475
46573
46476
46574
46477
46575
46478
46576
46479
46577
46480
46578
46481
46579
46482
46580
46483
46581
46484
46582
46485
46583
46486
46584
46487
46585
46488
46586
46489
46587
46490
46588
46491
46589
46492
46590
46493
46591
46494
46592
46495
46593
46496
46594
46497
46595
46498
46596
46499
46597
46500
46598
46501
46599
46502
46600
46503
46601
46504
46602
46505
46603
46506
46604
46507
46605
46508
46606
46509
46607
46510
46608
46511
46609
46512
46610
46513
46611
46514
46612
46515
46613
46516
46614
46517
46615
46518
46616
46519
46617
46520
46618
46521
46619
46522
46620
46523
46621
46524
46622
46525
46623
46526
46624
46527
46625
46528
46626
46529
46627
46628
46531
46629
46532
46630
46533
46631
46534
46632
46535
46633
46536
46634
46537
46635
46538
46636
46539
46637
46540
46638
46541
46639
46542
46640
46543
46641
46544
46642
46545
46643
46546
46644
46547
46645
46548
46646
46549
46647
46550
46648
46551
46649
46552
46650
46553
46651
46554
46652
46555
46653
46556
46654
46557
46655
46558
46656
46559
46657
46560
46658
46561
46659
46562
46660
46563
46661
46564
46662
46565
46663
46566
46664
46567
46665
46568
46666
46569
46667
46570
46668
46571
46669
46572
46670
46573
46671
46574
46672
46575
46673
46576
46674
46577
46675
46578
46676
46579
46677
46580
46678
46581
46679
46582
46680
46583
46681
46584
46682
46585
46683
46586
46684
46587
46685
46588
46686
46589
46687
46590
46688
46591
46689
46592
46690
46593
46691
46594
46692
46595
46693
46596
46694
46597
46695
46598
46696
46599
46697
46600
46698
46601
46699
46602
46700
46603
46701
46604
46702
46605
46703
46606
46704
46607
46705
46608
46706
46609
46707
46610
46708
46611
46709
46612
46710
46613
46711
46614
46712
46615
46713
46616
46714
46617
46715
46618
46716
46619
46717
46620
46718
46621
46719
46622
46720
46623
46721
46624
46722
46625
46723
46626
46724
46627
46725
46628
46726
46727
46630
46728
46631
46729
46632
46730
46633
46731
46634
46732
46635
46733
46636
46734
46637
46735
46638
46736
46639
46737
46640
46738
46641
46739
46642
46740
46643
46741
46644
46742
46645
46743
46646
46744
46647
46745
46648
46746
46649
46747
46650
46748
46651
46749
46652
46750
46653
46751
46654
46752
46655
46753
46656
46754
46657
46755
46658
46756
46659
46757
46660
46758
46661
46759
46662
46760
46663
46761
46664
46762
46665
46763
46666
46764
46667
46765
46668
46766
46669
46767
46670
46768
46671
46769
46672
46770
46673
46771
46674
46772
46675
46773
46676
46774
46677
46775
46678
46776
46679
46777
46680
46778
46681
46779
46682
46780
46683
46781
46684
46782
46685
46783
46686
46784
46687
46785
46688
46786
46689
46787
46690
46788
46691
46789
46692
46790
46693
46791
46694
46792
46695
46793
46696
46794
46697
46795
46698
46796
46699
46797
46700
46798
46701
46799
46702
46800
46703
46801
46704
46802
46705
46803
46706
46804
46707
46805
46708
46806
46709
46807
46710
46808
46711
46809
46712
46810
46713
46811
46714
46812
46715
46813
46716
46814
46717
46815
46718
46816
46719
46817
46720
46818
46721
46819
46722
46820
46723
46821
46724
46822
46725
46823
46726
46824
46727
46825
46826
46729
46827
46730
46828
46731
46829
46732
46830
46733
46831
46734
46832
46735
46833
46736
46834
46737
46835
46738
46836
46739
46837
46740
46838
46741
46839
46742
46840
46743
46841
46744
46842
46745
46843
46746
46844
46747
46845
46748
46846
46749
46847
46750
46848
46751
46849
46752
46850
46753
46851
46754
46852
46755
46853
46756
46854
46757
46855
46758
46856
46759
46857
46760
46858
46761
46859
46762
46860
46763
46861
46764
46862
46765
46863
46766
46864
46767
46865
46768
46866
46769
46867
46770
46868
46771
46869
46772
46870
46773
46871
46774
46872
46775
46873
46776
46874
46777
46875
46778
46876
46779
46877
46780
46878
46781
46879
46782
46880
46783
46881
46784
46882
46785
46883
46786
46884
46787
46885
46788
46886
46789
46887
46790
46888
46791
46889
46792
46890
46793
46891
46794
46892
46795
46893
46796
46894
46797
46895
46798
46896
46799
46897
46800
46898
46801
46899
46802
46900
46803
46901
46804
46902
46805
46903
46806
46904
46807
46905
46808
46906
46809
46907
46810
46908
46811
46909
46812
46910
46813
46911
46814
46912
46815
46913
46816
46914
46817
46915
46818
46916
46819
46917
46820
46918
46821
46919
46822
46920
46823
46921
46824
46922
46825
46923
46826
46924
46925
46828
46926
46829
46927
46830
46928
46831
46929
46832
46930
46833
46931
46834
46932
46835
46933
46836
46934
46837
46935
46838
46936
46839
46937
46840
46938
46841
46939
46842
46940
46843
46941
46844
46942
46845
46943
46846
46944
46847
46945
46848
46946
46849
46947
46850
46948
46851
46949
46852
46950
46853
46951
46854
46952
46855
46953
46856
46954
46857
46955
46858
46956
46859
46957
46860
46958
46861
46959
46862
46960
46863
46961
46864
46962
46865
46963
46866
46964
46867
46965
46868
46966
46869
46967
46870
46968
46871
46969
46872
46970
46873
46971
46874
46972
46875
46973
46876
46974
46877
46975
46878
46976
46879
46977
46880
46978
46881
46979
46882
46980
46883
46981
46884
46982
46885
46983
46886
46984
46887
46985
46888
46986
46889
46987
46890
46988
46891
46989
46892
46990
46893
46991
46894
46992
46895
46993
46896
46994
46897
46995
46898
46996
46899
46997
46900
46998
46901
46999
46902
47000
46903
47001
46904
47002
46905
47003
46906
47004
46907
47005
46908
47006
46909
47007
46910
47008
46911
47009
46912
47010
46913
47011
46914
47012
46915
47013
46916
47014
46917
47015
46918
47016
46919
47017
46920
47018
46921
47019
46922
47020
46923
47021
46924
47022
46925
47023
47024
46927
47025
46928
47026
46929
47027
46930
47028
46931
47029
46932
47030
46933
47031
46934
47032
46935
47033
46936
47034
46937
47035
46938
47036
46939
47037
46940
47038
46941
47039
46942
47040
46943
47041
46944
47042
46945
47043
46946
47044
46947
47045
46948
47046
46949
47047
46950
47048
46951
47049
46952
47050
46953
47051
46954
47052
46955
47053
46956
47054
46957
47055
46958
47056
46959
47057
46960
47058
46961
47059
46962
47060
46963
47061
46964
47062
46965
47063
46966
47064
46967
47065
46968
47066
46969
47067
46970
47068
46971
47069
46972
47070
46973
47071
46974
47072
46975
47073
46976
47074
46977
47075
46978
47076
46979
47077
46980
47078
46981
47079
46982
47080
46983
47081
46984
47082
46985
47083
46986
47084
46987
47085
46988
47086
46989
47087
46990
47088
46991
47089
46992
47090
46993
47091
46994
47092
46995
47093
46996
47094
46997
47095
46998
47096
46999
47097
47000
47098
47001
47099
47002
47100
47003
47101
47004
47102
47005
47103
47006
47104
47007
47105
47008
47106
47009
47107
47010
47108
47011
47109
47012
47110
47013
47111
47014
47112
47015
47113
47016
47114
47017
47115
47018
47116
47019
47117
47020
47118
47021
47119
47022
47120
47023
47121
47024
47122
47123
47026
47124
47027
47125
47028
47126
47029
47127
47030
47128
47031
47129
47032
47130
47033
47131
47034
47132
47035
47133
47036
47134
47037
47135
47038
47136
47039
47137
47040
47138
47041
47139
47042
47140
47043
47141
47044
47142
47045
47143
47046
47144
47047
47145
47048
47146
47049
47147
47050
47148
47051
47149
47052
47150
47053
47151
47054
47152
47055
47153
47056
47154
47057
47155
47058
47156
47059
47157
47060
47158
47061
47159
47062
47160
47063
47161
47064
47162
47065
47163
47066
47164
47067
47165
47068
47166
47069
47167
47070
47168
47071
47169
47072
47170
47073
47171
47074
47172
47075
47173
47076
47174
47077
47175
47078
47176
47079
47177
47080
47178
47081
47179
47082
47180
47083
47181
47084
47182
47085
47183
47086
47184
47087
47185
47088
47186
47089
47187
47090
47188
47091
47189
47092
47190
47093
47191
47094
47192
47095
47193
47096
47194
47097
47195
47098
47196
47099
47197
47100
47198
47101
47199
47102
47200
47103
47201
47104
47202
47105
47203
47106
47204
47107
47205
47108
47206
47109
47207
47110
47208
47111
47209
47112
47210
47113
47211
47114
47212
47115
47213
47116
47214
47117
47215
47118
47216
47119
47217
47120
47218
47121
47219
47122
47220
47123
47221
47222
47125
47223
47126
47224
47127
47225
47128
47226
47129
47227
47130
47228
47131
47229
47132
47230
47133
47231
47134
47232
47135
47233
47136
47234
47137
47235
47138
47236
47139
47237
47140
47238
47141
47239
47142
47240
47143
47241
47144
47242
47145
47243
47146
47244
47147
47245
47148
47246
47149
47247
47150
47248
47151
47249
47152
47250
47153
47251
47154
47252
47155
47253
47156
47254
47157
47255
47158
47256
47159
47257
47160
47258
47161
47259
47162
47260
47163
47261
47164
47262
47165
47263
47166
47264
47167
47265
47168
47266
47169
47267
47170
47268
47171
47269
47172
47270
47173
47271
47174
47272
47175
47273
47176
47274
47177
47275
47178
47276
47179
47277
47180
47278
47181
47279
47182
47280
47183
47281
47184
47282
47185
47283
47186
47284
47187
47285
47188
47286
47189
47287
47190
47288
47191
47289
47192
47290
47193
47291
47194
47292
47195
47293
47196
47294
47197
47295
47198
47296
47199
47297
47200
47298
47201
47299
47202
47300
47203
47301
47204
47302
47205
47303
47206
47304
47207
47305
47208
47306
47209
47307
47210
47308
47211
47309
47212
47310
47213
47311
47214
47312
47215
47313
47216
47314
47217
47315
47218
47316
47219
47317
47220
47318
47221
47319
47222
47320
47321
47224
47322
47225
47323
47226
47324
47227
47325
47228
47326
47229
47327
47230
47328
47231
47329
47232
47330
47233
47331
47234
47332
47235
47333
47236
47334
47237
47335
47238
47336
47239
47337
47240
47338
47241
47339
47242
47340
47243
47341
47244
47342
47245
47343
47246
47344
47247
47345
47248
47346
47249
47347
47250
47348
47251
47349
47252
47350
47253
47351
47254
47352
47255
47353
47256
47354
47257
47355
47258
47356
47259
47357
47260
47358
47261
47359
47262
47360
47263
47361
47264
47362
47265
47363
47266
47364
47267
47365
47268
47366
47269
47367
47270
47368
47271
47369
47272
47370
47273
47371
47274
47372
47275
47373
47276
47374
47277
47375
47278
47376
47279
47377
47280
47378
47281
47379
47282
47380
47283
47381
47284
47382
47285
47383
47286
47384
47287
47385
47288
47386
47289
47387
47290
47388
47291
47389
47292
47390
47293
47391
47294
47392
47295
47393
47296
47394
47297
47395
47298
47396
47299
47397
47300
47398
47301
47399
47302
47400
47303
47401
47304
47402
47305
47403
47306
47404
47307
47405
47308
47406
47309
47407
47310
47408
47311
47409
47312
47410
47313
47411
47314
47412
47315
47413
47316
47414
47317
47415
47318
47416
47319
47417
47320
47418
47321
47419
47420
47323
47421
47324
47422
47325
47423
47326
47424
47327
47425
47328
47426
47329
47427
47330
47428
47331
47429
47332
47430
47333
47431
47334
47432
47335
47433
47336
47434
47337
47435
47338
47436
47339
47437
47340
47438
47341
47439
47342
47440
47343
47441
47344
47442
47345
47443
47346
47444
47347
47445
47348
47446
47349
47447
47350
47448
47351
47449
47352
47450
47353
47451
47354
47452
47355
47453
47356
47454
47357
47455
47358
47456
47359
47457
47360
47458
47361
47459
47362
47460
47363
47461
47364
47462
47365
47463
47366
47464
47367
47465
47368
47466
47369
47467
47370
47468
47371
47469
47372
47470
47373
47471
47374
47472
47375
47473
47376
47474
47377
47475
47378
47476
47379
47477
47380
47478
47381
47479
47382
47480
47383
47481
47384
47482
47385
47483
47386
47484
47387
47485
47388
47486
47389
47487
47390
47488
47391
47489
47392
47490
47393
47491
47394
47492
47395
47493
47396
47494
47397
47495
47398
47496
47399
47497
47400
47498
47401
47499
47402
47500
47403
47501
47404
47502
47405
47503
47406
47504
47407
47505
47408
47506
47409
47507
47410
47508
47411
47509
47412
47510
47413
47511
47414
47512
47415
47513
47416
47514
47417
47515
47418
47516
47419
47517
47420
47518
47519
47422
47520
47423
47521
47424
47522
47425
47523
47426
47524
47427
47525
47428
47526
47429
47527
47430
47528
47431
47529
47432
47530
47433
47531
47434
47532
47435
47533
47436
47534
47437
47535
47438
47536
47439
47537
47440
47538
47441
47539
47442
47540
47443
47541
47444
47542
47445
47543
47446
47544
47447
47545
47448
47546
47449
47547
47450
47548
47451
47549
47452
47550
47453
47551
47454
47552
47455
47553
47456
47554
47457
47555
47458
47556
47459
47557
47460
47558
47461
47559
47462
47560
47463
47561
47464
47562
47465
47563
47466
47564
47467
47565
47468
47566
47469
47567
47470
47568
47471
47569
47472
47570
47473
47571
47474
47572
47475
47573
47476
47574
47477
47575
47478
47576
47479
47577
47480
47578
47481
47579
47482
47580
47483
47581
47484
47582
47485
47583
47486
47584
47487
47585
47488
47586
47489
47587
47490
47588
47491
47589
47492
47590
47493
47591
47494
47592
47495
47593
47496
47594
47497
47595
47498
47596
47499
47597
47500
47598
47501
47599
47502
47600
47503
47601
47504
47602
47505
47603
47506
47604
47507
47605
47508
47606
47509
47607
47510
47608
47511
47609
47512
47610
47513
47611
47514
47612
47515
47613
47516
47614
47517
47615
47518
47616
47519
47617
47618
47521
47619
47522
47620
47523
47621
47524
47622
47525
47623
47526
47624
47527
47625
47528
47626
47529
47627
47530
47628
47531
47629
47532
47630
47533
47631
47534
47632
47535
47633
47536
47634
47537
47635
47538
47636
47539
47637
47540
47638
47541
47639
47542
47640
47543
47641
47544
47642
47545
47643
47546
47644
47547
47645
47548
47646
47549
47647
47550
47648
47551
47649
47552
47650
47553
47651
47554
47652
47555
47653
47556
47654
47557
47655
47558
47656
47559
47657
47560
47658
47561
47659
47562
47660
47563
47661
47564
47662
47565
47663
47566
47664
47567
47665
47568
47666
47569
47667
47570
47668
47571
47669
47572
47670
47573
47671
47574
47672
47575
47673
47576
47674
47577
47675
47578
47676
47579
47677
47580
47678
47581
47679
47582
47680
47583
47681
47584
47682
47585
47683
47586
47684
47587
47685
47588
47686
47589
47687
47590
47688
47591
47689
47592
47690
47593
47691
47594
47692
47595
47693
47596
47694
47597
47695
47598
47696
47599
47697
47600
47698
47601
47699
47602
47700
47603
47701
47604
47702
47605
47703
47606
47704
47607
47705
47608
47706
47609
47707
47610
47708
47611
47709
47612
47710
47613
47711
47614
47712
47615
47713
47616
47714
47617
47715
47618
47716
47717
47620
47718
47621
47719
47622
47720
47623
47721
47624
47722
47625
47723
47626
47724
47627
47725
47628
47726
47629
47727
47630
47728
47631
47729
47632
47730
47633
47731
47634
47732
47635
47733
47636
47734
47637
47735
47638
47736
47639
47737
47640
47738
47641
47739
47642
47740
47643
47741
47644
47742
47645
47743
47646
47744
47647
47745
47648
47746
47649
47747
47650
47748
47651
47749
47652
47750
47653
47751
47654
47752
47655
47753
47656
47754
47657
47755
47658
47756
47659
47757
47660
47758
47661
47759
47662
47760
47663
47761
47664
47762
47665
47763
47666
47764
47667
47765
47668
47766
47669
47767
47670
47768
47671
47769
47672
47770
47673
47771
47674
47772
47675
47773
47676
47774
47677
47775
47678
47776
47679
47777
47680
47778
47681
47779
47682
47780
47683
47781
47684
47782
47685
47783
47686
47784
47687
47785
47688
47786
47689
47787
47690
47788
47691
47789
47692
47790
47693
47791
47694
47792
47695
47793
47696
47794
47697
47795
47698
47796
47699
47797
47700
47798
47701
47799
47702
47800
47703
47801
47704
47802
47705
47803
47706
47804
47707
47805
47708
47806
47709
47807
47710
47808
47711
47809
47712
47810
47713
47811
47714
47812
47715
47813
47716
47814
47717
47815
47816
47719
47817
47720
47818
47721
47819
47722
47820
47723
47821
47724
47822
47725
47823
47726
47824
47727
47825
47728
47826
47729
47827
47730
47828
47731
47829
47732
47830
47733
47831
47734
47832
47735
47833
47736
47834
47737
47835
47738
47836
47739
47837
47740
47838
47741
47839
47742
47840
47743
47841
47744
47842
47745
47843
47746
47844
47747
47845
47748
47846
47749
47847
47750
47848
47751
47849
47752
47850
47753
47851
47754
47852
47755
47853
47756
47854
47757
47855
47758
47856
47759
47857
47760
47858
47761
47859
47762
47860
47763
47861
47764
47862
47765
47863
47766
47864
47767
47865
47768
47866
47769
47867
47770
47868
47771
47869
47772
47870
47773
47871
47774
47872
47775
47873
47776
47874
47777
47875
47778
47876
47779
47877
47780
47878
47781
47879
47782
47880
47783
47881
47784
47882
47785
47883
47786
47884
47787
47885
47788
47886
47789
47887
47790
47888
47791
47889
47792
47890
47793
47891
47794
47892
47795
47893
47796
47894
47797
47895
47798
47896
47799
47897
47800
47898
47801
47899
47802
47900
47803
47901
47804
47902
47805
47903
47806
47904
47807
47905
47808
47906
47809
47907
47810
47908
47811
47909
47812
47910
47813
47911
47814
47912
47815
47913
47816
47914
47915
47818
47916
47819
47917
47820
47918
47821
47919
47822
47920
47823
47921
47824
47922
47825
47923
47826
47924
47827
47925
47828
47926
47829
47927
47830
47928
47831
47929
47832
47930
47833
47931
47834
47932
47835
47933
47836
47934
47837
47935
47838
47936
47839
47937
47840
47938
47841
47939
47842
47940
47843
47941
47844
47942
47845
47943
47846
47944
47847
47945
47848
47946
47849
47947
47850
47948
47851
47949
47852
47950
47853
47951
47854
47952
47855
47953
47856
47954
47857
47955
47858
47956
47859
47957
47860
47958
47861
47959
47862
47960
47863
47961
47864
47962
47865
47963
47866
47964
47867
47965
47868
47966
47869
47967
47870
47968
47871
47969
47872
47970
47873
47971
47874
47972
47875
47973
47876
47974
47877
47975
47878
47976
47879
47977
47880
47978
47881
47979
47882
47980
47883
47981
47884
47982
47885
47983
47886
47984
47887
47985
47888
47986
47889
47987
47890
47988
47891
47989
47892
47990
47893
47991
47894
47992
47895
47993
47896
47994
47897
47995
47898
47996
47899
47997
47900
47998
47901
47999
47902
48000
47903
48001
47904
48002
47905
48003
47906
48004
47907
48005
47908
48006
47909
48007
47910
48008
47911
48009
47912
48010
47913
48011
47914
48012
47915
48013
48014
47917
48015
47918
48016
47919
48017
47920
48018
47921
48019
47922
48020
47923
48021
47924
48022
47925
48023
47926
48024
47927
48025
47928
48026
47929
48027
47930
48028
47931
48029
47932
48030
47933
48031
47934
48032
47935
48033
47936
48034
47937
48035
47938
48036
47939
48037
47940
48038
47941
48039
47942
48040
47943
48041
47944
48042
47945
48043
47946
48044
47947
48045
47948
48046
47949
48047
47950
48048
47951
48049
47952
48050
47953
48051
47954
48052
47955
48053
47956
48054
47957
48055
47958
48056
47959
48057
47960
48058
47961
48059
47962
48060
47963
48061
47964
48062
47965
48063
47966
48064
47967
48065
47968
48066
47969
48067
47970
48068
47971
48069
47972
48070
47973
48071
47974
48072
47975
48073
47976
48074
47977
48075
47978
48076
47979
48077
47980
48078
47981
48079
47982
48080
47983
48081
47984
48082
47985
48083
47986
48084
47987
48085
47988
48086
47989
48087
47990
48088
47991
48089
47992
48090
47993
48091
47994
48092
47995
48093
47996
48094
47997
48095
47998
48096
47999
48097
48000
48098
48001
48099
48002
48100
48003
48101
48004
48102
48005
48103
48006
48104
48007
48105
48008
48106
48009
48107
48010
48108
48011
48109
48012
48110
48013
48111
48014
48112
48113
48016
48114
48017
48115
48018
48116
48019
48117
48020
48118
48021
48119
48022
48120
48023
48121
48024
48122
48025
48123
48026
48124
48027
48125
48028
48126
48029
48127
48030
48128
48031
48129
48032
48130
48033
48131
48034
48132
48035
48133
48036
48134
48037
48135
48038
48136
48039
48137
48040
48138
48041
48139
48042
48140
48043
48141
48044
48142
48045
48143
48046
48144
48047
48145
48048
48146
48049
48147
48050
48148
48051
48149
48052
48150
48053
48151
48054
48152
48055
48153
48056
48154
48057
48155
48058
48156
48059
48157
48060
48158
48061
48159
48062
48160
48063
48161
48064
48162
48065
48163
48066
48164
48067
48165
48068
48166
48069
48167
48070
48168
48071
48169
48072
48170
48073
48171
48074
48172
48075
48173
48076
48174
48077
48175
48078
48176
48079
48177
48080
48178
48081
48179
48082
48180
48083
48181
48084
48182
48085
48183
48086
48184
48087
48185
48088
48186
48089
48187
48090
48188
48091
48189
48092
48190
48093
48191
48094
48192
48095
48193
48096
48194
48097
48195
48098
48196
48099
48197
48100
48198
48101
48199
48102
48200
48103
48201
48104
48202
48105
48203
48106
48204
48107
48205
48108
48206
48109
48207
48110
48208
48111
48209
48112
48210
48113
48211
48212
48115
48213
48116
48214
48117
48215
48118
48216
48119
48217
48120
48218
48121
48219
48122
48220
48123
48221
48124
48222
48125
48223
48126
48224
48127
48225
48128
48226
48129
48227
48130
48228
48131
48229
48132
48230
48133
48231
48134
48232
48135
48233
48136
48234
48137
48235
48138
48236
48139
48237
48140
48238
48141
48239
48142
48240
48143
48241
48144
48242
48145
48243
48146
48244
48147
48245
48148
48246
48149
48247
48150
48248
48151
48249
48152
48250
48153
48251
48154
48252
48155
48253
48156
48254
48157
48255
48158
48256
48159
48257
48160
48258
48161
48259
48162
48260
48163
48261
48164
48262
48165
48263
48166
48264
48167
48265
48168
48266
48169
48267
48170
48268
48171
48269
48172
48270
48173
48271
48174
48272
48175
48273
48176
48274
48177
48275
48178
48276
48179
48277
48180
48278
48181
48279
48182
48280
48183
48281
48184
48282
48185
48283
48186
48284
48187
48285
48188
48286
48189
48287
48190
48288
48191
48289
48192
48290
48193
48291
48194
48292
48195
48293
48196
48294
48197
48295
48198
48296
48199
48297
48200
48298
48201
48299
48202
48300
48203
48301
48204
48302
48205
48303
48206
48304
48207
48305
48208
48306
48209
48307
48210
48308
48211
48309
48212
48310
48311
48214
48312
48215
48313
48216
48314
48217
48315
48218
48316
48219
48317
48220
48318
48221
48319
48222
48320
48223
48321
48224
48322
48225
48323
48226
48324
48227
48325
48228
48326
48229
48327
48230
48328
48231
48329
48232
48330
48233
48331
48234
48332
48235
48333
48236
48334
48237
48335
48238
48336
48239
48337
48240
48338
48241
48339
48242
48340
48243
48341
48244
48342
48245
48343
48246
48344
48247
48345
48248
48346
48249
48347
48250
48348
48251
48349
48252
48350
48253
48351
48254
48352
48255
48353
48256
48354
48257
48355
48258
48356
48259
48357
48260
48358
48261
48359
48262
48360
48263
48361
48264
48362
48265
48363
48266
48364
48267
48365
48268
48366
48269
48367
48270
48368
48271
48369
48272
48370
48273
48371
48274
48372
48275
48373
48276
48374
48277
48375
48278
48376
48279
48377
48280
48378
48281
48379
48282
48380
48283
48381
48284
48382
48285
48383
48286
48384
48287
48385
48288
48386
48289
48387
48290
48388
48291
48389
48292
48390
48293
48391
48294
48392
48295
48393
48296
48394
48297
48395
48298
48396
48299
48397
48300
48398
48301
48399
48302
48400
48303
48401
48304
48402
48305
48403
48306
48404
48307
48405
48308
48406
48309
48407
48310
48408
48311
48409
48410
48313
48411
48314
48412
48315
48413
48316
48414
48317
48415
48318
48416
48319
48417
48320
48418
48321
48419
48322
48420
48323
48421
48324
48422
48325
48423
48326
48424
48327
48425
48328
48426
48329
48427
48330
48428
48331
48429
48332
48430
48333
48431
48334
48432
48335
48433
48336
48434
48337
48435
48338
48436
48339
48437
48340
48438
48341
48439
48342
48440
48343
48441
48344
48442
48345
48443
48346
48444
48347
48445
48348
48446
48349
48447
48350
48448
48351
48449
48352
48450
48353
48451
48354
48452
48355
48453
48356
48454
48357
48455
48358
48456
48359
48457
48360
48458
48361
48459
48362
48460
48363
48461
48364
48462
48365
48463
48366
48464
48367
48465
48368
48466
48369
48467
48370
48468
48371
48469
48372
48470
48373
48471
48374
48472
48375
48473
48376
48474
48377
48475
48378
48476
48379
48477
48380
48478
48381
48479
48382
48480
48383
48481
48384
48482
48385
48483
48386
48484
48387
48485
48388
48486
48389
48487
48390
48488
48391
48489
48392
48490
48393
48491
48394
48492
48395
48493
48396
48494
48397
48495
48398
48496
48399
48497
48400
48498
48401
48499
48402
48500
48403
48501
48404
48502
48405
48503
48406
48504
48407
48505
48408
48506
48409
48507
48410
48508
48509
48412
48510
48413
48511
48414
48512
48415
48513
48416
48514
48417
48515
48418
48516
48419
48517
48420
48518
48421
48519
48422
48520
48423
48521
48424
48522
48425
48523
48426
48524
48427
48525
48428
48526
48429
48527
48430
48528
48431
48529
48432
48530
48433
48531
48434
48532
48435
48533
48436
48534
48437
48535
48438
48536
48439
48537
48440
48538
48441
48539
48442
48540
48443
48541
48444
48542
48445
48543
48446
48544
48447
48545
48448
48546
48449
48547
48450
48548
48451
48549
48452
48550
48453
48551
48454
48552
48455
48553
48456
48554
48457
48555
48458
48556
48459
48557
48460
48558
48461
48559
48462
48560
48463
48561
48464
48562
48465
48563
48466
48564
48467
48565
48468
48566
48469
48567
48470
48568
48471
48569
48472
48570
48473
48571
48474
48572
48475
48573
48476
48574
48477
48575
48478
48576
48479
48577
48480
48578
48481
48579
48482
48580
48483
48581
48484
48582
48485
48583
48486
48584
48487
48585
48488
48586
48489
48587
48490
48588
48491
48589
48492
48590
48493
48591
48494
48592
48495
48593
48496
48594
48497
48595
48498
48596
48499
48597
48500
48598
48501
48599
48502
48600
48503
48601
48504
48602
48505
48603
48506
48604
48507
48605
48508
48606
48509
48607
48608
48511
48609
48512
48610
48513
48611
48514
48612
48515
48613
48516
48614
48517
48615
48518
48616
48519
48617
48520
48618
48521
48619
48522
48620
48523
48621
48524
48622
48525
48623
48526
48624
48527
48625
48528
48626
48529
48627
48530
48628
48531
48629
48532
48630
48533
48631
48534
48632
48535
48633
48536
48634
48537
48635
48538
48636
48539
48637
48540
48638
48541
48639
48542
48640
48543
48641
48544
48642
48545
48643
48546
48644
48547
48645
48548
48646
48549
48647
48550
48648
48551
48649
48552
48650
48553
48651
48554
48652
48555
48653
48556
48654
48557
48655
48558
48656
48559
48657
48560
48658
48561
48659
48562
48660
48563
48661
48564
48662
48565
48663
48566
48664
48567
48665
48568
48666
48569
48667
48570
48668
48571
48669
48572
48670
48573
48671
48574
48672
48575
48673
48576
48674
48577
48675
48578
48676
48579
48677
48580
48678
48581
48679
48582
48680
48583
48681
48584
48682
48585
48683
48586
48684
48587
48685
48588
48686
48589
48687
48590
48688
48591
48689
48592
48690
48593
48691
48594
48692
48595
48693
48596
48694
48597
48695
48598
48696
48599
48697
48600
48698
48601
48699
48602
48700
48603
48701
48604
48702
48605
48703
48606
48704
48607
48705
48608
48706
48707
48610
48708
48611
48709
48612
48710
48613
48711
48614
48712
48615
48713
48616
48714
48617
48715
48618
48716
48619
48717
48620
48718
48621
48719
48622
48720
48623
48721
48624
48722
48625
48723
48626
48724
48627
48725
48628
48726
48629
48727
48630
48728
48631
48729
48632
48730
48633
48731
48634
48732
48635
48733
48636
48734
48637
48735
48638
48736
48639
48737
48640
48738
48641
48739
48642
48740
48643
48741
48644
48742
48645
48743
48646
48744
48647
48745
48648
48746
48649
48747
48650
48748
48651
48749
48652
48750
48653
48751
48654
48752
48655
48753
48656
48754
48657
48755
48658
48756
48659
48757
48660
48758
48661
48759
48662
48760
48663
48761
48664
48762
48665
48763
48666
48764
48667
48765
48668
48766
48669
48767
48670
48768
48671
48769
48672
48770
48673
48771
48674
48772
48675
48773
48676
48774
48677
48775
48678
48776
48679
48777
48680
48778
48681
48779
48682
48780
48683
48781
48684
48782
48685
48783
48686
48784
48687
48785
48688
48786
48689
48787
48690
48788
48691
48789
48692
48790
48693
48791
48694
48792
48695
48793
48696
48794
48697
48795
48698
48796
48699
48797
48700
48798
48701
48799
48702
48800
48703
48801
48704
48802
48705
48803
48706
48804
48707
48805
48806
48709
48807
48710
48808
48711
48809
48712
48810
48713
48811
48714
48812
48715
48813
48716
48814
48717
48815
48718
48816
48719
48817
48720
48818
48721
48819
48722
48820
48723
48821
48724
48822
48725
48823
48726
48824
48727
48825
48728
48826
48729
48827
48730
48828
48731
48829
48732
48830
48733
48831
48734
48832
48735
48833
48736
48834
48737
48835
48738
48836
48739
48837
48740
48838
48741
48839
48742
48840
48743
48841
48744
48842
48745
48843
48746
48844
48747
48845
48748
48846
48749
48847
48750
48848
48751
48849
48752
48850
48753
48851
48754
48852
48755
48853
48756
48854
48757
48855
48758
48856
48759
48857
48760
48858
48761
48859
48762
48860
48763
48861
48764
48862
48765
48863
48766
48864
48767
48865
48768
48866
48769
48867
48770
48868
48771
48869
48772
48870
48773
48871
48774
48872
48775
48873
48776
48874
48777
48875
48778
48876
48779
48877
48780
48878
48781
48879
48782
48880
48783
48881
48784
48882
48785
48883
48786
48884
48787
48885
48788
48886
48789
48887
48790
48888
48791
48889
48792
48890
48793
48891
48794
48892
48795
48893
48796
48894
48797
48895
48798
48896
48799
48897
48800
48898
48801
48899
48802
48900
48803
48901
48804
48902
48805
48903
48806
48904
48905
48808
48906
48809
48907
48810
48908
48811
48909
48812
48910
48813
48911
48814
48912
48815
48913
48816
48914
48817
48915
48818
48916
48819
48917
48820
48918
48821
48919
48822
48920
48823
48921
48824
48922
48825
48923
48826
48924
48827
48925
48828
48926
48829
48927
48830
48928
48831
48929
48832
48930
48833
48931
48834
48932
48835
48933
48836
48934
48837
48935
48838
48936
48839
48937
48840
48938
48841
48939
48842
48940
48843
48941
48844
48942
48845
48943
48846
48944
48847
48945
48848
48946
48849
48947
48850
48948
48851
48949
48852
48950
48853
48951
48854
48952
48855
48953
48856
48954
48857
48955
48858
48956
48859
48957
48860
48958
48861
48959
48862
48960
48863
48961
48864
48962
48865
48963
48866
48964
48867
48965
48868
48966
48869
48967
48870
48968
48871
48969
48872
48970
48873
48971
48874
48972
48875
48973
48876
48974
48877
48975
48878
48976
48879
48977
48880
48978
48881
48979
48882
48980
48883
48981
48884
48982
48885
48983
48886
48984
48887
48985
48888
48986
48889
48987
48890
48988
48891
48989
48892
48990
48893
48991
48894
48992
48895
48993
48896
48994
48897
48995
48898
48996
48899
48997
48900
48998
48901
48999
48902
49000
48903
49001
48904
49002
48905
49003
49004
48907
49005
48908
49006
48909
49007
48910
49008
48911
49009
48912
49010
48913
49011
48914
49012
48915
49013
48916
49014
48917
49015
48918
49016
48919
49017
48920
49018
48921
49019
48922
49020
48923
49021
48924
49022
48925
49023
48926
49024
48927
49025
48928
49026
48929
49027
48930
49028
48931
49029
48932
49030
48933
49031
48934
49032
48935
49033
48936
49034
48937
49035
48938
49036
48939
49037
48940
49038
48941
49039
48942
49040
48943
49041
48944
49042
48945
49043
48946
49044
48947
49045
48948
49046
48949
49047
48950
49048
48951
49049
48952
49050
48953
49051
48954
49052
48955
49053
48956
49054
48957
49055
48958
49056
48959
49057
48960
49058
48961
49059
48962
49060
48963
49061
48964
49062
48965
49063
48966
49064
48967
49065
48968
49066
48969
49067
48970
49068
48971
49069
48972
49070
48973
49071
48974
49072
48975
49073
48976
49074
48977
49075
48978
49076
48979
49077
48980
49078
48981
49079
48982
49080
48983
49081
48984
49082
48985
49083
48986
49084
48987
49085
48988
49086
48989
49087
48990
49088
48991
49089
48992
49090
48993
49091
48994
49092
48995
49093
48996
49094
48997
49095
48998
49096
48999
49097
49000
49098
49001
49099
49002
49100
49003
49101
49004
49102
49103
49006
49104
49007
49105
49008
49106
49009
49107
49010
49108
49011
49109
49012
49110
49013
49111
49014
49112
49015
49113
49016
49114
49017
49115
49018
49116
49019
49117
49020
49118
49021
49119
49022
49120
49023
49121
49024
49122
49025
49123
49026
49124
49027
49125
49028
49126
49029
49127
49030
49128
49031
49129
49032
49130
49033
49131
49034
49132
49035
49133
49036
49134
49037
49135
49038
49136
49039
49137
49040
49138
49041
49139
49042
49140
49043
49141
49044
49142
49045
49143
49046
49144
49047
49145
49048
49146
49049
49147
49050
49148
49051
49149
49052
49150
49053
49151
49054
49152
49055
49153
49056
49154
49057
49155
49058
49156
49059
49157
49060
49158
49061
49159
49062
49160
49063
49161
49064
49162
49065
49163
49066
49164
49067
49165
49068
49166
49069
49167
49070
49168
49071
49169
49072
49170
49073
49171
49074
49172
49075
49173
49076
49174
49077
49175
49078
49176
49079
49177
49080
49178
49081
49179
49082
49180
49083
49181
49084
49182
49085
49183
49086
49184
49087
49185
49088
49186
49089
49187
49090
49188
49091
49189
49092
49190
49093
49191
49094
49192
49095
49193
49096
49194
49097
49195
49098
49196
49099
49197
49100
49198
49101
49199
49102
49200
49103
49201
49202
49105
49203
49106
49204
49107
49205
49108
49206
49109
49207
49110
49208
49111
49209
49112
49210
49113
49211
49114
49212
49115
49213
49116
49214
49117
49215
49118
49216
49119
49217
49120
49218
49121
49219
49122
49220
49123
49221
49124
49222
49125
49223
49126
49224
49127
49225
49128
49226
49129
49227
49130
49228
49131
49229
49132
49230
49133
49231
49134
49232
49135
49233
49136
49234
49137
49235
49138
49236
49139
49237
49140
49238
49141
49239
49142
49240
49143
49241
49144
49242
49145
49243
49146
49244
49147
49245
49148
49246
49149
49247
49150
49248
49151
49249
49152
49250
49153
49251
49154
49252
49155
49253
49156
49254
49157
49255
49158
49256
49159
49257
49160
49258
49161
49259
49162
49260
49163
49261
49164
49262
49165
49263
49166
49264
49167
49265
49168
49266
49169
49267
49170
49268
49171
49269
49172
49270
49173
49271
49174
49272
49175
49273
49176
49274
49177
49275
49178
49276
49179
49277
49180
49278
49181
49279
49182
49280
49183
49281
49184
49282
49185
49283
49186
49284
49187
49285
49188
49286
49189
49287
49190
49288
49191
49289
49192
49290
49193
49291
49194
49292
49195
49293
49196
49294
49197
49295
49198
49296
49199
49297
49200
49298
49201
49299
49202
49300
49301
49204
49302
49205
49303
49206
49304
49207
49305
49208
49306
49209
49307
49210
49308
49211
49309
49212
49310
49213
49311
49214
49312
49215
49313
49216
49314
49217
49315
49218
49316
49219
49317
49220
49318
49221
49319
49222
49320
49223
49321
49224
49322
49225
49323
49226
49324
49227
49325
49228
49326
49229
49327
49230
49328
49231
49329
49232
49330
49233
49331
49234
49332
49235
49333
49236
49334
49237
49335
49238
49336
49239
49337
49240
49338
49241
49339
49242
49340
49243
49341
49244
49342
49245
49343
49246
49344
49247
49345
49248
49346
49249
49347
49250
49348
49251
49349
49252
49350
49253
49351
49254
49352
49255
49353
49256
49354
49257
49355
49258
49356
49259
49357
49260
49358
49261
49359
49262
49360
49263
49361
49264
49362
49265
49363
49266
49364
49267
49365
49268
49366
49269
49367
49270
49368
49271
49369
49272
49370
49273
49371
49274
49372
49275
49373
49276
49374
49277
49375
49278
49376
49279
49377
49280
49378
49281
49379
49282
49380
49283
49381
49284
49382
49285
49383
49286
49384
49287
49385
49288
49386
49289
49387
49290
49388
49291
49389
49292
49390
49293
49391
49294
49392
49295
49393
49296
49394
49297
49395
49298
49396
49299
49397
49300
49398
49301
49399
49400
49303
49401
49304
49402
49305
49403
49306
49404
49307
49405
49308
49406
49309
49407
49310
49408
49311
49409
49312
49410
49313
49411
49314
49412
49315
49413
49316
49414
49317
49415
49318
49416
49319
49417
49320
49418
49321
49419
49322
49420
49323
49421
49324
49422
49325
49423
49326
49424
49327
49425
49328
49426
49329
49427
49330
49428
49331
49429
49332
49430
49333
49431
49334
49432
49335
49433
49336
49434
49337
49435
49338
49436
49339
49437
49340
49438
49341
49439
49342
49440
49343
49441
49344
49442
49345
49443
49346
49444
49347
49445
49348
49446
49349
49447
49350
49448
49351
49449
49352
49450
49353
49451
49354
49452
49355
49453
49356
49454
49357
49455
49358
49456
49359
49457
49360
49458
49361
49459
49362
49460
49363
49461
49364
49462
49365
49463
49366
49464
49367
49465
49368
49466
49369
49467
49370
49468
49371
49469
49372
49470
49373
49471
49374
49472
49375
49473
49376
49474
49377
49475
49378
49476
49379
49477
49380
49478
49381
49479
49382
49480
49383
49481
49384
49482
49385
49483
49386
49484
49387
49485
49388
49486
49389
49487
49390
49488
49391
49489
49392
49490
49393
49491
49394
49492
49395
49493
49396
49494
49397
49495
49398
49496
49399
49497
49400
49498
49499
49402
49500
49403
49501
49404
49502
49405
49503
49406
49504
49407
49505
49408
49506
49409
49507
49410
49508
49411
49509
49412
49510
49413
49511
49414
49512
49415
49513
49416
49514
49417
49515
49418
49516
49419
49517
49420
49518
49421
49519
49422
49520
49423
49521
49424
49522
49425
49523
49426
49524
49427
49525
49428
49526
49429
49527
49430
49528
49431
49529
49432
49530
49433
49531
49434
49532
49435
49533
49436
49534
49437
49535
49438
49536
49439
49537
49440
49538
49441
49539
49442
49540
49443
49541
49444
49542
49445
49543
49446
49544
49447
49545
49448
49546
49449
49547
49450
49548
49451
49549
49452
49550
49453
49551
49454
49552
49455
49553
49456
49554
49457
49555
49458
49556
49459
49557
49460
49558
49461
49559
49462
49560
49463
49561
49464
49562
49465
49563
49466
49564
49467
49565
49468
49566
49469
49567
49470
49568
49471
49569
49472
49570
49473
49571
49474
49572
49475
49573
49476
49574
49477
49575
49478
49576
49479
49577
49480
49578
49481
49579
49482
49580
49483
49581
49484
49582
49485
49583
49486
49584
49487
49585
49488
49586
49489
49587
49490
49588
49491
49589
49492
49590
49493
49591
49494
49592
49495
49593
49496
49594
49497
49595
49498
49596
49499
49597
49598
49501
49599
49502
49600
49503
49601
49504
49602
49505
49603
49506
49604
49507
49605
49508
49606
49509
49607
49510
49608
49511
49609
49512
49610
49513
49611
49514
49612
49515
49613
49516
49614
49517
49615
49518
49616
49519
49617
49520
49618
49521
49619
49522
49620
49523
49621
49524
49622
49525
49623
49526
49624
49527
49625
49528
49626
49529
49627
49530
49628
49531
49629
49532
49630
49533
49631
49534
49632
49535
49633
49536
49634
49537
49635
49538
49636
49539
49637
49540
49638
49541
49639
49542
49640
49543
49641
49544
49642
49545
49643
49546
49644
49547
49645
49548
49646
49549
49647
49550
49648
49551
49649
49552
49650
49553
49651
49554
49652
49555
49653
49556
49654
49557
49655
49558
49656
49559
49657
49560
49658
49561
49659
49562
49660
49563
49661
49564
49662
49565
49663
49566
49664
49567
49665
49568
49666
49569
49667
49570
49668
49571
49669
49572
49670
49573
49671
49574
49672
49575
49673
49576
49674
49577
49675
49578
49676
49579
49677
49580
49678
49581
49679
49582
49680
49583
49681
49584
49682
49585
49683
49586
49684
49587
49685
49588
49686
49589
49687
49590
49688
49591
49689
49592
49690
49593
49691
49594
49692
49595
49693
49596
49694
49597
49695
49598
49696
49697
49600
49698
49601
49699
49602
49700
49603
49701
49604
49702
49605
49703
49606
49704
49607
49705
49608
49706
49609
49707
49610
49708
49611
49709
49612
49710
49613
49711
49614
49712
49615
49713
49616
49714
49617
49715
49618
49716
49619
49717
49620
49718
49621
49719
49622
49720
49623
49721
49624
49722
49625
49723
49626
49724
49627
49725
49628
49726
49629
49727
49630
49728
49631
49729
49632
49730
49633
49731
49634
49732
49635
49733
49636
49734
49637
49735
49638
49736
49639
49737
49640
49738
49641
49739
49642
49740
49643
49741
49644
49742
49645
49743
49646
49744
49647
49745
49648
49746
49649
49747
49650
49748
49651
49749
49652
49750
49653
49751
49654
49752
49655
49753
49656
49754
49657
49755
49658
49756
49659
49757
49660
49758
49661
49759
49662
49760
49663
49761
49664
49762
49665
49763
49666
49764
49667
49765
49668
49766
49669
49767
49670
49768
49671
49769
49672
49770
49673
49771
49674
49772
49675
49773
49676
49774
49677
49775
49678
49776
49679
49777
49680
49778
49681
49779
49682
49780
49683
49781
49684
49782
49685
49783
49686
49784
49687
49785
49688
49786
49689
49787
49690
49788
49691
49789
49692
49790
49693
49791
49694
49792
49695
49793
49696
49794
49697
49795
49796
49699
49797
49700
49798
49701
49799
49702
49800
49703
49801
49704
49802
49705
49803
49706
49804
49707
49805
49708
49806
49709
49807
49710
49808
49711
49809
49712
49810
49713
49811
49714
49812
49715
49813
49716
49814
49717
49815
49718
49816
49719
49817
49720
49818
49721
49819
49722
49820
49723
49821
49724
49822
49725
49823
49726
49824
49727
49825
49728
49826
49729
49827
49730
49828
49731
49829
49732
49830
49733
49831
49734
49832
49735
49833
49736
49834
49737
49835
49738
49836
49739
49837
49740
49838
49741
49839
49742
49840
49743
49841
49744
49842
49745
49843
49746
49844
49747
49845
49748
49846
49749
49847
49750
49848
49751
49849
49752
49850
49753
49851
49754
49852
49755
49853
49756
49854
49757
49855
49758
49856
49759
49857
49760
49858
49761
49859
49762
49860
49763
49861
49764
49862
49765
49863
49766
49864
49767
49865
49768
49866
49769
49867
49770
49868
49771
49869
49772
49870
49773
49871
49774
49872
49775
49873
49776
49874
49777
49875
49778
49876
49779
49877
49780
49878
49781
49879
49782
49880
49783
49881
49784
49882
49785
49883
49786
49884
49787
49885
49788
49886
49789
49887
49790
49888
49791
49889
49792
49890
49793
49891
49794
49892
49795
49893
49796
49894
49895
49798
49896
49799
49897
49800
49898
49801
49899
49802
49900
49803
49901
49804
49902
49805
49903
49806
49904
49807
49905
49808
49906
49809
49907
49810
49908
49811
49909
49812
49910
49813
49911
49814
49912
49815
49913
49816
49914
49817
49915
49818
49916
49819
49917
49820
49918
49821
49919
49822
49920
49823
49921
49824
49922
49825
49923
49826
49924
49827
49925
49828
49926
49829
49927
49830
49928
49831
49929
49832
49930
49833
49931
49834
49932
49835
49933
49836
49934
49837
49935
49838
49936
49839
49937
49840
49938
49841
49939
49842
49940
49843
49941
49844
49942
49845
49943
49846
49944
49847
49945
49848
49946
49849
49947
49850
49948
49851
49949
49852
49950
49853
49951
49854
49952
49855
49953
49856
49954
49857
49955
49858
49956
49859
49957
49860
49958
49861
49959
49862
49960
49863
49961
49864
49962
49865
49963
49866
49964
49867
49965
49868
49966
49869
49967
49870
49968
49871
49969
49872
49970
49873
49971
49874
49972
49875
49973
49876
49974
49877
49975
49878
49976
49879
49977
49880
49978
49881
49979
49882
49980
49883
49981
49884
49982
49885
49983
49886
49984
49887
49985
49888
49986
49889
49987
49890
49988
49891
49989
49892
49990
49893
49991
49894
49992
49895
49993
49994
49897
49995
49898
49996
49899
49997
49900
49998
49901
49999
49902
50000
49903
50001
49904
50002
49905
50003
49906
50004
49907
50005
49908
50006
49909
50007
49910
50008
49911
50009
49912
50010
49913
50011
49914
50012
49915
50013
49916
50014
49917
50015
49918
50016
49919
50017
49920
50018
49921
50019
49922
50020
49923
50021
49924
50022
49925
50023
49926
50024
49927
50025
49928
50026
49929
50027
49930
50028
49931
50029
49932
50030
49933
50031
49934
50032
49935
50033
49936
50034
49937
50035
49938
50036
49939
50037
49940
50038
49941
50039
49942
50040
49943
50041
49944
50042
49945
50043
49946
50044
49947
50045
49948
50046
49949
50047
49950
50048
49951
50049
49952
50050
49953
50051
49954
50052
49955
50053
49956
50054
49957
50055
49958
50056
49959
50057
49960
50058
49961
50059
49962
50060
49963
50061
49964
50062
49965
50063
49966
50064
49967
50065
49968
50066
49969
50067
49970
50068
49971
50069
49972
50070
49973
50071
49974
50072
49975
50073
49976
50074
49977
50075
49978
50076
49979
50077
49980
50078
49981
50079
49982
50080
49983
50081
49984
50082
49985
50083
49986
50084
49987
50085
49988
50086
49989
50087
49990
50088
49991
50089
49992
50090
49993
50091
49994
50092
50093
49996
50094
49997
50095
49998
50096
49999
50097
50000
50098
50001
50099
50002
50100
50003
50101
50004
50102
50005
50103
50006
50104
50007
50105
50008
50106
50009
50107
50010
50108
50011
50109
50012
50110
50013
50111
50014
50112
50015
50113
50016
50114
50017
50115
50018
50116
50019
50117
50020
50118
50021
50119
50022
50120
50023
50121
50024
50122
50025
50123
50026
50124
50027
50125
50028
50126
50029
50127
50030
50128
50031
50129
50032
50130
50033
50131
50034
50132
50035
50133
50036
50134
50037
50135
50038
50136
50039
50137
50040
50138
50041
50139
50042
50140
50043
50141
50044
50142
50045
50143
50046
50144
50047
50145
50048
50146
50049
50147
50050
50148
50051
50149
50052
50150
50053
50151
50054
50152
50055
50153
50056
50154
50057
50155
50058
50156
50059
50157
50060
50158
50061
50159
50062
50160
50063
50161
50064
50162
50065
50163
50066
50164
50067
50165
50068
50166
50069
50167
50070
50168
50071
50169
50072
50170
50073
50171
50074
50172
50075
50173
50076
50174
50077
50175
50078
50176
50079
50177
50080
50178
50081
50179
50082
50180
50083
50181
50084
50182
50085
50183
50086
50184
50087
50185
50088
50186
50089
50187
50090
50188
50091
50189
50092
50190
50093
50191
50192
50095
50193
50096
50194
50097
50195
50098
50196
50099
50197
50100
50198
50101
50199
50102
50200
50103
50201
50104
50202
50105
50203
50106
50204
50107
50205
50108
50206
50109
50207
50110
50208
50111
50209
50112
50210
50113
50211
50114
50212
50115
50213
50116
50214
50117
50215
50118
50216
50119
50217
50120
50218
50121
50219
50122
50220
50123
50221
50124
50222
50125
50223
50126
50224
50127
50225
50128
50226
50129
50227
50130
50228
50131
50229
50132
50230
50133
50231
50134
50232
50135
50233
50136
50234
50137
50235
50138
50236
50139
50237
50140
50238
50141
50239
50142
50240
50143
50241
50144
50242
50145
50243
50146
50244
50147
50245
50148
50246
50149
50247
50150
50248
50151
50249
50152
50250
50153
50251
50154
50252
50155
50253
50156
50254
50157
50255
50158
50256
50159
50257
50160
50258
50161
50259
50162
50260
50163
50261
50164
50262
50165
50263
50166
50264
50167
50265
50168
50266
50169
50267
50170
50268
50171
50269
50172
50270
50173
50271
50174
50272
50175
50273
50176
50274
50177
50275
50178
50276
50179
50277
50180
50278
50181
50279
50182
50280
50183
50281
50184
50282
50185
50283
50186
50284
50187
50285
50188
50286
50189
50287
50190
50288
50191
50289
50192
50290
50291
50194
50292
50195
50293
50196
50294
50197
50295
50198
50296
50199
50297
50200
50298
50201
50299
50202
50300
50203
50301
50204
50302
50205
50303
50206
50304
50207
50305
50208
50306
50209
50307
50210
50308
50211
50309
50212
50310
50213
50311
50214
50312
50215
50313
50216
50314
50217
50315
50218
50316
50219
50317
50220
50318
50221
50319
50222
50320
50223
50321
50224
50322
50225
50323
50226
50324
50227
50325
50228
50326
50229
50327
50230
50328
50231
50329
50232
50330
50233
50331
50234
50332
50235
50333
50236
50334
50237
50335
50238
50336
50239
50337
50240
50338
50241
50339
50242
50340
50243
50341
50244
50342
50245
50343
50246
50344
50247
50345
50248
50346
50249
50347
50250
50348
50251
50349
50252
50350
50253
50351
50254
50352
50255
50353
50256
50354
50257
50355
50258
50356
50259
50357
50260
50358
50261
50359
50262
50360
50263
50361
50264
50362
50265
50363
50266
50364
50267
50365
50268
50366
50269
50367
50270
50368
50271
50369
50272
50370
50273
50371
50274
50372
50275
50373
50276
50374
50277
50375
50278
50376
50279
50377
50280
50378
50281
50379
50282
50380
50283
50381
50284
50382
50285
50383
50286
50384
50287
50385
50288
50386
50289
50387
50290
50388
50291
50389
50390
50293
50391
50294
50392
50295
50393
50296
50394
50297
50395
50298
50396
50299
50397
50300
50398
50301
50399
50302
50400
50303
50401
50304
50402
50305
50403
50306
50404
50307
50405
50308
50406
50309
50407
50310
50408
50311
50409
50312
50410
50313
50411
50314
50412
50315
50413
50316
50414
50317
50415
50318
50416
50319
50417
50320
50418
50321
50419
50322
50420
50323
50421
50324
50422
50325
50423
50326
50424
50327
50425
50328
50426
50329
50427
50330
50428
50331
50429
50332
50430
50333
50431
50334
50432
50335
50433
50336
50434
50337
50435
50338
50436
50339
50437
50340
50438
50341
50439
50342
50440
50343
50441
50344
50442
50345
50443
50346
50444
50347
50445
50348
50446
50349
50447
50350
50448
50351
50449
50352
50450
50353
50451
50354
50452
50355
50453
50356
50454
50357
50455
50358
50456
50359
50457
50360
50458
50361
50459
50362
50460
50363
50461
50364
50462
50365
50463
50366
50464
50367
50465
50368
50466
50369
50467
50370
50468
50371
50469
50372
50470
50373
50471
50374
50472
50375
50473
50376
50474
50377
50475
50378
50476
50379
50477
50380
50478
50381
50479
50382
50480
50383
50481
50384
50482
50385
50483
50386
50484
50387
50485
50388
50486
50389
50487
50390
50488
50489
50392
50490
50393
50491
50394
50492
50395
50493
50396
50494
50397
50495
50398
50496
50399
50497
50400
50498
50401
50499
50402
50500
50403
50501
50404
50502
50405
50503
50406
50504
50407
50505
50408
50506
50409
50507
50410
50508
50411
50509
50412
50510
50413
50511
50414
50512
50415
50513
50416
50514
50417
50515
50418
50516
50419
50517
50420
50518
50421
50519
50422
50520
50423
50521
50424
50522
50425
50523
50426
50524
50427
50525
50428
50526
50429
50527
50430
50528
50431
50529
50432
50530
50433
50531
50434
50532
50435
50533
50436
50534
50437
50535
50438
50536
50439
50537
50440
50538
50441
50539
50442
50540
50443
50541
50444
50542
50445
50543
50446
50544
50447
50545
50448
50546
50449
50547
50450
50548
50451
50549
50452
50550
50453
50551
50454
50552
50455
50553
50456
50554
50457
50555
50458
50556
50459
50557
50460
50558
50461
50559
50462
50560
50463
50561
50464
50562
50465
50563
50466
50564
50467
50565
50468
50566
50469
50567
50470
50568
50471
50569
50472
50570
50473
50571
50474
50572
50475
50573
50476
50574
50477
50575
50478
50576
50479
50577
50480
50578
50481
50579
50482
50580
50483
50581
50484
50582
50485
50583
50486
50584
50487
50585
50488
50586
50489
50587
50588
50491
50589
50492
50590
50493
50591
50494
50592
50495
50593
50496
50594
50497
50595
50498
50596
50499
50597
50500
50598
50501
50599
50502
50600
50503
50601
50504
50602
50505
50603
50506
50604
50507
50605
50508
50606
50509
50607
50510
50608
50511
50609
50512
50610
50513
50611
50514
50612
50515
50613
50516
50614
50517
50615
50518
50616
50519
50617
50520
50618
50521
50619
50522
50620
50523
50621
50524
50622
50525
50623
50526
50624
50527
50625
50528
50626
50529
50627
50530
50628
50531
50629
50532
50630
50533
50631
50534
50632
50535
50633
50536
50634
50537
50635
50538
50636
50539
50637
50540
50638
50541
50639
50542
50640
50543
50641
50544
50642
50545
50643
50546
50644
50547
50645
50548
50646
50549
50647
50550
50648
50551
50649
50552
50650
50553
50651
50554
50652
50555
50653
50556
50654
50557
50655
50558
50656
50559
50657
50560
50658
50561
50659
50562
50660
50563
50661
50564
50662
50565
50663
50566
50664
50567
50665
50568
50666
50569
50667
50570
50668
50571
50669
50572
50670
50573
50671
50574
50672
50575
50673
50576
50674
50577
50675
50578
50676
50579
50677
50580
50678
50581
50679
50582
50680
50583
50681
50584
50682
50585
50683
50586
50684
50587
50685
50588
50686
50687
50590
50688
50591
50689
50592
50690
50593
50691
50594
50692
50595
50693
50596
50694
50597
50695
50598
50696
50599
50697
50600
50698
50601
50699
50602
50700
50603
50701
50604
50702
50605
50703
50606
50704
50607
50705
50608
50706
50609
50707
50610
50708
50611
50709
50612
50710
50613
50711
50614
50712
50615
50713
50616
50714
50617
50715
50618
50716
50619
50717
50620
50718
50621
50719
50622
50720
50623
50721
50624
50722
50625
50723
50626
50724
50627
50725
50628
50726
50629
50727
50630
50728
50631
50729
50632
50730
50633
50731
50634
50732
50635
50733
50636
50734
50637
50735
50638
50736
50639
50737
50640
50738
50641
50739
50642
50740
50643
50741
50644
50742
50645
50743
50646
50744
50647
50745
50648
50746
50649
50747
50650
50748
50651
50749
50652
50750
50653
50751
50654
50752
50655
50753
50656
50754
50657
50755
50658
50756
50659
50757
50660
50758
50661
50759
50662
50760
50663
50761
50664
50762
50665
50763
50666
50764
50667
50765
50668
50766
50669
50767
50670
50768
50671
50769
50672
50770
50673
50771
50674
50772
50675
50773
50676
50774
50677
50775
50678
50776
50679
50777
50680
50778
50681
50779
50682
50780
50683
50781
50684
50782
50685
50783
50686
50784
50687
50785
50786
50689
50787
50690
50788
50691
50789
50692
50790
50693
50791
50694
50792
50695
50793
50696
50794
50697
50795
50698
50796
50699
50797
50700
50798
50701
50799
50702
50800
50703
50801
50704
50802
50705
50803
50706
50804
50707
50805
50708
50806
50709
50807
50710
50808
50711
50809
50712
50810
50713
50811
50714
50812
50715
50813
50716
50814
50717
50815
50718
50816
50719
50817
50720
50818
50721
50819
50722
50820
50723
50821
50724
50822
50725
50823
50726
50824
50727
50825
50728
50826
50729
50827
50730
50828
50731
50829
50732
50830
50733
50831
50734
50832
50735
50833
50736
50834
50737
50835
50738
50836
50739
50837
50740
50838
50741
50839
50742
50840
50743
50841
50744
50842
50745
50843
50746
50844
50747
50845
50748
50846
50749
50847
50750
50848
50751
50849
50752
50850
50753
50851
50754
50852
50755
50853
50756
50854
50757
50855
50758
50856
50759
50857
50760
50858
50761
50859
50762
50860
50763
50861
50764
50862
50765
50863
50766
50864
50767
50865
50768
50866
50769
50867
50770
50868
50771
50869
50772
50870
50773
50871
50774
50872
50775
50873
50776
50874
50777
50875
50778
50876
50779
50877
50780
50878
50781
50879
50782
50880
50783
50881
50784
50882
50785
50883
50786
50884
50885
50788
50886
50789
50887
50790
50888
50791
50889
50792
50890
50793
50891
50794
50892
50795
50893
50796
50894
50797
50895
50798
50896
50799
50897
50800
50898
50801
50899
50802
50900
50803
50901
50804
50902
50805
50903
50806
50904
50807
50905
50808
50906
50809
50907
50810
50908
50811
50909
50812
50910
50813
50911
50814
50912
50815
50913
50816
50914
50817
50915
50818
50916
50819
50917
50820
50918
50821
50919
50822
50920
50823
50921
50824
50922
50825
50923
50826
50924
50827
50925
50828
50926
50829
50927
50830
50928
50831
50929
50832
50930
50833
50931
50834
50932
50835
50933
50836
50934
50837
50935
50838
50936
50839
50937
50840
50938
50841
50939
50842
50940
50843
50941
50844
50942
50845
50943
50846
50944
50847
50945
50848
50946
50849
50947
50850
50948
50851
50949
50852
50950
50853
50951
50854
50952
50855
50953
50856
50954
50857
50955
50858
50956
50859
50957
50860
50958
50861
50959
50862
50960
50863
50961
50864
50962
50865
50963
50866
50964
50867
50965
50868
50966
50869
50967
50870
50968
50871
50969
50872
50970
50873
50971
50874
50972
50875
50973
50876
50974
50877
50975
50878
50976
50879
50977
50880
50978
50881
50979
50882
50980
50883
50981
50884
50982
50885
50983
50984
50887
50985
50888
50986
50889
50987
50890
50988
50891
50989
50892
50990
50893
50991
50894
50992
50895
50993
50896
50994
50897
50995
50898
50996
50899
50997
50900
50998
50901
50999
50902
51000
50903
51001
50904
51002
50905
51003
50906
51004
50907
51005
50908
51006
50909
51007
50910
51008
50911
51009
50912
51010
50913
51011
50914
51012
50915
51013
50916
51014
50917
51015
50918
51016
50919
51017
50920
51018
50921
51019
50922
51020
50923
51021
50924
51022
50925
51023
50926
51024
50927
51025
50928
51026
50929
51027
50930
51028
50931
51029
50932
51030
50933
51031
50934
51032
50935
51033
50936
51034
50937
51035
50938
51036
50939
51037
50940
51038
50941
51039
50942
51040
50943
51041
50944
51042
50945
51043
50946
51044
50947
51045
50948
51046
50949
51047
50950
51048
50951
51049
50952
51050
50953
51051
50954
51052
50955
51053
50956
51054
50957
51055
50958
51056
50959
51057
50960
51058
50961
51059
50962
51060
50963
51061
50964
51062
50965
51063
50966
51064
50967
51065
50968
51066
50969
51067
50970
51068
50971
51069
50972
51070
50973
51071
50974
51072
50975
51073
50976
51074
50977
51075
50978
51076
50979
51077
50980
51078
50981
51079
50982
51080
50983
51081
50984
51082
51083
50986
51084
50987
51085
50988
51086
50989
51087
50990
51088
50991
51089
50992
51090
50993
51091
50994
51092
50995
51093
50996
51094
50997
51095
50998
51096
50999
51097
51000
51098
51001
51099
51002
51100
51003
51101
51004
51102
51005
51103
51006
51104
51007
51105
51008
51106
51009
51107
51010
51108
51011
51109
51012
51110
51013
51111
51014
51112
51015
51113
51016
51114
51017
51115
51018
51116
51019
51117
51020
51118
51021
51119
51022
51120
51023
51121
51024
51122
51025
51123
51026
51124
51027
51125
51028
51126
51029
51127
51030
51128
51031
51129
51032
51130
51033
51131
51034
51132
51035
51133
51036
51134
51037
51135
51038
51136
51039
51137
51040
51138
51041
51139
51042
51140
51043
51141
51044
51142
51045
51143
51046
51144
51047
51145
51048
51146
51049
51147
51050
51148
51051
51149
51052
51150
51053
51151
51054
51152
51055
51153
51056
51154
51057
51155
51058
51156
51059
51157
51060
51158
51061
51159
51062
51160
51063
51161
51064
51162
51065
51163
51066
51164
51067
51165
51068
51166
51069
51167
51070
51168
51071
51169
51072
51170
51073
51171
51074
51172
51075
51173
51076
51174
51077
51175
51078
51176
51079
51177
51080
51178
51081
51179
51082
51180
51083
51181
51182
51085
51183
51086
51184
51087
51185
51088
51186
51089
51187
51090
51188
51091
51189
51092
51190
51093
51191
51094
51192
51095
51193
51096
51194
51097
51195
51098
51196
51099
51197
51100
51198
51101
51199
51102
51200
51103
51201
51104
51202
51105
51203
51106
51204
51107
51205
51108
51206
51109
51207
51110
51208
51111
51209
51112
51210
51113
51211
51114
51212
51115
51213
51116
51214
51117
51215
51118
51216
51119
51217
51120
51218
51121
51219
51122
51220
51123
51221
51124
51222
51125
51223
51126
51224
51127
51225
51128
51226
51129
51227
51130
51228
51131
51229
51132
51230
51133
51231
51134
51232
51135
51233
51136
51234
51137
51235
51138
51236
51139
51237
51140
51238
51141
51239
51142
51240
51143
51241
51144
51242
51145
51243
51146
51244
51147
51245
51148
51246
51149
51247
51150
51248
51151
51249
51152
51250
51153
51251
51154
51252
51155
51253
51156
51254
51157
51255
51158
51256
51159
51257
51160
51258
51161
51259
51162
51260
51163
51261
51164
51262
51165
51263
51166
51264
51167
51265
51168
51266
51169
51267
51170
51268
51171
51269
51172
51270
51173
51271
51174
51272
51175
51273
51176
51274
51177
51275
51178
51276
51179
51277
51180
51278
51181
51279
51182
51280
51281
51184
51282
51185
51283
51186
51284
51187
51285
51188
51286
51189
51287
51190
51288
51191
51289
51192
51290
51193
51291
51194
51292
51195
51293
51196
51294
51197
51295
51198
51296
51199
51297
51200
51298
51201
51299
51202
51300
51203
51301
51204
51302
51205
51303
51206
51304
51207
51305
51208
51306
51209
51307
51210
51308
51211
51309
51212
51310
51213
51311
51214
51312
51215
51313
51216
51314
51217
51315
51218
51316
51219
51317
51220
51318
51221
51319
51222
51320
51223
51321
51224
51322
51225
51323
51226
51324
51227
51325
51228
51326
51229
51327
51230
51328
51231
51329
51232
51330
51233
51331
51234
51332
51235
51333
51236
51334
51237
51335
51238
51336
51239
51337
51240
51338
51241
51339
51242
51340
51243
51341
51244
51342
51245
51343
51246
51344
51247
51345
51248
51346
51249
51347
51250
51348
51251
51349
51252
51350
51253
51351
51254
51352
51255
51353
51256
51354
51257
51355
51258
51356
51259
51357
51260
51358
51261
51359
51262
51360
51263
51361
51264
51362
51265
51363
51266
51364
51267
51365
51268
51366
51269
51367
51270
51368
51271
51369
51272
51370
51273
51371
51274
51372
51275
51373
51276
51374
51277
51375
51278
51376
51279
51377
51280
51378
51281
51379
51380
51283
51381
51284
51382
51285
51383
51286
51384
51287
51385
51288
51386
51289
51387
51290
51388
51291
51389
51292
51390
51293
51391
51294
51392
51295
51393
51296
51394
51297
51395
51298
51396
51299
51397
51300
51398
51301
51399
51302
51400
51303
51401
51304
51402
51305
51403
51306
51404
51307
51405
51308
51406
51309
51407
51310
51408
51311
51409
51312
51410
51313
51411
51314
51412
51315
51413
51316
51414
51317
51415
51318
51416
51319
51417
51320
51418
51321
51419
51322
51420
51323
51421
51324
51422
51325
51423
51326
51424
51327
51425
51328
51426
51329
51427
51330
51428
51331
51429
51332
51430
51333
51431
51334
51432
51335
51433
51336
51434
51337
51435
51338
51436
51339
51437
51340
51438
51341
51439
51342
51440
51343
51441
51344
51442
51345
51443
51346
51444
51347
51445
51348
51446
51349
51447
51350
51448
51351
51449
51352
51450
51353
51451
51354
51452
51355
51453
51356
51454
51357
51455
51358
51456
51359
51457
51360
51458
51361
51459
51362
51460
51363
51461
51364
51462
51365
51463
51366
51464
51367
51465
51368
51466
51369
51467
51370
51468
51371
51469
51372
51470
51373
51471
51374
51472
51375
51473
51376
51474
51377
51475
51378
51476
51379
51477
51380
51478
51479
51382
51480
51383
51481
51384
51482
51385
51483
51386
51484
51387
51485
51388
51486
51389
51487
51390
51488
51391
51489
51392
51490
51393
51491
51394
51492
51395
51493
51396
51494
51397
51495
51398
51496
51399
51497
51400
51498
51401
51499
51402
51500
51403
51501
51404
51502
51405
51503
51406
51504
51407
51505
51408
51506
51409
51507
51410
51508
51411
51509
51412
51510
51413
51511
51414
51512
51415
51513
51416
51514
51417
51515
51418
51516
51419
51517
51420
51518
51421
51519
51422
51520
51423
51521
51424
51522
51425
51523
51426
51524
51427
51525
51428
51526
51429
51527
51430
51528
51431
51529
51432
51530
51433
51531
51434
51532
51435
51533
51436
51534
51437
51535
51438
51536
51439
51537
51440
51538
51441
51539
51442
51540
51443
51541
51444
51542
51445
51543
51446
51544
51447
51545
51448
51546
51449
51547
51450
51548
51451
51549
51452
51550
51453
51551
51454
51552
51455
51553
51456
51554
51457
51555
51458
51556
51459
51557
51460
51558
51461
51559
51462
51560
51463
51561
51464
51562
51465
51563
51466
51564
51467
51565
51468
51566
51469
51567
51470
51568
51471
51569
51472
51570
51473
51571
51474
51572
51475
51573
51476
51574
51477
51575
51478
51576
51479
51577
51578
51481
51579
51482
51580
51483
51581
51484
51582
51485
51583
51486
51584
51487
51585
51488
51586
51489
51587
51490
51588
51491
51589
51492
51590
51493
51591
51494
51592
51495
51593
51496
51594
51497
51595
51498
51596
51499
51597
51500
51598
51501
51599
51502
51600
51503
51601
51504
51602
51505
51603
51506
51604
51507
51605
51508
51606
51509
51607
51510
51608
51511
51609
51512
51610
51513
51611
51514
51612
51515
51613
51516
51614
51517
51615
51518
51616
51519
51617
51520
51618
51521
51619
51522
51620
51523
51621
51524
51622
51525
51623
51526
51624
51527
51625
51528
51626
51529
51627
51530
51628
51531
51629
51532
51630
51533
51631
51534
51632
51535
51633
51536
51634
51537
51635
51538
51636
51539
51637
51540
51638
51541
51639
51542
51640
51543
51641
51544
51642
51545
51643
51546
51644
51547
51645
51548
51646
51549
51647
51550
51648
51551
51649
51552
51650
51553
51651
51554
51652
51555
51653
51556
51654
51557
51655
51558
51656
51559
51657
51560
51658
51561
51659
51562
51660
51563
51661
51564
51662
51565
51663
51566
51664
51567
51665
51568
51666
51569
51667
51570
51668
51571
51669
51572
51670
51573
51671
51574
51672
51575
51673
51576
51674
51577
51675
51578
51676
51677
51580
51678
51581
51679
51582
51680
51583
51681
51584
51682
51585
51683
51586
51684
51587
51685
51588
51686
51589
51687
51590
51688
51591
51689
51592
51690
51593
51691
51594
51692
51595
51693
51596
51694
51597
51695
51598
51696
51599
51697
51600
51698
51601
51699
51602
51700
51603
51701
51604
51702
51605
51703
51606
51704
51607
51705
51608
51706
51609
51707
51610
51708
51611
51709
51612
51710
51613
51711
51614
51712
51615
51713
51616
51714
51617
51715
51618
51716
51619
51717
51620
51718
51621
51719
51622
51720
51623
51721
51624
51722
51625
51723
51626
51724
51627
51725
51628
51726
51629
51727
51630
51728
51631
51729
51632
51730
51633
51731
51634
51732
51635
51733
51636
51734
51637
51735
51638
51736
51639
51737
51640
51738
51641
51739
51642
51740
51643
51741
51644
51742
51645
51743
51646
51744
51647
51745
51648
51746
51649
51747
51650
51748
51651
51749
51652
51750
51653
51751
51654
51752
51655
51753
51656
51754
51657
51755
51658
51756
51659
51757
51660
51758
51661
51759
51662
51760
51663
51761
51664
51762
51665
51763
51666
51764
51667
51765
51668
51766
51669
51767
51670
51768
51671
51769
51672
51770
51673
51771
51674
51772
51675
51773
51676
51774
51677
51775
51776
51679
51777
51680
51778
51681
51779
51682
51780
51683
51781
51684
51782
51685
51783
51686
51784
51687
51785
51688
51786
51689
51787
51690
51788
51691
51789
51692
51790
51693
51791
51694
51792
51695
51793
51696
51794
51697
51795
51698
51796
51699
51797
51700
51798
51701
51799
51702
51800
51703
51801
51704
51802
51705
51803
51706
51804
51707
51805
51708
51806
51709
51807
51710
51808
51711
51809
51712
51810
51713
51811
51714
51812
51715
51813
51716
51814
51717
51815
51718
51816
51719
51817
51720
51818
51721
51819
51722
51820
51723
51821
51724
51822
51725
51823
51726
51824
51727
51825
51728
51826
51729
51827
51730
51828
51731
51829
51732
51830
51733
51831
51734
51832
51735
51833
51736
51834
51737
51835
51738
51836
51739
51837
51740
51838
51741
51839
51742
51840
51743
51841
51744
51842
51745
51843
51746
51844
51747
51845
51748
51846
51749
51847
51750
51848
51751
51849
51752
51850
51753
51851
51754
51852
51755
51853
51756
51854
51757
51855
51758
51856
51759
51857
51760
51858
51761
51859
51762
51860
51763
51861
51764
51862
51765
51863
51766
51864
51767
51865
51768
51866
51769
51867
51770
51868
51771
51869
51772
51870
51773
51871
51774
51872
51775
51873
51776
51874
51875
51778
51876
51779
51877
51780
51878
51781
51879
51782
51880
51783
51881
51784
51882
51785
51883
51786
51884
51787
51885
51788
51886
51789
51887
51790
51888
51791
51889
51792
51890
51793
51891
51794
51892
51795
51893
51796
51894
51797
51895
51798
51896
51799
51897
51800
51898
51801
51899
51802
51900
51803
51901
51804
51902
51805
51903
51806
51904
51807
51905
51808
51906
51809
51907
51810
51908
51811
51909
51812
51910
51813
51911
51814
51912
51815
51913
51816
51914
51817
51915
51818
51916
51819
51917
51820
51918
51821
51919
51822
51920
51823
51921
51824
51922
51825
51923
51826
51924
51827
51925
51828
51926
51829
51927
51830
51928
51831
51929
51832
51930
51833
51931
51834
51932
51835
51933
51836
51934
51837
51935
51838
51936
51839
51937
51840
51938
51841
51939
51842
51940
51843
51941
51844
51942
51845
51943
51846
51944
51847
51945
51848
51946
51849
51947
51850
51948
51851
51949
51852
51950
51853
51951
51854
51952
51855
51953
51856
51954
51857
51955
51858
51956
51859
51957
51860
51958
51861
51959
51862
51960
51863
51961
51864
51962
51865
51963
51866
51964
51867
51965
51868
51966
51869
51967
51870
51968
51871
51969
51872
51970
51873
51971
51874
51972
51875
51973
51974
51877
51975
51878
51976
51879
51977
51880
51978
51881
51979
51882
51980
51883
51981
51884
51982
51885
51983
51886
51984
51887
51985
51888
51986
51889
51987
51890
51988
51891
51989
51892
51990
51893
51991
51894
51992
51895
51993
51896
51994
51897
51995
51898
51996
51899
51997
51900
51998
51901
51999
51902
52000
51903
52001
51904
52002
51905
52003
51906
52004
51907
52005
51908
52006
51909
52007
51910
52008
51911
52009
51912
52010
51913
52011
51914
52012
51915
52013
51916
52014
51917
52015
51918
52016
51919
52017
51920
52018
51921
52019
51922
52020
51923
52021
51924
52022
51925
52023
51926
52024
51927
52025
51928
52026
51929
52027
51930
52028
51931
52029
51932
52030
51933
52031
51934
52032
51935
52033
51936
52034
51937
52035
51938
52036
51939
52037
51940
52038
51941
52039
51942
52040
51943
52041
51944
52042
51945
52043
51946
52044
51947
52045
51948
52046
51949
52047
51950
52048
51951
52049
51952
52050
51953
52051
51954
52052
51955
52053
51956
52054
51957
52055
51958
52056
51959
52057
51960
52058
51961
52059
51962
52060
51963
52061
51964
52062
51965
52063
51966
52064
51967
52065
51968
52066
51969
52067
51970
52068
51971
52069
51972
52070
51973
52071
51974
52072
52073
51976
52074
51977
52075
51978
52076
51979
52077
51980
52078
51981
52079
51982
52080
51983
52081
51984
52082
51985
52083
51986
52084
51987
52085
51988
52086
51989
52087
51990
52088
51991
52089
51992
52090
51993
52091
51994
52092
51995
52093
51996
52094
51997
52095
51998
52096
51999
52097
52000
52098
52001
52099
52002
52100
52003
52101
52004
52102
52005
52103
52006
52104
52007
52105
52008
52106
52009
52107
52010
52108
52011
52109
52012
52110
52013
52111
52014
52112
52015
52113
52016
52114
52017
52115
52018
52116
52019
52117
52020
52118
52021
52119
52022
52120
52023
52121
52024
52122
52025
52123
52026
52124
52027
52125
52028
52126
52029
52127
52030
52128
52031
52129
52032
52130
52033
52131
52034
52132
52035
52133
52036
52134
52037
52135
52038
52136
52039
52137
52040
52138
52041
52139
52042
52140
52043
52141
52044
52142
52045
52143
52046
52144
52047
52145
52048
52146
52049
52147
52050
52148
52051
52149
52052
52150
52053
52151
52054
52152
52055
52153
52056
52154
52057
52155
52058
52156
52059
52157
52060
52158
52061
52159
52062
52160
52063
52161
52064
52162
52065
52163
52066
52164
52067
52165
52068
52166
52069
52167
52070
52168
52071
52169
52072
52170
52073
52171
52172
52075
52173
52076
52174
52077
52175
52078
52176
52079
52177
52080
52178
52081
52179
52082
52180
52083
52181
52084
52182
52085
52183
52086
52184
52087
52185
52088
52186
52089
52187
52090
52188
52091
52189
52092
52190
52093
52191
52094
52192
52095
52193
52096
52194
52097
52195
52098
52196
52099
52197
52100
52198
52101
52199
52102
52200
52103
52201
52104
52202
52105
52203
52106
52204
52107
52205
52108
52206
52109
52207
52110
52208
52111
52209
52112
52210
52113
52211
52114
52212
52115
52213
52116
52214
52117
52215
52118
52216
52119
52217
52120
52218
52121
52219
52122
52220
52123
52221
52124
52222
52125
52223
52126
52224
52127
52225
52128
52226
52129
52227
52130
52228
52131
52229
52132
52230
52133
52231
52134
52232
52135
52233
52136
52234
52137
52235
52138
52236
52139
52237
52140
52238
52141
52239
52142
52240
52143
52241
52144
52242
52145
52243
52146
52244
52147
52245
52148
52246
52149
52247
52150
52248
52151
52249
52152
52250
52153
52251
52154
52252
52155
52253
52156
52254
52157
52255
52158
52256
52159
52257
52160
52258
52161
52259
52162
52260
52163
52261
52164
52262
52165
52263
52166
52264
52167
52265
52168
52266
52169
52267
52170
52268
52171
52269
52172
52270
52271
52174
52272
52175
52273
52176
52274
52177
52275
52178
52276
52179
52277
52180
52278
52181
52279
52182
52280
52183
52281
52184
52282
52185
52283
52186
52284
52187
52285
52188
52286
52189
52287
52190
52288
52191
52289
52192
52290
52193
52291
52194
52292
52195
52293
52196
52294
52197
52295
52198
52296
52199
52297
52200
52298
52201
52299
52202
52300
52203
52301
52204
52302
52205
52303
52206
52304
52207
52305
52208
52306
52209
52307
52210
52308
52211
52309
52212
52310
52213
52311
52214
52312
52215
52313
52216
52314
52217
52315
52218
52316
52219
52317
52220
52318
52221
52319
52222
52320
52223
52321
52224
52322
52225
52323
52226
52324
52227
52325
52228
52326
52229
52327
52230
52328
52231
52329
52232
52330
52233
52331
52234
52332
52235
52333
52236
52334
52237
52335
52238
52336
52239
52337
52240
52338
52241
52339
52242
52340
52243
52341
52244
52342
52245
52343
52246
52344
52247
52345
52248
52346
52249
52347
52250
52348
52251
52349
52252
52350
52253
52351
52254
52352
52255
52353
52256
52354
52257
52355
52258
52356
52259
52357
52260
52358
52261
52359
52262
52360
52263
52361
52264
52362
52265
52363
52266
52364
52267
52365
52268
52366
52269
52367
52270
52368
52271
52369
52370
52273
52371
52274
52372
52275
52373
52276
52374
52277
52375
52278
52376
52279
52377
52280
52378
52281
52379
52282
52380
52283
52381
52284
52382
52285
52383
52286
52384
52287
52385
52288
52386
52289
52387
52290
52388
52291
52389
52292
52390
52293
52391
52294
52392
52295
52393
52296
52394
52297
52395
52298
52396
52299
52397
52300
52398
52301
52399
52302
52400
52303
52401
52304
52402
52305
52403
52306
52404
52307
52405
52308
52406
52309
52407
52310
52408
52311
52409
52312
52410
52313
52411
52314
52412
52315
52413
52316
52414
52317
52415
52318
52416
52319
52417
52320
52418
52321
52419
52322
52420
52323
52421
52324
52422
52325
52423
52326
52424
52327
52425
52328
52426
52329
52427
52330
52428
52331
52429
52332
52430
52333
52431
52334
52432
52335
52433
52336
52434
52337
52435
52338
52436
52339
52437
52340
52438
52341
52439
52342
52440
52343
52441
52344
52442
52345
52443
52346
52444
52347
52445
52348
52446
52349
52447
52350
52448
52351
52449
52352
52450
52353
52451
52354
52452
52355
52453
52356
52454
52357
52455
52358
52456
52359
52457
52360
52458
52361
52459
52362
52460
52363
52461
52364
52462
52365
52463
52366
52464
52367
52465
52368
52466
52369
52467
52370
52468
52469
52372
52470
52373
52471
52374
52472
52375
52473
52376
52474
52377
52475
52378
52476
52379
52477
52380
52478
52381
52479
52382
52480
52383
52481
52384
52482
52385
52483
52386
52484
52387
52485
52388
52486
52389
52487
52390
52488
52391
52489
52392
52490
52393
52491
52394
52492
52395
52493
52396
52494
52397
52495
52398
52496
52399
52497
52400
52498
52401
52499
52402
52500
52403
52501
52404
52502
52405
52503
52406
52504
52407
52505
52408
52506
52409
52507
52410
52508
52411
52509
52412
52510
52413
52511
52414
52512
52415
52513
52416
52514
52417
52515
52418
52516
52419
52517
52420
52518
52421
52519
52422
52520
52423
52521
52424
52522
52425
52523
52426
52524
52427
52525
52428
52526
52429
52527
52430
52528
52431
52529
52432
52530
52433
52531
52434
52532
52435
52533
52436
52534
52437
52535
52438
52536
52439
52537
52440
52538
52441
52539
52442
52540
52443
52541
52444
52542
52445
52543
52446
52544
52447
52545
52448
52546
52449
52547
52450
52548
52451
52549
52452
52550
52453
52551
52454
52552
52455
52553
52456
52554
52457
52555
52458
52556
52459
52557
52460
52558
52461
52559
52462
52560
52463
52561
52464
52562
52465
52563
52466
52564
52467
52565
52468
52566
52469
52567
52568
52471
52569
52472
52570
52473
52571
52474
52572
52475
52573
52476
52574
52477
52575
52478
52576
52479
52577
52480
52578
52481
52579
52482
52580
52483
52581
52484
52582
52485
52583
52486
52584
52487
52585
52488
52586
52489
52587
52490
52588
52491
52589
52492
52590
52493
52591
52494
52592
52495
52593
52496
52594
52497
52595
52498
52596
52499
52597
52500
52598
52501
52599
52502
52600
52503
52601
52504
52602
52505
52603
52506
52604
52507
52605
52508
52606
52509
52607
52510
52608
52511
52609
52512
52610
52513
52611
52514
52612
52515
52613
52516
52614
52517
52615
52518
52616
52519
52617
52520
52618
52521
52619
52522
52620
52523
52621
52524
52622
52525
52623
52526
52624
52527
52625
52528
52626
52529
52627
52530
52628
52531
52629
52532
52630
52533
52631
52534
52632
52535
52633
52536
52634
52537
52635
52538
52636
52539
52637
52540
52638
52541
52639
52542
52640
52543
52641
52544
52642
52545
52643
52546
52644
52547
52645
52548
52646
52549
52647
52550
52648
52551
52649
52552
52650
52553
52651
52554
52652
52555
52653
52556
52654
52557
52655
52558
52656
52559
52657
52560
52658
52561
52659
52562
52660
52563
52661
52564
52662
52565
52663
52566
52664
52567
52665
52568
52666
52667
52570
52668
52571
52669
52572
52670
52573
52671
52574
52672
52575
52673
52576
52674
52577
52675
52578
52676
52579
52677
52580
52678
52581
52679
52582
52680
52583
52681
52584
52682
52585
52683
52586
52684
52587
52685
52588
52686
52589
52687
52590
52688
52591
52689
52592
52690
52593
52691
52594
52692
52595
52693
52596
52694
52597
52695
52598
52696
52599
52697
52600
52698
52601
52699
52602
52700
52603
52701
52604
52702
52605
52703
52606
52704
52607
52705
52608
52706
52609
52707
52610
52708
52611
52709
52612
52710
52613
52711
52614
52712
52615
52713
52616
52714
52617
52715
52618
52716
52619
52717
52620
52718
52621
52719
52622
52720
52623
52721
52624
52722
52625
52723
52626
52724
52627
52725
52628
52726
52629
52727
52630
52728
52631
52729
52632
52730
52633
52731
52634
52732
52635
52733
52636
52734
52637
52735
52638
52736
52639
52737
52640
52738
52641
52739
52642
52740
52643
52741
52644
52742
52645
52743
52646
52744
52647
52745
52648
52746
52649
52747
52650
52748
52651
52749
52652
52750
52653
52751
52654
52752
52655
52753
52656
52754
52657
52755
52658
52756
52659
52757
52660
52758
52661
52759
52662
52760
52663
52761
52664
52762
52665
52763
52666
52764
52667
52765
52766
52669
52767
52670
52768
52671
52769
52672
52770
52673
52771
52674
52772
52675
52773
52676
52774
52677
52775
52678
52776
52679
52777
52680
52778
52681
52779
52682
52780
52683
52781
52684
52782
52685
52783
52686
52784
52687
52785
52688
52786
52689
52787
52690
52788
52691
52789
52692
52790
52693
52791
52694
52792
52695
52793
52696
52794
52697
52795
52698
52796
52699
52797
52700
52798
52701
52799
52702
52800
52703
52801
52704
52802
52705
52803
52706
52804
52707
52805
52708
52806
52709
52807
52710
52808
52711
52809
52712
52810
52713
52811
52714
52812
52715
52813
52716
52814
52717
52815
52718
52816
52719
52817
52720
52818
52721
52819
52722
52820
52723
52821
52724
52822
52725
52823
52726
52824
52727
52825
52728
52826
52729
52827
52730
52828
52731
52829
52732
52830
52733
52831
52734
52832
52735
52833
52736
52834
52737
52835
52738
52836
52739
52837
52740
52838
52741
52839
52742
52840
52743
52841
52744
52842
52745
52843
52746
52844
52747
52845
52748
52846
52749
52847
52750
52848
52751
52849
52752
52850
52753
52851
52754
52852
52755
52853
52756
52854
52757
52855
52758
52856
52759
52857
52760
52858
52761
52859
52762
52860
52763
52861
52764
52862
52765
52863
52766
52864
52865
52768
52866
52769
52867
52770
52868
52771
52869
52772
52870
52773
52871
52774
52872
52775
52873
52776
52874
52777
52875
52778
52876
52779
52877
52780
52878
52781
52879
52782
52880
52783
52881
52784
52882
52785
52883
52786
52884
52787
52885
52788
52886
52789
52887
52790
52888
52791
52889
52792
52890
52793
52891
52794
52892
52795
52893
52796
52894
52797
52895
52798
52896
52799
52897
52800
52898
52801
52899
52802
52900
52803
52901
52804
52902
52805
52903
52806
52904
52807
52905
52808
52906
52809
52907
52810
52908
52811
52909
52812
52910
52813
52911
52814
52912
52815
52913
52816
52914
52817
52915
52818
52916
52819
52917
52820
52918
52821
52919
52822
52920
52823
52921
52824
52922
52825
52923
52826
52924
52827
52925
52828
52926
52829
52927
52830
52928
52831
52929
52832
52930
52833
52931
52834
52932
52835
52933
52836
52934
52837
52935
52838
52936
52839
52937
52840
52938
52841
52939
52842
52940
52843
52941
52844
52942
52845
52943
52846
52944
52847
52945
52848
52946
52849
52947
52850
52948
52851
52949
52852
52950
52853
52951
52854
52952
52855
52953
52856
52954
52857
52955
52858
52956
52859
52957
52860
52958
52861
52959
52862
52960
52863
52961
52864
52962
52865
52963
52964
52867
52965
52868
52966
52869
52967
52870
52968
52871
52969
52872
52970
52873
52971
52874
52972
52875
52973
52876
52974
52877
52975
52878
52976
52879
52977
52880
52978
52881
52979
52882
52980
52883
52981
52884
52982
52885
52983
52886
52984
52887
52985
52888
52986
52889
52987
52890
52988
52891
52989
52892
52990
52893
52991
52894
52992
52895
52993
52896
52994
52897
52995
52898
52996
52899
52997
52900
52998
52901
52999
52902
53000
52903
53001
52904
53002
52905
53003
52906
53004
52907
53005
52908
53006
52909
53007
52910
53008
52911
53009
52912
53010
52913
53011
52914
53012
52915
53013
52916
53014
52917
53015
52918
53016
52919
53017
52920
53018
52921
53019
52922
53020
52923
53021
52924
53022
52925
53023
52926
53024
52927
53025
52928
53026
52929
53027
52930
53028
52931
53029
52932
53030
52933
53031
52934
53032
52935
53033
52936
53034
52937
53035
52938
53036
52939
53037
52940
53038
52941
53039
52942
53040
52943
53041
52944
53042
52945
53043
52946
53044
52947
53045
52948
53046
52949
53047
52950
53048
52951
53049
52952
53050
52953
53051
52954
53052
52955
53053
52956
53054
52957
53055
52958
53056
52959
53057
52960
53058
52961
53059
52962
53060
52963
53061
52964
53062
53063
52966
53064
52967
53065
52968
53066
52969
53067
52970
53068
52971
53069
52972
53070
52973
53071
52974
53072
52975
53073
52976
53074
52977
53075
52978
53076
52979
53077
52980
53078
52981
53079
52982
53080
52983
53081
52984
53082
52985
53083
52986
53084
52987
53085
52988
53086
52989
53087
52990
53088
52991
53089
52992
53090
52993
53091
52994
53092
52995
53093
52996
53094
52997
53095
52998
53096
52999
53097
53000
53098
53001
53099
53002
53100
53003
53101
53004
53102
53005
53103
53006
53104
53007
53105
53008
53106
53009
53107
53010
53108
53011
53109
53012
53110
53013
53111
53014
53112
53015
53113
53016
53114
53017
53115
53018
53116
53019
53117
53020
53118
53021
53119
53022
53120
53023
53121
53024
53122
53025
53123
53026
53124
53027
53125
53028
53126
53029
53127
53030
53128
53031
53129
53032
53130
53033
53131
53034
53132
53035
53133
53036
53134
53037
53135
53038
53136
53039
53137
53040
53138
53041
53139
53042
53140
53043
53141
53044
53142
53045
53143
53046
53144
53047
53145
53048
53146
53049
53147
53050
53148
53051
53149
53052
53150
53053
53151
53054
53152
53055
53153
53056
53154
53057
53155
53058
53156
53059
53157
53060
53158
53061
53159
53062
53160
53063
53161
53162
53065
53163
53066
53164
53067
53165
53068
53166
53069
53167
53070
53168
53071
53169
53072
53170
53073
53171
53074
53172
53075
53173
53076
53174
53077
53175
53078
53176
53079
53177
53080
53178
53081
53179
53082
53180
53083
53181
53084
53182
53085
53183
53086
53184
53087
53185
53088
53186
53089
53187
53090
53188
53091
53189
53092
53190
53093
53191
53094
53192
53095
53193
53096
53194
53097
53195
53098
53196
53099
53197
53100
53198
53101
53199
53102
53200
53103
53201
53104
53202
53105
53203
53106
53204
53107
53205
53108
53206
53109
53207
53110
53208
53111
53209
53112
53210
53113
53211
53114
53212
53115
53213
53116
53214
53117
53215
53118
53216
53119
53217
53120
53218
53121
53219
53122
53220
53123
53221
53124
53222
53125
53223
53126
53224
53127
53225
53128
53226
53129
53227
53130
53228
53131
53229
53132
53230
53133
53231
53134
53232
53135
53233
53136
53234
53137
53235
53138
53236
53139
53237
53140
53238
53141
53239
53142
53240
53143
53241
53144
53242
53145
53243
53146
53244
53147
53245
53148
53246
53149
53247
53150
53248
53151
53249
53152
53250
53153
53251
53154
53252
53155
53253
53156
53254
53157
53255
53158
53256
53159
53257
53160
53258
53161
53259
53162
53260
53261
53164
53262
53165
53263
53166
53264
53167
53265
53168
53266
53169
53267
53170
53268
53171
53269
53172
53270
53173
53271
53174
53272
53175
53273
53176
53274
53177
53275
53178
53276
53179
53277
53180
53278
53181
53279
53182
53280
53183
53281
53184
53282
53185
53283
53186
53284
53187
53285
53188
53286
53189
53287
53190
53288
53191
53289
53192
53290
53193
53291
53194
53292
53195
53293
53196
53294
53197
53295
53198
53296
53199
53297
53200
53298
53201
53299
53202
53300
53203
53301
53204
53302
53205
53303
53206
53304
53207
53305
53208
53306
53209
53307
53210
53308
53211
53309
53212
53310
53213
53311
53214
53312
53215
53313
53216
53314
53217
53315
53218
53316
53219
53317
53220
53318
53221
53319
53222
53320
53223
53321
53224
53322
53225
53323
53226
53324
53227
53325
53228
53326
53229
53327
53230
53328
53231
53329
53232
53330
53233
53331
53234
53332
53235
53333
53236
53334
53237
53335
53238
53336
53239
53337
53240
53338
53241
53339
53242
53340
53243
53341
53244
53342
53245
53343
53246
53344
53247
53345
53248
53346
53249
53347
53250
53348
53251
53349
53252
53350
53253
53351
53254
53352
53255
53353
53256
53354
53257
53355
53258
53356
53259
53357
53260
53358
53261
53359
53360
53263
53361
53264
53362
53265
53363
53266
53364
53267
53365
53268
53366
53269
53367
53270
53368
53271
53369
53272
53370
53273
53371
53274
53372
53275
53373
53276
53374
53277
53375
53278
53376
53279
53377
53280
53378
53281
53379
53282
53380
53283
53381
53284
53382
53285
53383
53286
53384
53287
53385
53288
53386
53289
53387
53290
53388
53291
53389
53292
53390
53293
53391
53294
53392
53295
53393
53296
53394
53297
53395
53298
53396
53299
53397
53300
53398
53301
53399
53302
53400
53303
53401
53304
53402
53305
53403
53306
53404
53307
53405
53308
53406
53309
53407
53310
53408
53311
53409
53312
53410
53313
53411
53314
53412
53315
53413
53316
53414
53317
53415
53318
53416
53319
53417
53320
53418
53321
53419
53322
53420
53323
53421
53324
53422
53325
53423
53326
53424
53327
53425
53328
53426
53329
53427
53330
53428
53331
53429
53332
53430
53333
53431
53334
53432
53335
53433
53336
53434
53337
53435
53338
53436
53339
53437
53340
53438
53341
53439
53342
53440
53343
53441
53344
53442
53345
53443
53346
53444
53347
53445
53348
53446
53349
53447
53350
53448
53351
53449
53352
53450
53353
53451
53354
53452
53355
53453
53356
53454
53357
53455
53358
53456
53359
53457
53360
53458
53459
53362
53460
53363
53461
53364
53462
53365
53463
53366
53464
53367
53465
53368
53466
53369
53467
53370
53468
53371
53469
53372
53470
53373
53471
53374
53472
53375
53473
53376
53474
53377
53475
53378
53476
53379
53477
53380
53478
53381
53479
53382
53480
53383
53481
53384
53482
53385
53483
53386
53484
53387
53485
53388
53486
53389
53487
53390
53488
53391
53489
53392
53490
53393
53491
53394
53492
53395
53493
53396
53494
53397
53495
53398
53496
53399
53497
53400
53498
53401
53499
53402
53500
53403
53501
53404
53502
53405
53503
53406
53504
53407
53505
53408
53506
53409
53507
53410
53508
53411
53509
53412
53510
53413
53511
53414
53512
53415
53513
53416
53514
53417
53515
53418
53516
53419
53517
53420
53518
53421
53519
53422
53520
53423
53521
53424
53522
53425
53523
53426
53524
53427
53525
53428
53526
53429
53527
53430
53528
53431
53529
53432
53530
53433
53531
53434
53532
53435
53533
53436
53534
53437
53535
53438
53536
53439
53537
53440
53538
53441
53539
53442
53540
53443
53541
53444
53542
53445
53543
53446
53544
53447
53545
53448
53546
53449
53547
53450
53548
53451
53549
53452
53550
53453
53551
53454
53552
53455
53553
53456
53554
53457
53555
53458
53556
53459
53557
53558
53461
53559
53462
53560
53463
53561
53464
53562
53465
53563
53466
53564
53467
53565
53468
53566
53469
53567
53470
53568
53471
53569
53472
53570
53473
53571
53474
53572
53475
53573
53476
53574
53477
53575
53478
53576
53479
53577
53480
53578
53481
53579
53482
53580
53483
53581
53484
53582
53485
53583
53486
53584
53487
53585
53488
53586
53489
53587
53490
53588
53491
53589
53492
53590
53493
53591
53494
53592
53495
53593
53496
53594
53497
53595
53498
53596
53499
53597
53500
53598
53501
53599
53502
53600
53503
53601
53504
53602
53505
53603
53506
53604
53507
53605
53508
53606
53509
53607
53510
53608
53511
53609
53512
53610
53513
53611
53514
53612
53515
53613
53516
53614
53517
53615
53518
53616
53519
53617
53520
53618
53521
53619
53522
53620
53523
53621
53524
53622
53525
53623
53526
53624
53527
53625
53528
53626
53529
53627
53530
53628
53531
53629
53532
53630
53533
53631
53534
53632
53535
53633
53536
53634
53537
53635
53538
53636
53539
53637
53540
53638
53541
53639
53542
53640
53543
53641
53544
53642
53545
53643
53546
53644
53547
53645
53548
53646
53549
53647
53550
53648
53551
53649
53552
53650
53553
53651
53554
53652
53555
53653
53556
53654
53557
53655
53558
53656
53657
53560
53658
53561
53659
53562
53660
53563
53661
53564
53662
53565
53663
53566
53664
53567
53665
53568
53666
53569
53667
53570
53668
53571
53669
53572
53670
53573
53671
53574
53672
53575
53673
53576
53674
53577
53675
53578
53676
53579
53677
53580
53678
53581
53679
53582
53680
53583
53681
53584
53682
53585
53683
53586
53684
53587
53685
53588
53686
53589
53687
53590
53688
53591
53689
53592
53690
53593
53691
53594
53692
53595
53693
53596
53694
53597
53695
53598
53696
53599
53697
53600
53698
53601
53699
53602
53700
53603
53701
53604
53702
53605
53703
53606
53704
53607
53705
53608
53706
53609
53707
53610
53708
53611
53709
53612
53710
53613
53711
53614
53712
53615
53713
53616
53714
53617
53715
53618
53716
53619
53717
53620
53718
53621
53719
53622
53720
53623
53721
53624
53722
53625
53723
53626
53724
53627
53725
53628
53726
53629
53727
53630
53728
53631
53729
53632
53730
53633
53731
53634
53732
53635
53733
53636
53734
53637
53735
53638
53736
53639
53737
53640
53738
53641
53739
53642
53740
53643
53741
53644
53742
53645
53743
53646
53744
53647
53745
53648
53746
53649
53747
53650
53748
53651
53749
53652
53750
53653
53751
53654
53752
53655
53753
53656
53754
53657
53755
53756
53659
53757
53660
53758
53661
53759
53662
53760
53663
53761
53664
53762
53665
53763
53666
53764
53667
53765
53668
53766
53669
53767
53670
53768
53671
53769
53672
53770
53673
53771
53674
53772
53675
53773
53676
53774
53677
53775
53678
53776
53679
53777
53680
53778
53681
53779
53682
53780
53683
53781
53684
53782
53685
53783
53686
53784
53687
53785
53688
53786
53689
53787
53690
53788
53691
53789
53692
53790
53693
53791
53694
53792
53695
53793
53696
53794
53697
53795
53698
53796
53699
53797
53700
53798
53701
53799
53702
53800
53703
53801
53704
53802
53705
53803
53706
53804
53707
53805
53708
53806
53709
53807
53710
53808
53711
53809
53712
53810
53713
53811
53714
53812
53715
53813
53716
53814
53717
53815
53718
53816
53719
53817
53720
53818
53721
53819
53722
53820
53723
53821
53724
53822
53725
53823
53726
53824
53727
53825
53728
53826
53729
53827
53730
53828
53731
53829
53732
53830
53733
53831
53734
53832
53735
53833
53736
53834
53737
53835
53738
53836
53739
53837
53740
53838
53741
53839
53742
53840
53743
53841
53744
53842
53745
53843
53746
53844
53747
53845
53748
53846
53749
53847
53750
53848
53751
53849
53752
53850
53753
53851
53754
53852
53755
53853
53756
53854
53855
53758
53856
53759
53857
53760
53858
53761
53859
53762
53860
53763
53861
53764
53862
53765
53863
53766
53864
53767
53865
53768
53866
53769
53867
53770
53868
53771
53869
53772
53870
53773
53871
53774
53872
53775
53873
53776
53874
53777
53875
53778
53876
53779
53877
53780
53878
53781
53879
53782
53880
53783
53881
53784
53882
53785
53883
53786
53884
53787
53885
53788
53886
53789
53887
53790
53888
53791
53889
53792
53890
53793
53891
53794
53892
53795
53893
53796
53894
53797
53895
53798
53896
53799
53897
53800
53898
53801
53899
53802
53900
53803
53901
53804
53902
53805
53903
53806
53904
53807
53905
53808
53906
53809
53907
53810
53908
53811
53909
53812
53910
53813
53911
53814
53912
53815
53913
53816
53914
53817
53915
53818
53916
53819
53917
53820
53918
53821
53919
53822
53920
53823
53921
53824
53922
53825
53923
53826
53924
53827
53925
53828
53926
53829
53927
53830
53928
53831
53929
53832
53930
53833
53931
53834
53932
53835
53933
53836
53934
53837
53935
53838
53936
53839
53937
53840
53938
53841
53939
53842
53940
53843
53941
53844
53942
53845
53943
53846
53944
53847
53945
53848
53946
53849
53947
53850
53948
53851
53949
53852
53950
53853
53951
53854
53952
53855
53953
53954
53857
53955
53858
53956
53859
53957
53860
53958
53861
53959
53862
53960
53863
53961
53864
53962
53865
53963
53866
53964
53867
53965
53868
53966
53869
53967
53870
53968
53871
53969
53872
53970
53873
53971
53874
53972
53875
53973
53876
53974
53877
53975
53878
53976
53879
53977
53880
53978
53881
53979
53882
53980
53883
53981
53884
53982
53885
53983
53886
53984
53887
53985
53888
53986
53889
53987
53890
53988
53891
53989
53892
53990
53893
53991
53894
53992
53895
53993
53896
53994
53897
53995
53898
53996
53899
53997
53900
53998
53901
53999
53902
54000
53903
54001
53904
54002
53905
54003
53906
54004
53907
54005
53908
54006
53909
54007
53910
54008
53911
54009
53912
54010
53913
54011
53914
54012
53915
54013
53916
54014
53917
54015
53918
54016
53919
54017
53920
54018
53921
54019
53922
54020
53923
54021
53924
54022
53925
54023
53926
54024
53927
54025
53928
54026
53929
54027
53930
54028
53931
54029
53932
54030
53933
54031
53934
54032
53935
54033
53936
54034
53937
54035
53938
54036
53939
54037
53940
54038
53941
54039
53942
54040
53943
54041
53944
54042
53945
54043
53946
54044
53947
54045
53948
54046
53949
54047
53950
54048
53951
54049
53952
54050
53953
54051
53954
54052
54053
53956
54054
53957
54055
53958
54056
53959
54057
53960
54058
53961
54059
53962
54060
53963
54061
53964
54062
53965
54063
53966
54064
53967
54065
53968
54066
53969
54067
53970
54068
53971
54069
53972
54070
53973
54071
53974
54072
53975
54073
53976
54074
53977
54075
53978
54076
53979
54077
53980
54078
53981
54079
53982
54080
53983
54081
53984
54082
53985
54083
53986
54084
53987
54085
53988
54086
53989
54087
53990
54088
53991
54089
53992
54090
53993
54091
53994
54092
53995
54093
53996
54094
53997
54095
53998
54096
53999
54097
54000
54098
54001
54099
54002
54100
54003
54101
54004
54102
54005
54103
54006
54104
54007
54105
54008
54106
54009
54107
54010
54108
54011
54109
54012
54110
54013
54111
54014
54112
54015
54113
54016
54114
54017
54115
54018
54116
54019
54117
54020
54118
54021
54119
54022
54120
54023
54121
54024
54122
54025
54123
54026
54124
54027
54125
54028
54126
54029
54127
54030
54128
54031
54129
54032
54130
54033
54131
54034
54132
54035
54133
54036
54134
54037
54135
54038
54136
54039
54137
54040
54138
54041
54139
54042
54140
54043
54141
54044
54142
54045
54143
54046
54144
54047
54145
54048
54146
54049
54147
54050
54148
54051
54149
54052
54150
54053
54151
54152
54055
54153
54056
54154
54057
54155
54058
54156
54059
54157
54060
54158
54061
54159
54062
54160
54063
54161
54064
54162
54065
54163
54066
54164
54067
54165
54068
54166
54069
54167
54070
54168
54071
54169
54072
54170
54073
54171
54074
54172
54075
54173
54076
54174
54077
54175
54078
54176
54079
54177
54080
54178
54081
54179
54082
54180
54083
54181
54084
54182
54085
54183
54086
54184
54087
54185
54088
54186
54089
54187
54090
54188
54091
54189
54092
54190
54093
54191
54094
54192
54095
54193
54096
54194
54097
54195
54098
54196
54099
54197
54100
54198
54101
54199
54102
54200
54103
54201
54104
54202
54105
54203
54106
54204
54107
54205
54108
54206
54109
54207
54110
54208
54111
54209
54112
54210
54113
54211
54114
54212
54115
54213
54116
54214
54117
54215
54118
54216
54119
54217
54120
54218
54121
54219
54122
54220
54123
54221
54124
54222
54125
54223
54126
54224
54127
54225
54128
54226
54129
54227
54130
54228
54131
54229
54132
54230
54133
54231
54134
54232
54135
54233
54136
54234
54137
54235
54138
54236
54139
54237
54140
54238
54141
54239
54142
54240
54143
54241
54144
54242
54145
54243
54146
54244
54147
54245
54148
54246
54149
54247
54150
54248
54151
54249
54152
54250
54251
54154
54155
54156
54157
54158
54159
54160
54161
54162
54163
54164
54165
54166
54167
54168
54169
54170
54171
54172
54173
54174
54175
54176
54177
54178
54179
54180
54181
54182
54183
54184
54185
54186
54187
54188
54189
54190
54191
54192
54193
54194
54195
54196
54197
54198
54199
54200
54201
54202
54203
54204
54205
54206
54207
54208
54209
54210
54211
54212
54213
54214
54215
54216
54217
54218
54219
54220
54221
54222
54223
54224
54225
54226
54227
54228
54229
54230
54231
54232
54233
54234
54235
54236
54237
54238
54239
54240
54241
54242
54243
54244
54245
54246
54247
54248
54249
54250
54251
54253
54254
54255
54256
54257
54258
54259
54260
54261
54262
54263
54264
54265
54266
54267
54268
54269
54270
54271
54272
54273
54274
54275
54276
54277
54278
54279
54280
54281
54282
54283
54284
54285
54286
54287
54288
54289
54290
54291
54292
54293
54294
54295
54296
54297
54298
54299
54300
54301
54302
54303
54304
54305
54306
54307
54308
54309
54310
54311
54312
54313
54314
54315
54316
54317
54318
54319
54320
54321
54322
54323
54324
54325
54326
54327
54328
54329
54330
54331
54332
54333
54334
54335
54336
54337
54338
54339
54340
54341
54342
54343
54344
54345
54346
54347
54348
54349
54350
54351
54352
54353
54354
54355
54356
54357
54358
54359
54360
54361
54362
54363
54364
54365
54366
54367
54368
54369
54370
54371
54372
54373
54374
54375
54376
54377
54378
54379
54380
54381
54382
54383
54384
54385
54386
54387
54388
54389
54390
54391
54392
54393
54394
54395
54396
54397
54398
54399
54400
54401
54402
54403
54404
54405
54406
54407
54408
54409
54410
54411
54412
54413
54414
54415
54416
54417
54418
54419
54420
54421
54422
54423
54424
54425
54426
54427
54428
54429
54430
54431
54432
54433
54434
54435
54436
54437
54438
54439
54440
54441
54442
54443
54444
54445
54446
54447
54448
54449
54450
54451
54452
54453
54454
54455
54456
54457
54458
54459
54460
54461
54462
54463
54464
54465
54466
54467
54468
54469
54470
54471
54472
54473
54474
54475
54476
54477
54478
54479
54480
54481
54482
54483
54484
54485
54486
54487
54488
54489
54490
54491
54492
54493
54494
54495
54496
54497
54498
54499
54500
54501
54502
54503
54504
54505
54506
54507
54508
54509
54510
54511
54512
54513
54514
54515
54516
54517
54518
54519
54520
54521
54522
54523
54524
54525
54526
54527
54528
54529
54530
54531
54532
54533
54534
54535
54536
54537
54538
54539
54540
54541
54542
54543
54544
54545
54546
54547
54548
54549
54550
54551
54552
54553
54554
54555
54556
54557
54558
54559
54560
54561
54562
54563
54564
54565
54566
54567
54568
54569
54570
54571
54572
54573
54574
54575
54576
54577
54578
54579
54580
54581
54582
54583
54584
54585
54586
54587
54588
54589
54590
54591
54592
54593
54594
54595
54596
54597
54598
54599
54600
54601
54602
54603
54604
54605
54606
54607
54608
54609
54610
54611
54612
54613
54614
54615
54616
54617
54618
54619
54620
54621
54622
54623
54624
54625
54626
54627
54628
54629
54630
54631
54632
54633
54634
54635
54636
54637
54638
54639
54640
54641
54642
54643
54644
54645
54646
54647
)


// ************************************************************************* //
