/*--------------------------------*- C++ -*----------------------------------*\
  =========                 |
  \\      /  F ield         | OpenFOAM: The Open Source CFD Toolbox
   \\    /   O peration     | Website:  https://openfoam.org
    \\  /    A nd           | Version:  8
     \\/     M anipulation  |
\*---------------------------------------------------------------------------*/
FoamFile
{
    version     2.0;
    format      ascii;
    class       labelList;
    note        "nPoints:117037  nCells:57960  nFaces:232189  nInternalFaces:115151";
    location    "constant/polyMesh";
    object      neighbour;
}
// * * * * * * * * * * * * * * * * * * * * * * * * * * * * * * * * * * * * * //


115151
(
1
38
57540
2
39
3
40
4
41
5
42
6
43
7
44
8
45
9
46
10
47
11
48
12
49
13
50
14
51
15
52
16
53
17
54
18
55
19
56
20
57
21
58
22
59
23
60
24
61
25
62
26
63
27
64
28
65
29
66
30
67
31
68
32
69
33
70
34
71
35
72
36
73
37
74
75
39
76
57541
40
77
41
78
42
79
43
80
44
81
45
82
46
83
47
84
48
85
49
86
50
87
51
88
52
89
53
90
54
91
55
92
56
93
57
94
58
95
59
96
60
97
61
98
62
99
63
100
64
101
65
102
66
103
67
104
68
105
69
106
70
107
71
108
72
109
73
110
74
111
75
112
113
77
114
57542
78
115
79
116
80
117
81
118
82
119
83
120
84
121
85
122
86
123
87
124
88
125
89
126
90
127
91
128
92
129
93
130
94
131
95
132
96
133
97
134
98
135
99
136
100
137
101
138
102
139
103
140
104
141
105
142
106
143
107
144
108
145
109
146
110
147
111
148
112
149
113
150
151
115
152
57543
116
153
117
154
118
155
119
156
120
157
121
158
122
159
123
160
124
161
125
162
126
163
127
164
128
165
129
166
130
167
131
168
132
169
133
170
134
171
135
172
136
173
137
174
138
175
139
176
140
177
141
178
142
179
143
180
144
181
145
182
146
183
147
184
148
185
149
186
150
187
151
188
189
153
190
57544
154
191
155
192
156
193
157
194
158
195
159
196
160
197
161
198
162
199
163
200
164
201
165
202
166
203
167
204
168
205
169
206
170
207
171
208
172
209
173
210
174
211
175
212
176
213
177
214
178
215
179
216
180
217
181
218
182
219
183
220
184
221
185
222
186
223
187
224
188
225
189
226
227
191
228
57545
192
229
193
230
194
231
195
232
196
233
197
234
198
235
199
236
200
237
201
238
202
239
203
240
204
241
205
242
206
243
207
244
208
245
209
246
210
247
211
248
212
249
213
250
214
251
215
252
216
253
217
254
218
255
219
256
220
257
221
258
222
259
223
260
224
261
225
262
226
263
227
264
265
229
266
57546
230
267
231
268
232
269
233
270
234
271
235
272
236
273
237
274
238
275
239
276
240
277
241
278
242
279
243
280
244
281
245
282
246
283
247
284
248
285
249
286
250
287
251
288
252
289
253
290
254
291
255
292
256
293
257
294
258
295
259
296
260
297
261
298
262
299
263
300
264
301
265
302
303
267
304
57547
268
305
269
306
270
307
271
308
272
309
273
310
274
311
275
312
276
313
277
314
278
315
279
316
280
317
281
318
282
319
283
320
284
321
285
322
286
323
287
324
288
325
289
326
290
327
291
328
292
329
293
330
294
331
295
332
296
333
297
334
298
335
299
336
300
337
301
338
302
339
303
340
341
305
342
57548
306
343
307
344
308
345
309
346
310
347
311
348
312
349
313
350
314
351
315
352
316
353
317
354
318
355
319
356
320
357
321
358
322
359
323
360
324
361
325
362
326
363
327
364
328
365
329
366
330
367
331
368
332
369
333
370
334
371
335
372
336
373
337
374
338
375
339
376
340
377
341
378
379
343
380
57549
344
381
345
382
346
383
347
384
348
385
349
386
350
387
351
388
352
389
353
390
354
391
355
392
356
393
357
394
358
395
359
396
360
397
361
398
362
399
363
400
364
401
365
402
366
403
367
404
368
405
369
406
370
407
371
408
372
409
373
410
374
411
375
412
376
413
377
414
378
415
379
416
417
381
418
57550
382
419
383
420
384
421
385
422
386
423
387
424
388
425
389
426
390
427
391
428
392
429
393
430
394
431
395
432
396
433
397
434
398
435
399
436
400
437
401
438
402
439
403
440
404
441
405
442
406
443
407
444
408
445
409
446
410
447
411
448
412
449
413
450
414
451
415
452
416
453
417
454
455
419
456
57551
420
457
421
458
422
459
423
460
424
461
425
462
426
463
427
464
428
465
429
466
430
467
431
468
432
469
433
470
434
471
435
472
436
473
437
474
438
475
439
476
440
477
441
478
442
479
443
480
444
481
445
482
446
483
447
484
448
485
449
486
450
487
451
488
452
489
453
490
454
491
455
492
493
457
494
57552
458
495
459
496
460
497
461
498
462
499
463
500
464
501
465
502
466
503
467
504
468
505
469
506
470
507
471
508
472
509
473
510
474
511
475
512
476
513
477
514
478
515
479
516
480
517
481
518
482
519
483
520
484
521
485
522
486
523
487
524
488
525
489
526
490
527
491
528
492
529
493
530
531
495
532
57553
496
533
497
534
498
535
499
536
500
537
501
538
502
539
503
540
504
541
505
542
506
543
507
544
508
545
509
546
510
547
511
548
512
549
513
550
514
551
515
552
516
553
517
554
518
555
519
556
520
557
521
558
522
559
523
560
524
561
525
562
526
563
527
564
528
565
529
566
530
567
531
568
569
533
570
57554
534
571
535
572
536
573
537
574
538
575
539
576
540
577
541
578
542
579
543
580
544
581
545
582
546
583
547
584
548
585
549
586
550
587
551
588
552
589
553
590
554
591
555
592
556
593
557
594
558
595
559
596
560
597
561
598
562
599
563
600
564
601
565
602
566
603
567
604
568
605
569
606
607
571
608
57555
572
609
573
610
574
611
575
612
576
613
577
614
578
615
579
616
580
617
581
618
582
619
583
620
584
621
585
622
586
623
587
624
588
625
589
626
590
627
591
628
592
629
593
630
594
631
595
632
596
633
597
634
598
635
599
636
600
637
601
638
602
639
603
640
604
641
605
642
606
643
607
644
645
609
646
57556
610
647
611
648
612
649
613
650
614
651
615
652
616
653
617
654
618
655
619
656
620
657
621
658
622
659
623
660
624
661
625
662
626
663
627
664
628
665
629
666
630
667
631
668
632
669
633
670
634
671
635
672
636
673
637
674
638
675
639
676
640
677
641
678
642
679
643
680
644
681
645
682
683
647
684
57557
648
685
649
686
650
687
651
688
652
689
653
690
654
691
655
692
656
693
657
694
658
695
659
696
660
697
661
698
662
699
663
700
664
701
665
702
666
703
667
704
668
705
669
706
670
707
671
708
672
709
673
710
674
711
675
712
676
713
677
714
678
715
679
716
680
717
681
718
682
719
683
720
721
685
722
57558
686
723
687
724
688
725
689
726
690
727
691
728
692
729
693
730
694
731
695
732
696
733
697
734
698
735
699
736
700
737
701
738
702
739
703
740
704
741
705
742
706
743
707
744
708
745
709
746
710
747
711
748
712
749
713
750
714
751
715
752
716
753
717
754
718
755
719
756
720
757
721
758
759
723
760
57559
724
761
725
762
726
763
727
764
728
765
729
766
730
767
731
768
732
769
733
770
734
771
735
772
736
773
737
774
738
775
739
776
740
777
741
778
742
779
743
780
744
781
745
782
746
783
747
784
748
785
749
786
750
787
751
788
752
789
753
790
754
791
755
792
756
793
757
794
758
795
759
796
797
761
798
57560
762
799
763
800
764
801
765
802
766
803
767
804
768
805
769
806
770
807
771
808
772
809
773
810
774
811
775
812
776
813
777
814
778
815
779
816
780
817
781
818
782
819
783
820
784
821
785
822
786
823
787
824
788
825
789
826
790
827
791
828
792
829
793
830
794
831
795
832
796
833
797
834
835
799
836
57561
800
837
801
838
802
839
803
840
804
841
805
842
806
843
807
844
808
845
809
846
810
847
811
848
812
849
813
850
814
851
815
852
816
853
817
854
818
855
819
856
820
857
821
858
822
859
823
860
824
861
825
862
826
863
827
864
828
865
829
866
830
867
831
868
832
869
833
870
834
871
835
872
873
837
874
57562
838
875
839
876
840
877
841
878
842
879
843
880
844
881
845
882
846
883
847
884
848
885
849
886
850
887
851
888
852
889
853
890
854
891
855
892
856
893
857
894
858
895
859
896
860
897
861
898
862
899
863
900
864
901
865
902
866
903
867
904
868
905
869
906
870
907
871
908
872
909
873
910
911
875
912
57563
876
913
877
914
878
915
879
916
880
917
881
918
882
919
883
920
884
921
885
922
886
923
887
924
888
925
889
926
890
927
891
928
892
929
893
930
894
931
895
932
896
933
897
934
898
935
899
936
900
937
901
938
902
939
903
940
904
941
905
942
906
943
907
944
908
945
909
946
910
947
911
948
949
913
950
57564
914
951
915
952
916
953
917
954
918
955
919
956
920
957
921
958
922
959
923
960
924
961
925
962
926
963
927
964
928
965
929
966
930
967
931
968
932
969
933
970
934
971
935
972
936
973
937
974
938
975
939
976
940
977
941
978
942
979
943
980
944
981
945
982
946
983
947
984
948
985
949
986
987
951
988
57565
952
989
953
990
954
991
955
992
956
993
957
994
958
995
959
996
960
997
961
998
962
999
963
1000
964
1001
965
1002
966
1003
967
1004
968
1005
969
1006
970
1007
971
1008
972
1009
973
1010
974
1011
975
1012
976
1013
977
1014
978
1015
979
1016
980
1017
981
1018
982
1019
983
1020
984
1021
985
1022
986
1023
987
1024
1025
989
1026
57566
990
1027
991
1028
992
1029
993
1030
994
1031
995
1032
996
1033
997
1034
998
1035
999
1036
1000
1037
1001
1038
1002
1039
1003
1040
1004
1041
1005
1042
1006
1043
1007
1044
1008
1045
1009
1046
1010
1047
1011
1048
1012
1049
1013
1050
1014
1051
1015
1052
1016
1053
1017
1054
1018
1055
1019
1056
1020
1057
1021
1058
1022
1059
1023
1060
1024
1061
1025
1062
1063
1027
1064
57567
1028
1065
1029
1066
1030
1067
1031
1068
1032
1069
1033
1070
1034
1071
1035
1072
1036
1073
1037
1074
1038
1075
1039
1076
1040
1077
1041
1078
1042
1079
1043
1080
1044
1081
1045
1082
1046
1083
1047
1084
1048
1085
1049
1086
1050
1087
1051
1088
1052
1089
1053
1090
1054
1091
1055
1092
1056
1093
1057
1094
1058
1095
1059
1096
1060
1097
1061
1098
1062
1099
1063
1100
1101
1065
1102
57568
1066
1103
1067
1104
1068
1105
1069
1106
1070
1107
1071
1108
1072
1109
1073
1110
1074
1111
1075
1112
1076
1113
1077
1114
1078
1115
1079
1116
1080
1117
1081
1118
1082
1119
1083
1120
1084
1121
1085
1122
1086
1123
1087
1124
1088
1125
1089
1126
1090
1127
1091
1128
1092
1129
1093
1130
1094
1131
1095
1132
1096
1133
1097
1134
1098
1135
1099
1136
1100
1137
1101
1138
1139
1103
1140
57569
1104
1141
1105
1142
1106
1143
1107
1144
1108
1145
1109
1146
1110
1147
1111
1148
1112
1149
1113
1150
1114
1151
1115
1152
1116
1153
1117
1154
1118
1155
1119
1156
1120
1157
1121
1158
1122
1159
1123
1160
1124
1161
1125
1162
1126
1163
1127
1164
1128
1165
1129
1166
1130
1167
1131
1168
1132
1169
1133
1170
1134
1171
1135
1172
1136
1173
1137
1174
1138
1175
1139
1176
1177
1141
1178
57570
1142
1179
1143
1180
1144
1181
1145
1182
1146
1183
1147
1184
1148
1185
1149
1186
1150
1187
1151
1188
1152
1189
1153
1190
1154
1191
1155
1192
1156
1193
1157
1194
1158
1195
1159
1196
1160
1197
1161
1198
1162
1199
1163
1200
1164
1201
1165
1202
1166
1203
1167
1204
1168
1205
1169
1206
1170
1207
1171
1208
1172
1209
1173
1210
1174
1211
1175
1212
1176
1213
1177
1214
1215
1179
1216
57571
1180
1217
1181
1218
1182
1219
1183
1220
1184
1221
1185
1222
1186
1223
1187
1224
1188
1225
1189
1226
1190
1227
1191
1228
1192
1229
1193
1230
1194
1231
1195
1232
1196
1233
1197
1234
1198
1235
1199
1236
1200
1237
1201
1238
1202
1239
1203
1240
1204
1241
1205
1242
1206
1243
1207
1244
1208
1245
1209
1246
1210
1247
1211
1248
1212
1249
1213
1250
1214
1251
1215
1252
1253
1217
1254
57572
1218
1255
1219
1256
1220
1257
1221
1258
1222
1259
1223
1260
1224
1261
1225
1262
1226
1263
1227
1264
1228
1265
1229
1266
1230
1267
1231
1268
1232
1269
1233
1270
1234
1271
1235
1272
1236
1273
1237
1274
1238
1275
1239
1276
1240
1277
1241
1278
1242
1279
1243
1280
1244
1281
1245
1282
1246
1283
1247
1284
1248
1285
1249
1286
1250
1287
1251
1288
1252
1289
1253
1290
1291
1255
1292
57573
1256
1293
1257
1294
1258
1295
1259
1296
1260
1297
1261
1298
1262
1299
1263
1300
1264
1301
1265
1302
1266
1303
1267
1304
1268
1305
1269
1306
1270
1307
1271
1308
1272
1309
1273
1310
1274
1311
1275
1312
1276
1313
1277
1314
1278
1315
1279
1316
1280
1317
1281
1318
1282
1319
1283
1320
1284
1321
1285
1322
1286
1323
1287
1324
1288
1325
1289
1326
1290
1327
1291
1328
1329
1293
1330
57574
1294
1331
1295
1332
1296
1333
1297
1334
1298
1335
1299
1336
1300
1337
1301
1338
1302
1339
1303
1340
1304
1341
1305
1342
1306
1343
1307
1344
1308
1345
1309
1346
1310
1347
1311
1348
1312
1349
1313
1350
1314
1351
1315
1352
1316
1353
1317
1354
1318
1355
1319
1356
1320
1357
1321
1358
1322
1359
1323
1360
1324
1361
1325
1362
1326
1363
1327
1364
1328
1365
1329
1366
1367
1331
1368
57575
1332
1369
1333
1370
1334
1371
1335
1372
1336
1373
1337
1374
1338
1375
1339
1376
1340
1377
1341
1378
1342
1379
1343
1380
1344
1381
1345
1382
1346
1383
1347
1384
1348
1385
1349
1386
1350
1387
1351
1388
1352
1389
1353
1390
1354
1391
1355
1392
1356
1393
1357
1394
1358
1395
1359
1396
1360
1397
1361
1398
1362
1399
1363
1400
1364
1401
1365
1402
1366
1403
1367
1404
1405
1369
1406
57576
1370
1407
1371
1408
1372
1409
1373
1410
1374
1411
1375
1412
1376
1413
1377
1414
1378
1415
1379
1416
1380
1417
1381
1418
1382
1419
1383
1420
1384
1421
1385
1422
1386
1423
1387
1424
1388
1425
1389
1426
1390
1427
1391
1428
1392
1429
1393
1430
1394
1431
1395
1432
1396
1433
1397
1434
1398
1435
1399
1436
1400
1437
1401
1438
1402
1439
1403
1440
1404
1441
1405
1442
1443
1407
1444
57577
1408
1445
1409
1446
1410
1447
1411
1448
1412
1449
1413
1450
1414
1451
1415
1452
1416
1453
1417
1454
1418
1455
1419
1456
1420
1457
1421
1458
1422
1459
1423
1460
1424
1461
1425
1462
1426
1463
1427
1464
1428
1465
1429
1466
1430
1467
1431
1468
1432
1469
1433
1470
1434
1471
1435
1472
1436
1473
1437
1474
1438
1475
1439
1476
1440
1477
1441
1478
1442
1479
1443
1480
1481
1445
1482
57578
1446
1483
1447
1484
1448
1485
1449
1486
1450
1487
1451
1488
1452
1489
1453
1490
1454
1491
1455
1492
1456
1493
1457
1494
1458
1495
1459
1496
1460
1497
1461
1498
1462
1499
1463
1500
1464
1501
1465
1502
1466
1503
1467
1504
1468
1505
1469
1506
1470
1507
1471
1508
1472
1509
1473
1510
1474
1511
1475
1512
1476
1513
1477
1514
1478
1515
1479
1516
1480
1517
1481
1518
1519
1483
1520
57579
1484
1521
1485
1522
1486
1523
1487
1524
1488
1525
1489
1526
1490
1527
1491
1528
1492
1529
1493
1530
1494
1531
1495
1532
1496
1533
1497
1534
1498
1535
1499
1536
1500
1537
1501
1538
1502
1539
1503
1540
1504
1541
1505
1542
1506
1543
1507
1544
1508
1545
1509
1546
1510
1547
1511
1548
1512
1549
1513
1550
1514
1551
1515
1552
1516
1553
1517
1554
1518
1555
1519
1556
1557
1521
1558
57580
1522
1559
1523
1560
1524
1561
1525
1562
1526
1563
1527
1564
1528
1565
1529
1566
1530
1567
1531
1568
1532
1569
1533
1570
1534
1571
1535
1572
1536
1573
1537
1574
1538
1575
1539
1576
1540
1577
1541
1578
1542
1579
1543
1580
1544
1581
1545
1582
1546
1583
1547
1584
1548
1585
1549
1586
1550
1587
1551
1588
1552
1589
1553
1590
1554
1591
1555
1592
1556
1593
1557
1594
1595
1559
1596
57581
1560
1597
1561
1598
1562
1599
1563
1600
1564
1601
1565
1602
1566
1603
1567
1604
1568
1605
1569
1606
1570
1607
1571
1608
1572
1609
1573
1610
1574
1611
1575
1612
1576
1613
1577
1614
1578
1615
1579
1616
1580
1617
1581
1618
1582
1619
1583
1620
1584
1621
1585
1622
1586
1623
1587
1624
1588
1625
1589
1626
1590
1627
1591
1628
1592
1629
1593
1630
1594
1631
1595
1632
1633
1597
1634
57582
1598
1635
1599
1636
1600
1637
1601
1638
1602
1639
1603
1640
1604
1641
1605
1642
1606
1643
1607
1644
1608
1645
1609
1646
1610
1647
1611
1648
1612
1649
1613
1650
1614
1651
1615
1652
1616
1653
1617
1654
1618
1655
1619
1656
1620
1657
1621
1658
1622
1659
1623
1660
1624
1661
1625
1662
1626
1663
1627
1664
1628
1665
1629
1666
1630
1667
1631
1668
1632
1669
1633
1670
1671
1635
1672
57583
1636
1673
1637
1674
1638
1675
1639
1676
1640
1677
1641
1678
1642
1679
1643
1680
1644
1681
1645
1682
1646
1683
1647
1684
1648
1685
1649
1686
1650
1687
1651
1688
1652
1689
1653
1690
1654
1691
1655
1692
1656
1693
1657
1694
1658
1695
1659
1696
1660
1697
1661
1698
1662
1699
1663
1700
1664
1701
1665
1702
1666
1703
1667
1704
1668
1705
1669
1706
1670
1707
1671
1708
1709
1673
1710
57584
1674
1711
1675
1712
1676
1713
1677
1714
1678
1715
1679
1716
1680
1717
1681
1718
1682
1719
1683
1720
1684
1721
1685
1722
1686
1723
1687
1724
1688
1725
1689
1726
1690
1727
1691
1728
1692
1729
1693
1730
1694
1731
1695
1732
1696
1733
1697
1734
1698
1735
1699
1736
1700
1737
1701
1738
1702
1739
1703
1740
1704
1741
1705
1742
1706
1743
1707
1744
1708
1745
1709
1746
1747
1711
1748
57585
1712
1749
1713
1750
1714
1751
1715
1752
1716
1753
1717
1754
1718
1755
1719
1756
1720
1757
1721
1758
1722
1759
1723
1760
1724
1761
1725
1762
1726
1763
1727
1764
1728
1765
1729
1766
1730
1767
1731
1768
1732
1769
1733
1770
1734
1771
1735
1772
1736
1773
1737
1774
1738
1775
1739
1776
1740
1777
1741
1778
1742
1779
1743
1780
1744
1781
1745
1782
1746
1783
1747
1784
1785
1749
1786
57586
1750
1787
1751
1788
1752
1789
1753
1790
1754
1791
1755
1792
1756
1793
1757
1794
1758
1795
1759
1796
1760
1797
1761
1798
1762
1799
1763
1800
1764
1801
1765
1802
1766
1803
1767
1804
1768
1805
1769
1806
1770
1807
1771
1808
1772
1809
1773
1810
1774
1811
1775
1812
1776
1813
1777
1814
1778
1815
1779
1816
1780
1817
1781
1818
1782
1819
1783
1820
1784
1821
1785
1822
1823
1787
1824
57587
1788
1825
1789
1826
1790
1827
1791
1828
1792
1829
1793
1830
1794
1831
1795
1832
1796
1833
1797
1834
1798
1835
1799
1836
1800
1837
1801
1838
1802
1839
1803
1840
1804
1841
1805
1842
1806
1843
1807
1844
1808
1845
1809
1846
1810
1847
1811
1848
1812
1849
1813
1850
1814
1851
1815
1852
1816
1853
1817
1854
1818
1855
1819
1856
1820
1857
1821
1858
1822
1859
1823
1860
1861
1825
1862
57588
1826
1863
1827
1864
1828
1865
1829
1866
1830
1867
1831
1868
1832
1869
1833
1870
1834
1871
1835
1872
1836
1873
1837
1874
1838
1875
1839
1876
1840
1877
1841
1878
1842
1879
1843
1880
1844
1881
1845
1882
1846
1883
1847
1884
1848
1885
1849
1886
1850
1887
1851
1888
1852
1889
1853
1890
1854
1891
1855
1892
1856
1893
1857
1894
1858
1895
1859
1896
1860
1897
1861
1898
1899
1863
1900
57589
1864
1901
1865
1902
1866
1903
1867
1904
1868
1905
1869
1906
1870
1907
1871
1908
1872
1909
1873
1910
1874
1911
1875
1912
1876
1913
1877
1914
1878
1915
1879
1916
1880
1917
1881
1918
1882
1919
1883
1920
1884
1921
1885
1922
1886
1923
1887
1924
1888
1925
1889
1926
1890
1927
1891
1928
1892
1929
1893
1930
1894
1931
1895
1932
1896
1933
1897
1934
1898
1935
1899
1936
1937
1901
1938
57590
1902
1939
1903
1940
1904
1941
1905
1942
1906
1943
1907
1944
1908
1945
1909
1946
1910
1947
1911
1948
1912
1949
1913
1950
1914
1951
1915
1952
1916
1953
1917
1954
1918
1955
1919
1956
1920
1957
1921
1958
1922
1959
1923
1960
1924
1961
1925
1962
1926
1963
1927
1964
1928
1965
1929
1966
1930
1967
1931
1968
1932
1969
1933
1970
1934
1971
1935
1972
1936
1973
1937
1974
1975
1939
1976
57591
1940
1977
1941
1978
1942
1979
1943
1980
1944
1981
1945
1982
1946
1983
1947
1984
1948
1985
1949
1986
1950
1987
1951
1988
1952
1989
1953
1990
1954
1991
1955
1992
1956
1993
1957
1994
1958
1995
1959
1996
1960
1997
1961
1998
1962
1999
1963
2000
1964
2001
1965
2002
1966
2003
1967
2004
1968
2005
1969
2006
1970
2007
1971
2008
1972
2009
1973
2010
1974
2011
1975
2012
2013
1977
2014
57592
1978
2015
1979
2016
1980
2017
1981
2018
1982
2019
1983
2020
1984
2021
1985
2022
1986
2023
1987
2024
1988
2025
1989
2026
1990
2027
1991
2028
1992
2029
1993
2030
1994
2031
1995
2032
1996
2033
1997
2034
1998
2035
1999
2036
2000
2037
2001
2038
2002
2039
2003
2040
2004
2041
2005
2042
2006
2043
2007
2044
2008
2045
2009
2046
2010
2047
2011
2048
2012
2049
2013
2050
2051
2015
2052
57593
2016
2053
2017
2054
2018
2055
2019
2056
2020
2057
2021
2058
2022
2059
2023
2060
2024
2061
2025
2062
2026
2063
2027
2064
2028
2065
2029
2066
2030
2067
2031
2068
2032
2069
2033
2070
2034
2071
2035
2072
2036
2073
2037
2074
2038
2075
2039
2076
2040
2077
2041
2078
2042
2079
2043
2080
2044
2081
2045
2082
2046
2083
2047
2084
2048
2085
2049
2086
2050
2087
2051
2088
2089
2053
2090
57594
2054
2091
2055
2092
2056
2093
2057
2094
2058
2095
2059
2096
2060
2097
2061
2098
2062
2099
2063
2100
2064
2101
2065
2102
2066
2103
2067
2104
2068
2105
2069
2106
2070
2107
2071
2108
2072
2109
2073
2110
2074
2111
2075
2112
2076
2113
2077
2114
2078
2115
2079
2116
2080
2117
2081
2118
2082
2119
2083
2120
2084
2121
2085
2122
2086
2123
2087
2124
2088
2125
2089
2126
2127
2091
2128
57595
2092
2129
2093
2130
2094
2131
2095
2132
2096
2133
2097
2134
2098
2135
2099
2136
2100
2137
2101
2138
2102
2139
2103
2140
2104
2141
2105
2142
2106
2143
2107
2144
2108
2145
2109
2146
2110
2147
2111
2148
2112
2149
2113
2150
2114
2151
2115
2152
2116
2153
2117
2154
2118
2155
2119
2156
2120
2157
2121
2158
2122
2159
2123
2160
2124
2161
2125
2162
2126
2163
2127
2164
2165
2129
2166
57596
2130
2167
2131
2168
2132
2169
2133
2170
2134
2171
2135
2172
2136
2173
2137
2174
2138
2175
2139
2176
2140
2177
2141
2178
2142
2179
2143
2180
2144
2181
2145
2182
2146
2183
2147
2184
2148
2185
2149
2186
2150
2187
2151
2188
2152
2189
2153
2190
2154
2191
2155
2192
2156
2193
2157
2194
2158
2195
2159
2196
2160
2197
2161
2198
2162
2199
2163
2200
2164
2201
2165
2202
2203
2167
2204
57597
2168
2205
2169
2206
2170
2207
2171
2208
2172
2209
2173
2210
2174
2211
2175
2212
2176
2213
2177
2214
2178
2215
2179
2216
2180
2217
2181
2218
2182
2219
2183
2220
2184
2221
2185
2222
2186
2223
2187
2224
2188
2225
2189
2226
2190
2227
2191
2228
2192
2229
2193
2230
2194
2231
2195
2232
2196
2233
2197
2234
2198
2235
2199
2236
2200
2237
2201
2238
2202
2239
2203
2240
2241
2205
2242
57598
2206
2243
2207
2244
2208
2245
2209
2246
2210
2247
2211
2248
2212
2249
2213
2250
2214
2251
2215
2252
2216
2253
2217
2254
2218
2255
2219
2256
2220
2257
2221
2258
2222
2259
2223
2260
2224
2261
2225
2262
2226
2263
2227
2264
2228
2265
2229
2266
2230
2267
2231
2268
2232
2269
2233
2270
2234
2271
2235
2272
2236
2273
2237
2274
2238
2275
2239
2276
2240
2277
2241
2278
2279
2243
2280
57599
2244
2281
2245
2282
2246
2283
2247
2284
2248
2285
2249
2286
2250
2287
2251
2288
2252
2289
2253
2290
2254
2291
2255
2292
2256
2293
2257
2294
2258
2295
2259
2296
2260
2297
2261
2298
2262
2299
2263
2300
2264
2301
2265
2302
2266
2303
2267
2304
2268
2305
2269
2306
2270
2307
2271
2308
2272
2309
2273
2310
2274
2311
2275
2312
2276
2313
2277
2314
2278
2315
2279
2316
2317
2281
2318
57600
2282
2319
2283
2320
2284
2321
2285
2322
2286
2323
2287
2324
2288
2325
2289
2326
2290
2327
2291
2328
2292
2329
2293
2330
2294
2331
2295
2332
2296
2333
2297
2334
2298
2335
2299
2336
2300
2337
2301
2338
2302
2339
2303
2340
2304
2341
2305
2342
2306
2343
2307
2344
2308
2345
2309
2346
2310
2347
2311
2348
2312
2349
2313
2350
2314
2351
2315
2352
2316
2353
2317
2354
2355
2319
2356
57601
2320
2357
2321
2358
2322
2359
2323
2360
2324
2361
2325
2362
2326
2363
2327
2364
2328
2365
2329
2366
2330
2367
2331
2368
2332
2369
2333
2370
2334
2371
2335
2372
2336
2373
2337
2374
2338
2375
2339
2376
2340
2377
2341
2378
2342
2379
2343
2380
2344
2381
2345
2382
2346
2383
2347
2384
2348
2385
2349
2386
2350
2387
2351
2388
2352
2389
2353
2390
2354
2391
2355
2392
2393
2357
2394
57602
2358
2395
2359
2396
2360
2397
2361
2398
2362
2399
2363
2400
2364
2401
2365
2402
2366
2403
2367
2404
2368
2405
2369
2406
2370
2407
2371
2408
2372
2409
2373
2410
2374
2411
2375
2412
2376
2413
2377
2414
2378
2415
2379
2416
2380
2417
2381
2418
2382
2419
2383
2420
2384
2421
2385
2422
2386
2423
2387
2424
2388
2425
2389
2426
2390
2427
2391
2428
2392
2429
2393
2430
2431
2395
2432
57603
2396
2433
2397
2434
2398
2435
2399
2436
2400
2437
2401
2438
2402
2439
2403
2440
2404
2441
2405
2442
2406
2443
2407
2444
2408
2445
2409
2446
2410
2447
2411
2448
2412
2449
2413
2450
2414
2451
2415
2452
2416
2453
2417
2454
2418
2455
2419
2456
2420
2457
2421
2458
2422
2459
2423
2460
2424
2461
2425
2462
2426
2463
2427
2464
2428
2465
2429
2466
2430
2467
2431
2468
2469
2433
2470
57604
2434
2471
2435
2472
2436
2473
2437
2474
2438
2475
2439
2476
2440
2477
2441
2478
2442
2479
2443
2480
2444
2481
2445
2482
2446
2483
2447
2484
2448
2485
2449
2486
2450
2487
2451
2488
2452
2489
2453
2490
2454
2491
2455
2492
2456
2493
2457
2494
2458
2495
2459
2496
2460
2497
2461
2498
2462
2499
2463
2500
2464
2501
2465
2502
2466
2503
2467
2504
2468
2505
2469
2506
2507
2471
2508
57605
2472
2509
2473
2510
2474
2511
2475
2512
2476
2513
2477
2514
2478
2515
2479
2516
2480
2517
2481
2518
2482
2519
2483
2520
2484
2521
2485
2522
2486
2523
2487
2524
2488
2525
2489
2526
2490
2527
2491
2528
2492
2529
2493
2530
2494
2531
2495
2532
2496
2533
2497
2534
2498
2535
2499
2536
2500
2537
2501
2538
2502
2539
2503
2540
2504
2541
2505
2542
2506
2543
2507
2544
2545
2509
2546
57606
2510
2547
2511
2548
2512
2549
2513
2550
2514
2551
2515
2552
2516
2553
2517
2554
2518
2555
2519
2556
2520
2557
2521
2558
2522
2559
2523
2560
2524
2561
2525
2562
2526
2563
2527
2564
2528
2565
2529
2566
2530
2567
2531
2568
2532
2569
2533
2570
2534
2571
2535
2572
2536
2573
2537
2574
2538
2575
2539
2576
2540
2577
2541
2578
2542
2579
2543
2580
2544
2581
2545
2582
2583
2547
2584
57607
2548
2585
2549
2586
2550
2587
2551
2588
2552
2589
2553
2590
2554
2591
2555
2592
2556
2593
2557
2594
2558
2595
2559
2596
2560
2597
2561
2598
2562
2599
2563
2600
2564
2601
2565
2602
2566
2603
2567
2604
2568
2605
2569
2606
2570
2607
2571
2608
2572
2609
2573
2610
2574
2611
2575
2612
2576
2613
2577
2614
2578
2615
2579
2616
2580
2617
2581
2618
2582
2619
2583
2620
2621
2585
2622
57608
2586
2623
2587
2624
2588
2625
2589
2626
2590
2627
2591
2628
2592
2629
2593
2630
2594
2631
2595
2632
2596
2633
2597
2634
2598
2635
2599
2636
2600
2637
2601
2638
2602
2639
2603
2640
2604
2641
2605
2642
2606
2643
2607
2644
2608
2645
2609
2646
2610
2647
2611
2648
2612
2649
2613
2650
2614
2651
2615
2652
2616
2653
2617
2654
2618
2655
2619
2656
2620
2657
2621
2658
2659
2623
2660
57609
2624
2661
2625
2662
2626
2663
2627
2664
2628
2665
2629
2666
2630
2667
2631
2668
2632
2669
2633
2670
2634
2671
2635
2672
2636
2673
2637
2674
2638
2675
2639
2676
2640
2677
2641
2678
2642
2679
2643
2680
2644
2681
2645
2682
2646
2683
2647
2684
2648
2685
2649
2686
2650
2687
2651
2688
2652
2689
2653
2690
2654
2691
2655
2692
2656
2693
2657
2694
2658
2695
2659
2696
2697
2661
2698
57610
2662
2699
2663
2700
2664
2701
2665
2702
2666
2703
2667
2704
2668
2705
2669
2706
2670
2707
2671
2708
2672
2709
2673
2710
2674
2711
2675
2712
2676
2713
2677
2714
2678
2715
2679
2716
2680
2717
2681
2718
2682
2719
2683
2720
2684
2721
2685
2722
2686
2723
2687
2724
2688
2725
2689
2726
2690
2727
2691
2728
2692
2729
2693
2730
2694
2731
2695
2732
2696
2733
2697
2734
2735
2699
2736
57611
2700
2737
2701
2738
2702
2739
2703
2740
2704
2741
2705
2742
2706
2743
2707
2744
2708
2745
2709
2746
2710
2747
2711
2748
2712
2749
2713
2750
2714
2751
2715
2752
2716
2753
2717
2754
2718
2755
2719
2756
2720
2757
2721
2758
2722
2759
2723
2760
2724
2761
2725
2762
2726
2763
2727
2764
2728
2765
2729
2766
2730
2767
2731
2768
2732
2769
2733
2770
2734
2771
2735
2772
2773
2737
2774
57612
2738
2775
2739
2776
2740
2777
2741
2778
2742
2779
2743
2780
2744
2781
2745
2782
2746
2783
2747
2784
2748
2785
2749
2786
2750
2787
2751
2788
2752
2789
2753
2790
2754
2791
2755
2792
2756
2793
2757
2794
2758
2795
2759
2796
2760
2797
2761
2798
2762
2799
2763
2800
2764
2801
2765
2802
2766
2803
2767
2804
2768
2805
2769
2806
2770
2807
2771
2808
2772
2809
2773
2810
2811
2775
2812
57613
2776
2813
2777
2814
2778
2815
2779
2816
2780
2817
2781
2818
2782
2819
2783
2820
2784
2821
2785
2822
2786
2823
2787
2824
2788
2825
2789
2826
2790
2827
2791
2828
2792
2829
2793
2830
2794
2831
2795
2832
2796
2833
2797
2834
2798
2835
2799
2836
2800
2837
2801
2838
2802
2839
2803
2840
2804
2841
2805
2842
2806
2843
2807
2844
2808
2845
2809
2846
2810
2847
2811
2848
2849
2813
2850
57614
2814
2851
2815
2852
2816
2853
2817
2854
2818
2855
2819
2856
2820
2857
2821
2858
2822
2859
2823
2860
2824
2861
2825
2862
2826
2863
2827
2864
2828
2865
2829
2866
2830
2867
2831
2868
2832
2869
2833
2870
2834
2871
2835
2872
2836
2873
2837
2874
2838
2875
2839
2876
2840
2877
2841
2878
2842
2879
2843
2880
2844
2881
2845
2882
2846
2883
2847
2884
2848
2885
2849
2886
2887
2851
2888
57615
2852
2889
2853
2890
2854
2891
2855
2892
2856
2893
2857
2894
2858
2895
2859
2896
2860
2897
2861
2898
2862
2899
2863
2900
2864
2901
2865
2902
2866
2903
2867
2904
2868
2905
2869
2906
2870
2907
2871
2908
2872
2909
2873
2910
2874
2911
2875
2912
2876
2913
2877
2914
2878
2915
2879
2916
2880
2917
2881
2918
2882
2919
2883
2920
2884
2921
2885
2922
2886
2923
2887
2924
2925
2889
2926
57616
2890
2927
2891
2928
2892
2929
2893
2930
2894
2931
2895
2932
2896
2933
2897
2934
2898
2935
2899
2936
2900
2937
2901
2938
2902
2939
2903
2940
2904
2941
2905
2942
2906
2943
2907
2944
2908
2945
2909
2946
2910
2947
2911
2948
2912
2949
2913
2950
2914
2951
2915
2952
2916
2953
2917
2954
2918
2955
2919
2956
2920
2957
2921
2958
2922
2959
2923
2960
2924
2961
2925
2962
2963
2927
2964
57617
2928
2965
2929
2966
2930
2967
2931
2968
2932
2969
2933
2970
2934
2971
2935
2972
2936
2973
2937
2974
2938
2975
2939
2976
2940
2977
2941
2978
2942
2979
2943
2980
2944
2981
2945
2982
2946
2983
2947
2984
2948
2985
2949
2986
2950
2987
2951
2988
2952
2989
2953
2990
2954
2991
2955
2992
2956
2993
2957
2994
2958
2995
2959
2996
2960
2997
2961
2998
2962
2999
2963
3000
3001
2965
3002
57618
2966
3003
2967
3004
2968
3005
2969
3006
2970
3007
2971
3008
2972
3009
2973
3010
2974
3011
2975
3012
2976
3013
2977
3014
2978
3015
2979
3016
2980
3017
2981
3018
2982
3019
2983
3020
2984
3021
2985
3022
2986
3023
2987
3024
2988
3025
2989
3026
2990
3027
2991
3028
2992
3029
2993
3030
2994
3031
2995
3032
2996
3033
2997
3034
2998
3035
2999
3036
3000
3037
3001
3038
3039
3003
3040
57619
3004
3041
3005
3042
3006
3043
3007
3044
3008
3045
3009
3046
3010
3047
3011
3048
3012
3049
3013
3050
3014
3051
3015
3052
3016
3053
3017
3054
3018
3055
3019
3056
3020
3057
3021
3058
3022
3059
3023
3060
3024
3061
3025
3062
3026
3063
3027
3064
3028
3065
3029
3066
3030
3067
3031
3068
3032
3069
3033
3070
3034
3071
3035
3072
3036
3073
3037
3074
3038
3075
3039
3076
3077
3041
3078
57620
3042
3079
3043
3080
3044
3081
3045
3082
3046
3083
3047
3084
3048
3085
3049
3086
3050
3087
3051
3088
3052
3089
3053
3090
3054
3091
3055
3092
3056
3093
3057
3094
3058
3095
3059
3096
3060
3097
3061
3098
3062
3099
3063
3100
3064
3101
3065
3102
3066
3103
3067
3104
3068
3105
3069
3106
3070
3107
3071
3108
3072
3109
3073
3110
3074
3111
3075
3112
3076
3113
3077
3114
3115
3079
3116
57621
3080
3117
3081
3118
3082
3119
3083
3120
3084
3121
3085
3122
3086
3123
3087
3124
3088
3125
3089
3126
3090
3127
3091
3128
3092
3129
3093
3130
3094
3131
3095
3132
3096
3133
3097
3134
3098
3135
3099
3136
3100
3137
3101
3138
3102
3139
3103
3140
3104
3141
3105
3142
3106
3143
3107
3144
3108
3145
3109
3146
3110
3147
3111
3148
3112
3149
3113
3150
3114
3151
3115
3152
3153
3117
3154
57622
3118
3155
3119
3156
3120
3157
3121
3158
3122
3159
3123
3160
3124
3161
3125
3162
3126
3163
3127
3164
3128
3165
3129
3166
3130
3167
3131
3168
3132
3169
3133
3170
3134
3171
3135
3172
3136
3173
3137
3174
3138
3175
3139
3176
3140
3177
3141
3178
3142
3179
3143
3180
3144
3181
3145
3182
3146
3183
3147
3184
3148
3185
3149
3186
3150
3187
3151
3188
3152
3189
3153
3190
3191
3155
3192
57623
3156
3193
3157
3194
3158
3195
3159
3196
3160
3197
3161
3198
3162
3199
3163
3200
3164
3201
3165
3202
3166
3203
3167
3204
3168
3205
3169
3206
3170
3207
3171
3208
3172
3209
3173
3210
3174
3211
3175
3212
3176
3213
3177
3214
3178
3215
3179
3216
3180
3217
3181
3218
3182
3219
3183
3220
3184
3221
3185
3222
3186
3223
3187
3224
3188
3225
3189
3226
3190
3227
3191
3228
3229
3193
3230
57624
3194
3231
3195
3232
3196
3233
3197
3234
3198
3235
3199
3236
3200
3237
3201
3238
3202
3239
3203
3240
3204
3241
3205
3242
3206
3243
3207
3244
3208
3245
3209
3246
3210
3247
3211
3248
3212
3249
3213
3250
3214
3251
3215
3252
3216
3253
3217
3254
3218
3255
3219
3256
3220
3257
3221
3258
3222
3259
3223
3260
3224
3261
3225
3262
3226
3263
3227
3264
3228
3265
3229
3266
3267
3231
3268
57625
3232
3269
3233
3270
3234
3271
3235
3272
3236
3273
3237
3274
3238
3275
3239
3276
3240
3277
3241
3278
3242
3279
3243
3280
3244
3281
3245
3282
3246
3283
3247
3284
3248
3285
3249
3286
3250
3287
3251
3288
3252
3289
3253
3290
3254
3291
3255
3292
3256
3293
3257
3294
3258
3295
3259
3296
3260
3297
3261
3298
3262
3299
3263
3300
3264
3301
3265
3302
3266
3303
3267
3304
3305
3269
3306
57626
3270
3307
3271
3308
3272
3309
3273
3310
3274
3311
3275
3312
3276
3313
3277
3314
3278
3315
3279
3316
3280
3317
3281
3318
3282
3319
3283
3320
3284
3321
3285
3322
3286
3323
3287
3324
3288
3325
3289
3326
3290
3327
3291
3328
3292
3329
3293
3330
3294
3331
3295
3332
3296
3333
3297
3334
3298
3335
3299
3336
3300
3337
3301
3338
3302
3339
3303
3340
3304
3341
3305
3342
3343
3307
3344
57627
3308
3345
3309
3346
3310
3347
3311
3348
3312
3349
3313
3350
3314
3351
3315
3352
3316
3353
3317
3354
3318
3355
3319
3356
3320
3357
3321
3358
3322
3359
3323
3360
3324
3361
3325
3362
3326
3363
3327
3364
3328
3365
3329
3366
3330
3367
3331
3368
3332
3369
3333
3370
3334
3371
3335
3372
3336
3373
3337
3374
3338
3375
3339
3376
3340
3377
3341
3378
3342
3379
3343
3380
3381
3345
3382
57628
3346
3383
3347
3384
3348
3385
3349
3386
3350
3387
3351
3388
3352
3389
3353
3390
3354
3391
3355
3392
3356
3393
3357
3394
3358
3395
3359
3396
3360
3397
3361
3398
3362
3399
3363
3400
3364
3401
3365
3402
3366
3403
3367
3404
3368
3405
3369
3406
3370
3407
3371
3408
3372
3409
3373
3410
3374
3411
3375
3412
3376
3413
3377
3414
3378
3415
3379
3416
3380
3417
3381
3418
3419
3383
3420
57629
3384
3421
3385
3422
3386
3423
3387
3424
3388
3425
3389
3426
3390
3427
3391
3428
3392
3429
3393
3430
3394
3431
3395
3432
3396
3433
3397
3434
3398
3435
3399
3436
3400
3437
3401
3438
3402
3439
3403
3440
3404
3441
3405
3442
3406
3443
3407
3444
3408
3445
3409
3446
3410
3447
3411
3448
3412
3449
3413
3450
3414
3451
3415
3452
3416
3453
3417
3454
3418
3455
3419
3456
3457
3421
3458
57630
3422
3459
3423
3460
3424
3461
3425
3462
3426
3463
3427
3464
3428
3465
3429
3466
3430
3467
3431
3468
3432
3469
3433
3470
3434
3471
3435
3472
3436
3473
3437
3474
3438
3475
3439
3476
3440
3477
3441
3478
3442
3479
3443
3480
3444
3481
3445
3482
3446
3483
3447
3484
3448
3485
3449
3486
3450
3487
3451
3488
3452
3489
3453
3490
3454
3491
3455
3492
3456
3493
3457
3494
3495
3459
3496
57631
3460
3497
3461
3498
3462
3499
3463
3500
3464
3501
3465
3502
3466
3503
3467
3504
3468
3505
3469
3506
3470
3507
3471
3508
3472
3509
3473
3510
3474
3511
3475
3512
3476
3513
3477
3514
3478
3515
3479
3516
3480
3517
3481
3518
3482
3519
3483
3520
3484
3521
3485
3522
3486
3523
3487
3524
3488
3525
3489
3526
3490
3527
3491
3528
3492
3529
3493
3530
3494
3531
3495
3532
3533
3497
3534
57632
3498
3535
3499
3536
3500
3537
3501
3538
3502
3539
3503
3540
3504
3541
3505
3542
3506
3543
3507
3544
3508
3545
3509
3546
3510
3547
3511
3548
3512
3549
3513
3550
3514
3551
3515
3552
3516
3553
3517
3554
3518
3555
3519
3556
3520
3557
3521
3558
3522
3559
3523
3560
3524
3561
3525
3562
3526
3563
3527
3564
3528
3565
3529
3566
3530
3567
3531
3568
3532
3569
3533
3570
3571
3535
3572
57633
3536
3573
3537
3574
3538
3575
3539
3576
3540
3577
3541
3578
3542
3579
3543
3580
3544
3581
3545
3582
3546
3583
3547
3584
3548
3585
3549
3586
3550
3587
3551
3588
3552
3589
3553
3590
3554
3591
3555
3592
3556
3593
3557
3594
3558
3595
3559
3596
3560
3597
3561
3598
3562
3599
3563
3600
3564
3601
3565
3602
3566
3603
3567
3604
3568
3605
3569
3606
3570
3607
3571
3608
3609
3573
3610
57634
3574
3611
3575
3612
3576
3613
3577
3614
3578
3615
3579
3616
3580
3617
3581
3618
3582
3619
3583
3620
3584
3621
3585
3622
3586
3623
3587
3624
3588
3625
3589
3626
3590
3627
3591
3628
3592
3629
3593
3630
3594
3631
3595
3632
3596
3633
3597
3634
3598
3635
3599
3636
3600
3637
3601
3638
3602
3639
3603
3640
3604
3641
3605
3642
3606
3643
3607
3644
3608
3645
3609
3646
3647
3611
3648
57635
3612
3649
3613
3650
3614
3651
3615
3652
3616
3653
3617
3654
3618
3655
3619
3656
3620
3657
3621
3658
3622
3659
3623
3660
3624
3661
3625
3662
3626
3663
3627
3664
3628
3665
3629
3666
3630
3667
3631
3668
3632
3669
3633
3670
3634
3671
3635
3672
3636
3673
3637
3674
3638
3675
3639
3676
3640
3677
3641
3678
3642
3679
3643
3680
3644
3681
3645
3682
3646
3683
3647
3684
3685
3649
3686
57636
3650
3687
3651
3688
3652
3689
3653
3690
3654
3691
3655
3692
3656
3693
3657
3694
3658
3695
3659
3696
3660
3697
3661
3698
3662
3699
3663
3700
3664
3701
3665
3702
3666
3703
3667
3704
3668
3705
3669
3706
3670
3707
3671
3708
3672
3709
3673
3710
3674
3711
3675
3712
3676
3713
3677
3714
3678
3715
3679
3716
3680
3717
3681
3718
3682
3719
3683
3720
3684
3721
3685
3722
3723
3687
3724
57637
3688
3725
3689
3726
3690
3727
3691
3728
3692
3729
3693
3730
3694
3731
3695
3732
3696
3733
3697
3734
3698
3735
3699
3736
3700
3737
3701
3738
3702
3739
3703
3740
3704
3741
3705
3742
3706
3743
3707
3744
3708
3745
3709
3746
3710
3747
3711
3748
3712
3749
3713
3750
3714
3751
3715
3752
3716
3753
3717
3754
3718
3755
3719
3756
3720
3757
3721
3758
3722
3759
3723
3760
3761
3725
3762
57638
3726
3763
3727
3764
3728
3765
3729
3766
3730
3767
3731
3768
3732
3769
3733
3770
3734
3771
3735
3772
3736
3773
3737
3774
3738
3775
3739
3776
3740
3777
3741
3778
3742
3779
3743
3780
3744
3781
3745
3782
3746
3783
3747
3784
3748
3785
3749
3786
3750
3787
3751
3788
3752
3789
3753
3790
3754
3791
3755
3792
3756
3793
3757
3794
3758
3795
3759
3796
3760
3797
3761
3798
3799
3763
3800
57639
3764
3801
3765
3802
3766
3803
3767
3804
3768
3805
3769
3806
3770
3807
3771
3808
3772
3809
3773
3810
3774
3811
3775
3812
3776
3813
3777
3814
3778
3815
3779
3816
3780
3817
3781
3818
3782
3819
3783
3820
3784
3821
3785
3822
3786
3823
3787
3824
3788
3825
3789
3826
3790
3827
3791
3828
3792
3829
3793
3830
3794
3831
3795
3832
3796
3833
3797
3834
3798
3835
3799
3836
3837
3801
3838
57640
3802
3839
3803
3840
3804
3841
3805
3842
3806
3843
3807
3844
3808
3845
3809
3846
3810
3847
3811
3848
3812
3849
3813
3850
3814
3851
3815
3852
3816
3853
3817
3854
3818
3855
3819
3856
3820
3857
3821
3858
3822
3859
3823
3860
3824
3861
3825
3862
3826
3863
3827
3864
3828
3865
3829
3866
3830
3867
3831
3868
3832
3869
3833
3870
3834
3871
3835
3872
3836
3873
3837
3874
3875
3839
3876
57641
3840
3877
3841
3878
3842
3879
3843
3880
3844
3881
3845
3882
3846
3883
3847
3884
3848
3885
3849
3886
3850
3887
3851
3888
3852
3889
3853
3890
3854
3891
3855
3892
3856
3893
3857
3894
3858
3895
3859
3896
3860
3897
3861
3898
3862
3899
3863
3900
3864
3901
3865
3902
3866
3903
3867
3904
3868
3905
3869
3906
3870
3907
3871
3908
3872
3909
3873
3910
3874
3911
3875
3912
3913
3877
3914
57642
3878
3915
3879
3916
3880
3917
3881
3918
3882
3919
3883
3920
3884
3921
3885
3922
3886
3923
3887
3924
3888
3925
3889
3926
3890
3927
3891
3928
3892
3929
3893
3930
3894
3931
3895
3932
3896
3933
3897
3934
3898
3935
3899
3936
3900
3937
3901
3938
3902
3939
3903
3940
3904
3941
3905
3942
3906
3943
3907
3944
3908
3945
3909
3946
3910
3947
3911
3948
3912
3949
3913
3950
3951
3915
3952
57643
3916
3953
3917
3954
3918
3955
3919
3956
3920
3957
3921
3958
3922
3959
3923
3960
3924
3961
3925
3962
3926
3963
3927
3964
3928
3965
3929
3966
3930
3967
3931
3968
3932
3969
3933
3970
3934
3971
3935
3972
3936
3973
3937
3974
3938
3975
3939
3976
3940
3977
3941
3978
3942
3979
3943
3980
3944
3981
3945
3982
3946
3983
3947
3984
3948
3985
3949
3986
3950
3987
3951
3988
3989
3953
3990
57644
3954
3991
3955
3992
3956
3993
3957
3994
3958
3995
3959
3996
3960
3997
3961
3998
3962
3999
3963
4000
3964
4001
3965
4002
3966
4003
3967
4004
3968
4005
3969
4006
3970
4007
3971
4008
3972
4009
3973
4010
3974
4011
3975
4012
3976
4013
3977
4014
3978
4015
3979
4016
3980
4017
3981
4018
3982
4019
3983
4020
3984
4021
3985
4022
3986
4023
3987
4024
3988
4025
3989
4026
4027
3991
4028
57645
3992
4029
3993
4030
3994
4031
3995
4032
3996
4033
3997
4034
3998
4035
3999
4036
4000
4037
4001
4038
4002
4039
4003
4040
4004
4041
4005
4042
4006
4043
4007
4044
4008
4045
4009
4046
4010
4047
4011
4048
4012
4049
4013
4050
4014
4051
4015
4052
4016
4053
4017
4054
4018
4055
4019
4056
4020
4057
4021
4058
4022
4059
4023
4060
4024
4061
4025
4062
4026
4063
4027
4064
4065
4029
4066
57646
4030
4067
4031
4068
4032
4069
4033
4070
4034
4071
4035
4072
4036
4073
4037
4074
4038
4075
4039
4076
4040
4077
4041
4078
4042
4079
4043
4080
4044
4081
4045
4082
4046
4083
4047
4084
4048
4085
4049
4086
4050
4087
4051
4088
4052
4089
4053
4090
4054
4091
4055
4092
4056
4093
4057
4094
4058
4095
4059
4096
4060
4097
4061
4098
4062
4099
4063
4100
4064
4101
4065
4102
4103
4067
4104
57647
4068
4105
4069
4106
4070
4107
4071
4108
4072
4109
4073
4110
4074
4111
4075
4112
4076
4113
4077
4114
4078
4115
4079
4116
4080
4117
4081
4118
4082
4119
4083
4120
4084
4121
4085
4122
4086
4123
4087
4124
4088
4125
4089
4126
4090
4127
4091
4128
4092
4129
4093
4130
4094
4131
4095
4132
4096
4133
4097
4134
4098
4135
4099
4136
4100
4137
4101
4138
4102
4139
4103
4140
4141
4105
4142
57648
4106
4143
4107
4144
4108
4145
4109
4146
4110
4147
4111
4148
4112
4149
4113
4150
4114
4151
4115
4152
4116
4153
4117
4154
4118
4155
4119
4156
4120
4157
4121
4158
4122
4159
4123
4160
4124
4161
4125
4162
4126
4163
4127
4164
4128
4165
4129
4166
4130
4167
4131
4168
4132
4169
4133
4170
4134
4171
4135
4172
4136
4173
4137
4174
4138
4175
4139
4176
4140
4177
4141
4178
4179
4143
4180
57649
4144
4181
4145
4182
4146
4183
4147
4184
4148
4185
4149
4186
4150
4187
4151
4188
4152
4189
4153
4190
4154
4191
4155
4192
4156
4193
4157
4194
4158
4195
4159
4196
4160
4197
4161
4198
4162
4199
4163
4200
4164
4201
4165
4202
4166
4203
4167
4204
4168
4205
4169
4206
4170
4207
4171
4208
4172
4209
4173
4210
4174
4211
4175
4212
4176
4213
4177
4214
4178
4215
4179
4216
4217
4181
4218
57650
4182
4219
4183
4220
4184
4221
4185
4222
4186
4223
4187
4224
4188
4225
4189
4226
4190
4227
4191
4228
4192
4229
4193
4230
4194
4231
4195
4232
4196
4233
4197
4234
4198
4235
4199
4236
4200
4237
4201
4238
4202
4239
4203
4240
4204
4241
4205
4242
4206
4243
4207
4244
4208
4245
4209
4246
4210
4247
4211
4248
4212
4249
4213
4250
4214
4251
4215
4252
4216
4253
4217
4254
4255
4219
4256
57651
4220
4257
4221
4258
4222
4259
4223
4260
4224
4261
4225
4262
4226
4263
4227
4264
4228
4265
4229
4266
4230
4267
4231
4268
4232
4269
4233
4270
4234
4271
4235
4272
4236
4273
4237
4274
4238
4275
4239
4276
4240
4277
4241
4278
4242
4279
4243
4280
4244
4281
4245
4282
4246
4283
4247
4284
4248
4285
4249
4286
4250
4287
4251
4288
4252
4289
4253
4290
4254
4291
4255
4292
4293
4257
4294
57652
4258
4295
4259
4296
4260
4297
4261
4298
4262
4299
4263
4300
4264
4301
4265
4302
4266
4303
4267
4304
4268
4305
4269
4306
4270
4307
4271
4308
4272
4309
4273
4310
4274
4311
4275
4312
4276
4313
4277
4314
4278
4315
4279
4316
4280
4317
4281
4318
4282
4319
4283
4320
4284
4321
4285
4322
4286
4323
4287
4324
4288
4325
4289
4326
4290
4327
4291
4328
4292
4329
4293
4330
4331
4295
4332
57653
4296
4333
4297
4334
4298
4335
4299
4336
4300
4337
4301
4338
4302
4339
4303
4340
4304
4341
4305
4342
4306
4343
4307
4344
4308
4345
4309
4346
4310
4347
4311
4348
4312
4349
4313
4350
4314
4351
4315
4352
4316
4353
4317
4354
4318
4355
4319
4356
4320
4357
4321
4358
4322
4359
4323
4360
4324
4361
4325
4362
4326
4363
4327
4364
4328
4365
4329
4366
4330
4367
4331
4368
4369
4333
4370
57654
4334
4371
4335
4372
4336
4373
4337
4374
4338
4375
4339
4376
4340
4377
4341
4378
4342
4379
4343
4380
4344
4381
4345
4382
4346
4383
4347
4384
4348
4385
4349
4386
4350
4387
4351
4388
4352
4389
4353
4390
4354
4391
4355
4392
4356
4393
4357
4394
4358
4395
4359
4396
4360
4397
4361
4398
4362
4399
4363
4400
4364
4401
4365
4402
4366
4403
4367
4404
4368
4405
4369
4406
4407
4371
4408
57655
4372
4409
4373
4410
4374
4411
4375
4412
4376
4413
4377
4414
4378
4415
4379
4416
4380
4417
4381
4418
4382
4419
4383
4420
4384
4421
4385
4422
4386
4423
4387
4424
4388
4425
4389
4426
4390
4427
4391
4428
4392
4429
4393
4430
4394
4431
4395
4432
4396
4433
4397
4434
4398
4435
4399
4436
4400
4437
4401
4438
4402
4439
4403
4440
4404
4441
4405
4442
4406
4443
4407
4444
4445
4409
4446
57656
4410
4447
4411
4448
4412
4449
4413
4450
4414
4451
4415
4452
4416
4453
4417
4454
4418
4455
4419
4456
4420
4457
4421
4458
4422
4459
4423
4460
4424
4461
4425
4462
4426
4463
4427
4464
4428
4465
4429
4466
4430
4467
4431
4468
4432
4469
4433
4470
4434
4471
4435
4472
4436
4473
4437
4474
4438
4475
4439
4476
4440
4477
4441
4478
4442
4479
4443
4480
4444
4481
4445
4482
4483
4447
4484
57657
4448
4485
4449
4486
4450
4487
4451
4488
4452
4489
4453
4490
4454
4491
4455
4492
4456
4493
4457
4494
4458
4495
4459
4496
4460
4497
4461
4498
4462
4499
4463
4500
4464
4501
4465
4502
4466
4503
4467
4504
4468
4505
4469
4506
4470
4507
4471
4508
4472
4509
4473
4510
4474
4511
4475
4512
4476
4513
4477
4514
4478
4515
4479
4516
4480
4517
4481
4518
4482
4519
4483
4520
4521
4485
4522
57658
4486
4523
4487
4524
4488
4525
4489
4526
4490
4527
4491
4528
4492
4529
4493
4530
4494
4531
4495
4532
4496
4533
4497
4534
4498
4535
4499
4536
4500
4537
4501
4538
4502
4539
4503
4540
4504
4541
4505
4542
4506
4543
4507
4544
4508
4545
4509
4546
4510
4547
4511
4548
4512
4549
4513
4550
4514
4551
4515
4552
4516
4553
4517
4554
4518
4555
4519
4556
4520
4557
4521
4558
4559
4523
4560
57659
4524
4561
4525
4562
4526
4563
4527
4564
4528
4565
4529
4566
4530
4567
4531
4568
4532
4569
4533
4570
4534
4571
4535
4572
4536
4573
4537
4574
4538
4575
4539
4576
4540
4577
4541
4578
4542
4579
4543
4580
4544
4581
4545
4582
4546
4583
4547
4584
4548
4585
4549
4586
4550
4587
4551
4588
4552
4589
4553
4590
4554
4591
4555
4592
4556
4593
4557
4594
4558
4595
4559
4596
4597
4561
4598
57660
4562
4599
4563
4600
4564
4601
4565
4602
4566
4603
4567
4604
4568
4605
4569
4606
4570
4607
4571
4608
4572
4609
4573
4610
4574
4611
4575
4612
4576
4613
4577
4614
4578
4615
4579
4616
4580
4617
4581
4618
4582
4619
4583
4620
4584
4621
4585
4622
4586
4623
4587
4624
4588
4625
4589
4626
4590
4627
4591
4628
4592
4629
4593
4630
4594
4631
4595
4632
4596
4633
4597
4634
4635
4599
4636
57661
4600
4637
4601
4638
4602
4639
4603
4640
4604
4641
4605
4642
4606
4643
4607
4644
4608
4645
4609
4646
4610
4647
4611
4648
4612
4649
4613
4650
4614
4651
4615
4652
4616
4653
4617
4654
4618
4655
4619
4656
4620
4657
4621
4658
4622
4659
4623
4660
4624
4661
4625
4662
4626
4663
4627
4664
4628
4665
4629
4666
4630
4667
4631
4668
4632
4669
4633
4670
4634
4671
4635
4672
4673
4637
4674
57662
4638
4675
4639
4676
4640
4677
4641
4678
4642
4679
4643
4680
4644
4681
4645
4682
4646
4683
4647
4684
4648
4685
4649
4686
4650
4687
4651
4688
4652
4689
4653
4690
4654
4691
4655
4692
4656
4693
4657
4694
4658
4695
4659
4696
4660
4697
4661
4698
4662
4699
4663
4700
4664
4701
4665
4702
4666
4703
4667
4704
4668
4705
4669
4706
4670
4707
4671
4708
4672
4709
4673
4710
4711
4675
4712
57663
4676
4713
4677
4714
4678
4715
4679
4716
4680
4717
4681
4718
4682
4719
4683
4720
4684
4721
4685
4722
4686
4723
4687
4724
4688
4725
4689
4726
4690
4727
4691
4728
4692
4729
4693
4730
4694
4731
4695
4732
4696
4733
4697
4734
4698
4735
4699
4736
4700
4737
4701
4738
4702
4739
4703
4740
4704
4741
4705
4742
4706
4743
4707
4744
4708
4745
4709
4746
4710
4747
4711
4748
4749
4713
4750
57664
4714
4751
4715
4752
4716
4753
4717
4754
4718
4755
4719
4756
4720
4757
4721
4758
4722
4759
4723
4760
4724
4761
4725
4762
4726
4763
4727
4764
4728
4765
4729
4766
4730
4767
4731
4768
4732
4769
4733
4770
4734
4771
4735
4772
4736
4773
4737
4774
4738
4775
4739
4776
4740
4777
4741
4778
4742
4779
4743
4780
4744
4781
4745
4782
4746
4783
4747
4784
4748
4785
4749
4786
4787
4751
4788
57665
4752
4789
4753
4790
4754
4791
4755
4792
4756
4793
4757
4794
4758
4795
4759
4796
4760
4797
4761
4798
4762
4799
4763
4800
4764
4801
4765
4802
4766
4803
4767
4804
4768
4805
4769
4806
4770
4807
4771
4808
4772
4809
4773
4810
4774
4811
4775
4812
4776
4813
4777
4814
4778
4815
4779
4816
4780
4817
4781
4818
4782
4819
4783
4820
4784
4821
4785
4822
4786
4823
4787
4824
4825
4789
4826
57666
4790
4827
4791
4828
4792
4829
4793
4830
4794
4831
4795
4832
4796
4833
4797
4834
4798
4835
4799
4836
4800
4837
4801
4838
4802
4839
4803
4840
4804
4841
4805
4842
4806
4843
4807
4844
4808
4845
4809
4846
4810
4847
4811
4848
4812
4849
4813
4850
4814
4851
4815
4852
4816
4853
4817
4854
4818
4855
4819
4856
4820
4857
4821
4858
4822
4859
4823
4860
4824
4861
4825
4862
4863
4827
4864
57667
4828
4865
4829
4866
4830
4867
4831
4868
4832
4869
4833
4870
4834
4871
4835
4872
4836
4873
4837
4874
4838
4875
4839
4876
4840
4877
4841
4878
4842
4879
4843
4880
4844
4881
4845
4882
4846
4883
4847
4884
4848
4885
4849
4886
4850
4887
4851
4888
4852
4889
4853
4890
4854
4891
4855
4892
4856
4893
4857
4894
4858
4895
4859
4896
4860
4897
4861
4898
4862
4899
4863
4900
4901
4865
4902
57668
4866
4903
4867
4904
4868
4905
4869
4906
4870
4907
4871
4908
4872
4909
4873
4910
4874
4911
4875
4912
4876
4913
4877
4914
4878
4915
4879
4916
4880
4917
4881
4918
4882
4919
4883
4920
4884
4921
4885
4922
4886
4923
4887
4924
4888
4925
4889
4926
4890
4927
4891
4928
4892
4929
4893
4930
4894
4931
4895
4932
4896
4933
4897
4934
4898
4935
4899
4936
4900
4937
4901
4938
4939
4903
4940
57669
4904
4941
4905
4942
4906
4943
4907
4944
4908
4945
4909
4946
4910
4947
4911
4948
4912
4949
4913
4950
4914
4951
4915
4952
4916
4953
4917
4954
4918
4955
4919
4956
4920
4957
4921
4958
4922
4959
4923
4960
4924
4961
4925
4962
4926
4963
4927
4964
4928
4965
4929
4966
4930
4967
4931
4968
4932
4969
4933
4970
4934
4971
4935
4972
4936
4973
4937
4974
4938
4975
4939
4976
4977
4941
4978
57670
4942
4979
4943
4980
4944
4981
4945
4982
4946
4983
4947
4984
4948
4985
4949
4986
4950
4987
4951
4988
4952
4989
4953
4990
4954
4991
4955
4992
4956
4993
4957
4994
4958
4995
4959
4996
4960
4997
4961
4998
4962
4999
4963
5000
4964
5001
4965
5002
4966
5003
4967
5004
4968
5005
4969
5006
4970
5007
4971
5008
4972
5009
4973
5010
4974
5011
4975
5012
4976
5013
4977
5014
5015
4979
5016
57671
4980
5017
4981
5018
4982
5019
4983
5020
4984
5021
4985
5022
4986
5023
4987
5024
4988
5025
4989
5026
4990
5027
4991
5028
4992
5029
4993
5030
4994
5031
4995
5032
4996
5033
4997
5034
4998
5035
4999
5036
5000
5037
5001
5038
5002
5039
5003
5040
5004
5041
5005
5042
5006
5043
5007
5044
5008
5045
5009
5046
5010
5047
5011
5048
5012
5049
5013
5050
5014
5051
5015
5052
5053
5017
5054
57672
5018
5055
5019
5056
5020
5057
5021
5058
5022
5059
5023
5060
5024
5061
5025
5062
5026
5063
5027
5064
5028
5065
5029
5066
5030
5067
5031
5068
5032
5069
5033
5070
5034
5071
5035
5072
5036
5073
5037
5074
5038
5075
5039
5076
5040
5077
5041
5078
5042
5079
5043
5080
5044
5081
5045
5082
5046
5083
5047
5084
5048
5085
5049
5086
5050
5087
5051
5088
5052
5089
5053
5090
5091
5055
5092
57673
5056
5093
5057
5094
5058
5095
5059
5096
5060
5097
5061
5098
5062
5099
5063
5100
5064
5101
5065
5102
5066
5103
5067
5104
5068
5105
5069
5106
5070
5107
5071
5108
5072
5109
5073
5110
5074
5111
5075
5112
5076
5113
5077
5114
5078
5115
5079
5116
5080
5117
5081
5118
5082
5119
5083
5120
5084
5121
5085
5122
5086
5123
5087
5124
5088
5125
5089
5126
5090
5127
5091
5128
5129
5093
5130
57674
5094
5131
5095
5132
5096
5133
5097
5134
5098
5135
5099
5136
5100
5137
5101
5138
5102
5139
5103
5140
5104
5141
5105
5142
5106
5143
5107
5144
5108
5145
5109
5146
5110
5147
5111
5148
5112
5149
5113
5150
5114
5151
5115
5152
5116
5153
5117
5154
5118
5155
5119
5156
5120
5157
5121
5158
5122
5159
5123
5160
5124
5161
5125
5162
5126
5163
5127
5164
5128
5165
5129
5166
5167
5131
5168
57675
5132
5169
5133
5170
5134
5171
5135
5172
5136
5173
5137
5174
5138
5175
5139
5176
5140
5177
5141
5178
5142
5179
5143
5180
5144
5181
5145
5182
5146
5183
5147
5184
5148
5185
5149
5186
5150
5187
5151
5188
5152
5189
5153
5190
5154
5191
5155
5192
5156
5193
5157
5194
5158
5195
5159
5196
5160
5197
5161
5198
5162
5199
5163
5200
5164
5201
5165
5202
5166
5203
5167
5204
5205
5169
5206
57676
5170
5207
5171
5208
5172
5209
5173
5210
5174
5211
5175
5212
5176
5213
5177
5214
5178
5215
5179
5216
5180
5217
5181
5218
5182
5219
5183
5220
5184
5221
5185
5222
5186
5223
5187
5224
5188
5225
5189
5226
5190
5227
5191
5228
5192
5229
5193
5230
5194
5231
5195
5232
5196
5233
5197
5234
5198
5235
5199
5236
5200
5237
5201
5238
5202
5239
5203
5240
5204
5241
5205
5242
5243
5207
5244
57677
5208
5245
5209
5246
5210
5247
5211
5248
5212
5249
5213
5250
5214
5251
5215
5252
5216
5253
5217
5254
5218
5255
5219
5256
5220
5257
5221
5258
5222
5259
5223
5260
5224
5261
5225
5262
5226
5263
5227
5264
5228
5265
5229
5266
5230
5267
5231
5268
5232
5269
5233
5270
5234
5271
5235
5272
5236
5273
5237
5274
5238
5275
5239
5276
5240
5277
5241
5278
5242
5279
5243
5280
5281
5245
5282
57678
5246
5283
5247
5284
5248
5285
5249
5286
5250
5287
5251
5288
5252
5289
5253
5290
5254
5291
5255
5292
5256
5293
5257
5294
5258
5295
5259
5296
5260
5297
5261
5298
5262
5299
5263
5300
5264
5301
5265
5302
5266
5303
5267
5304
5268
5305
5269
5306
5270
5307
5271
5308
5272
5309
5273
5310
5274
5311
5275
5312
5276
5313
5277
5314
5278
5315
5279
5316
5280
5317
5281
5318
5319
5283
5320
57679
5284
5321
5285
5322
5286
5323
5287
5324
5288
5325
5289
5326
5290
5327
5291
5328
5292
5329
5293
5330
5294
5331
5295
5332
5296
5333
5297
5334
5298
5335
5299
5336
5300
5337
5301
5338
5302
5339
5303
5340
5304
5341
5305
5342
5306
5343
5307
5344
5308
5345
5309
5346
5310
5347
5311
5348
5312
5349
5313
5350
5314
5351
5315
5352
5316
5353
5317
5354
5318
5355
5319
5356
5357
5321
5358
57680
5322
5359
5323
5360
5324
5361
5325
5362
5326
5363
5327
5364
5328
5365
5329
5366
5330
5367
5331
5368
5332
5369
5333
5370
5334
5371
5335
5372
5336
5373
5337
5374
5338
5375
5339
5376
5340
5377
5341
5378
5342
5379
5343
5380
5344
5381
5345
5382
5346
5383
5347
5384
5348
5385
5349
5386
5350
5387
5351
5388
5352
5389
5353
5390
5354
5391
5355
5392
5356
5393
5357
5394
5395
5359
5396
57681
5360
5397
5361
5398
5362
5399
5363
5400
5364
5401
5365
5402
5366
5403
5367
5404
5368
5405
5369
5406
5370
5407
5371
5408
5372
5409
5373
5410
5374
5411
5375
5412
5376
5413
5377
5414
5378
5415
5379
5416
5380
5417
5381
5418
5382
5419
5383
5420
5384
5421
5385
5422
5386
5423
5387
5424
5388
5425
5389
5426
5390
5427
5391
5428
5392
5429
5393
5430
5394
5431
5395
5432
5433
5397
5434
57682
5398
5435
5399
5436
5400
5437
5401
5438
5402
5439
5403
5440
5404
5441
5405
5442
5406
5443
5407
5444
5408
5445
5409
5446
5410
5447
5411
5448
5412
5449
5413
5450
5414
5451
5415
5452
5416
5453
5417
5454
5418
5455
5419
5456
5420
5457
5421
5458
5422
5459
5423
5460
5424
5461
5425
5462
5426
5463
5427
5464
5428
5465
5429
5466
5430
5467
5431
5468
5432
5469
5433
5470
5471
5435
5472
57683
5436
5473
5437
5474
5438
5475
5439
5476
5440
5477
5441
5478
5442
5479
5443
5480
5444
5481
5445
5482
5446
5483
5447
5484
5448
5485
5449
5486
5450
5487
5451
5488
5452
5489
5453
5490
5454
5491
5455
5492
5456
5493
5457
5494
5458
5495
5459
5496
5460
5497
5461
5498
5462
5499
5463
5500
5464
5501
5465
5502
5466
5503
5467
5504
5468
5505
5469
5506
5470
5507
5471
5508
5509
5473
5510
57684
5474
5511
5475
5512
5476
5513
5477
5514
5478
5515
5479
5516
5480
5517
5481
5518
5482
5519
5483
5520
5484
5521
5485
5522
5486
5523
5487
5524
5488
5525
5489
5526
5490
5527
5491
5528
5492
5529
5493
5530
5494
5531
5495
5532
5496
5533
5497
5534
5498
5535
5499
5536
5500
5537
5501
5538
5502
5539
5503
5540
5504
5541
5505
5542
5506
5543
5507
5544
5508
5545
5509
5546
5547
5511
5548
57685
5512
5549
5513
5550
5514
5551
5515
5552
5516
5553
5517
5554
5518
5555
5519
5556
5520
5557
5521
5558
5522
5559
5523
5560
5524
5561
5525
5562
5526
5563
5527
5564
5528
5565
5529
5566
5530
5567
5531
5568
5532
5569
5533
5570
5534
5571
5535
5572
5536
5573
5537
5574
5538
5575
5539
5576
5540
5577
5541
5578
5542
5579
5543
5580
5544
5581
5545
5582
5546
5583
5547
5584
5585
5549
5586
57686
5550
5587
5551
5588
5552
5589
5553
5590
5554
5591
5555
5592
5556
5593
5557
5594
5558
5595
5559
5596
5560
5597
5561
5598
5562
5599
5563
5600
5564
5601
5565
5602
5566
5603
5567
5604
5568
5605
5569
5606
5570
5607
5571
5608
5572
5609
5573
5610
5574
5611
5575
5612
5576
5613
5577
5614
5578
5615
5579
5616
5580
5617
5581
5618
5582
5619
5583
5620
5584
5621
5585
5622
5623
5587
5624
57687
5588
5625
5589
5626
5590
5627
5591
5628
5592
5629
5593
5630
5594
5631
5595
5632
5596
5633
5597
5634
5598
5635
5599
5636
5600
5637
5601
5638
5602
5639
5603
5640
5604
5641
5605
5642
5606
5643
5607
5644
5608
5645
5609
5646
5610
5647
5611
5648
5612
5649
5613
5650
5614
5651
5615
5652
5616
5653
5617
5654
5618
5655
5619
5656
5620
5657
5621
5658
5622
5659
5623
5660
5661
5625
5662
57688
5626
5663
5627
5664
5628
5665
5629
5666
5630
5667
5631
5668
5632
5669
5633
5670
5634
5671
5635
5672
5636
5673
5637
5674
5638
5675
5639
5676
5640
5677
5641
5678
5642
5679
5643
5680
5644
5681
5645
5682
5646
5683
5647
5684
5648
5685
5649
5686
5650
5687
5651
5688
5652
5689
5653
5690
5654
5691
5655
5692
5656
5693
5657
5694
5658
5695
5659
5696
5660
5697
5661
5698
5699
5663
5700
57689
5664
5701
5665
5702
5666
5703
5667
5704
5668
5705
5669
5706
5670
5707
5671
5708
5672
5709
5673
5710
5674
5711
5675
5712
5676
5713
5677
5714
5678
5715
5679
5716
5680
5717
5681
5718
5682
5719
5683
5720
5684
5721
5685
5722
5686
5723
5687
5724
5688
5725
5689
5726
5690
5727
5691
5728
5692
5729
5693
5730
5694
5731
5695
5732
5696
5733
5697
5734
5698
5735
5699
5736
5737
5701
5738
57690
5702
5739
5703
5740
5704
5741
5705
5742
5706
5743
5707
5744
5708
5745
5709
5746
5710
5747
5711
5748
5712
5749
5713
5750
5714
5751
5715
5752
5716
5753
5717
5754
5718
5755
5719
5756
5720
5757
5721
5758
5722
5759
5723
5760
5724
5761
5725
5762
5726
5763
5727
5764
5728
5765
5729
5766
5730
5767
5731
5768
5732
5769
5733
5770
5734
5771
5735
5772
5736
5773
5737
5774
5775
5739
5776
57691
5740
5777
5741
5778
5742
5779
5743
5780
5744
5781
5745
5782
5746
5783
5747
5784
5748
5785
5749
5786
5750
5787
5751
5788
5752
5789
5753
5790
5754
5791
5755
5792
5756
5793
5757
5794
5758
5795
5759
5796
5760
5797
5761
5798
5762
5799
5763
5800
5764
5801
5765
5802
5766
5803
5767
5804
5768
5805
5769
5806
5770
5807
5771
5808
5772
5809
5773
5810
5774
5811
5775
5812
5813
5777
5814
57692
5778
5815
5779
5816
5780
5817
5781
5818
5782
5819
5783
5820
5784
5821
5785
5822
5786
5823
5787
5824
5788
5825
5789
5826
5790
5827
5791
5828
5792
5829
5793
5830
5794
5831
5795
5832
5796
5833
5797
5834
5798
5835
5799
5836
5800
5837
5801
5838
5802
5839
5803
5840
5804
5841
5805
5842
5806
5843
5807
5844
5808
5845
5809
5846
5810
5847
5811
5848
5812
5849
5813
5850
5851
5815
5852
57693
5816
5853
5817
5854
5818
5855
5819
5856
5820
5857
5821
5858
5822
5859
5823
5860
5824
5861
5825
5862
5826
5863
5827
5864
5828
5865
5829
5866
5830
5867
5831
5868
5832
5869
5833
5870
5834
5871
5835
5872
5836
5873
5837
5874
5838
5875
5839
5876
5840
5877
5841
5878
5842
5879
5843
5880
5844
5881
5845
5882
5846
5883
5847
5884
5848
5885
5849
5886
5850
5887
5851
5888
5889
5853
5890
57694
5854
5891
5855
5892
5856
5893
5857
5894
5858
5895
5859
5896
5860
5897
5861
5898
5862
5899
5863
5900
5864
5901
5865
5902
5866
5903
5867
5904
5868
5905
5869
5906
5870
5907
5871
5908
5872
5909
5873
5910
5874
5911
5875
5912
5876
5913
5877
5914
5878
5915
5879
5916
5880
5917
5881
5918
5882
5919
5883
5920
5884
5921
5885
5922
5886
5923
5887
5924
5888
5925
5889
5926
5927
5891
5928
57695
5892
5929
5893
5930
5894
5931
5895
5932
5896
5933
5897
5934
5898
5935
5899
5936
5900
5937
5901
5938
5902
5939
5903
5940
5904
5941
5905
5942
5906
5943
5907
5944
5908
5945
5909
5946
5910
5947
5911
5948
5912
5949
5913
5950
5914
5951
5915
5952
5916
5953
5917
5954
5918
5955
5919
5956
5920
5957
5921
5958
5922
5959
5923
5960
5924
5961
5925
5962
5926
5963
5927
5964
5965
5929
5966
57696
5930
5967
5931
5968
5932
5969
5933
5970
5934
5971
5935
5972
5936
5973
5937
5974
5938
5975
5939
5976
5940
5977
5941
5978
5942
5979
5943
5980
5944
5981
5945
5982
5946
5983
5947
5984
5948
5985
5949
5986
5950
5987
5951
5988
5952
5989
5953
5990
5954
5991
5955
5992
5956
5993
5957
5994
5958
5995
5959
5996
5960
5997
5961
5998
5962
5999
5963
6000
5964
6001
5965
6002
6003
5967
6004
57697
5968
6005
5969
6006
5970
6007
5971
6008
5972
6009
5973
6010
5974
6011
5975
6012
5976
6013
5977
6014
5978
6015
5979
6016
5980
6017
5981
6018
5982
6019
5983
6020
5984
6021
5985
6022
5986
6023
5987
6024
5988
6025
5989
6026
5990
6027
5991
6028
5992
6029
5993
6030
5994
6031
5995
6032
5996
6033
5997
6034
5998
6035
5999
6036
6000
6037
6001
6038
6002
6039
6003
6040
6041
6005
6042
57698
6006
6043
6007
6044
6008
6045
6009
6046
6010
6047
6011
6048
6012
6049
6013
6050
6014
6051
6015
6052
6016
6053
6017
6054
6018
6055
6019
6056
6020
6057
6021
6058
6022
6059
6023
6060
6024
6061
6025
6062
6026
6063
6027
6064
6028
6065
6029
6066
6030
6067
6031
6068
6032
6069
6033
6070
6034
6071
6035
6072
6036
6073
6037
6074
6038
6075
6039
6076
6040
6077
6041
6078
6079
6043
6080
57699
6044
6081
6045
6082
6046
6083
6047
6084
6048
6085
6049
6086
6050
6087
6051
6088
6052
6089
6053
6090
6054
6091
6055
6092
6056
6093
6057
6094
6058
6095
6059
6096
6060
6097
6061
6098
6062
6099
6063
6100
6064
6101
6065
6102
6066
6103
6067
6104
6068
6105
6069
6106
6070
6107
6071
6108
6072
6109
6073
6110
6074
6111
6075
6112
6076
6113
6077
6114
6078
6115
6079
6116
6117
6081
6118
57700
6082
6119
6083
6120
6084
6121
6085
6122
6086
6123
6087
6124
6088
6125
6089
6126
6090
6127
6091
6128
6092
6129
6093
6130
6094
6131
6095
6132
6096
6133
6097
6134
6098
6135
6099
6136
6100
6137
6101
6138
6102
6139
6103
6140
6104
6141
6105
6142
6106
6143
6107
6144
6108
6145
6109
6146
6110
6147
6111
6148
6112
6149
6113
6150
6114
6151
6115
6152
6116
6153
6117
6154
6155
6119
6156
57701
6120
6157
6121
6158
6122
6159
6123
6160
6124
6161
6125
6162
6126
6163
6127
6164
6128
6165
6129
6166
6130
6167
6131
6168
6132
6169
6133
6170
6134
6171
6135
6172
6136
6173
6137
6174
6138
6175
6139
6176
6140
6177
6141
6178
6142
6179
6143
6180
6144
6181
6145
6182
6146
6183
6147
6184
6148
6185
6149
6186
6150
6187
6151
6188
6152
6189
6153
6190
6154
6191
6155
6192
6193
6157
6194
57702
6158
6195
6159
6196
6160
6197
6161
6198
6162
6199
6163
6200
6164
6201
6165
6202
6166
6203
6167
6204
6168
6205
6169
6206
6170
6207
6171
6208
6172
6209
6173
6210
6174
6211
6175
6212
6176
6213
6177
6214
6178
6215
6179
6216
6180
6217
6181
6218
6182
6219
6183
6220
6184
6221
6185
6222
6186
6223
6187
6224
6188
6225
6189
6226
6190
6227
6191
6228
6192
6229
6193
6230
6231
6195
6232
57703
6196
6233
6197
6234
6198
6235
6199
6236
6200
6237
6201
6238
6202
6239
6203
6240
6204
6241
6205
6242
6206
6243
6207
6244
6208
6245
6209
6246
6210
6247
6211
6248
6212
6249
6213
6250
6214
6251
6215
6252
6216
6253
6217
6254
6218
6255
6219
6256
6220
6257
6221
6258
6222
6259
6223
6260
6224
6261
6225
6262
6226
6263
6227
6264
6228
6265
6229
6266
6230
6267
6231
6268
6269
6233
6270
57704
6234
6271
6235
6272
6236
6273
6237
6274
6238
6275
6239
6276
6240
6277
6241
6278
6242
6279
6243
6280
6244
6281
6245
6282
6246
6283
6247
6284
6248
6285
6249
6286
6250
6287
6251
6288
6252
6289
6253
6290
6254
6291
6255
6292
6256
6293
6257
6294
6258
6295
6259
6296
6260
6297
6261
6298
6262
6299
6263
6300
6264
6301
6265
6302
6266
6303
6267
6304
6268
6305
6269
6306
6307
6271
6308
57705
6272
6309
6273
6310
6274
6311
6275
6312
6276
6313
6277
6314
6278
6315
6279
6316
6280
6317
6281
6318
6282
6319
6283
6320
6284
6321
6285
6322
6286
6323
6287
6324
6288
6325
6289
6326
6290
6327
6291
6328
6292
6329
6293
6330
6294
6331
6295
6332
6296
6333
6297
6334
6298
6335
6299
6336
6300
6337
6301
6338
6302
6339
6303
6340
6304
6341
6305
6342
6306
6343
6307
6344
6345
6309
6346
57706
6310
6347
6311
6348
6312
6349
6313
6350
6314
6351
6315
6352
6316
6353
6317
6354
6318
6355
6319
6356
6320
6357
6321
6358
6322
6359
6323
6360
6324
6361
6325
6362
6326
6363
6327
6364
6328
6365
6329
6366
6330
6367
6331
6368
6332
6369
6333
6370
6334
6371
6335
6372
6336
6373
6337
6374
6338
6375
6339
6376
6340
6377
6341
6378
6342
6379
6343
6380
6344
6381
6345
6382
6383
6347
6384
57707
6348
6385
6349
6386
6350
6387
6351
6388
6352
6389
6353
6390
6354
6391
6355
6392
6356
6393
6357
6394
6358
6395
6359
6396
6360
6397
6361
6398
6362
6399
6363
6400
6364
6401
6365
6402
6366
6403
6367
6404
6368
6405
6369
6406
6370
6407
6371
6408
6372
6409
6373
6410
6374
6411
6375
6412
6376
6413
6377
6414
6378
6415
6379
6416
6380
6417
6381
6418
6382
6419
6383
6420
6421
6385
6422
57708
6386
6423
6387
6424
6388
6425
6389
6426
6390
6427
6391
6428
6392
6429
6393
6430
6394
6431
6395
6432
6396
6433
6397
6434
6398
6435
6399
6436
6400
6437
6401
6438
6402
6439
6403
6440
6404
6441
6405
6442
6406
6443
6407
6444
6408
6445
6409
6446
6410
6447
6411
6448
6412
6449
6413
6450
6414
6451
6415
6452
6416
6453
6417
6454
6418
6455
6419
6456
6420
6457
6421
6458
6459
6423
6460
57709
6424
6461
6425
6462
6426
6463
6427
6464
6428
6465
6429
6466
6430
6467
6431
6468
6432
6469
6433
6470
6434
6471
6435
6472
6436
6473
6437
6474
6438
6475
6439
6476
6440
6477
6441
6478
6442
6479
6443
6480
6444
6481
6445
6482
6446
6483
6447
6484
6448
6485
6449
6486
6450
6487
6451
6488
6452
6489
6453
6490
6454
6491
6455
6492
6456
6493
6457
6494
6458
6495
6459
6496
6497
6461
6498
57710
6462
6499
6463
6500
6464
6501
6465
6502
6466
6503
6467
6504
6468
6505
6469
6506
6470
6507
6471
6508
6472
6509
6473
6510
6474
6511
6475
6512
6476
6513
6477
6514
6478
6515
6479
6516
6480
6517
6481
6518
6482
6519
6483
6520
6484
6521
6485
6522
6486
6523
6487
6524
6488
6525
6489
6526
6490
6527
6491
6528
6492
6529
6493
6530
6494
6531
6495
6532
6496
6533
6497
6534
6535
6499
6536
57711
6500
6537
6501
6538
6502
6539
6503
6540
6504
6541
6505
6542
6506
6543
6507
6544
6508
6545
6509
6546
6510
6547
6511
6548
6512
6549
6513
6550
6514
6551
6515
6552
6516
6553
6517
6554
6518
6555
6519
6556
6520
6557
6521
6558
6522
6559
6523
6560
6524
6561
6525
6562
6526
6563
6527
6564
6528
6565
6529
6566
6530
6567
6531
6568
6532
6569
6533
6570
6534
6571
6535
6572
6573
6537
6574
57712
6538
6575
6539
6576
6540
6577
6541
6578
6542
6579
6543
6580
6544
6581
6545
6582
6546
6583
6547
6584
6548
6585
6549
6586
6550
6587
6551
6588
6552
6589
6553
6590
6554
6591
6555
6592
6556
6593
6557
6594
6558
6595
6559
6596
6560
6597
6561
6598
6562
6599
6563
6600
6564
6601
6565
6602
6566
6603
6567
6604
6568
6605
6569
6606
6570
6607
6571
6608
6572
6609
6573
6610
6611
6575
6612
57713
6576
6613
6577
6614
6578
6615
6579
6616
6580
6617
6581
6618
6582
6619
6583
6620
6584
6621
6585
6622
6586
6623
6587
6624
6588
6625
6589
6626
6590
6627
6591
6628
6592
6629
6593
6630
6594
6631
6595
6632
6596
6633
6597
6634
6598
6635
6599
6636
6600
6637
6601
6638
6602
6639
6603
6640
6604
6641
6605
6642
6606
6643
6607
6644
6608
6645
6609
6646
6610
6647
6611
6648
6649
6613
6650
57714
6614
6651
6615
6652
6616
6653
6617
6654
6618
6655
6619
6656
6620
6657
6621
6658
6622
6659
6623
6660
6624
6661
6625
6662
6626
6663
6627
6664
6628
6665
6629
6666
6630
6667
6631
6668
6632
6669
6633
6670
6634
6671
6635
6672
6636
6673
6637
6674
6638
6675
6639
6676
6640
6677
6641
6678
6642
6679
6643
6680
6644
6681
6645
6682
6646
6683
6647
6684
6648
6685
6649
6686
6687
6651
6688
57715
6652
6689
6653
6690
6654
6691
6655
6692
6656
6693
6657
6694
6658
6695
6659
6696
6660
6697
6661
6698
6662
6699
6663
6700
6664
6701
6665
6702
6666
6703
6667
6704
6668
6705
6669
6706
6670
6707
6671
6708
6672
6709
6673
6710
6674
6711
6675
6712
6676
6713
6677
6714
6678
6715
6679
6716
6680
6717
6681
6718
6682
6719
6683
6720
6684
6721
6685
6722
6686
6723
6687
6724
6725
6689
6726
57716
6690
6727
6691
6728
6692
6729
6693
6730
6694
6731
6695
6732
6696
6733
6697
6734
6698
6735
6699
6736
6700
6737
6701
6738
6702
6739
6703
6740
6704
6741
6705
6742
6706
6743
6707
6744
6708
6745
6709
6746
6710
6747
6711
6748
6712
6749
6713
6750
6714
6751
6715
6752
6716
6753
6717
6754
6718
6755
6719
6756
6720
6757
6721
6758
6722
6759
6723
6760
6724
6761
6725
6762
6763
6727
6764
57717
6728
6765
6729
6766
6730
6767
6731
6768
6732
6769
6733
6770
6734
6771
6735
6772
6736
6773
6737
6774
6738
6775
6739
6776
6740
6777
6741
6778
6742
6779
6743
6780
6744
6781
6745
6782
6746
6783
6747
6784
6748
6785
6749
6786
6750
6787
6751
6788
6752
6789
6753
6790
6754
6791
6755
6792
6756
6793
6757
6794
6758
6795
6759
6796
6760
6797
6761
6798
6762
6799
6763
6800
6801
6765
6802
57718
6766
6803
6767
6804
6768
6805
6769
6806
6770
6807
6771
6808
6772
6809
6773
6810
6774
6811
6775
6812
6776
6813
6777
6814
6778
6815
6779
6816
6780
6817
6781
6818
6782
6819
6783
6820
6784
6821
6785
6822
6786
6823
6787
6824
6788
6825
6789
6826
6790
6827
6791
6828
6792
6829
6793
6830
6794
6831
6795
6832
6796
6833
6797
6834
6798
6835
6799
6836
6800
6837
6801
6838
6839
6803
6840
57719
6804
6841
6805
6842
6806
6843
6807
6844
6808
6845
6809
6846
6810
6847
6811
6848
6812
6849
6813
6850
6814
6851
6815
6852
6816
6853
6817
6854
6818
6855
6819
6856
6820
6857
6821
6858
6822
6859
6823
6860
6824
6861
6825
6862
6826
6863
6827
6864
6828
6865
6829
6866
6830
6867
6831
6868
6832
6869
6833
6870
6834
6871
6835
6872
6836
6873
6837
6874
6838
6875
6839
6876
6877
6841
6878
57720
6842
6879
6843
6880
6844
6881
6845
6882
6846
6883
6847
6884
6848
6885
6849
6886
6850
6887
6851
6888
6852
6889
6853
6890
6854
6891
6855
6892
6856
6893
6857
6894
6858
6895
6859
6896
6860
6897
6861
6898
6862
6899
6863
6900
6864
6901
6865
6902
6866
6903
6867
6904
6868
6905
6869
6906
6870
6907
6871
6908
6872
6909
6873
6910
6874
6911
6875
6912
6876
6913
6877
6914
6915
6879
6916
57721
6880
6917
6881
6918
6882
6919
6883
6920
6884
6921
6885
6922
6886
6923
6887
6924
6888
6925
6889
6926
6890
6927
6891
6928
6892
6929
6893
6930
6894
6931
6895
6932
6896
6933
6897
6934
6898
6935
6899
6936
6900
6937
6901
6938
6902
6939
6903
6940
6904
6941
6905
6942
6906
6943
6907
6944
6908
6945
6909
6946
6910
6947
6911
6948
6912
6949
6913
6950
6914
6951
6915
6952
6953
6917
6954
57722
6918
6955
6919
6956
6920
6957
6921
6958
6922
6959
6923
6960
6924
6961
6925
6962
6926
6963
6927
6964
6928
6965
6929
6966
6930
6967
6931
6968
6932
6969
6933
6970
6934
6971
6935
6972
6936
6973
6937
6974
6938
6975
6939
6976
6940
6977
6941
6978
6942
6979
6943
6980
6944
6981
6945
6982
6946
6983
6947
6984
6948
6985
6949
6986
6950
6987
6951
6988
6952
6989
6953
6990
6991
6955
6992
57723
6956
6993
6957
6994
6958
6995
6959
6996
6960
6997
6961
6998
6962
6999
6963
7000
6964
7001
6965
7002
6966
7003
6967
7004
6968
7005
6969
7006
6970
7007
6971
7008
6972
7009
6973
7010
6974
7011
6975
7012
6976
7013
6977
7014
6978
7015
6979
7016
6980
7017
6981
7018
6982
7019
6983
7020
6984
7021
6985
7022
6986
7023
6987
7024
6988
7025
6989
7026
6990
7027
6991
7028
7029
6993
7030
57724
6994
7031
6995
7032
6996
7033
6997
7034
6998
7035
6999
7036
7000
7037
7001
7038
7002
7039
7003
7040
7004
7041
7005
7042
7006
7043
7007
7044
7008
7045
7009
7046
7010
7047
7011
7048
7012
7049
7013
7050
7014
7051
7015
7052
7016
7053
7017
7054
7018
7055
7019
7056
7020
7057
7021
7058
7022
7059
7023
7060
7024
7061
7025
7062
7026
7063
7027
7064
7028
7065
7029
7066
7067
7031
7068
57725
7032
7069
7033
7070
7034
7071
7035
7072
7036
7073
7037
7074
7038
7075
7039
7076
7040
7077
7041
7078
7042
7079
7043
7080
7044
7081
7045
7082
7046
7083
7047
7084
7048
7085
7049
7086
7050
7087
7051
7088
7052
7089
7053
7090
7054
7091
7055
7092
7056
7093
7057
7094
7058
7095
7059
7096
7060
7097
7061
7098
7062
7099
7063
7100
7064
7101
7065
7102
7066
7103
7067
7104
7105
7069
7106
57726
7070
7107
7071
7108
7072
7109
7073
7110
7074
7111
7075
7112
7076
7113
7077
7114
7078
7115
7079
7116
7080
7117
7081
7118
7082
7119
7083
7120
7084
7121
7085
7122
7086
7123
7087
7124
7088
7125
7089
7126
7090
7127
7091
7128
7092
7129
7093
7130
7094
7131
7095
7132
7096
7133
7097
7134
7098
7135
7099
7136
7100
7137
7101
7138
7102
7139
7103
7140
7104
7141
7105
7142
7143
7107
7144
57727
7108
7145
7109
7146
7110
7147
7111
7148
7112
7149
7113
7150
7114
7151
7115
7152
7116
7153
7117
7154
7118
7155
7119
7156
7120
7157
7121
7158
7122
7159
7123
7160
7124
7161
7125
7162
7126
7163
7127
7164
7128
7165
7129
7166
7130
7167
7131
7168
7132
7169
7133
7170
7134
7171
7135
7172
7136
7173
7137
7174
7138
7175
7139
7176
7140
7177
7141
7178
7142
7179
7143
7180
7181
7145
7182
57728
7146
7183
7147
7184
7148
7185
7149
7186
7150
7187
7151
7188
7152
7189
7153
7190
7154
7191
7155
7192
7156
7193
7157
7194
7158
7195
7159
7196
7160
7197
7161
7198
7162
7199
7163
7200
7164
7201
7165
7202
7166
7203
7167
7204
7168
7205
7169
7206
7170
7207
7171
7208
7172
7209
7173
7210
7174
7211
7175
7212
7176
7213
7177
7214
7178
7215
7179
7216
7180
7217
7181
7218
7219
7183
7220
57729
7184
7221
7185
7222
7186
7223
7187
7224
7188
7225
7189
7226
7190
7227
7191
7228
7192
7229
7193
7230
7194
7231
7195
7232
7196
7233
7197
7234
7198
7235
7199
7236
7200
7237
7201
7238
7202
7239
7203
7240
7204
7241
7205
7242
7206
7243
7207
7244
7208
7245
7209
7246
7210
7247
7211
7248
7212
7249
7213
7250
7214
7251
7215
7252
7216
7253
7217
7254
7218
7255
7219
7256
7257
7221
7258
57730
7222
7259
7223
7260
7224
7261
7225
7262
7226
7263
7227
7264
7228
7265
7229
7266
7230
7267
7231
7268
7232
7269
7233
7270
7234
7271
7235
7272
7236
7273
7237
7274
7238
7275
7239
7276
7240
7277
7241
7278
7242
7279
7243
7280
7244
7281
7245
7282
7246
7283
7247
7284
7248
7285
7249
7286
7250
7287
7251
7288
7252
7289
7253
7290
7254
7291
7255
7292
7256
7293
7257
7294
7295
7259
7296
57731
7260
7297
7261
7298
7262
7299
7263
7300
7264
7301
7265
7302
7266
7303
7267
7304
7268
7305
7269
7306
7270
7307
7271
7308
7272
7309
7273
7310
7274
7311
7275
7312
7276
7313
7277
7314
7278
7315
7279
7316
7280
7317
7281
7318
7282
7319
7283
7320
7284
7321
7285
7322
7286
7323
7287
7324
7288
7325
7289
7326
7290
7327
7291
7328
7292
7329
7293
7330
7294
7331
7295
7332
7333
7297
7334
57732
7298
7335
7299
7336
7300
7337
7301
7338
7302
7339
7303
7340
7304
7341
7305
7342
7306
7343
7307
7344
7308
7345
7309
7346
7310
7347
7311
7348
7312
7349
7313
7350
7314
7351
7315
7352
7316
7353
7317
7354
7318
7355
7319
7356
7320
7357
7321
7358
7322
7359
7323
7360
7324
7361
7325
7362
7326
7363
7327
7364
7328
7365
7329
7366
7330
7367
7331
7368
7332
7369
7333
7370
7371
7335
7372
57733
7336
7373
7337
7374
7338
7375
7339
7376
7340
7377
7341
7378
7342
7379
7343
7380
7344
7381
7345
7382
7346
7383
7347
7384
7348
7385
7349
7386
7350
7387
7351
7388
7352
7389
7353
7390
7354
7391
7355
7392
7356
7393
7357
7394
7358
7395
7359
7396
7360
7397
7361
7398
7362
7399
7363
7400
7364
7401
7365
7402
7366
7403
7367
7404
7368
7405
7369
7406
7370
7407
7371
7408
7409
7373
7410
57734
7374
7411
7375
7412
7376
7413
7377
7414
7378
7415
7379
7416
7380
7417
7381
7418
7382
7419
7383
7420
7384
7421
7385
7422
7386
7423
7387
7424
7388
7425
7389
7426
7390
7427
7391
7428
7392
7429
7393
7430
7394
7431
7395
7432
7396
7433
7397
7434
7398
7435
7399
7436
7400
7437
7401
7438
7402
7439
7403
7440
7404
7441
7405
7442
7406
7443
7407
7444
7408
7445
7409
7446
7447
7411
7448
57735
7412
7449
7413
7450
7414
7451
7415
7452
7416
7453
7417
7454
7418
7455
7419
7456
7420
7457
7421
7458
7422
7459
7423
7460
7424
7461
7425
7462
7426
7463
7427
7464
7428
7465
7429
7466
7430
7467
7431
7468
7432
7469
7433
7470
7434
7471
7435
7472
7436
7473
7437
7474
7438
7475
7439
7476
7440
7477
7441
7478
7442
7479
7443
7480
7444
7481
7445
7482
7446
7483
7447
7484
7485
7449
7486
57736
7450
7487
7451
7488
7452
7489
7453
7490
7454
7491
7455
7492
7456
7493
7457
7494
7458
7495
7459
7496
7460
7497
7461
7498
7462
7499
7463
7500
7464
7501
7465
7502
7466
7503
7467
7504
7468
7505
7469
7506
7470
7507
7471
7508
7472
7509
7473
7510
7474
7511
7475
7512
7476
7513
7477
7514
7478
7515
7479
7516
7480
7517
7481
7518
7482
7519
7483
7520
7484
7521
7485
7522
7523
7487
7524
57737
7488
7525
7489
7526
7490
7527
7491
7528
7492
7529
7493
7530
7494
7531
7495
7532
7496
7533
7497
7534
7498
7535
7499
7536
7500
7537
7501
7538
7502
7539
7503
7540
7504
7541
7505
7542
7506
7543
7507
7544
7508
7545
7509
7546
7510
7547
7511
7548
7512
7549
7513
7550
7514
7551
7515
7552
7516
7553
7517
7554
7518
7555
7519
7556
7520
7557
7521
7558
7522
7559
7523
7560
7561
7525
7562
57738
7526
7563
7527
7564
7528
7565
7529
7566
7530
7567
7531
7568
7532
7569
7533
7570
7534
7571
7535
7572
7536
7573
7537
7574
7538
7575
7539
7576
7540
7577
7541
7578
7542
7579
7543
7580
7544
7581
7545
7582
7546
7583
7547
7584
7548
7585
7549
7586
7550
7587
7551
7588
7552
7589
7553
7590
7554
7591
7555
7592
7556
7593
7557
7594
7558
7595
7559
7596
7560
7597
7561
7598
7599
7563
7600
57739
7564
7601
7565
7602
7566
7603
7567
7604
7568
7605
7569
7606
7570
7607
7571
7608
7572
7609
7573
7610
7574
7611
7575
7612
7576
7613
7577
7614
7578
7615
7579
7616
7580
7617
7581
7618
7582
7619
7583
7620
7584
7621
7585
7622
7586
7623
7587
7624
7588
7625
7589
7626
7590
7627
7591
7628
7592
7629
7593
7630
7594
7631
7595
7632
7596
7633
7597
7634
7598
7635
7599
7636
7637
7601
7638
57740
7602
7639
7603
7640
7604
7641
7605
7642
7606
7643
7607
7644
7608
7645
7609
7646
7610
7647
7611
7648
7612
7649
7613
7650
7614
7651
7615
7652
7616
7653
7617
7654
7618
7655
7619
7656
7620
7657
7621
7658
7622
7659
7623
7660
7624
7661
7625
7662
7626
7663
7627
7664
7628
7665
7629
7666
7630
7667
7631
7668
7632
7669
7633
7670
7634
7671
7635
7672
7636
7673
7637
7674
7675
7639
7676
57741
7640
7677
7641
7678
7642
7679
7643
7680
7644
7681
7645
7682
7646
7683
7647
7684
7648
7685
7649
7686
7650
7687
7651
7688
7652
7689
7653
7690
7654
7691
7655
7692
7656
7693
7657
7694
7658
7695
7659
7696
7660
7697
7661
7698
7662
7699
7663
7700
7664
7701
7665
7702
7666
7703
7667
7704
7668
7705
7669
7706
7670
7707
7671
7708
7672
7709
7673
7710
7674
7711
7675
7712
7713
7677
7714
57742
7678
7715
7679
7716
7680
7717
7681
7718
7682
7719
7683
7720
7684
7721
7685
7722
7686
7723
7687
7724
7688
7725
7689
7726
7690
7727
7691
7728
7692
7729
7693
7730
7694
7731
7695
7732
7696
7733
7697
7734
7698
7735
7699
7736
7700
7737
7701
7738
7702
7739
7703
7740
7704
7741
7705
7742
7706
7743
7707
7744
7708
7745
7709
7746
7710
7747
7711
7748
7712
7749
7713
7750
7751
7715
7752
57743
7716
7753
7717
7754
7718
7755
7719
7756
7720
7757
7721
7758
7722
7759
7723
7760
7724
7761
7725
7762
7726
7763
7727
7764
7728
7765
7729
7766
7730
7767
7731
7768
7732
7769
7733
7770
7734
7771
7735
7772
7736
7773
7737
7774
7738
7775
7739
7776
7740
7777
7741
7778
7742
7779
7743
7780
7744
7781
7745
7782
7746
7783
7747
7784
7748
7785
7749
7786
7750
7787
7751
7788
7789
7753
7790
57744
7754
7791
7755
7792
7756
7793
7757
7794
7758
7795
7759
7796
7760
7797
7761
7798
7762
7799
7763
7800
7764
7801
7765
7802
7766
7803
7767
7804
7768
7805
7769
7806
7770
7807
7771
7808
7772
7809
7773
7810
7774
7811
7775
7812
7776
7813
7777
7814
7778
7815
7779
7816
7780
7817
7781
7818
7782
7819
7783
7820
7784
7821
7785
7822
7786
7823
7787
7824
7788
7825
7789
7826
7827
7791
7828
57745
7792
7829
7793
7830
7794
7831
7795
7832
7796
7833
7797
7834
7798
7835
7799
7836
7800
7837
7801
7838
7802
7839
7803
7840
7804
7841
7805
7842
7806
7843
7807
7844
7808
7845
7809
7846
7810
7847
7811
7848
7812
7849
7813
7850
7814
7851
7815
7852
7816
7853
7817
7854
7818
7855
7819
7856
7820
7857
7821
7858
7822
7859
7823
7860
7824
7861
7825
7862
7826
7863
7827
7864
7865
7829
7866
57746
7830
7867
7831
7868
7832
7869
7833
7870
7834
7871
7835
7872
7836
7873
7837
7874
7838
7875
7839
7876
7840
7877
7841
7878
7842
7879
7843
7880
7844
7881
7845
7882
7846
7883
7847
7884
7848
7885
7849
7886
7850
7887
7851
7888
7852
7889
7853
7890
7854
7891
7855
7892
7856
7893
7857
7894
7858
7895
7859
7896
7860
7897
7861
7898
7862
7899
7863
7900
7864
7901
7865
7902
7903
7867
7904
57747
7868
7905
7869
7906
7870
7907
7871
7908
7872
7909
7873
7910
7874
7911
7875
7912
7876
7913
7877
7914
7878
7915
7879
7916
7880
7917
7881
7918
7882
7919
7883
7920
7884
7921
7885
7922
7886
7923
7887
7924
7888
7925
7889
7926
7890
7927
7891
7928
7892
7929
7893
7930
7894
7931
7895
7932
7896
7933
7897
7934
7898
7935
7899
7936
7900
7937
7901
7938
7902
7939
7903
7940
7941
7905
7942
57748
7906
7943
7907
7944
7908
7945
7909
7946
7910
7947
7911
7948
7912
7949
7913
7950
7914
7951
7915
7952
7916
7953
7917
7954
7918
7955
7919
7956
7920
7957
7921
7958
7922
7959
7923
7960
7924
7961
7925
7962
7926
7963
7927
7964
7928
7965
7929
7966
7930
7967
7931
7968
7932
7969
7933
7970
7934
7971
7935
7972
7936
7973
7937
7974
7938
7975
7939
7976
7940
7977
7941
7978
7979
7943
7980
57749
7944
7981
7945
7982
7946
7983
7947
7984
7948
7985
7949
7986
7950
7987
7951
7988
7952
7989
7953
7990
7954
7991
7955
7992
7956
7993
7957
7994
7958
7995
7959
7996
7960
7997
7961
7998
7962
7999
7963
8000
7964
8001
7965
8002
7966
8003
7967
8004
7968
8005
7969
8006
7970
8007
7971
8008
7972
8009
7973
8010
7974
8011
7975
8012
7976
8013
7977
8014
7978
8015
7979
8016
8017
7981
8018
57750
7982
8019
7983
8020
7984
8021
7985
8022
7986
8023
7987
8024
7988
8025
7989
8026
7990
8027
7991
8028
7992
8029
7993
8030
7994
8031
7995
8032
7996
8033
7997
8034
7998
8035
7999
8036
8000
8037
8001
8038
8002
8039
8003
8040
8004
8041
8005
8042
8006
8043
8007
8044
8008
8045
8009
8046
8010
8047
8011
8048
8012
8049
8013
8050
8014
8051
8015
8052
8016
8053
8017
8054
8055
8019
8056
57751
8020
8057
8021
8058
8022
8059
8023
8060
8024
8061
8025
8062
8026
8063
8027
8064
8028
8065
8029
8066
8030
8067
8031
8068
8032
8069
8033
8070
8034
8071
8035
8072
8036
8073
8037
8074
8038
8075
8039
8076
8040
8077
8041
8078
8042
8079
8043
8080
8044
8081
8045
8082
8046
8083
8047
8084
8048
8085
8049
8086
8050
8087
8051
8088
8052
8089
8053
8090
8054
8091
8055
8092
8093
36849
8057
8094
57752
8058
8095
8059
8096
8060
8097
8061
8098
8062
8099
8063
8100
8064
8101
8065
8102
8066
8103
8067
8104
8068
8105
8069
8106
8070
8107
8071
8108
8072
8109
8073
8110
8074
8111
8075
8112
8076
8113
8077
8114
8078
8115
8079
8116
8080
8117
8081
8118
8082
8119
8083
8120
8084
8121
8085
8122
8086
8123
8087
8124
8088
8125
8089
8126
8090
8127
8091
8128
8092
8129
8093
8130
8131
36948
8095
8132
57753
8096
8133
8097
8134
8098
8135
8099
8136
8100
8137
8101
8138
8102
8139
8103
8140
8104
8141
8105
8142
8106
8143
8107
8144
8108
8145
8109
8146
8110
8147
8111
8148
8112
8149
8113
8150
8114
8151
8115
8152
8116
8153
8117
8154
8118
8155
8119
8156
8120
8157
8121
8158
8122
8159
8123
8160
8124
8161
8125
8162
8126
8163
8127
8164
8128
8165
8129
8166
8130
8167
8131
8168
8169
37047
8133
8170
57754
8134
8171
8135
8172
8136
8173
8137
8174
8138
8175
8139
8176
8140
8177
8141
8178
8142
8179
8143
8180
8144
8181
8145
8182
8146
8183
8147
8184
8148
8185
8149
8186
8150
8187
8151
8188
8152
8189
8153
8190
8154
8191
8155
8192
8156
8193
8157
8194
8158
8195
8159
8196
8160
8197
8161
8198
8162
8199
8163
8200
8164
8201
8165
8202
8166
8203
8167
8204
8168
8205
8169
8206
8207
37146
8171
8208
57755
8172
8209
8173
8210
8174
8211
8175
8212
8176
8213
8177
8214
8178
8215
8179
8216
8180
8217
8181
8218
8182
8219
8183
8220
8184
8221
8185
8222
8186
8223
8187
8224
8188
8225
8189
8226
8190
8227
8191
8228
8192
8229
8193
8230
8194
8231
8195
8232
8196
8233
8197
8234
8198
8235
8199
8236
8200
8237
8201
8238
8202
8239
8203
8240
8204
8241
8205
8242
8206
8243
8207
8244
8245
37245
8209
8246
57756
8210
8247
8211
8248
8212
8249
8213
8250
8214
8251
8215
8252
8216
8253
8217
8254
8218
8255
8219
8256
8220
8257
8221
8258
8222
8259
8223
8260
8224
8261
8225
8262
8226
8263
8227
8264
8228
8265
8229
8266
8230
8267
8231
8268
8232
8269
8233
8270
8234
8271
8235
8272
8236
8273
8237
8274
8238
8275
8239
8276
8240
8277
8241
8278
8242
8279
8243
8280
8244
8281
8245
8282
8283
37344
8247
8284
57757
8248
8285
8249
8286
8250
8287
8251
8288
8252
8289
8253
8290
8254
8291
8255
8292
8256
8293
8257
8294
8258
8295
8259
8296
8260
8297
8261
8298
8262
8299
8263
8300
8264
8301
8265
8302
8266
8303
8267
8304
8268
8305
8269
8306
8270
8307
8271
8308
8272
8309
8273
8310
8274
8311
8275
8312
8276
8313
8277
8314
8278
8315
8279
8316
8280
8317
8281
8318
8282
8319
8283
8320
8321
37443
8285
8322
57758
8286
8323
8287
8324
8288
8325
8289
8326
8290
8327
8291
8328
8292
8329
8293
8330
8294
8331
8295
8332
8296
8333
8297
8334
8298
8335
8299
8336
8300
8337
8301
8338
8302
8339
8303
8340
8304
8341
8305
8342
8306
8343
8307
8344
8308
8345
8309
8346
8310
8347
8311
8348
8312
8349
8313
8350
8314
8351
8315
8352
8316
8353
8317
8354
8318
8355
8319
8356
8320
8357
8321
8358
8359
37542
8323
8360
57759
8324
8361
8325
8362
8326
8363
8327
8364
8328
8365
8329
8366
8330
8367
8331
8368
8332
8369
8333
8370
8334
8371
8335
8372
8336
8373
8337
8374
8338
8375
8339
8376
8340
8377
8341
8378
8342
8379
8343
8380
8344
8381
8345
8382
8346
8383
8347
8384
8348
8385
8349
8386
8350
8387
8351
8388
8352
8389
8353
8390
8354
8391
8355
8392
8356
8393
8357
8394
8358
8395
8359
8396
8397
37641
8361
8398
57760
8362
8399
8363
8400
8364
8401
8365
8402
8366
8403
8367
8404
8368
8405
8369
8406
8370
8407
8371
8408
8372
8409
8373
8410
8374
8411
8375
8412
8376
8413
8377
8414
8378
8415
8379
8416
8380
8417
8381
8418
8382
8419
8383
8420
8384
8421
8385
8422
8386
8423
8387
8424
8388
8425
8389
8426
8390
8427
8391
8428
8392
8429
8393
8430
8394
8431
8395
8432
8396
8433
8397
8434
8435
37740
8399
8436
57761
8400
8437
8401
8438
8402
8439
8403
8440
8404
8441
8405
8442
8406
8443
8407
8444
8408
8445
8409
8446
8410
8447
8411
8448
8412
8449
8413
8450
8414
8451
8415
8452
8416
8453
8417
8454
8418
8455
8419
8456
8420
8457
8421
8458
8422
8459
8423
8460
8424
8461
8425
8462
8426
8463
8427
8464
8428
8465
8429
8466
8430
8467
8431
8468
8432
8469
8433
8470
8434
8471
8435
8472
8473
37839
8437
8474
57762
8438
8475
8439
8476
8440
8477
8441
8478
8442
8479
8443
8480
8444
8481
8445
8482
8446
8483
8447
8484
8448
8485
8449
8486
8450
8487
8451
8488
8452
8489
8453
8490
8454
8491
8455
8492
8456
8493
8457
8494
8458
8495
8459
8496
8460
8497
8461
8498
8462
8499
8463
8500
8464
8501
8465
8502
8466
8503
8467
8504
8468
8505
8469
8506
8470
8507
8471
8508
8472
8509
8473
8510
8511
37938
8475
8512
57763
8476
8513
8477
8514
8478
8515
8479
8516
8480
8517
8481
8518
8482
8519
8483
8520
8484
8521
8485
8522
8486
8523
8487
8524
8488
8525
8489
8526
8490
8527
8491
8528
8492
8529
8493
8530
8494
8531
8495
8532
8496
8533
8497
8534
8498
8535
8499
8536
8500
8537
8501
8538
8502
8539
8503
8540
8504
8541
8505
8542
8506
8543
8507
8544
8508
8545
8509
8546
8510
8547
8511
8548
8549
38037
8513
8550
57764
8514
8551
8515
8552
8516
8553
8517
8554
8518
8555
8519
8556
8520
8557
8521
8558
8522
8559
8523
8560
8524
8561
8525
8562
8526
8563
8527
8564
8528
8565
8529
8566
8530
8567
8531
8568
8532
8569
8533
8570
8534
8571
8535
8572
8536
8573
8537
8574
8538
8575
8539
8576
8540
8577
8541
8578
8542
8579
8543
8580
8544
8581
8545
8582
8546
8583
8547
8584
8548
8585
8549
8586
8587
38136
8551
8588
57765
8552
8589
8553
8590
8554
8591
8555
8592
8556
8593
8557
8594
8558
8595
8559
8596
8560
8597
8561
8598
8562
8599
8563
8600
8564
8601
8565
8602
8566
8603
8567
8604
8568
8605
8569
8606
8570
8607
8571
8608
8572
8609
8573
8610
8574
8611
8575
8612
8576
8613
8577
8614
8578
8615
8579
8616
8580
8617
8581
8618
8582
8619
8583
8620
8584
8621
8585
8622
8586
8623
8587
8624
8625
38235
8589
8626
57766
8590
8627
8591
8628
8592
8629
8593
8630
8594
8631
8595
8632
8596
8633
8597
8634
8598
8635
8599
8636
8600
8637
8601
8638
8602
8639
8603
8640
8604
8641
8605
8642
8606
8643
8607
8644
8608
8645
8609
8646
8610
8647
8611
8648
8612
8649
8613
8650
8614
8651
8615
8652
8616
8653
8617
8654
8618
8655
8619
8656
8620
8657
8621
8658
8622
8659
8623
8660
8624
8661
8625
8662
8663
38334
8627
8664
57767
8628
8665
8629
8666
8630
8667
8631
8668
8632
8669
8633
8670
8634
8671
8635
8672
8636
8673
8637
8674
8638
8675
8639
8676
8640
8677
8641
8678
8642
8679
8643
8680
8644
8681
8645
8682
8646
8683
8647
8684
8648
8685
8649
8686
8650
8687
8651
8688
8652
8689
8653
8690
8654
8691
8655
8692
8656
8693
8657
8694
8658
8695
8659
8696
8660
8697
8661
8698
8662
8699
8663
8700
8701
38433
8665
8702
57768
8666
8703
8667
8704
8668
8705
8669
8706
8670
8707
8671
8708
8672
8709
8673
8710
8674
8711
8675
8712
8676
8713
8677
8714
8678
8715
8679
8716
8680
8717
8681
8718
8682
8719
8683
8720
8684
8721
8685
8722
8686
8723
8687
8724
8688
8725
8689
8726
8690
8727
8691
8728
8692
8729
8693
8730
8694
8731
8695
8732
8696
8733
8697
8734
8698
8735
8699
8736
8700
8737
8701
8738
8739
38532
8703
8740
57769
8704
8741
8705
8742
8706
8743
8707
8744
8708
8745
8709
8746
8710
8747
8711
8748
8712
8749
8713
8750
8714
8751
8715
8752
8716
8753
8717
8754
8718
8755
8719
8756
8720
8757
8721
8758
8722
8759
8723
8760
8724
8761
8725
8762
8726
8763
8727
8764
8728
8765
8729
8766
8730
8767
8731
8768
8732
8769
8733
8770
8734
8771
8735
8772
8736
8773
8737
8774
8738
8775
8739
8776
8777
38631
8741
8778
57770
8742
8779
8743
8780
8744
8781
8745
8782
8746
8783
8747
8784
8748
8785
8749
8786
8750
8787
8751
8788
8752
8789
8753
8790
8754
8791
8755
8792
8756
8793
8757
8794
8758
8795
8759
8796
8760
8797
8761
8798
8762
8799
8763
8800
8764
8801
8765
8802
8766
8803
8767
8804
8768
8805
8769
8806
8770
8807
8771
8808
8772
8809
8773
8810
8774
8811
8775
8812
8776
8813
8777
8814
8815
38730
8779
8816
57771
8780
8817
8781
8818
8782
8819
8783
8820
8784
8821
8785
8822
8786
8823
8787
8824
8788
8825
8789
8826
8790
8827
8791
8828
8792
8829
8793
8830
8794
8831
8795
8832
8796
8833
8797
8834
8798
8835
8799
8836
8800
8837
8801
8838
8802
8839
8803
8840
8804
8841
8805
8842
8806
8843
8807
8844
8808
8845
8809
8846
8810
8847
8811
8848
8812
8849
8813
8850
8814
8851
8815
8852
8853
38829
8817
8854
57772
8818
8855
8819
8856
8820
8857
8821
8858
8822
8859
8823
8860
8824
8861
8825
8862
8826
8863
8827
8864
8828
8865
8829
8866
8830
8867
8831
8868
8832
8869
8833
8870
8834
8871
8835
8872
8836
8873
8837
8874
8838
8875
8839
8876
8840
8877
8841
8878
8842
8879
8843
8880
8844
8881
8845
8882
8846
8883
8847
8884
8848
8885
8849
8886
8850
8887
8851
8888
8852
8889
8853
8890
8891
38928
8855
8892
57773
8856
8893
8857
8894
8858
8895
8859
8896
8860
8897
8861
8898
8862
8899
8863
8900
8864
8901
8865
8902
8866
8903
8867
8904
8868
8905
8869
8906
8870
8907
8871
8908
8872
8909
8873
8910
8874
8911
8875
8912
8876
8913
8877
8914
8878
8915
8879
8916
8880
8917
8881
8918
8882
8919
8883
8920
8884
8921
8885
8922
8886
8923
8887
8924
8888
8925
8889
8926
8890
8927
8891
8928
8929
39027
8893
8930
57774
8894
8931
8895
8932
8896
8933
8897
8934
8898
8935
8899
8936
8900
8937
8901
8938
8902
8939
8903
8940
8904
8941
8905
8942
8906
8943
8907
8944
8908
8945
8909
8946
8910
8947
8911
8948
8912
8949
8913
8950
8914
8951
8915
8952
8916
8953
8917
8954
8918
8955
8919
8956
8920
8957
8921
8958
8922
8959
8923
8960
8924
8961
8925
8962
8926
8963
8927
8964
8928
8965
8929
8966
8967
39126
8931
8968
57775
8932
8969
8933
8970
8934
8971
8935
8972
8936
8973
8937
8974
8938
8975
8939
8976
8940
8977
8941
8978
8942
8979
8943
8980
8944
8981
8945
8982
8946
8983
8947
8984
8948
8985
8949
8986
8950
8987
8951
8988
8952
8989
8953
8990
8954
8991
8955
8992
8956
8993
8957
8994
8958
8995
8959
8996
8960
8997
8961
8998
8962
8999
8963
9000
8964
9001
8965
9002
8966
9003
8967
9004
9005
39225
8969
9006
57776
8970
9007
8971
9008
8972
9009
8973
9010
8974
9011
8975
9012
8976
9013
8977
9014
8978
9015
8979
9016
8980
9017
8981
9018
8982
9019
8983
9020
8984
9021
8985
9022
8986
9023
8987
9024
8988
9025
8989
9026
8990
9027
8991
9028
8992
9029
8993
9030
8994
9031
8995
9032
8996
9033
8997
9034
8998
9035
8999
9036
9000
9037
9001
9038
9002
9039
9003
9040
9004
9041
9005
9042
9043
39324
9007
9044
57777
9008
9045
9009
9046
9010
9047
9011
9048
9012
9049
9013
9050
9014
9051
9015
9052
9016
9053
9017
9054
9018
9055
9019
9056
9020
9057
9021
9058
9022
9059
9023
9060
9024
9061
9025
9062
9026
9063
9027
9064
9028
9065
9029
9066
9030
9067
9031
9068
9032
9069
9033
9070
9034
9071
9035
9072
9036
9073
9037
9074
9038
9075
9039
9076
9040
9077
9041
9078
9042
9079
9043
9080
9081
39423
9045
9082
57778
9046
9083
9047
9084
9048
9085
9049
9086
9050
9087
9051
9088
9052
9089
9053
9090
9054
9091
9055
9092
9056
9093
9057
9094
9058
9095
9059
9096
9060
9097
9061
9098
9062
9099
9063
9100
9064
9101
9065
9102
9066
9103
9067
9104
9068
9105
9069
9106
9070
9107
9071
9108
9072
9109
9073
9110
9074
9111
9075
9112
9076
9113
9077
9114
9078
9115
9079
9116
9080
9117
9081
9118
9119
39522
9083
9120
57779
9084
9121
9085
9122
9086
9123
9087
9124
9088
9125
9089
9126
9090
9127
9091
9128
9092
9129
9093
9130
9094
9131
9095
9132
9096
9133
9097
9134
9098
9135
9099
9136
9100
9137
9101
9138
9102
9139
9103
9140
9104
9141
9105
9142
9106
9143
9107
9144
9108
9145
9109
9146
9110
9147
9111
9148
9112
9149
9113
9150
9114
9151
9115
9152
9116
9153
9117
9154
9118
9155
9119
9156
9157
39621
9121
9158
57780
9122
9159
9123
9160
9124
9161
9125
9162
9126
9163
9127
9164
9128
9165
9129
9166
9130
9167
9131
9168
9132
9169
9133
9170
9134
9171
9135
9172
9136
9173
9137
9174
9138
9175
9139
9176
9140
9177
9141
9178
9142
9179
9143
9180
9144
9181
9145
9182
9146
9183
9147
9184
9148
9185
9149
9186
9150
9187
9151
9188
9152
9189
9153
9190
9154
9191
9155
9192
9156
9193
9157
9194
9195
39720
9159
9196
57781
9160
9197
9161
9198
9162
9199
9163
9200
9164
9201
9165
9202
9166
9203
9167
9204
9168
9205
9169
9206
9170
9207
9171
9208
9172
9209
9173
9210
9174
9211
9175
9212
9176
9213
9177
9214
9178
9215
9179
9216
9180
9217
9181
9218
9182
9219
9183
9220
9184
9221
9185
9222
9186
9223
9187
9224
9188
9225
9189
9226
9190
9227
9191
9228
9192
9229
9193
9230
9194
9231
9195
9232
9233
39819
9197
9234
57782
9198
9235
9199
9236
9200
9237
9201
9238
9202
9239
9203
9240
9204
9241
9205
9242
9206
9243
9207
9244
9208
9245
9209
9246
9210
9247
9211
9248
9212
9249
9213
9250
9214
9251
9215
9252
9216
9253
9217
9254
9218
9255
9219
9256
9220
9257
9221
9258
9222
9259
9223
9260
9224
9261
9225
9262
9226
9263
9227
9264
9228
9265
9229
9266
9230
9267
9231
9268
9232
9269
9233
9270
9271
39918
9235
9272
57783
9236
9273
9237
9274
9238
9275
9239
9276
9240
9277
9241
9278
9242
9279
9243
9280
9244
9281
9245
9282
9246
9283
9247
9284
9248
9285
9249
9286
9250
9287
9251
9288
9252
9289
9253
9290
9254
9291
9255
9292
9256
9293
9257
9294
9258
9295
9259
9296
9260
9297
9261
9298
9262
9299
9263
9300
9264
9301
9265
9302
9266
9303
9267
9304
9268
9305
9269
9306
9270
9307
9271
9308
9309
40017
9273
9310
57784
9274
9311
9275
9312
9276
9313
9277
9314
9278
9315
9279
9316
9280
9317
9281
9318
9282
9319
9283
9320
9284
9321
9285
9322
9286
9323
9287
9324
9288
9325
9289
9326
9290
9327
9291
9328
9292
9329
9293
9330
9294
9331
9295
9332
9296
9333
9297
9334
9298
9335
9299
9336
9300
9337
9301
9338
9302
9339
9303
9340
9304
9341
9305
9342
9306
9343
9307
9344
9308
9345
9309
9346
9347
40116
9311
9348
57785
9312
9349
9313
9350
9314
9351
9315
9352
9316
9353
9317
9354
9318
9355
9319
9356
9320
9357
9321
9358
9322
9359
9323
9360
9324
9361
9325
9362
9326
9363
9327
9364
9328
9365
9329
9366
9330
9367
9331
9368
9332
9369
9333
9370
9334
9371
9335
9372
9336
9373
9337
9374
9338
9375
9339
9376
9340
9377
9341
9378
9342
9379
9343
9380
9344
9381
9345
9382
9346
9383
9347
9384
9385
40215
9349
9386
57786
9350
9387
9351
9388
9352
9389
9353
9390
9354
9391
9355
9392
9356
9393
9357
9394
9358
9395
9359
9396
9360
9397
9361
9398
9362
9399
9363
9400
9364
9401
9365
9402
9366
9403
9367
9404
9368
9405
9369
9406
9370
9407
9371
9408
9372
9409
9373
9410
9374
9411
9375
9412
9376
9413
9377
9414
9378
9415
9379
9416
9380
9417
9381
9418
9382
9419
9383
9420
9384
9421
9385
9422
9423
40314
9387
9424
57787
9388
9425
9389
9426
9390
9427
9391
9428
9392
9429
9393
9430
9394
9431
9395
9432
9396
9433
9397
9434
9398
9435
9399
9436
9400
9437
9401
9438
9402
9439
9403
9440
9404
9441
9405
9442
9406
9443
9407
9444
9408
9445
9409
9446
9410
9447
9411
9448
9412
9449
9413
9450
9414
9451
9415
9452
9416
9453
9417
9454
9418
9455
9419
9456
9420
9457
9421
9458
9422
9459
9423
9460
9461
40413
9425
9462
57788
9426
9463
9427
9464
9428
9465
9429
9466
9430
9467
9431
9468
9432
9469
9433
9470
9434
9471
9435
9472
9436
9473
9437
9474
9438
9475
9439
9476
9440
9477
9441
9478
9442
9479
9443
9480
9444
9481
9445
9482
9446
9483
9447
9484
9448
9485
9449
9486
9450
9487
9451
9488
9452
9489
9453
9490
9454
9491
9455
9492
9456
9493
9457
9494
9458
9495
9459
9496
9460
9497
9461
9498
9499
40512
9463
9500
57789
9464
9501
9465
9502
9466
9503
9467
9504
9468
9505
9469
9506
9470
9507
9471
9508
9472
9509
9473
9510
9474
9511
9475
9512
9476
9513
9477
9514
9478
9515
9479
9516
9480
9517
9481
9518
9482
9519
9483
9520
9484
9521
9485
9522
9486
9523
9487
9524
9488
9525
9489
9526
9490
9527
9491
9528
9492
9529
9493
9530
9494
9531
9495
9532
9496
9533
9497
9534
9498
9535
9499
9536
9537
40611
9501
9538
57790
9502
9539
9503
9540
9504
9541
9505
9542
9506
9543
9507
9544
9508
9545
9509
9546
9510
9547
9511
9548
9512
9549
9513
9550
9514
9551
9515
9552
9516
9553
9517
9554
9518
9555
9519
9556
9520
9557
9521
9558
9522
9559
9523
9560
9524
9561
9525
9562
9526
9563
9527
9564
9528
9565
9529
9566
9530
9567
9531
9568
9532
9569
9533
9570
9534
9571
9535
9572
9536
9573
9537
9574
9575
40710
9539
9576
57791
9540
9577
9541
9578
9542
9579
9543
9580
9544
9581
9545
9582
9546
9583
9547
9584
9548
9585
9549
9586
9550
9587
9551
9588
9552
9589
9553
9590
9554
9591
9555
9592
9556
9593
9557
9594
9558
9595
9559
9596
9560
9597
9561
9598
9562
9599
9563
9600
9564
9601
9565
9602
9566
9603
9567
9604
9568
9605
9569
9606
9570
9607
9571
9608
9572
9609
9573
9610
9574
9611
9575
9612
9613
40809
9577
9614
57792
9578
9615
9579
9616
9580
9617
9581
9618
9582
9619
9583
9620
9584
9621
9585
9622
9586
9623
9587
9624
9588
9625
9589
9626
9590
9627
9591
9628
9592
9629
9593
9630
9594
9631
9595
9632
9596
9633
9597
9634
9598
9635
9599
9636
9600
9637
9601
9638
9602
9639
9603
9640
9604
9641
9605
9642
9606
9643
9607
9644
9608
9645
9609
9646
9610
9647
9611
9648
9612
9649
9613
9650
9651
40908
9615
9652
57793
9616
9653
9617
9654
9618
9655
9619
9656
9620
9657
9621
9658
9622
9659
9623
9660
9624
9661
9625
9662
9626
9663
9627
9664
9628
9665
9629
9666
9630
9667
9631
9668
9632
9669
9633
9670
9634
9671
9635
9672
9636
9673
9637
9674
9638
9675
9639
9676
9640
9677
9641
9678
9642
9679
9643
9680
9644
9681
9645
9682
9646
9683
9647
9684
9648
9685
9649
9686
9650
9687
9651
9688
9689
41007
9653
9690
57794
9654
9691
9655
9692
9656
9693
9657
9694
9658
9695
9659
9696
9660
9697
9661
9698
9662
9699
9663
9700
9664
9701
9665
9702
9666
9703
9667
9704
9668
9705
9669
9706
9670
9707
9671
9708
9672
9709
9673
9710
9674
9711
9675
9712
9676
9713
9677
9714
9678
9715
9679
9716
9680
9717
9681
9718
9682
9719
9683
9720
9684
9721
9685
9722
9686
9723
9687
9724
9688
9725
9689
9726
9727
41106
9691
9728
57795
9692
9729
9693
9730
9694
9731
9695
9732
9696
9733
9697
9734
9698
9735
9699
9736
9700
9737
9701
9738
9702
9739
9703
9740
9704
9741
9705
9742
9706
9743
9707
9744
9708
9745
9709
9746
9710
9747
9711
9748
9712
9749
9713
9750
9714
9751
9715
9752
9716
9753
9717
9754
9718
9755
9719
9756
9720
9757
9721
9758
9722
9759
9723
9760
9724
9761
9725
9762
9726
9763
9727
9764
9765
41205
9729
9766
57796
9730
9767
9731
9768
9732
9769
9733
9770
9734
9771
9735
9772
9736
9773
9737
9774
9738
9775
9739
9776
9740
9777
9741
9778
9742
9779
9743
9780
9744
9781
9745
9782
9746
9783
9747
9784
9748
9785
9749
9786
9750
9787
9751
9788
9752
9789
9753
9790
9754
9791
9755
9792
9756
9793
9757
9794
9758
9795
9759
9796
9760
9797
9761
9798
9762
9799
9763
9800
9764
9801
9765
9802
9803
41304
9767
9804
57797
9768
9805
9769
9806
9770
9807
9771
9808
9772
9809
9773
9810
9774
9811
9775
9812
9776
9813
9777
9814
9778
9815
9779
9816
9780
9817
9781
9818
9782
9819
9783
9820
9784
9821
9785
9822
9786
9823
9787
9824
9788
9825
9789
9826
9790
9827
9791
9828
9792
9829
9793
9830
9794
9831
9795
9832
9796
9833
9797
9834
9798
9835
9799
9836
9800
9837
9801
9838
9802
9839
9803
9840
9841
41403
9805
9842
57798
9806
9843
9807
9844
9808
9845
9809
9846
9810
9847
9811
9848
9812
9849
9813
9850
9814
9851
9815
9852
9816
9853
9817
9854
9818
9855
9819
9856
9820
9857
9821
9858
9822
9859
9823
9860
9824
9861
9825
9862
9826
9863
9827
9864
9828
9865
9829
9866
9830
9867
9831
9868
9832
9869
9833
9870
9834
9871
9835
9872
9836
9873
9837
9874
9838
9875
9839
9876
9840
9877
9841
9878
9879
41502
9843
9880
57799
9844
9881
9845
9882
9846
9883
9847
9884
9848
9885
9849
9886
9850
9887
9851
9888
9852
9889
9853
9890
9854
9891
9855
9892
9856
9893
9857
9894
9858
9895
9859
9896
9860
9897
9861
9898
9862
9899
9863
9900
9864
9901
9865
9902
9866
9903
9867
9904
9868
9905
9869
9906
9870
9907
9871
9908
9872
9909
9873
9910
9874
9911
9875
9912
9876
9913
9877
9914
9878
9915
9879
9916
9917
41601
9881
9918
57800
9882
9919
9883
9920
9884
9921
9885
9922
9886
9923
9887
9924
9888
9925
9889
9926
9890
9927
9891
9928
9892
9929
9893
9930
9894
9931
9895
9932
9896
9933
9897
9934
9898
9935
9899
9936
9900
9937
9901
9938
9902
9939
9903
9940
9904
9941
9905
9942
9906
9943
9907
9944
9908
9945
9909
9946
9910
9947
9911
9948
9912
9949
9913
9950
9914
9951
9915
9952
9916
9953
9917
9954
9955
41700
9919
9956
57801
9920
9957
9921
9958
9922
9959
9923
9960
9924
9961
9925
9962
9926
9963
9927
9964
9928
9965
9929
9966
9930
9967
9931
9968
9932
9969
9933
9970
9934
9971
9935
9972
9936
9973
9937
9974
9938
9975
9939
9976
9940
9977
9941
9978
9942
9979
9943
9980
9944
9981
9945
9982
9946
9983
9947
9984
9948
9985
9949
9986
9950
9987
9951
9988
9952
9989
9953
9990
9954
9991
9955
9992
9993
41799
9957
9994
57802
9958
9995
9959
9996
9960
9997
9961
9998
9962
9999
9963
10000
9964
10001
9965
10002
9966
10003
9967
10004
9968
10005
9969
10006
9970
10007
9971
10008
9972
10009
9973
10010
9974
10011
9975
10012
9976
10013
9977
10014
9978
10015
9979
10016
9980
10017
9981
10018
9982
10019
9983
10020
9984
10021
9985
10022
9986
10023
9987
10024
9988
10025
9989
10026
9990
10027
9991
10028
9992
10029
9993
10030
10031
41898
9995
10032
57803
9996
10033
9997
10034
9998
10035
9999
10036
10000
10037
10001
10038
10002
10039
10003
10040
10004
10041
10005
10042
10006
10043
10007
10044
10008
10045
10009
10046
10010
10047
10011
10048
10012
10049
10013
10050
10014
10051
10015
10052
10016
10053
10017
10054
10018
10055
10019
10056
10020
10057
10021
10058
10022
10059
10023
10060
10024
10061
10025
10062
10026
10063
10027
10064
10028
10065
10029
10066
10030
10067
10031
10068
10069
41997
10033
10070
57804
10034
10071
10035
10072
10036
10073
10037
10074
10038
10075
10039
10076
10040
10077
10041
10078
10042
10079
10043
10080
10044
10081
10045
10082
10046
10083
10047
10084
10048
10085
10049
10086
10050
10087
10051
10088
10052
10089
10053
10090
10054
10091
10055
10092
10056
10093
10057
10094
10058
10095
10059
10096
10060
10097
10061
10098
10062
10099
10063
10100
10064
10101
10065
10102
10066
10103
10067
10104
10068
10105
10069
10106
10107
42096
10071
10108
57805
10072
10109
10073
10110
10074
10111
10075
10112
10076
10113
10077
10114
10078
10115
10079
10116
10080
10117
10081
10118
10082
10119
10083
10120
10084
10121
10085
10122
10086
10123
10087
10124
10088
10125
10089
10126
10090
10127
10091
10128
10092
10129
10093
10130
10094
10131
10095
10132
10096
10133
10097
10134
10098
10135
10099
10136
10100
10137
10101
10138
10102
10139
10103
10140
10104
10141
10105
10142
10106
10143
10107
10144
10145
42195
10109
10146
57806
10110
10147
10111
10148
10112
10149
10113
10150
10114
10151
10115
10152
10116
10153
10117
10154
10118
10155
10119
10156
10120
10157
10121
10158
10122
10159
10123
10160
10124
10161
10125
10162
10126
10163
10127
10164
10128
10165
10129
10166
10130
10167
10131
10168
10132
10169
10133
10170
10134
10171
10135
10172
10136
10173
10137
10174
10138
10175
10139
10176
10140
10177
10141
10178
10142
10179
10143
10180
10144
10181
10145
10182
10183
42294
10147
10184
57807
10148
10185
10149
10186
10150
10187
10151
10188
10152
10189
10153
10190
10154
10191
10155
10192
10156
10193
10157
10194
10158
10195
10159
10196
10160
10197
10161
10198
10162
10199
10163
10200
10164
10201
10165
10202
10166
10203
10167
10204
10168
10205
10169
10206
10170
10207
10171
10208
10172
10209
10173
10210
10174
10211
10175
10212
10176
10213
10177
10214
10178
10215
10179
10216
10180
10217
10181
10218
10182
10219
10183
10220
10221
42393
10185
10222
57808
10186
10223
10187
10224
10188
10225
10189
10226
10190
10227
10191
10228
10192
10229
10193
10230
10194
10231
10195
10232
10196
10233
10197
10234
10198
10235
10199
10236
10200
10237
10201
10238
10202
10239
10203
10240
10204
10241
10205
10242
10206
10243
10207
10244
10208
10245
10209
10246
10210
10247
10211
10248
10212
10249
10213
10250
10214
10251
10215
10252
10216
10253
10217
10254
10218
10255
10219
10256
10220
10257
10221
10258
10259
42492
10223
10260
57809
10224
10261
10225
10262
10226
10263
10227
10264
10228
10265
10229
10266
10230
10267
10231
10268
10232
10269
10233
10270
10234
10271
10235
10272
10236
10273
10237
10274
10238
10275
10239
10276
10240
10277
10241
10278
10242
10279
10243
10280
10244
10281
10245
10282
10246
10283
10247
10284
10248
10285
10249
10286
10250
10287
10251
10288
10252
10289
10253
10290
10254
10291
10255
10292
10256
10293
10257
10294
10258
10295
10259
10296
10297
42591
10261
10298
57810
10262
10299
10263
10300
10264
10301
10265
10302
10266
10303
10267
10304
10268
10305
10269
10306
10270
10307
10271
10308
10272
10309
10273
10310
10274
10311
10275
10312
10276
10313
10277
10314
10278
10315
10279
10316
10280
10317
10281
10318
10282
10319
10283
10320
10284
10321
10285
10322
10286
10323
10287
10324
10288
10325
10289
10326
10290
10327
10291
10328
10292
10329
10293
10330
10294
10331
10295
10332
10296
10333
10297
10334
10335
42690
10299
10336
57811
10300
10337
10301
10338
10302
10339
10303
10340
10304
10341
10305
10342
10306
10343
10307
10344
10308
10345
10309
10346
10310
10347
10311
10348
10312
10349
10313
10350
10314
10351
10315
10352
10316
10353
10317
10354
10318
10355
10319
10356
10320
10357
10321
10358
10322
10359
10323
10360
10324
10361
10325
10362
10326
10363
10327
10364
10328
10365
10329
10366
10330
10367
10331
10368
10332
10369
10333
10370
10334
10371
10335
10372
10373
42789
10337
10374
57812
10338
10375
10339
10376
10340
10377
10341
10378
10342
10379
10343
10380
10344
10381
10345
10382
10346
10383
10347
10384
10348
10385
10349
10386
10350
10387
10351
10388
10352
10389
10353
10390
10354
10391
10355
10392
10356
10393
10357
10394
10358
10395
10359
10396
10360
10397
10361
10398
10362
10399
10363
10400
10364
10401
10365
10402
10366
10403
10367
10404
10368
10405
10369
10406
10370
10407
10371
10408
10372
10409
10373
10410
10411
42888
10375
10412
57813
10376
10413
10377
10414
10378
10415
10379
10416
10380
10417
10381
10418
10382
10419
10383
10420
10384
10421
10385
10422
10386
10423
10387
10424
10388
10425
10389
10426
10390
10427
10391
10428
10392
10429
10393
10430
10394
10431
10395
10432
10396
10433
10397
10434
10398
10435
10399
10436
10400
10437
10401
10438
10402
10439
10403
10440
10404
10441
10405
10442
10406
10443
10407
10444
10408
10445
10409
10446
10410
10447
10411
10448
10449
42987
10413
10450
57814
10414
10451
10415
10452
10416
10453
10417
10454
10418
10455
10419
10456
10420
10457
10421
10458
10422
10459
10423
10460
10424
10461
10425
10462
10426
10463
10427
10464
10428
10465
10429
10466
10430
10467
10431
10468
10432
10469
10433
10470
10434
10471
10435
10472
10436
10473
10437
10474
10438
10475
10439
10476
10440
10477
10441
10478
10442
10479
10443
10480
10444
10481
10445
10482
10446
10483
10447
10484
10448
10485
10449
10486
10487
43086
10451
10488
57815
10452
10489
10453
10490
10454
10491
10455
10492
10456
10493
10457
10494
10458
10495
10459
10496
10460
10497
10461
10498
10462
10499
10463
10500
10464
10501
10465
10502
10466
10503
10467
10504
10468
10505
10469
10506
10470
10507
10471
10508
10472
10509
10473
10510
10474
10511
10475
10512
10476
10513
10477
10514
10478
10515
10479
10516
10480
10517
10481
10518
10482
10519
10483
10520
10484
10521
10485
10522
10486
10523
10487
10524
10525
43185
10489
10526
57816
10490
10527
10491
10528
10492
10529
10493
10530
10494
10531
10495
10532
10496
10533
10497
10534
10498
10535
10499
10536
10500
10537
10501
10538
10502
10539
10503
10540
10504
10541
10505
10542
10506
10543
10507
10544
10508
10545
10509
10546
10510
10547
10511
10548
10512
10549
10513
10550
10514
10551
10515
10552
10516
10553
10517
10554
10518
10555
10519
10556
10520
10557
10521
10558
10522
10559
10523
10560
10524
10561
10525
10562
10563
43284
10527
10564
57817
10528
10565
10529
10566
10530
10567
10531
10568
10532
10569
10533
10570
10534
10571
10535
10572
10536
10573
10537
10574
10538
10575
10539
10576
10540
10577
10541
10578
10542
10579
10543
10580
10544
10581
10545
10582
10546
10583
10547
10584
10548
10585
10549
10586
10550
10587
10551
10588
10552
10589
10553
10590
10554
10591
10555
10592
10556
10593
10557
10594
10558
10595
10559
10596
10560
10597
10561
10598
10562
10599
10563
10600
10601
43383
10565
10602
57818
10566
10603
10567
10604
10568
10605
10569
10606
10570
10607
10571
10608
10572
10609
10573
10610
10574
10611
10575
10612
10576
10613
10577
10614
10578
10615
10579
10616
10580
10617
10581
10618
10582
10619
10583
10620
10584
10621
10585
10622
10586
10623
10587
10624
10588
10625
10589
10626
10590
10627
10591
10628
10592
10629
10593
10630
10594
10631
10595
10632
10596
10633
10597
10634
10598
10635
10599
10636
10600
10637
10601
10638
10639
43482
10603
10640
57819
10604
10641
10605
10642
10606
10643
10607
10644
10608
10645
10609
10646
10610
10647
10611
10648
10612
10649
10613
10650
10614
10651
10615
10652
10616
10653
10617
10654
10618
10655
10619
10656
10620
10657
10621
10658
10622
10659
10623
10660
10624
10661
10625
10662
10626
10663
10627
10664
10628
10665
10629
10666
10630
10667
10631
10668
10632
10669
10633
10670
10634
10671
10635
10672
10636
10673
10637
10674
10638
10675
10639
10676
10677
43581
10641
10678
57820
10642
10679
10643
10680
10644
10681
10645
10682
10646
10683
10647
10684
10648
10685
10649
10686
10650
10687
10651
10688
10652
10689
10653
10690
10654
10691
10655
10692
10656
10693
10657
10694
10658
10695
10659
10696
10660
10697
10661
10698
10662
10699
10663
10700
10664
10701
10665
10702
10666
10703
10667
10704
10668
10705
10669
10706
10670
10707
10671
10708
10672
10709
10673
10710
10674
10711
10675
10712
10676
10713
10677
10714
10715
43680
10679
10716
57821
10680
10717
10681
10718
10682
10719
10683
10720
10684
10721
10685
10722
10686
10723
10687
10724
10688
10725
10689
10726
10690
10727
10691
10728
10692
10729
10693
10730
10694
10731
10695
10732
10696
10733
10697
10734
10698
10735
10699
10736
10700
10737
10701
10738
10702
10739
10703
10740
10704
10741
10705
10742
10706
10743
10707
10744
10708
10745
10709
10746
10710
10747
10711
10748
10712
10749
10713
10750
10714
10751
10715
10752
10753
43779
10717
10754
57822
10718
10755
10719
10756
10720
10757
10721
10758
10722
10759
10723
10760
10724
10761
10725
10762
10726
10763
10727
10764
10728
10765
10729
10766
10730
10767
10731
10768
10732
10769
10733
10770
10734
10771
10735
10772
10736
10773
10737
10774
10738
10775
10739
10776
10740
10777
10741
10778
10742
10779
10743
10780
10744
10781
10745
10782
10746
10783
10747
10784
10748
10785
10749
10786
10750
10787
10751
10788
10752
10789
10753
10790
10791
43878
10755
10792
57823
10756
10793
10757
10794
10758
10795
10759
10796
10760
10797
10761
10798
10762
10799
10763
10800
10764
10801
10765
10802
10766
10803
10767
10804
10768
10805
10769
10806
10770
10807
10771
10808
10772
10809
10773
10810
10774
10811
10775
10812
10776
10813
10777
10814
10778
10815
10779
10816
10780
10817
10781
10818
10782
10819
10783
10820
10784
10821
10785
10822
10786
10823
10787
10824
10788
10825
10789
10826
10790
10827
10791
10828
10829
43977
10793
10830
57824
10794
10831
10795
10832
10796
10833
10797
10834
10798
10835
10799
10836
10800
10837
10801
10838
10802
10839
10803
10840
10804
10841
10805
10842
10806
10843
10807
10844
10808
10845
10809
10846
10810
10847
10811
10848
10812
10849
10813
10850
10814
10851
10815
10852
10816
10853
10817
10854
10818
10855
10819
10856
10820
10857
10821
10858
10822
10859
10823
10860
10824
10861
10825
10862
10826
10863
10827
10864
10828
10865
10829
10866
10867
44076
10831
10868
57825
10832
10869
10833
10870
10834
10871
10835
10872
10836
10873
10837
10874
10838
10875
10839
10876
10840
10877
10841
10878
10842
10879
10843
10880
10844
10881
10845
10882
10846
10883
10847
10884
10848
10885
10849
10886
10850
10887
10851
10888
10852
10889
10853
10890
10854
10891
10855
10892
10856
10893
10857
10894
10858
10895
10859
10896
10860
10897
10861
10898
10862
10899
10863
10900
10864
10901
10865
10902
10866
10903
10867
10904
10905
44175
10869
10906
57826
10870
10907
10871
10908
10872
10909
10873
10910
10874
10911
10875
10912
10876
10913
10877
10914
10878
10915
10879
10916
10880
10917
10881
10918
10882
10919
10883
10920
10884
10921
10885
10922
10886
10923
10887
10924
10888
10925
10889
10926
10890
10927
10891
10928
10892
10929
10893
10930
10894
10931
10895
10932
10896
10933
10897
10934
10898
10935
10899
10936
10900
10937
10901
10938
10902
10939
10903
10940
10904
10941
10905
10942
10943
44274
10907
10944
57827
10908
10945
10909
10946
10910
10947
10911
10948
10912
10949
10913
10950
10914
10951
10915
10952
10916
10953
10917
10954
10918
10955
10919
10956
10920
10957
10921
10958
10922
10959
10923
10960
10924
10961
10925
10962
10926
10963
10927
10964
10928
10965
10929
10966
10930
10967
10931
10968
10932
10969
10933
10970
10934
10971
10935
10972
10936
10973
10937
10974
10938
10975
10939
10976
10940
10977
10941
10978
10942
10979
10943
10980
10981
44373
10945
10982
57828
10946
10983
10947
10984
10948
10985
10949
10986
10950
10987
10951
10988
10952
10989
10953
10990
10954
10991
10955
10992
10956
10993
10957
10994
10958
10995
10959
10996
10960
10997
10961
10998
10962
10999
10963
11000
10964
11001
10965
11002
10966
11003
10967
11004
10968
11005
10969
11006
10970
11007
10971
11008
10972
11009
10973
11010
10974
11011
10975
11012
10976
11013
10977
11014
10978
11015
10979
11016
10980
11017
10981
11018
11019
44472
10983
11020
57829
10984
11021
10985
11022
10986
11023
10987
11024
10988
11025
10989
11026
10990
11027
10991
11028
10992
11029
10993
11030
10994
11031
10995
11032
10996
11033
10997
11034
10998
11035
10999
11036
11000
11037
11001
11038
11002
11039
11003
11040
11004
11041
11005
11042
11006
11043
11007
11044
11008
11045
11009
11046
11010
11047
11011
11048
11012
11049
11013
11050
11014
11051
11015
11052
11016
11053
11017
11054
11018
11055
11019
11056
11057
44571
11021
11058
57830
11022
11059
11023
11060
11024
11061
11025
11062
11026
11063
11027
11064
11028
11065
11029
11066
11030
11067
11031
11068
11032
11069
11033
11070
11034
11071
11035
11072
11036
11073
11037
11074
11038
11075
11039
11076
11040
11077
11041
11078
11042
11079
11043
11080
11044
11081
11045
11082
11046
11083
11047
11084
11048
11085
11049
11086
11050
11087
11051
11088
11052
11089
11053
11090
11054
11091
11055
11092
11056
11093
11057
11094
11095
44670
11059
11096
57831
11060
11097
11061
11098
11062
11099
11063
11100
11064
11101
11065
11102
11066
11103
11067
11104
11068
11105
11069
11106
11070
11107
11071
11108
11072
11109
11073
11110
11074
11111
11075
11112
11076
11113
11077
11114
11078
11115
11079
11116
11080
11117
11081
11118
11082
11119
11083
11120
11084
11121
11085
11122
11086
11123
11087
11124
11088
11125
11089
11126
11090
11127
11091
11128
11092
11129
11093
11130
11094
11131
11095
11132
11133
44769
11097
11134
57832
11098
11135
11099
11136
11100
11137
11101
11138
11102
11139
11103
11140
11104
11141
11105
11142
11106
11143
11107
11144
11108
11145
11109
11146
11110
11147
11111
11148
11112
11149
11113
11150
11114
11151
11115
11152
11116
11153
11117
11154
11118
11155
11119
11156
11120
11157
11121
11158
11122
11159
11123
11160
11124
11161
11125
11162
11126
11163
11127
11164
11128
11165
11129
11166
11130
11167
11131
11168
11132
11169
11133
11170
11171
44868
11135
11172
57833
11136
11173
11137
11174
11138
11175
11139
11176
11140
11177
11141
11178
11142
11179
11143
11180
11144
11181
11145
11182
11146
11183
11147
11184
11148
11185
11149
11186
11150
11187
11151
11188
11152
11189
11153
11190
11154
11191
11155
11192
11156
11193
11157
11194
11158
11195
11159
11196
11160
11197
11161
11198
11162
11199
11163
11200
11164
11201
11165
11202
11166
11203
11167
11204
11168
11205
11169
11206
11170
11207
11171
11208
11209
44967
11173
11210
57834
11174
11211
11175
11212
11176
11213
11177
11214
11178
11215
11179
11216
11180
11217
11181
11218
11182
11219
11183
11220
11184
11221
11185
11222
11186
11223
11187
11224
11188
11225
11189
11226
11190
11227
11191
11228
11192
11229
11193
11230
11194
11231
11195
11232
11196
11233
11197
11234
11198
11235
11199
11236
11200
11237
11201
11238
11202
11239
11203
11240
11204
11241
11205
11242
11206
11243
11207
11244
11208
11245
11209
11246
11247
45066
11211
11248
57835
11212
11249
11213
11250
11214
11251
11215
11252
11216
11253
11217
11254
11218
11255
11219
11256
11220
11257
11221
11258
11222
11259
11223
11260
11224
11261
11225
11262
11226
11263
11227
11264
11228
11265
11229
11266
11230
11267
11231
11268
11232
11269
11233
11270
11234
11271
11235
11272
11236
11273
11237
11274
11238
11275
11239
11276
11240
11277
11241
11278
11242
11279
11243
11280
11244
11281
11245
11282
11246
11283
11247
11284
11285
45165
11249
11286
57836
11250
11287
11251
11288
11252
11289
11253
11290
11254
11291
11255
11292
11256
11293
11257
11294
11258
11295
11259
11296
11260
11297
11261
11298
11262
11299
11263
11300
11264
11301
11265
11302
11266
11303
11267
11304
11268
11305
11269
11306
11270
11307
11271
11308
11272
11309
11273
11310
11274
11311
11275
11312
11276
11313
11277
11314
11278
11315
11279
11316
11280
11317
11281
11318
11282
11319
11283
11320
11284
11321
11285
11322
11323
45264
11287
11324
57837
11288
11325
11289
11326
11290
11327
11291
11328
11292
11329
11293
11330
11294
11331
11295
11332
11296
11333
11297
11334
11298
11335
11299
11336
11300
11337
11301
11338
11302
11339
11303
11340
11304
11341
11305
11342
11306
11343
11307
11344
11308
11345
11309
11346
11310
11347
11311
11348
11312
11349
11313
11350
11314
11351
11315
11352
11316
11353
11317
11354
11318
11355
11319
11356
11320
11357
11321
11358
11322
11359
11323
11360
11361
45363
11325
11362
57838
11326
11363
11327
11364
11328
11365
11329
11366
11330
11367
11331
11368
11332
11369
11333
11370
11334
11371
11335
11372
11336
11373
11337
11374
11338
11375
11339
11376
11340
11377
11341
11378
11342
11379
11343
11380
11344
11381
11345
11382
11346
11383
11347
11384
11348
11385
11349
11386
11350
11387
11351
11388
11352
11389
11353
11390
11354
11391
11355
11392
11356
11393
11357
11394
11358
11395
11359
11396
11360
11397
11361
11398
11399
45462
11363
11400
57839
11364
11401
11365
11402
11366
11403
11367
11404
11368
11405
11369
11406
11370
11407
11371
11408
11372
11409
11373
11410
11374
11411
11375
11412
11376
11413
11377
11414
11378
11415
11379
11416
11380
11417
11381
11418
11382
11419
11383
11420
11384
11421
11385
11422
11386
11423
11387
11424
11388
11425
11389
11426
11390
11427
11391
11428
11392
11429
11393
11430
11394
11431
11395
11432
11396
11433
11397
11434
11398
11435
11399
11436
11437
45561
11401
11438
57840
11402
11439
11403
11440
11404
11441
11405
11442
11406
11443
11407
11444
11408
11445
11409
11446
11410
11447
11411
11448
11412
11449
11413
11450
11414
11451
11415
11452
11416
11453
11417
11454
11418
11455
11419
11456
11420
11457
11421
11458
11422
11459
11423
11460
11424
11461
11425
11462
11426
11463
11427
11464
11428
11465
11429
11466
11430
11467
11431
11468
11432
11469
11433
11470
11434
11471
11435
11472
11436
11473
11437
11474
11475
45660
11439
11476
57841
11440
11477
11441
11478
11442
11479
11443
11480
11444
11481
11445
11482
11446
11483
11447
11484
11448
11485
11449
11486
11450
11487
11451
11488
11452
11489
11453
11490
11454
11491
11455
11492
11456
11493
11457
11494
11458
11495
11459
11496
11460
11497
11461
11498
11462
11499
11463
11500
11464
11501
11465
11502
11466
11503
11467
11504
11468
11505
11469
11506
11470
11507
11471
11508
11472
11509
11473
11510
11474
11511
11475
11512
11513
45759
11477
11514
57842
11478
11515
11479
11516
11480
11517
11481
11518
11482
11519
11483
11520
11484
11521
11485
11522
11486
11523
11487
11524
11488
11525
11489
11526
11490
11527
11491
11528
11492
11529
11493
11530
11494
11531
11495
11532
11496
11533
11497
11534
11498
11535
11499
11536
11500
11537
11501
11538
11502
11539
11503
11540
11504
11541
11505
11542
11506
11543
11507
11544
11508
11545
11509
11546
11510
11547
11511
11548
11512
11549
11513
11550
11551
45858
11515
11552
57843
11516
11553
11517
11554
11518
11555
11519
11556
11520
11557
11521
11558
11522
11559
11523
11560
11524
11561
11525
11562
11526
11563
11527
11564
11528
11565
11529
11566
11530
11567
11531
11568
11532
11569
11533
11570
11534
11571
11535
11572
11536
11573
11537
11574
11538
11575
11539
11576
11540
11577
11541
11578
11542
11579
11543
11580
11544
11581
11545
11582
11546
11583
11547
11584
11548
11585
11549
11586
11550
11587
11551
11588
11589
45957
11553
11590
57844
11554
11591
11555
11592
11556
11593
11557
11594
11558
11595
11559
11596
11560
11597
11561
11598
11562
11599
11563
11600
11564
11601
11565
11602
11566
11603
11567
11604
11568
11605
11569
11606
11570
11607
11571
11608
11572
11609
11573
11610
11574
11611
11575
11612
11576
11613
11577
11614
11578
11615
11579
11616
11580
11617
11581
11618
11582
11619
11583
11620
11584
11621
11585
11622
11586
11623
11587
11624
11588
11625
11589
11626
11627
46056
11591
11628
57845
11592
11629
11593
11630
11594
11631
11595
11632
11596
11633
11597
11634
11598
11635
11599
11636
11600
11637
11601
11638
11602
11639
11603
11640
11604
11641
11605
11642
11606
11643
11607
11644
11608
11645
11609
11646
11610
11647
11611
11648
11612
11649
11613
11650
11614
11651
11615
11652
11616
11653
11617
11654
11618
11655
11619
11656
11620
11657
11621
11658
11622
11659
11623
11660
11624
11661
11625
11662
11626
11663
11627
11664
11665
46155
11629
11666
57846
11630
11667
11631
11668
11632
11669
11633
11670
11634
11671
11635
11672
11636
11673
11637
11674
11638
11675
11639
11676
11640
11677
11641
11678
11642
11679
11643
11680
11644
11681
11645
11682
11646
11683
11647
11684
11648
11685
11649
11686
11650
11687
11651
11688
11652
11689
11653
11690
11654
11691
11655
11692
11656
11693
11657
11694
11658
11695
11659
11696
11660
11697
11661
11698
11662
11699
11663
11700
11664
11701
11665
11702
11703
46254
11667
11704
57847
11668
11705
11669
11706
11670
11707
11671
11708
11672
11709
11673
11710
11674
11711
11675
11712
11676
11713
11677
11714
11678
11715
11679
11716
11680
11717
11681
11718
11682
11719
11683
11720
11684
11721
11685
11722
11686
11723
11687
11724
11688
11725
11689
11726
11690
11727
11691
11728
11692
11729
11693
11730
11694
11731
11695
11732
11696
11733
11697
11734
11698
11735
11699
11736
11700
11737
11701
11738
11702
11739
11703
11740
11741
46353
11705
11742
57848
11706
11743
11707
11744
11708
11745
11709
11746
11710
11747
11711
11748
11712
11749
11713
11750
11714
11751
11715
11752
11716
11753
11717
11754
11718
11755
11719
11756
11720
11757
11721
11758
11722
11759
11723
11760
11724
11761
11725
11762
11726
11763
11727
11764
11728
11765
11729
11766
11730
11767
11731
11768
11732
11769
11733
11770
11734
11771
11735
11772
11736
11773
11737
11774
11738
11775
11739
11776
11740
11777
11741
11778
11779
46452
11743
11780
57849
11744
11781
11745
11782
11746
11783
11747
11784
11748
11785
11749
11786
11750
11787
11751
11788
11752
11789
11753
11790
11754
11791
11755
11792
11756
11793
11757
11794
11758
11795
11759
11796
11760
11797
11761
11798
11762
11799
11763
11800
11764
11801
11765
11802
11766
11803
11767
11804
11768
11805
11769
11806
11770
11807
11771
11808
11772
11809
11773
11810
11774
11811
11775
11812
11776
11813
11777
11814
11778
11815
11779
11816
11817
46551
11781
11818
57850
11782
11819
11783
11820
11784
11821
11785
11822
11786
11823
11787
11824
11788
11825
11789
11826
11790
11827
11791
11828
11792
11829
11793
11830
11794
11831
11795
11832
11796
11833
11797
11834
11798
11835
11799
11836
11800
11837
11801
11838
11802
11839
11803
11840
11804
11841
11805
11842
11806
11843
11807
11844
11808
11845
11809
11846
11810
11847
11811
11848
11812
11849
11813
11850
11814
11851
11815
11852
11816
11853
11817
11854
11855
46650
11819
11856
57851
11820
11857
11821
11858
11822
11859
11823
11860
11824
11861
11825
11862
11826
11863
11827
11864
11828
11865
11829
11866
11830
11867
11831
11868
11832
11869
11833
11870
11834
11871
11835
11872
11836
11873
11837
11874
11838
11875
11839
11876
11840
11877
11841
11878
11842
11879
11843
11880
11844
11881
11845
11882
11846
11883
11847
11884
11848
11885
11849
11886
11850
11887
11851
11888
11852
11889
11853
11890
11854
11891
11855
11892
11893
46749
11857
11894
57852
11858
11895
11859
11896
11860
11897
11861
11898
11862
11899
11863
11900
11864
11901
11865
11902
11866
11903
11867
11904
11868
11905
11869
11906
11870
11907
11871
11908
11872
11909
11873
11910
11874
11911
11875
11912
11876
11913
11877
11914
11878
11915
11879
11916
11880
11917
11881
11918
11882
11919
11883
11920
11884
11921
11885
11922
11886
11923
11887
11924
11888
11925
11889
11926
11890
11927
11891
11928
11892
11929
11893
11930
11931
46848
11895
11932
57853
11896
11933
11897
11934
11898
11935
11899
11936
11900
11937
11901
11938
11902
11939
11903
11940
11904
11941
11905
11942
11906
11943
11907
11944
11908
11945
11909
11946
11910
11947
11911
11948
11912
11949
11913
11950
11914
11951
11915
11952
11916
11953
11917
11954
11918
11955
11919
11956
11920
11957
11921
11958
11922
11959
11923
11960
11924
11961
11925
11962
11926
11963
11927
11964
11928
11965
11929
11966
11930
11967
11931
11968
11969
46947
11933
11970
57854
11934
11971
11935
11972
11936
11973
11937
11974
11938
11975
11939
11976
11940
11977
11941
11978
11942
11979
11943
11980
11944
11981
11945
11982
11946
11983
11947
11984
11948
11985
11949
11986
11950
11987
11951
11988
11952
11989
11953
11990
11954
11991
11955
11992
11956
11993
11957
11994
11958
11995
11959
11996
11960
11997
11961
11998
11962
11999
11963
12000
11964
12001
11965
12002
11966
12003
11967
12004
11968
12005
11969
12006
12007
47046
11971
12008
57855
11972
12009
11973
12010
11974
12011
11975
12012
11976
12013
11977
12014
11978
12015
11979
12016
11980
12017
11981
12018
11982
12019
11983
12020
11984
12021
11985
12022
11986
12023
11987
12024
11988
12025
11989
12026
11990
12027
11991
12028
11992
12029
11993
12030
11994
12031
11995
12032
11996
12033
11997
12034
11998
12035
11999
12036
12000
12037
12001
12038
12002
12039
12003
12040
12004
12041
12005
12042
12006
12043
12007
12044
12045
47145
12009
12046
57856
12010
12047
12011
12048
12012
12049
12013
12050
12014
12051
12015
12052
12016
12053
12017
12054
12018
12055
12019
12056
12020
12057
12021
12058
12022
12059
12023
12060
12024
12061
12025
12062
12026
12063
12027
12064
12028
12065
12029
12066
12030
12067
12031
12068
12032
12069
12033
12070
12034
12071
12035
12072
12036
12073
12037
12074
12038
12075
12039
12076
12040
12077
12041
12078
12042
12079
12043
12080
12044
12081
12045
12082
12083
47244
12047
12084
57857
12048
12085
12049
12086
12050
12087
12051
12088
12052
12089
12053
12090
12054
12091
12055
12092
12056
12093
12057
12094
12058
12095
12059
12096
12060
12097
12061
12098
12062
12099
12063
12100
12064
12101
12065
12102
12066
12103
12067
12104
12068
12105
12069
12106
12070
12107
12071
12108
12072
12109
12073
12110
12074
12111
12075
12112
12076
12113
12077
12114
12078
12115
12079
12116
12080
12117
12081
12118
12082
12119
12083
12120
12121
47343
12085
12122
57858
12086
12123
12087
12124
12088
12125
12089
12126
12090
12127
12091
12128
12092
12129
12093
12130
12094
12131
12095
12132
12096
12133
12097
12134
12098
12135
12099
12136
12100
12137
12101
12138
12102
12139
12103
12140
12104
12141
12105
12142
12106
12143
12107
12144
12108
12145
12109
12146
12110
12147
12111
12148
12112
12149
12113
12150
12114
12151
12115
12152
12116
12153
12117
12154
12118
12155
12119
12156
12120
12157
12121
12158
12159
47442
12123
12160
57859
12124
12161
12125
12162
12126
12163
12127
12164
12128
12165
12129
12166
12130
12167
12131
12168
12132
12169
12133
12170
12134
12171
12135
12172
12136
12173
12137
12174
12138
12175
12139
12176
12140
12177
12141
12178
12142
12179
12143
12180
12144
12181
12145
12182
12146
12183
12147
12184
12148
12185
12149
12186
12150
12187
12151
12188
12152
12189
12153
12190
12154
12191
12155
12192
12156
12193
12157
12194
12158
12195
12159
12196
12197
47541
12161
12198
57860
12162
12199
12163
12200
12164
12201
12165
12202
12166
12203
12167
12204
12168
12205
12169
12206
12170
12207
12171
12208
12172
12209
12173
12210
12174
12211
12175
12212
12176
12213
12177
12214
12178
12215
12179
12216
12180
12217
12181
12218
12182
12219
12183
12220
12184
12221
12185
12222
12186
12223
12187
12224
12188
12225
12189
12226
12190
12227
12191
12228
12192
12229
12193
12230
12194
12231
12195
12232
12196
12233
12197
12234
12235
47640
12199
12236
57861
12200
12237
12201
12238
12202
12239
12203
12240
12204
12241
12205
12242
12206
12243
12207
12244
12208
12245
12209
12246
12210
12247
12211
12248
12212
12249
12213
12250
12214
12251
12215
12252
12216
12253
12217
12254
12218
12255
12219
12256
12220
12257
12221
12258
12222
12259
12223
12260
12224
12261
12225
12262
12226
12263
12227
12264
12228
12265
12229
12266
12230
12267
12231
12268
12232
12269
12233
12270
12234
12271
12235
12272
12273
47739
12237
12274
57862
12238
12275
12239
12276
12240
12277
12241
12278
12242
12279
12243
12280
12244
12281
12245
12282
12246
12283
12247
12284
12248
12285
12249
12286
12250
12287
12251
12288
12252
12289
12253
12290
12254
12291
12255
12292
12256
12293
12257
12294
12258
12295
12259
12296
12260
12297
12261
12298
12262
12299
12263
12300
12264
12301
12265
12302
12266
12303
12267
12304
12268
12305
12269
12306
12270
12307
12271
12308
12272
12309
12273
12310
12311
47838
12275
12312
57863
12276
12313
12277
12314
12278
12315
12279
12316
12280
12317
12281
12318
12282
12319
12283
12320
12284
12321
12285
12322
12286
12323
12287
12324
12288
12325
12289
12326
12290
12327
12291
12328
12292
12329
12293
12330
12294
12331
12295
12332
12296
12333
12297
12334
12298
12335
12299
12336
12300
12337
12301
12338
12302
12339
12303
12340
12304
12341
12305
12342
12306
12343
12307
12344
12308
12345
12309
12346
12310
12347
12311
12348
12349
47937
12313
12350
57864
12314
12351
12315
12352
12316
12353
12317
12354
12318
12355
12319
12356
12320
12357
12321
12358
12322
12359
12323
12360
12324
12361
12325
12362
12326
12363
12327
12364
12328
12365
12329
12366
12330
12367
12331
12368
12332
12369
12333
12370
12334
12371
12335
12372
12336
12373
12337
12374
12338
12375
12339
12376
12340
12377
12341
12378
12342
12379
12343
12380
12344
12381
12345
12382
12346
12383
12347
12384
12348
12385
12349
12386
12387
48036
12351
12388
57865
12352
12389
12353
12390
12354
12391
12355
12392
12356
12393
12357
12394
12358
12395
12359
12396
12360
12397
12361
12398
12362
12399
12363
12400
12364
12401
12365
12402
12366
12403
12367
12404
12368
12405
12369
12406
12370
12407
12371
12408
12372
12409
12373
12410
12374
12411
12375
12412
12376
12413
12377
12414
12378
12415
12379
12416
12380
12417
12381
12418
12382
12419
12383
12420
12384
12421
12385
12422
12386
12423
12387
12424
12425
48135
12389
12426
57866
12390
12427
12391
12428
12392
12429
12393
12430
12394
12431
12395
12432
12396
12433
12397
12434
12398
12435
12399
12436
12400
12437
12401
12438
12402
12439
12403
12440
12404
12441
12405
12442
12406
12443
12407
12444
12408
12445
12409
12446
12410
12447
12411
12448
12412
12449
12413
12450
12414
12451
12415
12452
12416
12453
12417
12454
12418
12455
12419
12456
12420
12457
12421
12458
12422
12459
12423
12460
12424
12461
12425
12462
12463
48234
12427
12464
57867
12428
12465
12429
12466
12430
12467
12431
12468
12432
12469
12433
12470
12434
12471
12435
12472
12436
12473
12437
12474
12438
12475
12439
12476
12440
12477
12441
12478
12442
12479
12443
12480
12444
12481
12445
12482
12446
12483
12447
12484
12448
12485
12449
12486
12450
12487
12451
12488
12452
12489
12453
12490
12454
12491
12455
12492
12456
12493
12457
12494
12458
12495
12459
12496
12460
12497
12461
12498
12462
12499
12463
12500
12501
48333
12465
12502
57868
12466
12503
12467
12504
12468
12505
12469
12506
12470
12507
12471
12508
12472
12509
12473
12510
12474
12511
12475
12512
12476
12513
12477
12514
12478
12515
12479
12516
12480
12517
12481
12518
12482
12519
12483
12520
12484
12521
12485
12522
12486
12523
12487
12524
12488
12525
12489
12526
12490
12527
12491
12528
12492
12529
12493
12530
12494
12531
12495
12532
12496
12533
12497
12534
12498
12535
12499
12536
12500
12537
12501
12538
12539
48432
12503
12540
57869
12504
12541
12505
12542
12506
12543
12507
12544
12508
12545
12509
12546
12510
12547
12511
12548
12512
12549
12513
12550
12514
12551
12515
12552
12516
12553
12517
12554
12518
12555
12519
12556
12520
12557
12521
12558
12522
12559
12523
12560
12524
12561
12525
12562
12526
12563
12527
12564
12528
12565
12529
12566
12530
12567
12531
12568
12532
12569
12533
12570
12534
12571
12535
12572
12536
12573
12537
12574
12538
12575
12539
12576
12577
48531
12541
12578
57870
12542
12579
12543
12580
12544
12581
12545
12582
12546
12583
12547
12584
12548
12585
12549
12586
12550
12587
12551
12588
12552
12589
12553
12590
12554
12591
12555
12592
12556
12593
12557
12594
12558
12595
12559
12596
12560
12597
12561
12598
12562
12599
12563
12600
12564
12601
12565
12602
12566
12603
12567
12604
12568
12605
12569
12606
12570
12607
12571
12608
12572
12609
12573
12610
12574
12611
12575
12612
12576
12613
12577
12614
12615
48630
12579
12616
57871
12580
12617
12581
12618
12582
12619
12583
12620
12584
12621
12585
12622
12586
12623
12587
12624
12588
12625
12589
12626
12590
12627
12591
12628
12592
12629
12593
12630
12594
12631
12595
12632
12596
12633
12597
12634
12598
12635
12599
12636
12600
12637
12601
12638
12602
12639
12603
12640
12604
12641
12605
12642
12606
12643
12607
12644
12608
12645
12609
12646
12610
12647
12611
12648
12612
12649
12613
12650
12614
12651
12615
12652
12653
48729
12617
12654
57872
12618
12655
12619
12656
12620
12657
12621
12658
12622
12659
12623
12660
12624
12661
12625
12662
12626
12663
12627
12664
12628
12665
12629
12666
12630
12667
12631
12668
12632
12669
12633
12670
12634
12671
12635
12672
12636
12673
12637
12674
12638
12675
12639
12676
12640
12677
12641
12678
12642
12679
12643
12680
12644
12681
12645
12682
12646
12683
12647
12684
12648
12685
12649
12686
12650
12687
12651
12688
12652
12689
12653
12690
12691
48828
12655
12692
57873
12656
12693
12657
12694
12658
12695
12659
12696
12660
12697
12661
12698
12662
12699
12663
12700
12664
12701
12665
12702
12666
12703
12667
12704
12668
12705
12669
12706
12670
12707
12671
12708
12672
12709
12673
12710
12674
12711
12675
12712
12676
12713
12677
12714
12678
12715
12679
12716
12680
12717
12681
12718
12682
12719
12683
12720
12684
12721
12685
12722
12686
12723
12687
12724
12688
12725
12689
12726
12690
12727
12691
12728
12729
48927
12693
12730
57874
12694
12731
12695
12732
12696
12733
12697
12734
12698
12735
12699
12736
12700
12737
12701
12738
12702
12739
12703
12740
12704
12741
12705
12742
12706
12743
12707
12744
12708
12745
12709
12746
12710
12747
12711
12748
12712
12749
12713
12750
12714
12751
12715
12752
12716
12753
12717
12754
12718
12755
12719
12756
12720
12757
12721
12758
12722
12759
12723
12760
12724
12761
12725
12762
12726
12763
12727
12764
12728
12765
12729
12766
12767
49026
12731
12768
57875
12732
12769
12733
12770
12734
12771
12735
12772
12736
12773
12737
12774
12738
12775
12739
12776
12740
12777
12741
12778
12742
12779
12743
12780
12744
12781
12745
12782
12746
12783
12747
12784
12748
12785
12749
12786
12750
12787
12751
12788
12752
12789
12753
12790
12754
12791
12755
12792
12756
12793
12757
12794
12758
12795
12759
12796
12760
12797
12761
12798
12762
12799
12763
12800
12764
12801
12765
12802
12766
12803
12767
12804
12805
49125
12769
12806
57876
12770
12807
12771
12808
12772
12809
12773
12810
12774
12811
12775
12812
12776
12813
12777
12814
12778
12815
12779
12816
12780
12817
12781
12818
12782
12819
12783
12820
12784
12821
12785
12822
12786
12823
12787
12824
12788
12825
12789
12826
12790
12827
12791
12828
12792
12829
12793
12830
12794
12831
12795
12832
12796
12833
12797
12834
12798
12835
12799
12836
12800
12837
12801
12838
12802
12839
12803
12840
12804
12841
12805
12842
12843
49224
12807
12844
57877
12808
12845
12809
12846
12810
12847
12811
12848
12812
12849
12813
12850
12814
12851
12815
12852
12816
12853
12817
12854
12818
12855
12819
12856
12820
12857
12821
12858
12822
12859
12823
12860
12824
12861
12825
12862
12826
12863
12827
12864
12828
12865
12829
12866
12830
12867
12831
12868
12832
12869
12833
12870
12834
12871
12835
12872
12836
12873
12837
12874
12838
12875
12839
12876
12840
12877
12841
12878
12842
12879
12843
12880
12881
49323
12845
12882
57878
12846
12883
12847
12884
12848
12885
12849
12886
12850
12887
12851
12888
12852
12889
12853
12890
12854
12891
12855
12892
12856
12893
12857
12894
12858
12895
12859
12896
12860
12897
12861
12898
12862
12899
12863
12900
12864
12901
12865
12902
12866
12903
12867
12904
12868
12905
12869
12906
12870
12907
12871
12908
12872
12909
12873
12910
12874
12911
12875
12912
12876
12913
12877
12914
12878
12915
12879
12916
12880
12917
12881
12918
12919
49422
12883
12920
57879
12884
12921
12885
12922
12886
12923
12887
12924
12888
12925
12889
12926
12890
12927
12891
12928
12892
12929
12893
12930
12894
12931
12895
12932
12896
12933
12897
12934
12898
12935
12899
12936
12900
12937
12901
12938
12902
12939
12903
12940
12904
12941
12905
12942
12906
12943
12907
12944
12908
12945
12909
12946
12910
12947
12911
12948
12912
12949
12913
12950
12914
12951
12915
12952
12916
12953
12917
12954
12918
12955
12919
12956
12957
49521
12921
12958
57880
12922
12959
12923
12960
12924
12961
12925
12962
12926
12963
12927
12964
12928
12965
12929
12966
12930
12967
12931
12968
12932
12969
12933
12970
12934
12971
12935
12972
12936
12973
12937
12974
12938
12975
12939
12976
12940
12977
12941
12978
12942
12979
12943
12980
12944
12981
12945
12982
12946
12983
12947
12984
12948
12985
12949
12986
12950
12987
12951
12988
12952
12989
12953
12990
12954
12991
12955
12992
12956
12993
12957
12994
12995
49620
12959
12996
57881
12960
12997
12961
12998
12962
12999
12963
13000
12964
13001
12965
13002
12966
13003
12967
13004
12968
13005
12969
13006
12970
13007
12971
13008
12972
13009
12973
13010
12974
13011
12975
13012
12976
13013
12977
13014
12978
13015
12979
13016
12980
13017
12981
13018
12982
13019
12983
13020
12984
13021
12985
13022
12986
13023
12987
13024
12988
13025
12989
13026
12990
13027
12991
13028
12992
13029
12993
13030
12994
13031
12995
13032
13033
49719
12997
13034
57882
12998
13035
12999
13036
13000
13037
13001
13038
13002
13039
13003
13040
13004
13041
13005
13042
13006
13043
13007
13044
13008
13045
13009
13046
13010
13047
13011
13048
13012
13049
13013
13050
13014
13051
13015
13052
13016
13053
13017
13054
13018
13055
13019
13056
13020
13057
13021
13058
13022
13059
13023
13060
13024
13061
13025
13062
13026
13063
13027
13064
13028
13065
13029
13066
13030
13067
13031
13068
13032
13069
13033
13070
13071
49818
13035
13072
57883
13036
13073
13037
13074
13038
13075
13039
13076
13040
13077
13041
13078
13042
13079
13043
13080
13044
13081
13045
13082
13046
13083
13047
13084
13048
13085
13049
13086
13050
13087
13051
13088
13052
13089
13053
13090
13054
13091
13055
13092
13056
13093
13057
13094
13058
13095
13059
13096
13060
13097
13061
13098
13062
13099
13063
13100
13064
13101
13065
13102
13066
13103
13067
13104
13068
13105
13069
13106
13070
13107
13071
13108
13109
49917
13073
13110
57884
13074
13111
13075
13112
13076
13113
13077
13114
13078
13115
13079
13116
13080
13117
13081
13118
13082
13119
13083
13120
13084
13121
13085
13122
13086
13123
13087
13124
13088
13125
13089
13126
13090
13127
13091
13128
13092
13129
13093
13130
13094
13131
13095
13132
13096
13133
13097
13134
13098
13135
13099
13136
13100
13137
13101
13138
13102
13139
13103
13140
13104
13141
13105
13142
13106
13143
13107
13144
13108
13145
13109
13146
13147
50016
13111
13148
57885
13112
13149
13113
13150
13114
13151
13115
13152
13116
13153
13117
13154
13118
13155
13119
13156
13120
13157
13121
13158
13122
13159
13123
13160
13124
13161
13125
13162
13126
13163
13127
13164
13128
13165
13129
13166
13130
13167
13131
13168
13132
13169
13133
13170
13134
13171
13135
13172
13136
13173
13137
13174
13138
13175
13139
13176
13140
13177
13141
13178
13142
13179
13143
13180
13144
13181
13145
13182
13146
13183
13147
13184
13185
50115
13149
13186
57886
13150
13187
13151
13188
13152
13189
13153
13190
13154
13191
13155
13192
13156
13193
13157
13194
13158
13195
13159
13196
13160
13197
13161
13198
13162
13199
13163
13200
13164
13201
13165
13202
13166
13203
13167
13204
13168
13205
13169
13206
13170
13207
13171
13208
13172
13209
13173
13210
13174
13211
13175
13212
13176
13213
13177
13214
13178
13215
13179
13216
13180
13217
13181
13218
13182
13219
13183
13220
13184
13221
13185
13222
13223
50214
13187
13224
57887
13188
13225
13189
13226
13190
13227
13191
13228
13192
13229
13193
13230
13194
13231
13195
13232
13196
13233
13197
13234
13198
13235
13199
13236
13200
13237
13201
13238
13202
13239
13203
13240
13204
13241
13205
13242
13206
13243
13207
13244
13208
13245
13209
13246
13210
13247
13211
13248
13212
13249
13213
13250
13214
13251
13215
13252
13216
13253
13217
13254
13218
13255
13219
13256
13220
13257
13221
13258
13222
13259
13223
13260
13261
50313
13225
13262
57888
13226
13263
13227
13264
13228
13265
13229
13266
13230
13267
13231
13268
13232
13269
13233
13270
13234
13271
13235
13272
13236
13273
13237
13274
13238
13275
13239
13276
13240
13277
13241
13278
13242
13279
13243
13280
13244
13281
13245
13282
13246
13283
13247
13284
13248
13285
13249
13286
13250
13287
13251
13288
13252
13289
13253
13290
13254
13291
13255
13292
13256
13293
13257
13294
13258
13295
13259
13296
13260
13297
13261
13298
13299
50412
13263
13300
57889
13264
13301
13265
13302
13266
13303
13267
13304
13268
13305
13269
13306
13270
13307
13271
13308
13272
13309
13273
13310
13274
13311
13275
13312
13276
13313
13277
13314
13278
13315
13279
13316
13280
13317
13281
13318
13282
13319
13283
13320
13284
13321
13285
13322
13286
13323
13287
13324
13288
13325
13289
13326
13290
13327
13291
13328
13292
13329
13293
13330
13294
13331
13295
13332
13296
13333
13297
13334
13298
13335
13299
13336
13337
50511
13301
13338
57890
13302
13339
13303
13340
13304
13341
13305
13342
13306
13343
13307
13344
13308
13345
13309
13346
13310
13347
13311
13348
13312
13349
13313
13350
13314
13351
13315
13352
13316
13353
13317
13354
13318
13355
13319
13356
13320
13357
13321
13358
13322
13359
13323
13360
13324
13361
13325
13362
13326
13363
13327
13364
13328
13365
13329
13366
13330
13367
13331
13368
13332
13369
13333
13370
13334
13371
13335
13372
13336
13373
13337
13374
13375
50610
13339
13376
57891
13340
13377
13341
13378
13342
13379
13343
13380
13344
13381
13345
13382
13346
13383
13347
13384
13348
13385
13349
13386
13350
13387
13351
13388
13352
13389
13353
13390
13354
13391
13355
13392
13356
13393
13357
13394
13358
13395
13359
13396
13360
13397
13361
13398
13362
13399
13363
13400
13364
13401
13365
13402
13366
13403
13367
13404
13368
13405
13369
13406
13370
13407
13371
13408
13372
13409
13373
13410
13374
13411
13375
13412
13413
50709
13377
13414
57892
13378
13415
13379
13416
13380
13417
13381
13418
13382
13419
13383
13420
13384
13421
13385
13422
13386
13423
13387
13424
13388
13425
13389
13426
13390
13427
13391
13428
13392
13429
13393
13430
13394
13431
13395
13432
13396
13433
13397
13434
13398
13435
13399
13436
13400
13437
13401
13438
13402
13439
13403
13440
13404
13441
13405
13442
13406
13443
13407
13444
13408
13445
13409
13446
13410
13447
13411
13448
13412
13449
13413
13450
13451
50808
13415
13452
57893
13416
13453
13417
13454
13418
13455
13419
13456
13420
13457
13421
13458
13422
13459
13423
13460
13424
13461
13425
13462
13426
13463
13427
13464
13428
13465
13429
13466
13430
13467
13431
13468
13432
13469
13433
13470
13434
13471
13435
13472
13436
13473
13437
13474
13438
13475
13439
13476
13440
13477
13441
13478
13442
13479
13443
13480
13444
13481
13445
13482
13446
13483
13447
13484
13448
13485
13449
13486
13450
13487
13451
13488
13489
50907
13453
13490
57894
13454
13491
13455
13492
13456
13493
13457
13494
13458
13495
13459
13496
13460
13497
13461
13498
13462
13499
13463
13500
13464
13501
13465
13502
13466
13503
13467
13504
13468
13505
13469
13506
13470
13507
13471
13508
13472
13509
13473
13510
13474
13511
13475
13512
13476
13513
13477
13514
13478
13515
13479
13516
13480
13517
13481
13518
13482
13519
13483
13520
13484
13521
13485
13522
13486
13523
13487
13524
13488
13525
13489
13526
13527
51006
13491
13528
57895
13492
13529
13493
13530
13494
13531
13495
13532
13496
13533
13497
13534
13498
13535
13499
13536
13500
13537
13501
13538
13502
13539
13503
13540
13504
13541
13505
13542
13506
13543
13507
13544
13508
13545
13509
13546
13510
13547
13511
13548
13512
13549
13513
13550
13514
13551
13515
13552
13516
13553
13517
13554
13518
13555
13519
13556
13520
13557
13521
13558
13522
13559
13523
13560
13524
13561
13525
13562
13526
13563
13527
13564
13565
51105
13529
13566
57896
13530
13567
13531
13568
13532
13569
13533
13570
13534
13571
13535
13572
13536
13573
13537
13574
13538
13575
13539
13576
13540
13577
13541
13578
13542
13579
13543
13580
13544
13581
13545
13582
13546
13583
13547
13584
13548
13585
13549
13586
13550
13587
13551
13588
13552
13589
13553
13590
13554
13591
13555
13592
13556
13593
13557
13594
13558
13595
13559
13596
13560
13597
13561
13598
13562
13599
13563
13600
13564
13601
13565
13602
13603
51204
13567
13604
57897
13568
13605
13569
13606
13570
13607
13571
13608
13572
13609
13573
13610
13574
13611
13575
13612
13576
13613
13577
13614
13578
13615
13579
13616
13580
13617
13581
13618
13582
13619
13583
13620
13584
13621
13585
13622
13586
13623
13587
13624
13588
13625
13589
13626
13590
13627
13591
13628
13592
13629
13593
13630
13594
13631
13595
13632
13596
13633
13597
13634
13598
13635
13599
13636
13600
13637
13601
13638
13602
13639
13603
13640
13641
51303
13605
13642
57898
13606
13643
13607
13644
13608
13645
13609
13646
13610
13647
13611
13648
13612
13649
13613
13650
13614
13651
13615
13652
13616
13653
13617
13654
13618
13655
13619
13656
13620
13657
13621
13658
13622
13659
13623
13660
13624
13661
13625
13662
13626
13663
13627
13664
13628
13665
13629
13666
13630
13667
13631
13668
13632
13669
13633
13670
13634
13671
13635
13672
13636
13673
13637
13674
13638
13675
13639
13676
13640
13677
13641
13678
13679
51402
13643
13680
57899
13644
13681
13645
13682
13646
13683
13647
13684
13648
13685
13649
13686
13650
13687
13651
13688
13652
13689
13653
13690
13654
13691
13655
13692
13656
13693
13657
13694
13658
13695
13659
13696
13660
13697
13661
13698
13662
13699
13663
13700
13664
13701
13665
13702
13666
13703
13667
13704
13668
13705
13669
13706
13670
13707
13671
13708
13672
13709
13673
13710
13674
13711
13675
13712
13676
13713
13677
13714
13678
13715
13679
13716
13717
51501
13681
13718
57900
13682
13719
13683
13720
13684
13721
13685
13722
13686
13723
13687
13724
13688
13725
13689
13726
13690
13727
13691
13728
13692
13729
13693
13730
13694
13731
13695
13732
13696
13733
13697
13734
13698
13735
13699
13736
13700
13737
13701
13738
13702
13739
13703
13740
13704
13741
13705
13742
13706
13743
13707
13744
13708
13745
13709
13746
13710
13747
13711
13748
13712
13749
13713
13750
13714
13751
13715
13752
13716
13753
13717
13754
13755
51600
13719
13756
57901
13720
13757
13721
13758
13722
13759
13723
13760
13724
13761
13725
13762
13726
13763
13727
13764
13728
13765
13729
13766
13730
13767
13731
13768
13732
13769
13733
13770
13734
13771
13735
13772
13736
13773
13737
13774
13738
13775
13739
13776
13740
13777
13741
13778
13742
13779
13743
13780
13744
13781
13745
13782
13746
13783
13747
13784
13748
13785
13749
13786
13750
13787
13751
13788
13752
13789
13753
13790
13754
13791
13755
13792
13793
51699
13757
13794
57902
13758
13795
13759
13796
13760
13797
13761
13798
13762
13799
13763
13800
13764
13801
13765
13802
13766
13803
13767
13804
13768
13805
13769
13806
13770
13807
13771
13808
13772
13809
13773
13810
13774
13811
13775
13812
13776
13813
13777
13814
13778
13815
13779
13816
13780
13817
13781
13818
13782
13819
13783
13820
13784
13821
13785
13822
13786
13823
13787
13824
13788
13825
13789
13826
13790
13827
13791
13828
13792
13829
13793
13830
13831
51798
13795
13832
57903
13796
13833
13797
13834
13798
13835
13799
13836
13800
13837
13801
13838
13802
13839
13803
13840
13804
13841
13805
13842
13806
13843
13807
13844
13808
13845
13809
13846
13810
13847
13811
13848
13812
13849
13813
13850
13814
13851
13815
13852
13816
13853
13817
13854
13818
13855
13819
13856
13820
13857
13821
13858
13822
13859
13823
13860
13824
13861
13825
13862
13826
13863
13827
13864
13828
13865
13829
13866
13830
13867
13831
13868
13869
51897
13833
13870
57904
13834
13871
13835
13872
13836
13873
13837
13874
13838
13875
13839
13876
13840
13877
13841
13878
13842
13879
13843
13880
13844
13881
13845
13882
13846
13883
13847
13884
13848
13885
13849
13886
13850
13887
13851
13888
13852
13889
13853
13890
13854
13891
13855
13892
13856
13893
13857
13894
13858
13895
13859
13896
13860
13897
13861
13898
13862
13899
13863
13900
13864
13901
13865
13902
13866
13903
13867
13904
13868
13905
13869
13906
13907
51996
13871
13908
57905
13872
13909
13873
13910
13874
13911
13875
13912
13876
13913
13877
13914
13878
13915
13879
13916
13880
13917
13881
13918
13882
13919
13883
13920
13884
13921
13885
13922
13886
13923
13887
13924
13888
13925
13889
13926
13890
13927
13891
13928
13892
13929
13893
13930
13894
13931
13895
13932
13896
13933
13897
13934
13898
13935
13899
13936
13900
13937
13901
13938
13902
13939
13903
13940
13904
13941
13905
13942
13906
13943
13907
13944
13945
52095
13909
13946
57906
13910
13947
13911
13948
13912
13949
13913
13950
13914
13951
13915
13952
13916
13953
13917
13954
13918
13955
13919
13956
13920
13957
13921
13958
13922
13959
13923
13960
13924
13961
13925
13962
13926
13963
13927
13964
13928
13965
13929
13966
13930
13967
13931
13968
13932
13969
13933
13970
13934
13971
13935
13972
13936
13973
13937
13974
13938
13975
13939
13976
13940
13977
13941
13978
13942
13979
13943
13980
13944
13981
13945
13982
13983
52194
13947
13984
57907
13948
13985
13949
13986
13950
13987
13951
13988
13952
13989
13953
13990
13954
13991
13955
13992
13956
13993
13957
13994
13958
13995
13959
13996
13960
13997
13961
13998
13962
13999
13963
14000
13964
14001
13965
14002
13966
14003
13967
14004
13968
14005
13969
14006
13970
14007
13971
14008
13972
14009
13973
14010
13974
14011
13975
14012
13976
14013
13977
14014
13978
14015
13979
14016
13980
14017
13981
14018
13982
14019
13983
14020
14021
52293
13985
14022
57908
13986
14023
13987
14024
13988
14025
13989
14026
13990
14027
13991
14028
13992
14029
13993
14030
13994
14031
13995
14032
13996
14033
13997
14034
13998
14035
13999
14036
14000
14037
14001
14038
14002
14039
14003
14040
14004
14041
14005
14042
14006
14043
14007
14044
14008
14045
14009
14046
14010
14047
14011
14048
14012
14049
14013
14050
14014
14051
14015
14052
14016
14053
14017
14054
14018
14055
14019
14056
14020
14057
14021
14058
14059
52392
14023
14060
57909
14024
14061
14025
14062
14026
14063
14027
14064
14028
14065
14029
14066
14030
14067
14031
14068
14032
14069
14033
14070
14034
14071
14035
14072
14036
14073
14037
14074
14038
14075
14039
14076
14040
14077
14041
14078
14042
14079
14043
14080
14044
14081
14045
14082
14046
14083
14047
14084
14048
14085
14049
14086
14050
14087
14051
14088
14052
14089
14053
14090
14054
14091
14055
14092
14056
14093
14057
14094
14058
14095
14059
14096
14097
52491
14061
14098
57910
14062
14099
14063
14100
14064
14101
14065
14102
14066
14103
14067
14104
14068
14105
14069
14106
14070
14107
14071
14108
14072
14109
14073
14110
14074
14111
14075
14112
14076
14113
14077
14114
14078
14115
14079
14116
14080
14117
14081
14118
14082
14119
14083
14120
14084
14121
14085
14122
14086
14123
14087
14124
14088
14125
14089
14126
14090
14127
14091
14128
14092
14129
14093
14130
14094
14131
14095
14132
14096
14133
14097
14134
14135
52590
14099
14136
57911
14100
14137
14101
14138
14102
14139
14103
14140
14104
14141
14105
14142
14106
14143
14107
14144
14108
14145
14109
14146
14110
14147
14111
14148
14112
14149
14113
14150
14114
14151
14115
14152
14116
14153
14117
14154
14118
14155
14119
14156
14120
14157
14121
14158
14122
14159
14123
14160
14124
14161
14125
14162
14126
14163
14127
14164
14128
14165
14129
14166
14130
14167
14131
14168
14132
14169
14133
14170
14134
14171
14135
14172
14173
52689
14137
14174
57912
14138
14175
14139
14176
14140
14177
14141
14178
14142
14179
14143
14180
14144
14181
14145
14182
14146
14183
14147
14184
14148
14185
14149
14186
14150
14187
14151
14188
14152
14189
14153
14190
14154
14191
14155
14192
14156
14193
14157
14194
14158
14195
14159
14196
14160
14197
14161
14198
14162
14199
14163
14200
14164
14201
14165
14202
14166
14203
14167
14204
14168
14205
14169
14206
14170
14207
14171
14208
14172
14209
14173
14210
14211
52788
14175
14212
57913
14176
14213
14177
14214
14178
14215
14179
14216
14180
14217
14181
14218
14182
14219
14183
14220
14184
14221
14185
14222
14186
14223
14187
14224
14188
14225
14189
14226
14190
14227
14191
14228
14192
14229
14193
14230
14194
14231
14195
14232
14196
14233
14197
14234
14198
14235
14199
14236
14200
14237
14201
14238
14202
14239
14203
14240
14204
14241
14205
14242
14206
14243
14207
14244
14208
14245
14209
14246
14210
14247
14211
14248
14249
52887
14213
14250
57914
14214
14251
14215
14252
14216
14253
14217
14254
14218
14255
14219
14256
14220
14257
14221
14258
14222
14259
14223
14260
14224
14261
14225
14262
14226
14263
14227
14264
14228
14265
14229
14266
14230
14267
14231
14268
14232
14269
14233
14270
14234
14271
14235
14272
14236
14273
14237
14274
14238
14275
14239
14276
14240
14277
14241
14278
14242
14279
14243
14280
14244
14281
14245
14282
14246
14283
14247
14284
14248
14285
14249
14286
14287
52986
14251
14288
57915
14252
14289
14253
14290
14254
14291
14255
14292
14256
14293
14257
14294
14258
14295
14259
14296
14260
14297
14261
14298
14262
14299
14263
14300
14264
14301
14265
14302
14266
14303
14267
14304
14268
14305
14269
14306
14270
14307
14271
14308
14272
14309
14273
14310
14274
14311
14275
14312
14276
14313
14277
14314
14278
14315
14279
14316
14280
14317
14281
14318
14282
14319
14283
14320
14284
14321
14285
14322
14286
14323
14287
14324
14325
53085
14289
14326
57916
14290
14327
14291
14328
14292
14329
14293
14330
14294
14331
14295
14332
14296
14333
14297
14334
14298
14335
14299
14336
14300
14337
14301
14338
14302
14339
14303
14340
14304
14341
14305
14342
14306
14343
14307
14344
14308
14345
14309
14346
14310
14347
14311
14348
14312
14349
14313
14350
14314
14351
14315
14352
14316
14353
14317
14354
14318
14355
14319
14356
14320
14357
14321
14358
14322
14359
14323
14360
14324
14361
14325
14362
14363
53184
14327
14364
57917
14328
14365
14329
14366
14330
14367
14331
14368
14332
14369
14333
14370
14334
14371
14335
14372
14336
14373
14337
14374
14338
14375
14339
14376
14340
14377
14341
14378
14342
14379
14343
14380
14344
14381
14345
14382
14346
14383
14347
14384
14348
14385
14349
14386
14350
14387
14351
14388
14352
14389
14353
14390
14354
14391
14355
14392
14356
14393
14357
14394
14358
14395
14359
14396
14360
14397
14361
14398
14362
14399
14363
14400
14401
53283
14365
14402
57918
14366
14403
14367
14404
14368
14405
14369
14406
14370
14407
14371
14408
14372
14409
14373
14410
14374
14411
14375
14412
14376
14413
14377
14414
14378
14415
14379
14416
14380
14417
14381
14418
14382
14419
14383
14420
14384
14421
14385
14422
14386
14423
14387
14424
14388
14425
14389
14426
14390
14427
14391
14428
14392
14429
14393
14430
14394
14431
14395
14432
14396
14433
14397
14434
14398
14435
14399
14436
14400
14437
14401
14438
14439
53382
14403
14440
57919
14404
14441
14405
14442
14406
14443
14407
14444
14408
14445
14409
14446
14410
14447
14411
14448
14412
14449
14413
14450
14414
14451
14415
14452
14416
14453
14417
14454
14418
14455
14419
14456
14420
14457
14421
14458
14422
14459
14423
14460
14424
14461
14425
14462
14426
14463
14427
14464
14428
14465
14429
14466
14430
14467
14431
14468
14432
14469
14433
14470
14434
14471
14435
14472
14436
14473
14437
14474
14438
14475
14439
14476
14477
53481
14441
14478
57920
14442
14479
14443
14480
14444
14481
14445
14482
14446
14483
14447
14484
14448
14485
14449
14486
14450
14487
14451
14488
14452
14489
14453
14490
14454
14491
14455
14492
14456
14493
14457
14494
14458
14495
14459
14496
14460
14497
14461
14498
14462
14499
14463
14500
14464
14501
14465
14502
14466
14503
14467
14504
14468
14505
14469
14506
14470
14507
14471
14508
14472
14509
14473
14510
14474
14511
14475
14512
14476
14513
14477
14514
14515
53580
14479
14516
57921
14480
14517
14481
14518
14482
14519
14483
14520
14484
14521
14485
14522
14486
14523
14487
14524
14488
14525
14489
14526
14490
14527
14491
14528
14492
14529
14493
14530
14494
14531
14495
14532
14496
14533
14497
14534
14498
14535
14499
14536
14500
14537
14501
14538
14502
14539
14503
14540
14504
14541
14505
14542
14506
14543
14507
14544
14508
14545
14509
14546
14510
14547
14511
14548
14512
14549
14513
14550
14514
14551
14515
14552
14553
53679
14517
14554
57922
14518
14555
14519
14556
14520
14557
14521
14558
14522
14559
14523
14560
14524
14561
14525
14562
14526
14563
14527
14564
14528
14565
14529
14566
14530
14567
14531
14568
14532
14569
14533
14570
14534
14571
14535
14572
14536
14573
14537
14574
14538
14575
14539
14576
14540
14577
14541
14578
14542
14579
14543
14580
14544
14581
14545
14582
14546
14583
14547
14584
14548
14585
14549
14586
14550
14587
14551
14588
14552
14589
14553
14590
14591
53778
14555
14592
57923
14556
14593
14557
14594
14558
14595
14559
14596
14560
14597
14561
14598
14562
14599
14563
14600
14564
14601
14565
14602
14566
14603
14567
14604
14568
14605
14569
14606
14570
14607
14571
14608
14572
14609
14573
14610
14574
14611
14575
14612
14576
14613
14577
14614
14578
14615
14579
14616
14580
14617
14581
14618
14582
14619
14583
14620
14584
14621
14585
14622
14586
14623
14587
14624
14588
14625
14589
14626
14590
14627
14591
14628
14629
53877
14593
14630
57924
14594
14631
14595
14632
14596
14633
14597
14634
14598
14635
14599
14636
14600
14637
14601
14638
14602
14639
14603
14640
14604
14641
14605
14642
14606
14643
14607
14644
14608
14645
14609
14646
14610
14647
14611
14648
14612
14649
14613
14650
14614
14651
14615
14652
14616
14653
14617
14654
14618
14655
14619
14656
14620
14657
14621
14658
14622
14659
14623
14660
14624
14661
14625
14662
14626
14663
14627
14664
14628
14665
14629
14666
14667
53976
14631
14668
57925
14632
14669
14633
14670
14634
14671
14635
14672
14636
14673
14637
14674
14638
14675
14639
14676
14640
14677
14641
14678
14642
14679
14643
14680
14644
14681
14645
14682
14646
14683
14647
14684
14648
14685
14649
14686
14650
14687
14651
14688
14652
14689
14653
14690
14654
14691
14655
14692
14656
14693
14657
14694
14658
14695
14659
14696
14660
14697
14661
14698
14662
14699
14663
14700
14664
14701
14665
14702
14666
14703
14667
14704
14705
54075
14669
14706
57926
14670
14707
14671
14708
14672
14709
14673
14710
14674
14711
14675
14712
14676
14713
14677
14714
14678
14715
14679
14716
14680
14717
14681
14718
14682
14719
14683
14720
14684
14721
14685
14722
14686
14723
14687
14724
14688
14725
14689
14726
14690
14727
14691
14728
14692
14729
14693
14730
14694
14731
14695
14732
14696
14733
14697
14734
14698
14735
14699
14736
14700
14737
14701
14738
14702
14739
14703
14740
14704
14741
14705
14742
14743
54174
14707
14744
57927
14708
14745
14709
14746
14710
14747
14711
14748
14712
14749
14713
14750
14714
14751
14715
14752
14716
14753
14717
14754
14718
14755
14719
14756
14720
14757
14721
14758
14722
14759
14723
14760
14724
14761
14725
14762
14726
14763
14727
14764
14728
14765
14729
14766
14730
14767
14731
14768
14732
14769
14733
14770
14734
14771
14735
14772
14736
14773
14737
14774
14738
14775
14739
14776
14740
14777
14741
14778
14742
14779
14743
14780
14781
54273
14745
14782
57928
14746
14783
14747
14784
14748
14785
14749
14786
14750
14787
14751
14788
14752
14789
14753
14790
14754
14791
14755
14792
14756
14793
14757
14794
14758
14795
14759
14796
14760
14797
14761
14798
14762
14799
14763
14800
14764
14801
14765
14802
14766
14803
14767
14804
14768
14805
14769
14806
14770
14807
14771
14808
14772
14809
14773
14810
14774
14811
14775
14812
14776
14813
14777
14814
14778
14815
14779
14816
14780
14817
14781
14818
14819
54372
14783
14820
57929
14784
14821
14785
14822
14786
14823
14787
14824
14788
14825
14789
14826
14790
14827
14791
14828
14792
14829
14793
14830
14794
14831
14795
14832
14796
14833
14797
14834
14798
14835
14799
14836
14800
14837
14801
14838
14802
14839
14803
14840
14804
14841
14805
14842
14806
14843
14807
14844
14808
14845
14809
14846
14810
14847
14811
14848
14812
14849
14813
14850
14814
14851
14815
14852
14816
14853
14817
14854
14818
14855
14819
14856
14857
54471
14821
14858
57930
14822
14859
14823
14860
14824
14861
14825
14862
14826
14863
14827
14864
14828
14865
14829
14866
14830
14867
14831
14868
14832
14869
14833
14870
14834
14871
14835
14872
14836
14873
14837
14874
14838
14875
14839
14876
14840
14877
14841
14878
14842
14879
14843
14880
14844
14881
14845
14882
14846
14883
14847
14884
14848
14885
14849
14886
14850
14887
14851
14888
14852
14889
14853
14890
14854
14891
14855
14892
14856
14893
14857
14894
14895
54570
14859
14896
57931
14860
14897
14861
14898
14862
14899
14863
14900
14864
14901
14865
14902
14866
14903
14867
14904
14868
14905
14869
14906
14870
14907
14871
14908
14872
14909
14873
14910
14874
14911
14875
14912
14876
14913
14877
14914
14878
14915
14879
14916
14880
14917
14881
14918
14882
14919
14883
14920
14884
14921
14885
14922
14886
14923
14887
14924
14888
14925
14889
14926
14890
14927
14891
14928
14892
14929
14893
14930
14894
14931
14895
14932
14933
54669
14897
14934
57932
14898
14935
14899
14936
14900
14937
14901
14938
14902
14939
14903
14940
14904
14941
14905
14942
14906
14943
14907
14944
14908
14945
14909
14946
14910
14947
14911
14948
14912
14949
14913
14950
14914
14951
14915
14952
14916
14953
14917
14954
14918
14955
14919
14956
14920
14957
14921
14958
14922
14959
14923
14960
14924
14961
14925
14962
14926
14963
14927
14964
14928
14965
14929
14966
14930
14967
14931
14968
14932
14969
14933
14970
14971
54768
14935
14972
57933
14936
14973
14937
14974
14938
14975
14939
14976
14940
14977
14941
14978
14942
14979
14943
14980
14944
14981
14945
14982
14946
14983
14947
14984
14948
14985
14949
14986
14950
14987
14951
14988
14952
14989
14953
14990
14954
14991
14955
14992
14956
14993
14957
14994
14958
14995
14959
14996
14960
14997
14961
14998
14962
14999
14963
15000
14964
15001
14965
15002
14966
15003
14967
15004
14968
15005
14969
15006
14970
15007
14971
15008
15009
54867
14973
15010
57934
14974
15011
14975
15012
14976
15013
14977
15014
14978
15015
14979
15016
14980
15017
14981
15018
14982
15019
14983
15020
14984
15021
14985
15022
14986
15023
14987
15024
14988
15025
14989
15026
14990
15027
14991
15028
14992
15029
14993
15030
14994
15031
14995
15032
14996
15033
14997
15034
14998
15035
14999
15036
15000
15037
15001
15038
15002
15039
15003
15040
15004
15041
15005
15042
15006
15043
15007
15044
15008
15045
15009
15046
15047
54966
15011
15048
57935
15012
15049
15013
15050
15014
15051
15015
15052
15016
15053
15017
15054
15018
15055
15019
15056
15020
15057
15021
15058
15022
15059
15023
15060
15024
15061
15025
15062
15026
15063
15027
15064
15028
15065
15029
15066
15030
15067
15031
15068
15032
15069
15033
15070
15034
15071
15035
15072
15036
15073
15037
15074
15038
15075
15039
15076
15040
15077
15041
15078
15042
15079
15043
15080
15044
15081
15045
15082
15046
15083
15047
15084
15085
55065
15049
15086
57936
15050
15087
15051
15088
15052
15089
15053
15090
15054
15091
15055
15092
15056
15093
15057
15094
15058
15095
15059
15096
15060
15097
15061
15098
15062
15099
15063
15100
15064
15101
15065
15102
15066
15103
15067
15104
15068
15105
15069
15106
15070
15107
15071
15108
15072
15109
15073
15110
15074
15111
15075
15112
15076
15113
15077
15114
15078
15115
15079
15116
15080
15117
15081
15118
15082
15119
15083
15120
15084
15121
15085
15122
15123
55164
15087
15124
57937
15088
15125
15089
15126
15090
15127
15091
15128
15092
15129
15093
15130
15094
15131
15095
15132
15096
15133
15097
15134
15098
15135
15099
15136
15100
15137
15101
15138
15102
15139
15103
15140
15104
15141
15105
15142
15106
15143
15107
15144
15108
15145
15109
15146
15110
15147
15111
15148
15112
15149
15113
15150
15114
15151
15115
15152
15116
15153
15117
15154
15118
15155
15119
15156
15120
15157
15121
15158
15122
15159
15123
15160
15161
55263
15125
15162
57938
15126
15163
15127
15164
15128
15165
15129
15166
15130
15167
15131
15168
15132
15169
15133
15170
15134
15171
15135
15172
15136
15173
15137
15174
15138
15175
15139
15176
15140
15177
15141
15178
15142
15179
15143
15180
15144
15181
15145
15182
15146
15183
15147
15184
15148
15185
15149
15186
15150
15187
15151
15188
15152
15189
15153
15190
15154
15191
15155
15192
15156
15193
15157
15194
15158
15195
15159
15196
15160
15197
15161
15198
15199
55362
15163
15200
57939
15164
15201
15165
15202
15166
15203
15167
15204
15168
15205
15169
15206
15170
15207
15171
15208
15172
15209
15173
15210
15174
15211
15175
15212
15176
15213
15177
15214
15178
15215
15179
15216
15180
15217
15181
15218
15182
15219
15183
15220
15184
15221
15185
15222
15186
15223
15187
15224
15188
15225
15189
15226
15190
15227
15191
15228
15192
15229
15193
15230
15194
15231
15195
15232
15196
15233
15197
15234
15198
15235
15199
15236
15237
55461
15201
15238
57940
15202
15239
15203
15240
15204
15241
15205
15242
15206
15243
15207
15244
15208
15245
15209
15246
15210
15247
15211
15248
15212
15249
15213
15250
15214
15251
15215
15252
15216
15253
15217
15254
15218
15255
15219
15256
15220
15257
15221
15258
15222
15259
15223
15260
15224
15261
15225
15262
15226
15263
15227
15264
15228
15265
15229
15266
15230
15267
15231
15268
15232
15269
15233
15270
15234
15271
15235
15272
15236
15273
15237
15274
15275
55560
15239
15276
57941
15240
15277
15241
15278
15242
15279
15243
15280
15244
15281
15245
15282
15246
15283
15247
15284
15248
15285
15249
15286
15250
15287
15251
15288
15252
15289
15253
15290
15254
15291
15255
15292
15256
15293
15257
15294
15258
15295
15259
15296
15260
15297
15261
15298
15262
15299
15263
15300
15264
15301
15265
15302
15266
15303
15267
15304
15268
15305
15269
15306
15270
15307
15271
15308
15272
15309
15273
15310
15274
15311
15275
15312
15313
55659
15277
15314
57942
15278
15315
15279
15316
15280
15317
15281
15318
15282
15319
15283
15320
15284
15321
15285
15322
15286
15323
15287
15324
15288
15325
15289
15326
15290
15327
15291
15328
15292
15329
15293
15330
15294
15331
15295
15332
15296
15333
15297
15334
15298
15335
15299
15336
15300
15337
15301
15338
15302
15339
15303
15340
15304
15341
15305
15342
15306
15343
15307
15344
15308
15345
15309
15346
15310
15347
15311
15348
15312
15349
15313
15350
15351
55758
15315
15352
57943
15316
15353
15317
15354
15318
15355
15319
15356
15320
15357
15321
15358
15322
15359
15323
15360
15324
15361
15325
15362
15326
15363
15327
15364
15328
15365
15329
15366
15330
15367
15331
15368
15332
15369
15333
15370
15334
15371
15335
15372
15336
15373
15337
15374
15338
15375
15339
15376
15340
15377
15341
15378
15342
15379
15343
15380
15344
15381
15345
15382
15346
15383
15347
15384
15348
15385
15349
15386
15350
15387
15351
15388
15389
55857
15353
15390
57944
15354
15391
15355
15392
15356
15393
15357
15394
15358
15395
15359
15396
15360
15397
15361
15398
15362
15399
15363
15400
15364
15401
15365
15402
15366
15403
15367
15404
15368
15405
15369
15406
15370
15407
15371
15408
15372
15409
15373
15410
15374
15411
15375
15412
15376
15413
15377
15414
15378
15415
15379
15416
15380
15417
15381
15418
15382
15419
15383
15420
15384
15421
15385
15422
15386
15423
15387
15424
15388
15425
15389
15426
15427
55956
15391
15428
57945
15392
15429
15393
15430
15394
15431
15395
15432
15396
15433
15397
15434
15398
15435
15399
15436
15400
15437
15401
15438
15402
15439
15403
15440
15404
15441
15405
15442
15406
15443
15407
15444
15408
15445
15409
15446
15410
15447
15411
15448
15412
15449
15413
15450
15414
15451
15415
15452
15416
15453
15417
15454
15418
15455
15419
15456
15420
15457
15421
15458
15422
15459
15423
15460
15424
15461
15425
15462
15426
15463
15427
15464
15465
56055
15429
15466
57946
15430
15467
15431
15468
15432
15469
15433
15470
15434
15471
15435
15472
15436
15473
15437
15474
15438
15475
15439
15476
15440
15477
15441
15478
15442
15479
15443
15480
15444
15481
15445
15482
15446
15483
15447
15484
15448
15485
15449
15486
15450
15487
15451
15488
15452
15489
15453
15490
15454
15491
15455
15492
15456
15493
15457
15494
15458
15495
15459
15496
15460
15497
15461
15498
15462
15499
15463
15500
15464
15501
15465
15502
15503
56154
15467
15504
57947
15468
15505
15469
15506
15470
15507
15471
15508
15472
15509
15473
15510
15474
15511
15475
15512
15476
15513
15477
15514
15478
15515
15479
15516
15480
15517
15481
15518
15482
15519
15483
15520
15484
15521
15485
15522
15486
15523
15487
15524
15488
15525
15489
15526
15490
15527
15491
15528
15492
15529
15493
15530
15494
15531
15495
15532
15496
15533
15497
15534
15498
15535
15499
15536
15500
15537
15501
15538
15502
15539
15503
15540
15541
56253
15505
15542
57948
15506
15543
15507
15544
15508
15545
15509
15546
15510
15547
15511
15548
15512
15549
15513
15550
15514
15551
15515
15552
15516
15553
15517
15554
15518
15555
15519
15556
15520
15557
15521
15558
15522
15559
15523
15560
15524
15561
15525
15562
15526
15563
15527
15564
15528
15565
15529
15566
15530
15567
15531
15568
15532
15569
15533
15570
15534
15571
15535
15572
15536
15573
15537
15574
15538
15575
15539
15576
15540
15577
15541
15578
15579
56352
15543
15580
57949
15544
15581
15545
15582
15546
15583
15547
15584
15548
15585
15549
15586
15550
15587
15551
15588
15552
15589
15553
15590
15554
15591
15555
15592
15556
15593
15557
15594
15558
15595
15559
15596
15560
15597
15561
15598
15562
15599
15563
15600
15564
15601
15565
15602
15566
15603
15567
15604
15568
15605
15569
15606
15570
15607
15571
15608
15572
15609
15573
15610
15574
15611
15575
15612
15576
15613
15577
15614
15578
15615
15579
15616
15617
56451
15581
15618
57950
15582
15619
15583
15620
15584
15621
15585
15622
15586
15623
15587
15624
15588
15625
15589
15626
15590
15627
15591
15628
15592
15629
15593
15630
15594
15631
15595
15632
15596
15633
15597
15634
15598
15635
15599
15636
15600
15637
15601
15638
15602
15639
15603
15640
15604
15641
15605
15642
15606
15643
15607
15644
15608
15645
15609
15646
15610
15647
15611
15648
15612
15649
15613
15650
15614
15651
15615
15652
15616
15653
15617
15654
15655
56550
15619
15656
57951
15620
15657
15621
15658
15622
15659
15623
15660
15624
15661
15625
15662
15626
15663
15627
15664
15628
15665
15629
15666
15630
15667
15631
15668
15632
15669
15633
15670
15634
15671
15635
15672
15636
15673
15637
15674
15638
15675
15639
15676
15640
15677
15641
15678
15642
15679
15643
15680
15644
15681
15645
15682
15646
15683
15647
15684
15648
15685
15649
15686
15650
15687
15651
15688
15652
15689
15653
15690
15654
15691
15655
15692
15693
56649
15657
15694
57952
15658
15695
15659
15696
15660
15697
15661
15698
15662
15699
15663
15700
15664
15701
15665
15702
15666
15703
15667
15704
15668
15705
15669
15706
15670
15707
15671
15708
15672
15709
15673
15710
15674
15711
15675
15712
15676
15713
15677
15714
15678
15715
15679
15716
15680
15717
15681
15718
15682
15719
15683
15720
15684
15721
15685
15722
15686
15723
15687
15724
15688
15725
15689
15726
15690
15727
15691
15728
15692
15729
15693
15730
15731
56748
15695
15732
57953
15696
15733
15697
15734
15698
15735
15699
15736
15700
15737
15701
15738
15702
15739
15703
15740
15704
15741
15705
15742
15706
15743
15707
15744
15708
15745
15709
15746
15710
15747
15711
15748
15712
15749
15713
15750
15714
15751
15715
15752
15716
15753
15717
15754
15718
15755
15719
15756
15720
15757
15721
15758
15722
15759
15723
15760
15724
15761
15725
15762
15726
15763
15727
15764
15728
15765
15729
15766
15730
15767
15731
15768
15769
56847
15733
15770
57954
15734
15771
15735
15772
15736
15773
15737
15774
15738
15775
15739
15776
15740
15777
15741
15778
15742
15779
15743
15780
15744
15781
15745
15782
15746
15783
15747
15784
15748
15785
15749
15786
15750
15787
15751
15788
15752
15789
15753
15790
15754
15791
15755
15792
15756
15793
15757
15794
15758
15795
15759
15796
15760
15797
15761
15798
15762
15799
15763
15800
15764
15801
15765
15802
15766
15803
15767
15804
15768
15805
15769
15806
15807
56946
15771
15808
57955
15772
15809
15773
15810
15774
15811
15775
15812
15776
15813
15777
15814
15778
15815
15779
15816
15780
15817
15781
15818
15782
15819
15783
15820
15784
15821
15785
15822
15786
15823
15787
15824
15788
15825
15789
15826
15790
15827
15791
15828
15792
15829
15793
15830
15794
15831
15795
15832
15796
15833
15797
15834
15798
15835
15799
15836
15800
15837
15801
15838
15802
15839
15803
15840
15804
15841
15805
15842
15806
15843
15807
15844
15845
57045
15809
15846
57956
15810
15847
15811
15848
15812
15849
15813
15850
15814
15851
15815
15852
15816
15853
15817
15854
15818
15855
15819
15856
15820
15857
15821
15858
15822
15859
15823
15860
15824
15861
15825
15862
15826
15863
15827
15864
15828
15865
15829
15866
15830
15867
15831
15868
15832
15869
15833
15870
15834
15871
15835
15872
15836
15873
15837
15874
15838
15875
15839
15876
15840
15877
15841
15878
15842
15879
15843
15880
15844
15881
15845
15882
15883
57144
15847
15884
57957
15848
15885
15849
15886
15850
15887
15851
15888
15852
15889
15853
15890
15854
15891
15855
15892
15856
15893
15857
15894
15858
15895
15859
15896
15860
15897
15861
15898
15862
15899
15863
15900
15864
15901
15865
15902
15866
15903
15867
15904
15868
15905
15869
15906
15870
15907
15871
15908
15872
15909
15873
15910
15874
15911
15875
15912
15876
15913
15877
15914
15878
15915
15879
15916
15880
15917
15881
15918
15882
15919
15883
15920
15921
57243
15885
15922
57958
15886
15923
15887
15924
15888
15925
15889
15926
15890
15927
15891
15928
15892
15929
15893
15930
15894
15931
15895
15932
15896
15933
15897
15934
15898
15935
15899
15936
15900
15937
15901
15938
15902
15939
15903
15940
15904
15941
15905
15942
15906
15943
15907
15944
15908
15945
15909
15946
15910
15947
15911
15948
15912
15949
15913
15950
15914
15951
15915
15952
15916
15953
15917
15954
15918
15955
15919
15956
15920
15957
15921
15958
15959
57342
15923
57959
15924
15925
15926
15927
15928
15929
15930
15931
15932
15933
15934
15935
15936
15937
15938
15939
15940
15941
15942
15943
15944
15945
15946
15947
15948
15949
15950
15951
15952
15953
15954
15955
15956
15957
15958
15959
57441
15961
15973
15962
15974
15963
15975
15964
15976
15965
15977
15966
15978
15967
15979
15968
15980
15969
15981
15970
15982
15971
15983
15972
15984
15985
17247
15974
15986
15975
15987
15976
15988
15977
15989
15978
15990
15979
15991
15980
15992
15981
15993
15982
15994
15983
15995
15984
15996
15985
15997
15998
17248
15987
15999
15988
16000
15989
16001
15990
16002
15991
16003
15992
16004
15993
16005
15994
16006
15995
16007
15996
16008
15997
16009
15998
16010
16011
17249
16000
16012
16001
16013
16002
16014
16003
16015
16004
16016
16005
16017
16006
16018
16007
16019
16008
16020
16009
16021
16010
16022
16011
16023
16024
17250
16013
16025
16014
16026
16015
16027
16016
16028
16017
16029
16018
16030
16019
16031
16020
16032
16021
16033
16022
16034
16023
16035
16024
16036
16037
17251
16026
16038
16027
16039
16028
16040
16029
16041
16030
16042
16031
16043
16032
16044
16033
16045
16034
16046
16035
16047
16036
16048
16037
16049
16050
17252
16039
16051
16040
16052
16041
16053
16042
16054
16043
16055
16044
16056
16045
16057
16046
16058
16047
16059
16048
16060
16049
16061
16050
16062
16063
17253
16052
16064
16053
16065
16054
16066
16055
16067
16056
16068
16057
16069
16058
16070
16059
16071
16060
16072
16061
16073
16062
16074
16063
16075
16076
17254
16065
16077
16066
16078
16067
16079
16068
16080
16069
16081
16070
16082
16071
16083
16072
16084
16073
16085
16074
16086
16075
16087
16076
16088
16089
17255
16078
16090
16079
16091
16080
16092
16081
16093
16082
16094
16083
16095
16084
16096
16085
16097
16086
16098
16087
16099
16088
16100
16089
16101
16102
17256
16091
16103
16092
16104
16093
16105
16094
16106
16095
16107
16096
16108
16097
16109
16098
16110
16099
16111
16100
16112
16101
16113
16102
16114
16115
17257
16104
16116
16105
16117
16106
16118
16107
16119
16108
16120
16109
16121
16110
16122
16111
16123
16112
16124
16113
16125
16114
16126
16115
16127
16128
17258
16117
16129
16118
16130
16119
16131
16120
16132
16121
16133
16122
16134
16123
16135
16124
16136
16125
16137
16126
16138
16127
16139
16128
16140
16141
17259
16130
16142
16131
16143
16132
16144
16133
16145
16134
16146
16135
16147
16136
16148
16137
16149
16138
16150
16139
16151
16140
16152
16141
16153
16154
17260
16143
16155
16144
16156
16145
16157
16146
16158
16147
16159
16148
16160
16149
16161
16150
16162
16151
16163
16152
16164
16153
16165
16154
16166
16167
17261
16156
16168
16157
16169
16158
16170
16159
16171
16160
16172
16161
16173
16162
16174
16163
16175
16164
16176
16165
16177
16166
16178
16167
16179
16180
17262
16169
16181
16170
16182
16171
16183
16172
16184
16173
16185
16174
16186
16175
16187
16176
16188
16177
16189
16178
16190
16179
16191
16180
16192
16193
17263
16182
16194
16183
16195
16184
16196
16185
16197
16186
16198
16187
16199
16188
16200
16189
16201
16190
16202
16191
16203
16192
16204
16193
16205
16206
17264
16195
16207
16196
16208
16197
16209
16198
16210
16199
16211
16200
16212
16201
16213
16202
16214
16203
16215
16204
16216
16205
16217
16206
16218
16219
17265
16208
16220
16209
16221
16210
16222
16211
16223
16212
16224
16213
16225
16214
16226
16215
16227
16216
16228
16217
16229
16218
16230
16219
16231
16232
17266
16221
16233
16222
16234
16223
16235
16224
16236
16225
16237
16226
16238
16227
16239
16228
16240
16229
16241
16230
16242
16231
16243
16232
16244
16245
17267
16234
16246
16235
16247
16236
16248
16237
16249
16238
16250
16239
16251
16240
16252
16241
16253
16242
16254
16243
16255
16244
16256
16245
16257
16258
17268
16247
16259
16248
16260
16249
16261
16250
16262
16251
16263
16252
16264
16253
16265
16254
16266
16255
16267
16256
16268
16257
16269
16258
16270
16271
17269
16260
16272
16261
16273
16262
16274
16263
16275
16264
16276
16265
16277
16266
16278
16267
16279
16268
16280
16269
16281
16270
16282
16271
16283
16284
17270
16273
16285
16274
16286
16275
16287
16276
16288
16277
16289
16278
16290
16279
16291
16280
16292
16281
16293
16282
16294
16283
16295
16284
16296
16297
17271
16286
16298
16287
16299
16288
16300
16289
16301
16290
16302
16291
16303
16292
16304
16293
16305
16294
16306
16295
16307
16296
16308
16297
16309
16310
17272
16299
16311
16300
16312
16301
16313
16302
16314
16303
16315
16304
16316
16305
16317
16306
16318
16307
16319
16308
16320
16309
16321
16310
16322
16323
17273
16312
16324
16313
16325
16314
16326
16315
16327
16316
16328
16317
16329
16318
16330
16319
16331
16320
16332
16321
16333
16322
16334
16323
16335
16336
17274
16325
16337
16326
16338
16327
16339
16328
16340
16329
16341
16330
16342
16331
16343
16332
16344
16333
16345
16334
16346
16335
16347
16336
16348
16349
17275
16338
16350
16339
16351
16340
16352
16341
16353
16342
16354
16343
16355
16344
16356
16345
16357
16346
16358
16347
16359
16348
16360
16349
16361
16362
17276
16351
16363
16352
16364
16353
16365
16354
16366
16355
16367
16356
16368
16357
16369
16358
16370
16359
16371
16360
16372
16361
16373
16362
16374
16375
17277
16364
16376
16365
16377
16366
16378
16367
16379
16368
16380
16369
16381
16370
16382
16371
16383
16372
16384
16373
16385
16374
16386
16375
16387
16388
17278
16377
16389
16378
16390
16379
16391
16380
16392
16381
16393
16382
16394
16383
16395
16384
16396
16385
16397
16386
16398
16387
16399
16388
16400
16401
17279
16390
16402
16391
16403
16392
16404
16393
16405
16394
16406
16395
16407
16396
16408
16397
16409
16398
16410
16399
16411
16400
16412
16401
16413
16414
17280
16403
16415
16404
16416
16405
16417
16406
16418
16407
16419
16408
16420
16409
16421
16410
16422
16411
16423
16412
16424
16413
16425
16414
16426
16427
17281
16416
16428
16417
16429
16418
16430
16419
16431
16420
16432
16421
16433
16422
16434
16423
16435
16424
16436
16425
16437
16426
16438
16427
16439
16440
17282
16429
16441
16430
16442
16431
16443
16432
16444
16433
16445
16434
16446
16435
16447
16436
16448
16437
16449
16438
16450
16439
16451
16440
16452
16453
17283
16442
16454
16443
16455
16444
16456
16445
16457
16446
16458
16447
16459
16448
16460
16449
16461
16450
16462
16451
16463
16452
16464
16453
16465
16466
17284
16455
16467
16456
16468
16457
16469
16458
16470
16459
16471
16460
16472
16461
16473
16462
16474
16463
16475
16464
16476
16465
16477
16466
16478
16479
17285
16468
16480
16469
16481
16470
16482
16471
16483
16472
16484
16473
16485
16474
16486
16475
16487
16476
16488
16477
16489
16478
16490
16479
16491
16492
17286
16481
16493
16482
16494
16483
16495
16484
16496
16485
16497
16486
16498
16487
16499
16488
16500
16489
16501
16490
16502
16491
16503
16492
16504
16505
17287
16494
16506
16495
16507
16496
16508
16497
16509
16498
16510
16499
16511
16500
16512
16501
16513
16502
16514
16503
16515
16504
16516
16505
16517
16518
17288
16507
16519
16508
16520
16509
16521
16510
16522
16511
16523
16512
16524
16513
16525
16514
16526
16515
16527
16516
16528
16517
16529
16518
16530
16531
17289
16520
16532
16521
16533
16522
16534
16523
16535
16524
16536
16525
16537
16526
16538
16527
16539
16528
16540
16529
16541
16530
16542
16531
16543
16544
17290
16533
16545
16534
16546
16535
16547
16536
16548
16537
16549
16538
16550
16539
16551
16540
16552
16541
16553
16542
16554
16543
16555
16544
16556
16557
17291
16546
16558
16547
16559
16548
16560
16549
16561
16550
16562
16551
16563
16552
16564
16553
16565
16554
16566
16555
16567
16556
16568
16557
16569
16570
17292
16559
16571
16560
16572
16561
16573
16562
16574
16563
16575
16564
16576
16565
16577
16566
16578
16567
16579
16568
16580
16569
16581
16570
16582
16583
17293
16572
16584
16573
16585
16574
16586
16575
16587
16576
16588
16577
16589
16578
16590
16579
16591
16580
16592
16581
16593
16582
16594
16583
16595
16596
17294
16585
16597
16586
16598
16587
16599
16588
16600
16589
16601
16590
16602
16591
16603
16592
16604
16593
16605
16594
16606
16595
16607
16596
16608
16609
17295
16598
16610
16599
16611
16600
16612
16601
16613
16602
16614
16603
16615
16604
16616
16605
16617
16606
16618
16607
16619
16608
16620
16609
16621
16622
17296
16611
16623
16612
16624
16613
16625
16614
16626
16615
16627
16616
16628
16617
16629
16618
16630
16619
16631
16620
16632
16621
16633
16622
16634
16635
17297
16624
16636
16625
16637
16626
16638
16627
16639
16628
16640
16629
16641
16630
16642
16631
16643
16632
16644
16633
16645
16634
16646
16635
16647
16648
17298
16637
16649
16638
16650
16639
16651
16640
16652
16641
16653
16642
16654
16643
16655
16644
16656
16645
16657
16646
16658
16647
16659
16648
16660
16661
17299
16650
16662
16651
16663
16652
16664
16653
16665
16654
16666
16655
16667
16656
16668
16657
16669
16658
16670
16659
16671
16660
16672
16661
16673
16674
17300
16663
16675
16664
16676
16665
16677
16666
16678
16667
16679
16668
16680
16669
16681
16670
16682
16671
16683
16672
16684
16673
16685
16674
16686
16687
17301
16676
16688
16677
16689
16678
16690
16679
16691
16680
16692
16681
16693
16682
16694
16683
16695
16684
16696
16685
16697
16686
16698
16687
16699
16700
17302
16689
16701
16690
16702
16691
16703
16692
16704
16693
16705
16694
16706
16695
16707
16696
16708
16697
16709
16698
16710
16699
16711
16700
16712
16713
17303
16702
16714
16703
16715
16704
16716
16705
16717
16706
16718
16707
16719
16708
16720
16709
16721
16710
16722
16711
16723
16712
16724
16713
16725
16726
17304
16715
16727
16716
16728
16717
16729
16718
16730
16719
16731
16720
16732
16721
16733
16722
16734
16723
16735
16724
16736
16725
16737
16726
16738
16739
17305
16728
16740
16729
16741
16730
16742
16731
16743
16732
16744
16733
16745
16734
16746
16735
16747
16736
16748
16737
16749
16738
16750
16739
16751
16752
17306
16741
16753
16742
16754
16743
16755
16744
16756
16745
16757
16746
16758
16747
16759
16748
16760
16749
16761
16750
16762
16751
16763
16752
16764
16765
17307
16754
16766
16755
16767
16756
16768
16757
16769
16758
16770
16759
16771
16760
16772
16761
16773
16762
16774
16763
16775
16764
16776
16765
16777
16778
17308
16767
16779
16768
16780
16769
16781
16770
16782
16771
16783
16772
16784
16773
16785
16774
16786
16775
16787
16776
16788
16777
16789
16778
16790
16791
17309
16780
16792
16781
16793
16782
16794
16783
16795
16784
16796
16785
16797
16786
16798
16787
16799
16788
16800
16789
16801
16790
16802
16791
16803
16804
17310
16793
16805
16794
16806
16795
16807
16796
16808
16797
16809
16798
16810
16799
16811
16800
16812
16801
16813
16802
16814
16803
16815
16804
16816
16817
17311
16806
16818
16807
16819
16808
16820
16809
16821
16810
16822
16811
16823
16812
16824
16813
16825
16814
16826
16815
16827
16816
16828
16817
16829
16830
17312
16819
16831
16820
16832
16821
16833
16822
16834
16823
16835
16824
16836
16825
16837
16826
16838
16827
16839
16828
16840
16829
16841
16830
16842
16843
17313
16832
16844
16833
16845
16834
16846
16835
16847
16836
16848
16837
16849
16838
16850
16839
16851
16840
16852
16841
16853
16842
16854
16843
16855
16856
17314
16845
16857
16846
16858
16847
16859
16848
16860
16849
16861
16850
16862
16851
16863
16852
16864
16853
16865
16854
16866
16855
16867
16856
16868
16869
17315
16858
16870
16859
16871
16860
16872
16861
16873
16862
16874
16863
16875
16864
16876
16865
16877
16866
16878
16867
16879
16868
16880
16869
16881
16882
17316
16871
16883
16872
16884
16873
16885
16874
16886
16875
16887
16876
16888
16877
16889
16878
16890
16879
16891
16880
16892
16881
16893
16882
16894
16895
17317
16884
16896
16885
16897
16886
16898
16887
16899
16888
16900
16889
16901
16890
16902
16891
16903
16892
16904
16893
16905
16894
16906
16895
16907
16908
17318
16897
16909
16898
16910
16899
16911
16900
16912
16901
16913
16902
16914
16903
16915
16904
16916
16905
16917
16906
16918
16907
16919
16908
16920
16921
17319
16910
16922
16911
16923
16912
16924
16913
16925
16914
16926
16915
16927
16916
16928
16917
16929
16918
16930
16919
16931
16920
16932
16921
16933
16934
17320
16923
16935
16924
16936
16925
16937
16926
16938
16927
16939
16928
16940
16929
16941
16930
16942
16931
16943
16932
16944
16933
16945
16934
16946
16947
17321
16936
16948
16937
16949
16938
16950
16939
16951
16940
16952
16941
16953
16942
16954
16943
16955
16944
16956
16945
16957
16946
16958
16947
16959
16960
17322
16949
16961
16950
16962
16951
16963
16952
16964
16953
16965
16954
16966
16955
16967
16956
16968
16957
16969
16958
16970
16959
16971
16960
16972
16973
17323
16962
16974
16963
16975
16964
16976
16965
16977
16966
16978
16967
16979
16968
16980
16969
16981
16970
16982
16971
16983
16972
16984
16973
16985
16986
17324
16975
16987
16976
16988
16977
16989
16978
16990
16979
16991
16980
16992
16981
16993
16982
16994
16983
16995
16984
16996
16985
16997
16986
16998
16999
17325
16988
17000
16989
17001
16990
17002
16991
17003
16992
17004
16993
17005
16994
17006
16995
17007
16996
17008
16997
17009
16998
17010
16999
17011
17012
17326
17001
17013
17002
17014
17003
17015
17004
17016
17005
17017
17006
17018
17007
17019
17008
17020
17009
17021
17010
17022
17011
17023
17012
17024
17025
17327
17014
17026
17015
17027
17016
17028
17017
17029
17018
17030
17019
17031
17020
17032
17021
17033
17022
17034
17023
17035
17024
17036
17025
17037
17038
17328
17027
17039
17028
17040
17029
17041
17030
17042
17031
17043
17032
17044
17033
17045
17034
17046
17035
17047
17036
17048
17037
17049
17038
17050
17051
17329
17040
17052
17041
17053
17042
17054
17043
17055
17044
17056
17045
17057
17046
17058
17047
17059
17048
17060
17049
17061
17050
17062
17051
17063
17064
17330
17053
17065
17054
17066
17055
17067
17056
17068
17057
17069
17058
17070
17059
17071
17060
17072
17061
17073
17062
17074
17063
17075
17064
17076
17077
17331
17066
17078
17067
17079
17068
17080
17069
17081
17070
17082
17071
17083
17072
17084
17073
17085
17074
17086
17075
17087
17076
17088
17077
17089
17090
17332
17079
17091
17080
17092
17081
17093
17082
17094
17083
17095
17084
17096
17085
17097
17086
17098
17087
17099
17088
17100
17089
17101
17090
17102
17103
17333
17092
17104
17093
17105
17094
17106
17095
17107
17096
17108
17097
17109
17098
17110
17099
17111
17100
17112
17101
17113
17102
17114
17103
17115
17116
17334
17105
17117
17106
17118
17107
17119
17108
17120
17109
17121
17110
17122
17111
17123
17112
17124
17113
17125
17114
17126
17115
17127
17116
17128
17129
17335
17118
17130
17119
17131
17120
17132
17121
17133
17122
17134
17123
17135
17124
17136
17125
17137
17126
17138
17127
17139
17128
17140
17129
17141
17142
17336
17131
17143
17132
17144
17133
17145
17134
17146
17135
17147
17136
17148
17137
17149
17138
17150
17139
17151
17140
17152
17141
17153
17142
17154
17155
17337
17144
17156
17145
17157
17146
17158
17147
17159
17148
17160
17149
17161
17150
17162
17151
17163
17152
17164
17153
17165
17154
17166
17155
17167
17168
17338
17157
17169
17158
17170
17159
17171
17160
17172
17161
17173
17162
17174
17163
17175
17164
17176
17165
17177
17166
17178
17167
17179
17168
17180
17181
17339
17170
17182
17171
17183
17172
17184
17173
17185
17174
17186
17175
17187
17176
17188
17177
17189
17178
17190
17179
17191
17180
17192
17181
17193
17194
17340
17183
17195
17184
17196
17185
17197
17186
17198
17187
17199
17188
17200
17189
17201
17190
17202
17191
17203
17192
17204
17193
17205
17194
17206
17207
17341
17196
17208
17197
17209
17198
17210
17199
17211
17200
17212
17201
17213
17202
17214
17203
17215
17204
17216
17205
17217
17206
17218
17207
17219
17220
17342
17209
17221
17210
17222
17211
17223
17212
17224
17213
17225
17214
17226
17215
17227
17216
17228
17217
17229
17218
17230
17219
17231
17220
17232
17233
17343
17222
17234
17223
17235
17224
17236
17225
17237
17226
17238
17227
17239
17228
17240
17229
17241
17230
17242
17231
17243
17232
17244
17233
17245
17246
17344
17235
17236
17237
17238
17239
17240
17241
17242
17243
17244
17245
17246
17345
17248
17346
17249
17347
17250
17348
17251
17349
17252
17350
17253
17351
17254
17352
17255
17353
17256
17354
17257
17355
17258
17356
17259
17357
17260
17358
17261
17359
17262
17360
17263
17361
17264
17362
17265
17363
17266
17364
17267
17365
17268
17366
17269
17367
17270
17368
17271
17369
17272
17370
17273
17371
17274
17372
17275
17373
17276
17374
17277
17375
17278
17376
17279
17377
17280
17378
17281
17379
17282
17380
17283
17381
17284
17382
17285
17383
17286
17384
17287
17385
17288
17386
17289
17387
17290
17388
17291
17389
17292
17390
17293
17391
17294
17392
17295
17393
17296
17394
17297
17395
17298
17396
17299
17397
17300
17398
17301
17399
17302
17400
17303
17401
17304
17402
17305
17403
17306
17404
17307
17405
17308
17406
17309
17407
17310
17408
17311
17409
17312
17410
17313
17411
17314
17412
17315
17413
17316
17414
17317
17415
17318
17416
17319
17417
17320
17418
17321
17419
17322
17420
17323
17421
17324
17422
17325
17423
17326
17424
17327
17425
17328
17426
17329
17427
17330
17428
17331
17429
17332
17430
17333
17431
17334
17432
17335
17433
17336
17434
17337
17435
17338
17436
17339
17437
17340
17438
17341
17439
17342
17440
17343
17441
17344
17442
17345
17443
17444
17347
17445
17348
17446
17349
17447
17350
17448
17351
17449
17352
17450
17353
17451
17354
17452
17355
17453
17356
17454
17357
17455
17358
17456
17359
17457
17360
17458
17361
17459
17362
17460
17363
17461
17364
17462
17365
17463
17366
17464
17367
17465
17368
17466
17369
17467
17370
17468
17371
17469
17372
17470
17373
17471
17374
17472
17375
17473
17376
17474
17377
17475
17378
17476
17379
17477
17380
17478
17381
17479
17382
17480
17383
17481
17384
17482
17385
17483
17386
17484
17387
17485
17388
17486
17389
17487
17390
17488
17391
17489
17392
17490
17393
17491
17394
17492
17395
17493
17396
17494
17397
17495
17398
17496
17399
17497
17400
17498
17401
17499
17402
17500
17403
17501
17404
17502
17405
17503
17406
17504
17407
17505
17408
17506
17409
17507
17410
17508
17411
17509
17412
17510
17413
17511
17414
17512
17415
17513
17416
17514
17417
17515
17418
17516
17419
17517
17420
17518
17421
17519
17422
17520
17423
17521
17424
17522
17425
17523
17426
17524
17427
17525
17428
17526
17429
17527
17430
17528
17431
17529
17432
17530
17433
17531
17434
17532
17435
17533
17436
17534
17437
17535
17438
17536
17439
17537
17440
17538
17441
17539
17442
17540
17443
17541
17444
17542
17543
17446
17544
17447
17545
17448
17546
17449
17547
17450
17548
17451
17549
17452
17550
17453
17551
17454
17552
17455
17553
17456
17554
17457
17555
17458
17556
17459
17557
17460
17558
17461
17559
17462
17560
17463
17561
17464
17562
17465
17563
17466
17564
17467
17565
17468
17566
17469
17567
17470
17568
17471
17569
17472
17570
17473
17571
17474
17572
17475
17573
17476
17574
17477
17575
17478
17576
17479
17577
17480
17578
17481
17579
17482
17580
17483
17581
17484
17582
17485
17583
17486
17584
17487
17585
17488
17586
17489
17587
17490
17588
17491
17589
17492
17590
17493
17591
17494
17592
17495
17593
17496
17594
17497
17595
17498
17596
17499
17597
17500
17598
17501
17599
17502
17600
17503
17601
17504
17602
17505
17603
17506
17604
17507
17605
17508
17606
17509
17607
17510
17608
17511
17609
17512
17610
17513
17611
17514
17612
17515
17613
17516
17614
17517
17615
17518
17616
17519
17617
17520
17618
17521
17619
17522
17620
17523
17621
17524
17622
17525
17623
17526
17624
17527
17625
17528
17626
17529
17627
17530
17628
17531
17629
17532
17630
17533
17631
17534
17632
17535
17633
17536
17634
17537
17635
17538
17636
17539
17637
17540
17638
17541
17639
17542
17640
17543
17641
17642
17545
17643
17546
17644
17547
17645
17548
17646
17549
17647
17550
17648
17551
17649
17552
17650
17553
17651
17554
17652
17555
17653
17556
17654
17557
17655
17558
17656
17559
17657
17560
17658
17561
17659
17562
17660
17563
17661
17564
17662
17565
17663
17566
17664
17567
17665
17568
17666
17569
17667
17570
17668
17571
17669
17572
17670
17573
17671
17574
17672
17575
17673
17576
17674
17577
17675
17578
17676
17579
17677
17580
17678
17581
17679
17582
17680
17583
17681
17584
17682
17585
17683
17586
17684
17587
17685
17588
17686
17589
17687
17590
17688
17591
17689
17592
17690
17593
17691
17594
17692
17595
17693
17596
17694
17597
17695
17598
17696
17599
17697
17600
17698
17601
17699
17602
17700
17603
17701
17604
17702
17605
17703
17606
17704
17607
17705
17608
17706
17609
17707
17610
17708
17611
17709
17612
17710
17613
17711
17614
17712
17615
17713
17616
17714
17617
17715
17618
17716
17619
17717
17620
17718
17621
17719
17622
17720
17623
17721
17624
17722
17625
17723
17626
17724
17627
17725
17628
17726
17629
17727
17630
17728
17631
17729
17632
17730
17633
17731
17634
17732
17635
17733
17636
17734
17637
17735
17638
17736
17639
17737
17640
17738
17641
17739
17642
17740
17741
17644
17742
17645
17743
17646
17744
17647
17745
17648
17746
17649
17747
17650
17748
17651
17749
17652
17750
17653
17751
17654
17752
17655
17753
17656
17754
17657
17755
17658
17756
17659
17757
17660
17758
17661
17759
17662
17760
17663
17761
17664
17762
17665
17763
17666
17764
17667
17765
17668
17766
17669
17767
17670
17768
17671
17769
17672
17770
17673
17771
17674
17772
17675
17773
17676
17774
17677
17775
17678
17776
17679
17777
17680
17778
17681
17779
17682
17780
17683
17781
17684
17782
17685
17783
17686
17784
17687
17785
17688
17786
17689
17787
17690
17788
17691
17789
17692
17790
17693
17791
17694
17792
17695
17793
17696
17794
17697
17795
17698
17796
17699
17797
17700
17798
17701
17799
17702
17800
17703
17801
17704
17802
17705
17803
17706
17804
17707
17805
17708
17806
17709
17807
17710
17808
17711
17809
17712
17810
17713
17811
17714
17812
17715
17813
17716
17814
17717
17815
17718
17816
17719
17817
17720
17818
17721
17819
17722
17820
17723
17821
17724
17822
17725
17823
17726
17824
17727
17825
17728
17826
17729
17827
17730
17828
17731
17829
17732
17830
17733
17831
17734
17832
17735
17833
17736
17834
17737
17835
17738
17836
17739
17837
17740
17838
17741
17839
17840
17743
17841
17744
17842
17745
17843
17746
17844
17747
17845
17748
17846
17749
17847
17750
17848
17751
17849
17752
17850
17753
17851
17754
17852
17755
17853
17756
17854
17757
17855
17758
17856
17759
17857
17760
17858
17761
17859
17762
17860
17763
17861
17764
17862
17765
17863
17766
17864
17767
17865
17768
17866
17769
17867
17770
17868
17771
17869
17772
17870
17773
17871
17774
17872
17775
17873
17776
17874
17777
17875
17778
17876
17779
17877
17780
17878
17781
17879
17782
17880
17783
17881
17784
17882
17785
17883
17786
17884
17787
17885
17788
17886
17789
17887
17790
17888
17791
17889
17792
17890
17793
17891
17794
17892
17795
17893
17796
17894
17797
17895
17798
17896
17799
17897
17800
17898
17801
17899
17802
17900
17803
17901
17804
17902
17805
17903
17806
17904
17807
17905
17808
17906
17809
17907
17810
17908
17811
17909
17812
17910
17813
17911
17814
17912
17815
17913
17816
17914
17817
17915
17818
17916
17819
17917
17820
17918
17821
17919
17822
17920
17823
17921
17824
17922
17825
17923
17826
17924
17827
17925
17828
17926
17829
17927
17830
17928
17831
17929
17832
17930
17833
17931
17834
17932
17835
17933
17836
17934
17837
17935
17838
17936
17839
17937
17840
17938
17939
17842
17940
17843
17941
17844
17942
17845
17943
17846
17944
17847
17945
17848
17946
17849
17947
17850
17948
17851
17949
17852
17950
17853
17951
17854
17952
17855
17953
17856
17954
17857
17955
17858
17956
17859
17957
17860
17958
17861
17959
17862
17960
17863
17961
17864
17962
17865
17963
17866
17964
17867
17965
17868
17966
17869
17967
17870
17968
17871
17969
17872
17970
17873
17971
17874
17972
17875
17973
17876
17974
17877
17975
17878
17976
17879
17977
17880
17978
17881
17979
17882
17980
17883
17981
17884
17982
17885
17983
17886
17984
17887
17985
17888
17986
17889
17987
17890
17988
17891
17989
17892
17990
17893
17991
17894
17992
17895
17993
17896
17994
17897
17995
17898
17996
17899
17997
17900
17998
17901
17999
17902
18000
17903
18001
17904
18002
17905
18003
17906
18004
17907
18005
17908
18006
17909
18007
17910
18008
17911
18009
17912
18010
17913
18011
17914
18012
17915
18013
17916
18014
17917
18015
17918
18016
17919
18017
17920
18018
17921
18019
17922
18020
17923
18021
17924
18022
17925
18023
17926
18024
17927
18025
17928
18026
17929
18027
17930
18028
17931
18029
17932
18030
17933
18031
17934
18032
17935
18033
17936
18034
17937
18035
17938
18036
17939
18037
18038
17941
18039
17942
18040
17943
18041
17944
18042
17945
18043
17946
18044
17947
18045
17948
18046
17949
18047
17950
18048
17951
18049
17952
18050
17953
18051
17954
18052
17955
18053
17956
18054
17957
18055
17958
18056
17959
18057
17960
18058
17961
18059
17962
18060
17963
18061
17964
18062
17965
18063
17966
18064
17967
18065
17968
18066
17969
18067
17970
18068
17971
18069
17972
18070
17973
18071
17974
18072
17975
18073
17976
18074
17977
18075
17978
18076
17979
18077
17980
18078
17981
18079
17982
18080
17983
18081
17984
18082
17985
18083
17986
18084
17987
18085
17988
18086
17989
18087
17990
18088
17991
18089
17992
18090
17993
18091
17994
18092
17995
18093
17996
18094
17997
18095
17998
18096
17999
18097
18000
18098
18001
18099
18002
18100
18003
18101
18004
18102
18005
18103
18006
18104
18007
18105
18008
18106
18009
18107
18010
18108
18011
18109
18012
18110
18013
18111
18014
18112
18015
18113
18016
18114
18017
18115
18018
18116
18019
18117
18020
18118
18021
18119
18022
18120
18023
18121
18024
18122
18025
18123
18026
18124
18027
18125
18028
18126
18029
18127
18030
18128
18031
18129
18032
18130
18033
18131
18034
18132
18035
18133
18036
18134
18037
18135
18038
18136
18137
18040
18138
18041
18139
18042
18140
18043
18141
18044
18142
18045
18143
18046
18144
18047
18145
18048
18146
18049
18147
18050
18148
18051
18149
18052
18150
18053
18151
18054
18152
18055
18153
18056
18154
18057
18155
18058
18156
18059
18157
18060
18158
18061
18159
18062
18160
18063
18161
18064
18162
18065
18163
18066
18164
18067
18165
18068
18166
18069
18167
18070
18168
18071
18169
18072
18170
18073
18171
18074
18172
18075
18173
18076
18174
18077
18175
18078
18176
18079
18177
18080
18178
18081
18179
18082
18180
18083
18181
18084
18182
18085
18183
18086
18184
18087
18185
18088
18186
18089
18187
18090
18188
18091
18189
18092
18190
18093
18191
18094
18192
18095
18193
18096
18194
18097
18195
18098
18196
18099
18197
18100
18198
18101
18199
18102
18200
18103
18201
18104
18202
18105
18203
18106
18204
18107
18205
18108
18206
18109
18207
18110
18208
18111
18209
18112
18210
18113
18211
18114
18212
18115
18213
18116
18214
18117
18215
18118
18216
18119
18217
18120
18218
18121
18219
18122
18220
18123
18221
18124
18222
18125
18223
18126
18224
18127
18225
18128
18226
18129
18227
18130
18228
18131
18229
18132
18230
18133
18231
18134
18232
18135
18233
18136
18234
18137
18235
18236
18139
18237
18140
18238
18141
18239
18142
18240
18143
18241
18144
18242
18145
18243
18146
18244
18147
18245
18148
18246
18149
18247
18150
18248
18151
18249
18152
18250
18153
18251
18154
18252
18155
18253
18156
18254
18157
18255
18158
18256
18159
18257
18160
18258
18161
18259
18162
18260
18163
18261
18164
18262
18165
18263
18166
18264
18167
18265
18168
18266
18169
18267
18170
18268
18171
18269
18172
18270
18173
18271
18174
18272
18175
18273
18176
18274
18177
18275
18178
18276
18179
18277
18180
18278
18181
18279
18182
18280
18183
18281
18184
18282
18185
18283
18186
18284
18187
18285
18188
18286
18189
18287
18190
18288
18191
18289
18192
18290
18193
18291
18194
18292
18195
18293
18196
18294
18197
18295
18198
18296
18199
18297
18200
18298
18201
18299
18202
18300
18203
18301
18204
18302
18205
18303
18206
18304
18207
18305
18208
18306
18209
18307
18210
18308
18211
18309
18212
18310
18213
18311
18214
18312
18215
18313
18216
18314
18217
18315
18218
18316
18219
18317
18220
18318
18221
18319
18222
18320
18223
18321
18224
18322
18225
18323
18226
18324
18227
18325
18228
18326
18229
18327
18230
18328
18231
18329
18232
18330
18233
18331
18234
18332
18235
18333
18236
18334
18335
18238
18336
18239
18337
18240
18338
18241
18339
18242
18340
18243
18341
18244
18342
18245
18343
18246
18344
18247
18345
18248
18346
18249
18347
18250
18348
18251
18349
18252
18350
18253
18351
18254
18352
18255
18353
18256
18354
18257
18355
18258
18356
18259
18357
18260
18358
18261
18359
18262
18360
18263
18361
18264
18362
18265
18363
18266
18364
18267
18365
18268
18366
18269
18367
18270
18368
18271
18369
18272
18370
18273
18371
18274
18372
18275
18373
18276
18374
18277
18375
18278
18376
18279
18377
18280
18378
18281
18379
18282
18380
18283
18381
18284
18382
18285
18383
18286
18384
18287
18385
18288
18386
18289
18387
18290
18388
18291
18389
18292
18390
18293
18391
18294
18392
18295
18393
18296
18394
18297
18395
18298
18396
18299
18397
18300
18398
18301
18399
18302
18400
18303
18401
18304
18402
18305
18403
18306
18404
18307
18405
18308
18406
18309
18407
18310
18408
18311
18409
18312
18410
18313
18411
18314
18412
18315
18413
18316
18414
18317
18415
18318
18416
18319
18417
18320
18418
18321
18419
18322
18420
18323
18421
18324
18422
18325
18423
18326
18424
18327
18425
18328
18426
18329
18427
18330
18428
18331
18429
18332
18430
18333
18431
18334
18432
18335
18433
18434
18337
18435
18338
18436
18339
18437
18340
18438
18341
18439
18342
18440
18343
18441
18344
18442
18345
18443
18346
18444
18347
18445
18348
18446
18349
18447
18350
18448
18351
18449
18352
18450
18353
18451
18354
18452
18355
18453
18356
18454
18357
18455
18358
18456
18359
18457
18360
18458
18361
18459
18362
18460
18363
18461
18364
18462
18365
18463
18366
18464
18367
18465
18368
18466
18369
18467
18370
18468
18371
18469
18372
18470
18373
18471
18374
18472
18375
18473
18376
18474
18377
18475
18378
18476
18379
18477
18380
18478
18381
18479
18382
18480
18383
18481
18384
18482
18385
18483
18386
18484
18387
18485
18388
18486
18389
18487
18390
18488
18391
18489
18392
18490
18393
18491
18394
18492
18395
18493
18396
18494
18397
18495
18398
18496
18399
18497
18400
18498
18401
18499
18402
18500
18403
18501
18404
18502
18405
18503
18406
18504
18407
18505
18408
18506
18409
18507
18410
18508
18411
18509
18412
18510
18413
18511
18414
18512
18415
18513
18416
18514
18417
18515
18418
18516
18419
18517
18420
18518
18421
18519
18422
18520
18423
18521
18424
18522
18425
18523
18426
18524
18427
18525
18428
18526
18429
18527
18430
18528
18431
18529
18432
18530
18433
18531
18434
18532
18533
18436
18534
18437
18535
18438
18536
18439
18537
18440
18538
18441
18539
18442
18540
18443
18541
18444
18542
18445
18543
18446
18544
18447
18545
18448
18546
18449
18547
18450
18548
18451
18549
18452
18550
18453
18551
18454
18552
18455
18553
18456
18554
18457
18555
18458
18556
18459
18557
18460
18558
18461
18559
18462
18560
18463
18561
18464
18562
18465
18563
18466
18564
18467
18565
18468
18566
18469
18567
18470
18568
18471
18569
18472
18570
18473
18571
18474
18572
18475
18573
18476
18574
18477
18575
18478
18576
18479
18577
18480
18578
18481
18579
18482
18580
18483
18581
18484
18582
18485
18583
18486
18584
18487
18585
18488
18586
18489
18587
18490
18588
18491
18589
18492
18590
18493
18591
18494
18592
18495
18593
18496
18594
18497
18595
18498
18596
18499
18597
18500
18598
18501
18599
18502
18600
18503
18601
18504
18602
18505
18603
18506
18604
18507
18605
18508
18606
18509
18607
18510
18608
18511
18609
18512
18610
18513
18611
18514
18612
18515
18613
18516
18614
18517
18615
18518
18616
18519
18617
18520
18618
18521
18619
18522
18620
18523
18621
18524
18622
18525
18623
18526
18624
18527
18625
18528
18626
18529
18627
18530
18628
18531
18629
18532
18630
18533
18631
18632
18535
18633
18536
18634
18537
18635
18538
18636
18539
18637
18540
18638
18541
18639
18542
18640
18543
18641
18544
18642
18545
18643
18546
18644
18547
18645
18548
18646
18549
18647
18550
18648
18551
18649
18552
18650
18553
18651
18554
18652
18555
18653
18556
18654
18557
18655
18558
18656
18559
18657
18560
18658
18561
18659
18562
18660
18563
18661
18564
18662
18565
18663
18566
18664
18567
18665
18568
18666
18569
18667
18570
18668
18571
18669
18572
18670
18573
18671
18574
18672
18575
18673
18576
18674
18577
18675
18578
18676
18579
18677
18580
18678
18581
18679
18582
18680
18583
18681
18584
18682
18585
18683
18586
18684
18587
18685
18588
18686
18589
18687
18590
18688
18591
18689
18592
18690
18593
18691
18594
18692
18595
18693
18596
18694
18597
18695
18598
18696
18599
18697
18600
18698
18601
18699
18602
18700
18603
18701
18604
18702
18605
18703
18606
18704
18607
18705
18608
18706
18609
18707
18610
18708
18611
18709
18612
18710
18613
18711
18614
18712
18615
18713
18616
18714
18617
18715
18618
18716
18619
18717
18620
18718
18621
18719
18622
18720
18623
18721
18624
18722
18625
18723
18626
18724
18627
18725
18628
18726
18629
18727
18630
18728
18631
18729
18632
18730
18731
18634
18732
18635
18733
18636
18734
18637
18735
18638
18736
18639
18737
18640
18738
18641
18739
18642
18740
18643
18741
18644
18742
18645
18743
18646
18744
18647
18745
18648
18746
18649
18747
18650
18748
18651
18749
18652
18750
18653
18751
18654
18752
18655
18753
18656
18754
18657
18755
18658
18756
18659
18757
18660
18758
18661
18759
18662
18760
18663
18761
18664
18762
18665
18763
18666
18764
18667
18765
18668
18766
18669
18767
18670
18768
18671
18769
18672
18770
18673
18771
18674
18772
18675
18773
18676
18774
18677
18775
18678
18776
18679
18777
18680
18778
18681
18779
18682
18780
18683
18781
18684
18782
18685
18783
18686
18784
18687
18785
18688
18786
18689
18787
18690
18788
18691
18789
18692
18790
18693
18791
18694
18792
18695
18793
18696
18794
18697
18795
18698
18796
18699
18797
18700
18798
18701
18799
18702
18800
18703
18801
18704
18802
18705
18803
18706
18804
18707
18805
18708
18806
18709
18807
18710
18808
18711
18809
18712
18810
18713
18811
18714
18812
18715
18813
18716
18814
18717
18815
18718
18816
18719
18817
18720
18818
18721
18819
18722
18820
18723
18821
18724
18822
18725
18823
18726
18824
18727
18825
18728
18826
18729
18827
18730
18828
18731
18829
18830
18733
18831
18734
18832
18735
18833
18736
18834
18737
18835
18738
18836
18739
18837
18740
18838
18741
18839
18742
18840
18743
18841
18744
18842
18745
18843
18746
18844
18747
18845
18748
18846
18749
18847
18750
18848
18751
18849
18752
18850
18753
18851
18754
18852
18755
18853
18756
18854
18757
18855
18758
18856
18759
18857
18760
18858
18761
18859
18762
18860
18763
18861
18764
18862
18765
18863
18766
18864
18767
18865
18768
18866
18769
18867
18770
18868
18771
18869
18772
18870
18773
18871
18774
18872
18775
18873
18776
18874
18777
18875
18778
18876
18779
18877
18780
18878
18781
18879
18782
18880
18783
18881
18784
18882
18785
18883
18786
18884
18787
18885
18788
18886
18789
18887
18790
18888
18791
18889
18792
18890
18793
18891
18794
18892
18795
18893
18796
18894
18797
18895
18798
18896
18799
18897
18800
18898
18801
18899
18802
18900
18803
18901
18804
18902
18805
18903
18806
18904
18807
18905
18808
18906
18809
18907
18810
18908
18811
18909
18812
18910
18813
18911
18814
18912
18815
18913
18816
18914
18817
18915
18818
18916
18819
18917
18820
18918
18821
18919
18822
18920
18823
18921
18824
18922
18825
18923
18826
18924
18827
18925
18828
18926
18829
18927
18830
18928
18929
18832
18930
18833
18931
18834
18932
18835
18933
18836
18934
18837
18935
18838
18936
18839
18937
18840
18938
18841
18939
18842
18940
18843
18941
18844
18942
18845
18943
18846
18944
18847
18945
18848
18946
18849
18947
18850
18948
18851
18949
18852
18950
18853
18951
18854
18952
18855
18953
18856
18954
18857
18955
18858
18956
18859
18957
18860
18958
18861
18959
18862
18960
18863
18961
18864
18962
18865
18963
18866
18964
18867
18965
18868
18966
18869
18967
18870
18968
18871
18969
18872
18970
18873
18971
18874
18972
18875
18973
18876
18974
18877
18975
18878
18976
18879
18977
18880
18978
18881
18979
18882
18980
18883
18981
18884
18982
18885
18983
18886
18984
18887
18985
18888
18986
18889
18987
18890
18988
18891
18989
18892
18990
18893
18991
18894
18992
18895
18993
18896
18994
18897
18995
18898
18996
18899
18997
18900
18998
18901
18999
18902
19000
18903
19001
18904
19002
18905
19003
18906
19004
18907
19005
18908
19006
18909
19007
18910
19008
18911
19009
18912
19010
18913
19011
18914
19012
18915
19013
18916
19014
18917
19015
18918
19016
18919
19017
18920
19018
18921
19019
18922
19020
18923
19021
18924
19022
18925
19023
18926
19024
18927
19025
18928
19026
18929
19027
19028
18931
19029
18932
19030
18933
19031
18934
19032
18935
19033
18936
19034
18937
19035
18938
19036
18939
19037
18940
19038
18941
19039
18942
19040
18943
19041
18944
19042
18945
19043
18946
19044
18947
19045
18948
19046
18949
19047
18950
19048
18951
19049
18952
19050
18953
19051
18954
19052
18955
19053
18956
19054
18957
19055
18958
19056
18959
19057
18960
19058
18961
19059
18962
19060
18963
19061
18964
19062
18965
19063
18966
19064
18967
19065
18968
19066
18969
19067
18970
19068
18971
19069
18972
19070
18973
19071
18974
19072
18975
19073
18976
19074
18977
19075
18978
19076
18979
19077
18980
19078
18981
19079
18982
19080
18983
19081
18984
19082
18985
19083
18986
19084
18987
19085
18988
19086
18989
19087
18990
19088
18991
19089
18992
19090
18993
19091
18994
19092
18995
19093
18996
19094
18997
19095
18998
19096
18999
19097
19000
19098
19001
19099
19002
19100
19003
19101
19004
19102
19005
19103
19006
19104
19007
19105
19008
19106
19009
19107
19010
19108
19011
19109
19012
19110
19013
19111
19014
19112
19015
19113
19016
19114
19017
19115
19018
19116
19019
19117
19020
19118
19021
19119
19022
19120
19023
19121
19024
19122
19025
19123
19026
19124
19027
19125
19028
19126
19127
19030
19128
19031
19129
19032
19130
19033
19131
19034
19132
19035
19133
19036
19134
19037
19135
19038
19136
19039
19137
19040
19138
19041
19139
19042
19140
19043
19141
19044
19142
19045
19143
19046
19144
19047
19145
19048
19146
19049
19147
19050
19148
19051
19149
19052
19150
19053
19151
19054
19152
19055
19153
19056
19154
19057
19155
19058
19156
19059
19157
19060
19158
19061
19159
19062
19160
19063
19161
19064
19162
19065
19163
19066
19164
19067
19165
19068
19166
19069
19167
19070
19168
19071
19169
19072
19170
19073
19171
19074
19172
19075
19173
19076
19174
19077
19175
19078
19176
19079
19177
19080
19178
19081
19179
19082
19180
19083
19181
19084
19182
19085
19183
19086
19184
19087
19185
19088
19186
19089
19187
19090
19188
19091
19189
19092
19190
19093
19191
19094
19192
19095
19193
19096
19194
19097
19195
19098
19196
19099
19197
19100
19198
19101
19199
19102
19200
19103
19201
19104
19202
19105
19203
19106
19204
19107
19205
19108
19206
19109
19207
19110
19208
19111
19209
19112
19210
19113
19211
19114
19212
19115
19213
19116
19214
19117
19215
19118
19216
19119
19217
19120
19218
19121
19219
19122
19220
19123
19221
19124
19222
19125
19223
19126
19224
19127
19225
19226
19129
19227
19130
19228
19131
19229
19132
19230
19133
19231
19134
19232
19135
19233
19136
19234
19137
19235
19138
19236
19139
19237
19140
19238
19141
19239
19142
19240
19143
19241
19144
19242
19145
19243
19146
19244
19147
19245
19148
19246
19149
19247
19150
19248
19151
19249
19152
19250
19153
19251
19154
19252
19155
19253
19156
19254
19157
19255
19158
19256
19159
19257
19160
19258
19161
19259
19162
19260
19163
19261
19164
19262
19165
19263
19166
19264
19167
19265
19168
19266
19169
19267
19170
19268
19171
19269
19172
19270
19173
19271
19174
19272
19175
19273
19176
19274
19177
19275
19178
19276
19179
19277
19180
19278
19181
19279
19182
19280
19183
19281
19184
19282
19185
19283
19186
19284
19187
19285
19188
19286
19189
19287
19190
19288
19191
19289
19192
19290
19193
19291
19194
19292
19195
19293
19196
19294
19197
19295
19198
19296
19199
19297
19200
19298
19201
19299
19202
19300
19203
19301
19204
19302
19205
19303
19206
19304
19207
19305
19208
19306
19209
19307
19210
19308
19211
19309
19212
19310
19213
19311
19214
19312
19215
19313
19216
19314
19217
19315
19218
19316
19219
19317
19220
19318
19221
19319
19222
19320
19223
19321
19224
19322
19225
19323
19226
19324
19325
19228
19326
19229
19327
19230
19328
19231
19329
19232
19330
19233
19331
19234
19332
19235
19333
19236
19334
19237
19335
19238
19336
19239
19337
19240
19338
19241
19339
19242
19340
19243
19341
19244
19342
19245
19343
19246
19344
19247
19345
19248
19346
19249
19347
19250
19348
19251
19349
19252
19350
19253
19351
19254
19352
19255
19353
19256
19354
19257
19355
19258
19356
19259
19357
19260
19358
19261
19359
19262
19360
19263
19361
19264
19362
19265
19363
19266
19364
19267
19365
19268
19366
19269
19367
19270
19368
19271
19369
19272
19370
19273
19371
19274
19372
19275
19373
19276
19374
19277
19375
19278
19376
19279
19377
19280
19378
19281
19379
19282
19380
19283
19381
19284
19382
19285
19383
19286
19384
19287
19385
19288
19386
19289
19387
19290
19388
19291
19389
19292
19390
19293
19391
19294
19392
19295
19393
19296
19394
19297
19395
19298
19396
19299
19397
19300
19398
19301
19399
19302
19400
19303
19401
19304
19402
19305
19403
19306
19404
19307
19405
19308
19406
19309
19407
19310
19408
19311
19409
19312
19410
19313
19411
19314
19412
19315
19413
19316
19414
19317
19415
19318
19416
19319
19417
19320
19418
19321
19419
19322
19420
19323
19421
19324
19422
19325
19423
19424
19327
19425
19328
19426
19329
19427
19330
19428
19331
19429
19332
19430
19333
19431
19334
19432
19335
19433
19336
19434
19337
19435
19338
19436
19339
19437
19340
19438
19341
19439
19342
19440
19343
19441
19344
19442
19345
19443
19346
19444
19347
19445
19348
19446
19349
19447
19350
19448
19351
19449
19352
19450
19353
19451
19354
19452
19355
19453
19356
19454
19357
19455
19358
19456
19359
19457
19360
19458
19361
19459
19362
19460
19363
19461
19364
19462
19365
19463
19366
19464
19367
19465
19368
19466
19369
19467
19370
19468
19371
19469
19372
19470
19373
19471
19374
19472
19375
19473
19376
19474
19377
19475
19378
19476
19379
19477
19380
19478
19381
19479
19382
19480
19383
19481
19384
19482
19385
19483
19386
19484
19387
19485
19388
19486
19389
19487
19390
19488
19391
19489
19392
19490
19393
19491
19394
19492
19395
19493
19396
19494
19397
19495
19398
19496
19399
19497
19400
19498
19401
19499
19402
19500
19403
19501
19404
19502
19405
19503
19406
19504
19407
19505
19408
19506
19409
19507
19410
19508
19411
19509
19412
19510
19413
19511
19414
19512
19415
19513
19416
19514
19417
19515
19418
19516
19419
19517
19420
19518
19421
19519
19422
19520
19423
19521
19424
19522
19523
19426
19524
19427
19525
19428
19526
19429
19527
19430
19528
19431
19529
19432
19530
19433
19531
19434
19532
19435
19533
19436
19534
19437
19535
19438
19536
19439
19537
19440
19538
19441
19539
19442
19540
19443
19541
19444
19542
19445
19543
19446
19544
19447
19545
19448
19546
19449
19547
19450
19548
19451
19549
19452
19550
19453
19551
19454
19552
19455
19553
19456
19554
19457
19555
19458
19556
19459
19557
19460
19558
19461
19559
19462
19560
19463
19561
19464
19562
19465
19563
19466
19564
19467
19565
19468
19566
19469
19567
19470
19568
19471
19569
19472
19570
19473
19571
19474
19572
19475
19573
19476
19574
19477
19575
19478
19576
19479
19577
19480
19578
19481
19579
19482
19580
19483
19581
19484
19582
19485
19583
19486
19584
19487
19585
19488
19586
19489
19587
19490
19588
19491
19589
19492
19590
19493
19591
19494
19592
19495
19593
19496
19594
19497
19595
19498
19596
19499
19597
19500
19598
19501
19599
19502
19600
19503
19601
19504
19602
19505
19603
19506
19604
19507
19605
19508
19606
19509
19607
19510
19608
19511
19609
19512
19610
19513
19611
19514
19612
19515
19613
19516
19614
19517
19615
19518
19616
19519
19617
19520
19618
19521
19619
19522
19620
19523
19621
19622
19525
19623
19526
19624
19527
19625
19528
19626
19529
19627
19530
19628
19531
19629
19532
19630
19533
19631
19534
19632
19535
19633
19536
19634
19537
19635
19538
19636
19539
19637
19540
19638
19541
19639
19542
19640
19543
19641
19544
19642
19545
19643
19546
19644
19547
19645
19548
19646
19549
19647
19550
19648
19551
19649
19552
19650
19553
19651
19554
19652
19555
19653
19556
19654
19557
19655
19558
19656
19559
19657
19560
19658
19561
19659
19562
19660
19563
19661
19564
19662
19565
19663
19566
19664
19567
19665
19568
19666
19569
19667
19570
19668
19571
19669
19572
19670
19573
19671
19574
19672
19575
19673
19576
19674
19577
19675
19578
19676
19579
19677
19580
19678
19581
19679
19582
19680
19583
19681
19584
19682
19585
19683
19586
19684
19587
19685
19588
19686
19589
19687
19590
19688
19591
19689
19592
19690
19593
19691
19594
19692
19595
19693
19596
19694
19597
19695
19598
19696
19599
19697
19600
19698
19601
19699
19602
19700
19603
19701
19604
19702
19605
19703
19606
19704
19607
19705
19608
19706
19609
19707
19610
19708
19611
19709
19612
19710
19613
19711
19614
19712
19615
19713
19616
19714
19617
19715
19618
19716
19619
19717
19620
19718
19621
19719
19622
19720
19721
19624
19722
19625
19723
19626
19724
19627
19725
19628
19726
19629
19727
19630
19728
19631
19729
19632
19730
19633
19731
19634
19732
19635
19733
19636
19734
19637
19735
19638
19736
19639
19737
19640
19738
19641
19739
19642
19740
19643
19741
19644
19742
19645
19743
19646
19744
19647
19745
19648
19746
19649
19747
19650
19748
19651
19749
19652
19750
19653
19751
19654
19752
19655
19753
19656
19754
19657
19755
19658
19756
19659
19757
19660
19758
19661
19759
19662
19760
19663
19761
19664
19762
19665
19763
19666
19764
19667
19765
19668
19766
19669
19767
19670
19768
19671
19769
19672
19770
19673
19771
19674
19772
19675
19773
19676
19774
19677
19775
19678
19776
19679
19777
19680
19778
19681
19779
19682
19780
19683
19781
19684
19782
19685
19783
19686
19784
19687
19785
19688
19786
19689
19787
19690
19788
19691
19789
19692
19790
19693
19791
19694
19792
19695
19793
19696
19794
19697
19795
19698
19796
19699
19797
19700
19798
19701
19799
19702
19800
19703
19801
19704
19802
19705
19803
19706
19804
19707
19805
19708
19806
19709
19807
19710
19808
19711
19809
19712
19810
19713
19811
19714
19812
19715
19813
19716
19814
19717
19815
19718
19816
19719
19817
19720
19818
19721
19819
19820
19723
19821
19724
19822
19725
19823
19726
19824
19727
19825
19728
19826
19729
19827
19730
19828
19731
19829
19732
19830
19733
19831
19734
19832
19735
19833
19736
19834
19737
19835
19738
19836
19739
19837
19740
19838
19741
19839
19742
19840
19743
19841
19744
19842
19745
19843
19746
19844
19747
19845
19748
19846
19749
19847
19750
19848
19751
19849
19752
19850
19753
19851
19754
19852
19755
19853
19756
19854
19757
19855
19758
19856
19759
19857
19760
19858
19761
19859
19762
19860
19763
19861
19764
19862
19765
19863
19766
19864
19767
19865
19768
19866
19769
19867
19770
19868
19771
19869
19772
19870
19773
19871
19774
19872
19775
19873
19776
19874
19777
19875
19778
19876
19779
19877
19780
19878
19781
19879
19782
19880
19783
19881
19784
19882
19785
19883
19786
19884
19787
19885
19788
19886
19789
19887
19790
19888
19791
19889
19792
19890
19793
19891
19794
19892
19795
19893
19796
19894
19797
19895
19798
19896
19799
19897
19800
19898
19801
19899
19802
19900
19803
19901
19804
19902
19805
19903
19806
19904
19807
19905
19808
19906
19809
19907
19810
19908
19811
19909
19812
19910
19813
19911
19814
19912
19815
19913
19816
19914
19817
19915
19818
19916
19819
19917
19820
19918
19919
19822
19920
19823
19921
19824
19922
19825
19923
19826
19924
19827
19925
19828
19926
19829
19927
19830
19928
19831
19929
19832
19930
19833
19931
19834
19932
19835
19933
19836
19934
19837
19935
19838
19936
19839
19937
19840
19938
19841
19939
19842
19940
19843
19941
19844
19942
19845
19943
19846
19944
19847
19945
19848
19946
19849
19947
19850
19948
19851
19949
19852
19950
19853
19951
19854
19952
19855
19953
19856
19954
19857
19955
19858
19956
19859
19957
19860
19958
19861
19959
19862
19960
19863
19961
19864
19962
19865
19963
19866
19964
19867
19965
19868
19966
19869
19967
19870
19968
19871
19969
19872
19970
19873
19971
19874
19972
19875
19973
19876
19974
19877
19975
19878
19976
19879
19977
19880
19978
19881
19979
19882
19980
19883
19981
19884
19982
19885
19983
19886
19984
19887
19985
19888
19986
19889
19987
19890
19988
19891
19989
19892
19990
19893
19991
19894
19992
19895
19993
19896
19994
19897
19995
19898
19996
19899
19997
19900
19998
19901
19999
19902
20000
19903
20001
19904
20002
19905
20003
19906
20004
19907
20005
19908
20006
19909
20007
19910
20008
19911
20009
19912
20010
19913
20011
19914
20012
19915
20013
19916
20014
19917
20015
19918
20016
19919
20017
20018
19921
20019
19922
20020
19923
20021
19924
20022
19925
20023
19926
20024
19927
20025
19928
20026
19929
20027
19930
20028
19931
20029
19932
20030
19933
20031
19934
20032
19935
20033
19936
20034
19937
20035
19938
20036
19939
20037
19940
20038
19941
20039
19942
20040
19943
20041
19944
20042
19945
20043
19946
20044
19947
20045
19948
20046
19949
20047
19950
20048
19951
20049
19952
20050
19953
20051
19954
20052
19955
20053
19956
20054
19957
20055
19958
20056
19959
20057
19960
20058
19961
20059
19962
20060
19963
20061
19964
20062
19965
20063
19966
20064
19967
20065
19968
20066
19969
20067
19970
20068
19971
20069
19972
20070
19973
20071
19974
20072
19975
20073
19976
20074
19977
20075
19978
20076
19979
20077
19980
20078
19981
20079
19982
20080
19983
20081
19984
20082
19985
20083
19986
20084
19987
20085
19988
20086
19989
20087
19990
20088
19991
20089
19992
20090
19993
20091
19994
20092
19995
20093
19996
20094
19997
20095
19998
20096
19999
20097
20000
20098
20001
20099
20002
20100
20003
20101
20004
20102
20005
20103
20006
20104
20007
20105
20008
20106
20009
20107
20010
20108
20011
20109
20012
20110
20013
20111
20014
20112
20015
20113
20016
20114
20017
20115
20018
20116
20117
20020
20118
20021
20119
20022
20120
20023
20121
20024
20122
20025
20123
20026
20124
20027
20125
20028
20126
20029
20127
20030
20128
20031
20129
20032
20130
20033
20131
20034
20132
20035
20133
20036
20134
20037
20135
20038
20136
20039
20137
20040
20138
20041
20139
20042
20140
20043
20141
20044
20142
20045
20143
20046
20144
20047
20145
20048
20146
20049
20147
20050
20148
20051
20149
20052
20150
20053
20151
20054
20152
20055
20153
20056
20154
20057
20155
20058
20156
20059
20157
20060
20158
20061
20159
20062
20160
20063
20161
20064
20162
20065
20163
20066
20164
20067
20165
20068
20166
20069
20167
20070
20168
20071
20169
20072
20170
20073
20171
20074
20172
20075
20173
20076
20174
20077
20175
20078
20176
20079
20177
20080
20178
20081
20179
20082
20180
20083
20181
20084
20182
20085
20183
20086
20184
20087
20185
20088
20186
20089
20187
20090
20188
20091
20189
20092
20190
20093
20191
20094
20192
20095
20193
20096
20194
20097
20195
20098
20196
20099
20197
20100
20198
20101
20199
20102
20200
20103
20201
20104
20202
20105
20203
20106
20204
20107
20205
20108
20206
20109
20207
20110
20208
20111
20209
20112
20210
20113
20211
20114
20212
20115
20213
20116
20214
20117
20215
20216
20119
20217
20120
20218
20121
20219
20122
20220
20123
20221
20124
20222
20125
20223
20126
20224
20127
20225
20128
20226
20129
20227
20130
20228
20131
20229
20132
20230
20133
20231
20134
20232
20135
20233
20136
20234
20137
20235
20138
20236
20139
20237
20140
20238
20141
20239
20142
20240
20143
20241
20144
20242
20145
20243
20146
20244
20147
20245
20148
20246
20149
20247
20150
20248
20151
20249
20152
20250
20153
20251
20154
20252
20155
20253
20156
20254
20157
20255
20158
20256
20159
20257
20160
20258
20161
20259
20162
20260
20163
20261
20164
20262
20165
20263
20166
20264
20167
20265
20168
20266
20169
20267
20170
20268
20171
20269
20172
20270
20173
20271
20174
20272
20175
20273
20176
20274
20177
20275
20178
20276
20179
20277
20180
20278
20181
20279
20182
20280
20183
20281
20184
20282
20185
20283
20186
20284
20187
20285
20188
20286
20189
20287
20190
20288
20191
20289
20192
20290
20193
20291
20194
20292
20195
20293
20196
20294
20197
20295
20198
20296
20199
20297
20200
20298
20201
20299
20202
20300
20203
20301
20204
20302
20205
20303
20206
20304
20207
20305
20208
20306
20209
20307
20210
20308
20211
20309
20212
20310
20213
20311
20214
20312
20215
20313
20216
20314
20315
20218
20316
20219
20317
20220
20318
20221
20319
20222
20320
20223
20321
20224
20322
20225
20323
20226
20324
20227
20325
20228
20326
20229
20327
20230
20328
20231
20329
20232
20330
20233
20331
20234
20332
20235
20333
20236
20334
20237
20335
20238
20336
20239
20337
20240
20338
20241
20339
20242
20340
20243
20341
20244
20342
20245
20343
20246
20344
20247
20345
20248
20346
20249
20347
20250
20348
20251
20349
20252
20350
20253
20351
20254
20352
20255
20353
20256
20354
20257
20355
20258
20356
20259
20357
20260
20358
20261
20359
20262
20360
20263
20361
20264
20362
20265
20363
20266
20364
20267
20365
20268
20366
20269
20367
20270
20368
20271
20369
20272
20370
20273
20371
20274
20372
20275
20373
20276
20374
20277
20375
20278
20376
20279
20377
20280
20378
20281
20379
20282
20380
20283
20381
20284
20382
20285
20383
20286
20384
20287
20385
20288
20386
20289
20387
20290
20388
20291
20389
20292
20390
20293
20391
20294
20392
20295
20393
20296
20394
20297
20395
20298
20396
20299
20397
20300
20398
20301
20399
20302
20400
20303
20401
20304
20402
20305
20403
20306
20404
20307
20405
20308
20406
20309
20407
20310
20408
20311
20409
20312
20410
20313
20411
20314
20412
20315
20413
20414
20317
20415
20318
20416
20319
20417
20320
20418
20321
20419
20322
20420
20323
20421
20324
20422
20325
20423
20326
20424
20327
20425
20328
20426
20329
20427
20330
20428
20331
20429
20332
20430
20333
20431
20334
20432
20335
20433
20336
20434
20337
20435
20338
20436
20339
20437
20340
20438
20341
20439
20342
20440
20343
20441
20344
20442
20345
20443
20346
20444
20347
20445
20348
20446
20349
20447
20350
20448
20351
20449
20352
20450
20353
20451
20354
20452
20355
20453
20356
20454
20357
20455
20358
20456
20359
20457
20360
20458
20361
20459
20362
20460
20363
20461
20364
20462
20365
20463
20366
20464
20367
20465
20368
20466
20369
20467
20370
20468
20371
20469
20372
20470
20373
20471
20374
20472
20375
20473
20376
20474
20377
20475
20378
20476
20379
20477
20380
20478
20381
20479
20382
20480
20383
20481
20384
20482
20385
20483
20386
20484
20387
20485
20388
20486
20389
20487
20390
20488
20391
20489
20392
20490
20393
20491
20394
20492
20395
20493
20396
20494
20397
20495
20398
20496
20399
20497
20400
20498
20401
20499
20402
20500
20403
20501
20404
20502
20405
20503
20406
20504
20407
20505
20408
20506
20409
20507
20410
20508
20411
20509
20412
20510
20413
20511
20414
20512
20513
20416
20514
20417
20515
20418
20516
20419
20517
20420
20518
20421
20519
20422
20520
20423
20521
20424
20522
20425
20523
20426
20524
20427
20525
20428
20526
20429
20527
20430
20528
20431
20529
20432
20530
20433
20531
20434
20532
20435
20533
20436
20534
20437
20535
20438
20536
20439
20537
20440
20538
20441
20539
20442
20540
20443
20541
20444
20542
20445
20543
20446
20544
20447
20545
20448
20546
20449
20547
20450
20548
20451
20549
20452
20550
20453
20551
20454
20552
20455
20553
20456
20554
20457
20555
20458
20556
20459
20557
20460
20558
20461
20559
20462
20560
20463
20561
20464
20562
20465
20563
20466
20564
20467
20565
20468
20566
20469
20567
20470
20568
20471
20569
20472
20570
20473
20571
20474
20572
20475
20573
20476
20574
20477
20575
20478
20576
20479
20577
20480
20578
20481
20579
20482
20580
20483
20581
20484
20582
20485
20583
20486
20584
20487
20585
20488
20586
20489
20587
20490
20588
20491
20589
20492
20590
20493
20591
20494
20592
20495
20593
20496
20594
20497
20595
20498
20596
20499
20597
20500
20598
20501
20599
20502
20600
20503
20601
20504
20602
20505
20603
20506
20604
20507
20605
20508
20606
20509
20607
20510
20608
20511
20609
20512
20610
20513
20611
20612
20515
20613
20516
20614
20517
20615
20518
20616
20519
20617
20520
20618
20521
20619
20522
20620
20523
20621
20524
20622
20525
20623
20526
20624
20527
20625
20528
20626
20529
20627
20530
20628
20531
20629
20532
20630
20533
20631
20534
20632
20535
20633
20536
20634
20537
20635
20538
20636
20539
20637
20540
20638
20541
20639
20542
20640
20543
20641
20544
20642
20545
20643
20546
20644
20547
20645
20548
20646
20549
20647
20550
20648
20551
20649
20552
20650
20553
20651
20554
20652
20555
20653
20556
20654
20557
20655
20558
20656
20559
20657
20560
20658
20561
20659
20562
20660
20563
20661
20564
20662
20565
20663
20566
20664
20567
20665
20568
20666
20569
20667
20570
20668
20571
20669
20572
20670
20573
20671
20574
20672
20575
20673
20576
20674
20577
20675
20578
20676
20579
20677
20580
20678
20581
20679
20582
20680
20583
20681
20584
20682
20585
20683
20586
20684
20587
20685
20588
20686
20589
20687
20590
20688
20591
20689
20592
20690
20593
20691
20594
20692
20595
20693
20596
20694
20597
20695
20598
20696
20599
20697
20600
20698
20601
20699
20602
20700
20603
20701
20604
20702
20605
20703
20606
20704
20607
20705
20608
20706
20609
20707
20610
20708
20611
20709
20612
20710
20711
20614
20712
20615
20713
20616
20714
20617
20715
20618
20716
20619
20717
20620
20718
20621
20719
20622
20720
20623
20721
20624
20722
20625
20723
20626
20724
20627
20725
20628
20726
20629
20727
20630
20728
20631
20729
20632
20730
20633
20731
20634
20732
20635
20733
20636
20734
20637
20735
20638
20736
20639
20737
20640
20738
20641
20739
20642
20740
20643
20741
20644
20742
20645
20743
20646
20744
20647
20745
20648
20746
20649
20747
20650
20748
20651
20749
20652
20750
20653
20751
20654
20752
20655
20753
20656
20754
20657
20755
20658
20756
20659
20757
20660
20758
20661
20759
20662
20760
20663
20761
20664
20762
20665
20763
20666
20764
20667
20765
20668
20766
20669
20767
20670
20768
20671
20769
20672
20770
20673
20771
20674
20772
20675
20773
20676
20774
20677
20775
20678
20776
20679
20777
20680
20778
20681
20779
20682
20780
20683
20781
20684
20782
20685
20783
20686
20784
20687
20785
20688
20786
20689
20787
20690
20788
20691
20789
20692
20790
20693
20791
20694
20792
20695
20793
20696
20794
20697
20795
20698
20796
20699
20797
20700
20798
20701
20799
20702
20800
20703
20801
20704
20802
20705
20803
20706
20804
20707
20805
20708
20806
20709
20807
20710
20808
20711
20809
20810
20713
20811
20714
20812
20715
20813
20716
20814
20717
20815
20718
20816
20719
20817
20720
20818
20721
20819
20722
20820
20723
20821
20724
20822
20725
20823
20726
20824
20727
20825
20728
20826
20729
20827
20730
20828
20731
20829
20732
20830
20733
20831
20734
20832
20735
20833
20736
20834
20737
20835
20738
20836
20739
20837
20740
20838
20741
20839
20742
20840
20743
20841
20744
20842
20745
20843
20746
20844
20747
20845
20748
20846
20749
20847
20750
20848
20751
20849
20752
20850
20753
20851
20754
20852
20755
20853
20756
20854
20757
20855
20758
20856
20759
20857
20760
20858
20761
20859
20762
20860
20763
20861
20764
20862
20765
20863
20766
20864
20767
20865
20768
20866
20769
20867
20770
20868
20771
20869
20772
20870
20773
20871
20774
20872
20775
20873
20776
20874
20777
20875
20778
20876
20779
20877
20780
20878
20781
20879
20782
20880
20783
20881
20784
20882
20785
20883
20786
20884
20787
20885
20788
20886
20789
20887
20790
20888
20791
20889
20792
20890
20793
20891
20794
20892
20795
20893
20796
20894
20797
20895
20798
20896
20799
20897
20800
20898
20801
20899
20802
20900
20803
20901
20804
20902
20805
20903
20806
20904
20807
20905
20808
20906
20809
20907
20810
20908
20909
20812
20910
20813
20911
20814
20912
20815
20913
20816
20914
20817
20915
20818
20916
20819
20917
20820
20918
20821
20919
20822
20920
20823
20921
20824
20922
20825
20923
20826
20924
20827
20925
20828
20926
20829
20927
20830
20928
20831
20929
20832
20930
20833
20931
20834
20932
20835
20933
20836
20934
20837
20935
20838
20936
20839
20937
20840
20938
20841
20939
20842
20940
20843
20941
20844
20942
20845
20943
20846
20944
20847
20945
20848
20946
20849
20947
20850
20948
20851
20949
20852
20950
20853
20951
20854
20952
20855
20953
20856
20954
20857
20955
20858
20956
20859
20957
20860
20958
20861
20959
20862
20960
20863
20961
20864
20962
20865
20963
20866
20964
20867
20965
20868
20966
20869
20967
20870
20968
20871
20969
20872
20970
20873
20971
20874
20972
20875
20973
20876
20974
20877
20975
20878
20976
20879
20977
20880
20978
20881
20979
20882
20980
20883
20981
20884
20982
20885
20983
20886
20984
20887
20985
20888
20986
20889
20987
20890
20988
20891
20989
20892
20990
20893
20991
20894
20992
20895
20993
20896
20994
20897
20995
20898
20996
20899
20997
20900
20998
20901
20999
20902
21000
20903
21001
20904
21002
20905
21003
20906
21004
20907
21005
20908
21006
20909
21007
21008
20911
21009
20912
21010
20913
21011
20914
21012
20915
21013
20916
21014
20917
21015
20918
21016
20919
21017
20920
21018
20921
21019
20922
21020
20923
21021
20924
21022
20925
21023
20926
21024
20927
21025
20928
21026
20929
21027
20930
21028
20931
21029
20932
21030
20933
21031
20934
21032
20935
21033
20936
21034
20937
21035
20938
21036
20939
21037
20940
21038
20941
21039
20942
21040
20943
21041
20944
21042
20945
21043
20946
21044
20947
21045
20948
21046
20949
21047
20950
21048
20951
21049
20952
21050
20953
21051
20954
21052
20955
21053
20956
21054
20957
21055
20958
21056
20959
21057
20960
21058
20961
21059
20962
21060
20963
21061
20964
21062
20965
21063
20966
21064
20967
21065
20968
21066
20969
21067
20970
21068
20971
21069
20972
21070
20973
21071
20974
21072
20975
21073
20976
21074
20977
21075
20978
21076
20979
21077
20980
21078
20981
21079
20982
21080
20983
21081
20984
21082
20985
21083
20986
21084
20987
21085
20988
21086
20989
21087
20990
21088
20991
21089
20992
21090
20993
21091
20994
21092
20995
21093
20996
21094
20997
21095
20998
21096
20999
21097
21000
21098
21001
21099
21002
21100
21003
21101
21004
21102
21005
21103
21006
21104
21007
21105
21008
21106
21107
21010
21108
21011
21109
21012
21110
21013
21111
21014
21112
21015
21113
21016
21114
21017
21115
21018
21116
21019
21117
21020
21118
21021
21119
21022
21120
21023
21121
21024
21122
21025
21123
21026
21124
21027
21125
21028
21126
21029
21127
21030
21128
21031
21129
21032
21130
21033
21131
21034
21132
21035
21133
21036
21134
21037
21135
21038
21136
21039
21137
21040
21138
21041
21139
21042
21140
21043
21141
21044
21142
21045
21143
21046
21144
21047
21145
21048
21146
21049
21147
21050
21148
21051
21149
21052
21150
21053
21151
21054
21152
21055
21153
21056
21154
21057
21155
21058
21156
21059
21157
21060
21158
21061
21159
21062
21160
21063
21161
21064
21162
21065
21163
21066
21164
21067
21165
21068
21166
21069
21167
21070
21168
21071
21169
21072
21170
21073
21171
21074
21172
21075
21173
21076
21174
21077
21175
21078
21176
21079
21177
21080
21178
21081
21179
21082
21180
21083
21181
21084
21182
21085
21183
21086
21184
21087
21185
21088
21186
21089
21187
21090
21188
21091
21189
21092
21190
21093
21191
21094
21192
21095
21193
21096
21194
21097
21195
21098
21196
21099
21197
21100
21198
21101
21199
21102
21200
21103
21201
21104
21202
21105
21203
21106
21204
21107
21205
21206
21109
21207
21110
21208
21111
21209
21112
21210
21113
21211
21114
21212
21115
21213
21116
21214
21117
21215
21118
21216
21119
21217
21120
21218
21121
21219
21122
21220
21123
21221
21124
21222
21125
21223
21126
21224
21127
21225
21128
21226
21129
21227
21130
21228
21131
21229
21132
21230
21133
21231
21134
21232
21135
21233
21136
21234
21137
21235
21138
21236
21139
21237
21140
21238
21141
21239
21142
21240
21143
21241
21144
21242
21145
21243
21146
21244
21147
21245
21148
21246
21149
21247
21150
21248
21151
21249
21152
21250
21153
21251
21154
21252
21155
21253
21156
21254
21157
21255
21158
21256
21159
21257
21160
21258
21161
21259
21162
21260
21163
21261
21164
21262
21165
21263
21166
21264
21167
21265
21168
21266
21169
21267
21170
21268
21171
21269
21172
21270
21173
21271
21174
21272
21175
21273
21176
21274
21177
21275
21178
21276
21179
21277
21180
21278
21181
21279
21182
21280
21183
21281
21184
21282
21185
21283
21186
21284
21187
21285
21188
21286
21189
21287
21190
21288
21191
21289
21192
21290
21193
21291
21194
21292
21195
21293
21196
21294
21197
21295
21198
21296
21199
21297
21200
21298
21201
21299
21202
21300
21203
21301
21204
21302
21205
21303
21206
21304
21305
21208
21306
21209
21307
21210
21308
21211
21309
21212
21310
21213
21311
21214
21312
21215
21313
21216
21314
21217
21315
21218
21316
21219
21317
21220
21318
21221
21319
21222
21320
21223
21321
21224
21322
21225
21323
21226
21324
21227
21325
21228
21326
21229
21327
21230
21328
21231
21329
21232
21330
21233
21331
21234
21332
21235
21333
21236
21334
21237
21335
21238
21336
21239
21337
21240
21338
21241
21339
21242
21340
21243
21341
21244
21342
21245
21343
21246
21344
21247
21345
21248
21346
21249
21347
21250
21348
21251
21349
21252
21350
21253
21351
21254
21352
21255
21353
21256
21354
21257
21355
21258
21356
21259
21357
21260
21358
21261
21359
21262
21360
21263
21361
21264
21362
21265
21363
21266
21364
21267
21365
21268
21366
21269
21367
21270
21368
21271
21369
21272
21370
21273
21371
21274
21372
21275
21373
21276
21374
21277
21375
21278
21376
21279
21377
21280
21378
21281
21379
21282
21380
21283
21381
21284
21382
21285
21383
21286
21384
21287
21385
21288
21386
21289
21387
21290
21388
21291
21389
21292
21390
21293
21391
21294
21392
21295
21393
21296
21394
21297
21395
21298
21396
21299
21397
21300
21398
21301
21399
21302
21400
21303
21401
21304
21402
21305
21403
21404
21307
21405
21308
21406
21309
21407
21310
21408
21311
21409
21312
21410
21313
21411
21314
21412
21315
21413
21316
21414
21317
21415
21318
21416
21319
21417
21320
21418
21321
21419
21322
21420
21323
21421
21324
21422
21325
21423
21326
21424
21327
21425
21328
21426
21329
21427
21330
21428
21331
21429
21332
21430
21333
21431
21334
21432
21335
21433
21336
21434
21337
21435
21338
21436
21339
21437
21340
21438
21341
21439
21342
21440
21343
21441
21344
21442
21345
21443
21346
21444
21347
21445
21348
21446
21349
21447
21350
21448
21351
21449
21352
21450
21353
21451
21354
21452
21355
21453
21356
21454
21357
21455
21358
21456
21359
21457
21360
21458
21361
21459
21362
21460
21363
21461
21364
21462
21365
21463
21366
21464
21367
21465
21368
21466
21369
21467
21370
21468
21371
21469
21372
21470
21373
21471
21374
21472
21375
21473
21376
21474
21377
21475
21378
21476
21379
21477
21380
21478
21381
21479
21382
21480
21383
21481
21384
21482
21385
21483
21386
21484
21387
21485
21388
21486
21389
21487
21390
21488
21391
21489
21392
21490
21393
21491
21394
21492
21395
21493
21396
21494
21397
21495
21398
21496
21399
21497
21400
21498
21401
21499
21402
21500
21403
21501
21404
21502
21503
21406
21504
21407
21505
21408
21506
21409
21507
21410
21508
21411
21509
21412
21510
21413
21511
21414
21512
21415
21513
21416
21514
21417
21515
21418
21516
21419
21517
21420
21518
21421
21519
21422
21520
21423
21521
21424
21522
21425
21523
21426
21524
21427
21525
21428
21526
21429
21527
21430
21528
21431
21529
21432
21530
21433
21531
21434
21532
21435
21533
21436
21534
21437
21535
21438
21536
21439
21537
21440
21538
21441
21539
21442
21540
21443
21541
21444
21542
21445
21543
21446
21544
21447
21545
21448
21546
21449
21547
21450
21548
21451
21549
21452
21550
21453
21551
21454
21552
21455
21553
21456
21554
21457
21555
21458
21556
21459
21557
21460
21558
21461
21559
21462
21560
21463
21561
21464
21562
21465
21563
21466
21564
21467
21565
21468
21566
21469
21567
21470
21568
21471
21569
21472
21570
21473
21571
21474
21572
21475
21573
21476
21574
21477
21575
21478
21576
21479
21577
21480
21578
21481
21579
21482
21580
21483
21581
21484
21582
21485
21583
21486
21584
21487
21585
21488
21586
21489
21587
21490
21588
21491
21589
21492
21590
21493
21591
21494
21592
21495
21593
21496
21594
21497
21595
21498
21596
21499
21597
21500
21598
21501
21599
21502
21600
21503
21601
21602
21505
21603
21506
21604
21507
21605
21508
21606
21509
21607
21510
21608
21511
21609
21512
21610
21513
21611
21514
21612
21515
21613
21516
21614
21517
21615
21518
21616
21519
21617
21520
21618
21521
21619
21522
21620
21523
21621
21524
21622
21525
21623
21526
21624
21527
21625
21528
21626
21529
21627
21530
21628
21531
21629
21532
21630
21533
21631
21534
21632
21535
21633
21536
21634
21537
21635
21538
21636
21539
21637
21540
21638
21541
21639
21542
21640
21543
21641
21544
21642
21545
21643
21546
21644
21547
21645
21548
21646
21549
21647
21550
21648
21551
21649
21552
21650
21553
21651
21554
21652
21555
21653
21556
21654
21557
21655
21558
21656
21559
21657
21560
21658
21561
21659
21562
21660
21563
21661
21564
21662
21565
21663
21566
21664
21567
21665
21568
21666
21569
21667
21570
21668
21571
21669
21572
21670
21573
21671
21574
21672
21575
21673
21576
21674
21577
21675
21578
21676
21579
21677
21580
21678
21581
21679
21582
21680
21583
21681
21584
21682
21585
21683
21586
21684
21587
21685
21588
21686
21589
21687
21590
21688
21591
21689
21592
21690
21593
21691
21594
21692
21595
21693
21596
21694
21597
21695
21598
21696
21599
21697
21600
21698
21601
21699
21602
21700
21701
21604
21702
21605
21703
21606
21704
21607
21705
21608
21706
21609
21707
21610
21708
21611
21709
21612
21710
21613
21711
21614
21712
21615
21713
21616
21714
21617
21715
21618
21716
21619
21717
21620
21718
21621
21719
21622
21720
21623
21721
21624
21722
21625
21723
21626
21724
21627
21725
21628
21726
21629
21727
21630
21728
21631
21729
21632
21730
21633
21731
21634
21732
21635
21733
21636
21734
21637
21735
21638
21736
21639
21737
21640
21738
21641
21739
21642
21740
21643
21741
21644
21742
21645
21743
21646
21744
21647
21745
21648
21746
21649
21747
21650
21748
21651
21749
21652
21750
21653
21751
21654
21752
21655
21753
21656
21754
21657
21755
21658
21756
21659
21757
21660
21758
21661
21759
21662
21760
21663
21761
21664
21762
21665
21763
21666
21764
21667
21765
21668
21766
21669
21767
21670
21768
21671
21769
21672
21770
21673
21771
21674
21772
21675
21773
21676
21774
21677
21775
21678
21776
21679
21777
21680
21778
21681
21779
21682
21780
21683
21781
21684
21782
21685
21783
21686
21784
21687
21785
21688
21786
21689
21787
21690
21788
21691
21789
21692
21790
21693
21791
21694
21792
21695
21793
21696
21794
21697
21795
21698
21796
21699
21797
21700
21798
21701
21799
21800
21703
21801
21704
21802
21705
21803
21706
21804
21707
21805
21708
21806
21709
21807
21710
21808
21711
21809
21712
21810
21713
21811
21714
21812
21715
21813
21716
21814
21717
21815
21718
21816
21719
21817
21720
21818
21721
21819
21722
21820
21723
21821
21724
21822
21725
21823
21726
21824
21727
21825
21728
21826
21729
21827
21730
21828
21731
21829
21732
21830
21733
21831
21734
21832
21735
21833
21736
21834
21737
21835
21738
21836
21739
21837
21740
21838
21741
21839
21742
21840
21743
21841
21744
21842
21745
21843
21746
21844
21747
21845
21748
21846
21749
21847
21750
21848
21751
21849
21752
21850
21753
21851
21754
21852
21755
21853
21756
21854
21757
21855
21758
21856
21759
21857
21760
21858
21761
21859
21762
21860
21763
21861
21764
21862
21765
21863
21766
21864
21767
21865
21768
21866
21769
21867
21770
21868
21771
21869
21772
21870
21773
21871
21774
21872
21775
21873
21776
21874
21777
21875
21778
21876
21779
21877
21780
21878
21781
21879
21782
21880
21783
21881
21784
21882
21785
21883
21786
21884
21787
21885
21788
21886
21789
21887
21790
21888
21791
21889
21792
21890
21793
21891
21794
21892
21795
21893
21796
21894
21797
21895
21798
21896
21799
21897
21800
21898
21899
21802
21900
21803
21901
21804
21902
21805
21903
21806
21904
21807
21905
21808
21906
21809
21907
21810
21908
21811
21909
21812
21910
21813
21911
21814
21912
21815
21913
21816
21914
21817
21915
21818
21916
21819
21917
21820
21918
21821
21919
21822
21920
21823
21921
21824
21922
21825
21923
21826
21924
21827
21925
21828
21926
21829
21927
21830
21928
21831
21929
21832
21930
21833
21931
21834
21932
21835
21933
21836
21934
21837
21935
21838
21936
21839
21937
21840
21938
21841
21939
21842
21940
21843
21941
21844
21942
21845
21943
21846
21944
21847
21945
21848
21946
21849
21947
21850
21948
21851
21949
21852
21950
21853
21951
21854
21952
21855
21953
21856
21954
21857
21955
21858
21956
21859
21957
21860
21958
21861
21959
21862
21960
21863
21961
21864
21962
21865
21963
21866
21964
21867
21965
21868
21966
21869
21967
21870
21968
21871
21969
21872
21970
21873
21971
21874
21972
21875
21973
21876
21974
21877
21975
21878
21976
21879
21977
21880
21978
21881
21979
21882
21980
21883
21981
21884
21982
21885
21983
21886
21984
21887
21985
21888
21986
21889
21987
21890
21988
21891
21989
21892
21990
21893
21991
21894
21992
21895
21993
21896
21994
21897
21995
21898
21996
21899
21997
21998
21901
21999
21902
22000
21903
22001
21904
22002
21905
22003
21906
22004
21907
22005
21908
22006
21909
22007
21910
22008
21911
22009
21912
22010
21913
22011
21914
22012
21915
22013
21916
22014
21917
22015
21918
22016
21919
22017
21920
22018
21921
22019
21922
22020
21923
22021
21924
22022
21925
22023
21926
22024
21927
22025
21928
22026
21929
22027
21930
22028
21931
22029
21932
22030
21933
22031
21934
22032
21935
22033
21936
22034
21937
22035
21938
22036
21939
22037
21940
22038
21941
22039
21942
22040
21943
22041
21944
22042
21945
22043
21946
22044
21947
22045
21948
22046
21949
22047
21950
22048
21951
22049
21952
22050
21953
22051
21954
22052
21955
22053
21956
22054
21957
22055
21958
22056
21959
22057
21960
22058
21961
22059
21962
22060
21963
22061
21964
22062
21965
22063
21966
22064
21967
22065
21968
22066
21969
22067
21970
22068
21971
22069
21972
22070
21973
22071
21974
22072
21975
22073
21976
22074
21977
22075
21978
22076
21979
22077
21980
22078
21981
22079
21982
22080
21983
22081
21984
22082
21985
22083
21986
22084
21987
22085
21988
22086
21989
22087
21990
22088
21991
22089
21992
22090
21993
22091
21994
22092
21995
22093
21996
22094
21997
22095
21998
22096
22097
22000
22098
22001
22099
22002
22100
22003
22101
22004
22102
22005
22103
22006
22104
22007
22105
22008
22106
22009
22107
22010
22108
22011
22109
22012
22110
22013
22111
22014
22112
22015
22113
22016
22114
22017
22115
22018
22116
22019
22117
22020
22118
22021
22119
22022
22120
22023
22121
22024
22122
22025
22123
22026
22124
22027
22125
22028
22126
22029
22127
22030
22128
22031
22129
22032
22130
22033
22131
22034
22132
22035
22133
22036
22134
22037
22135
22038
22136
22039
22137
22040
22138
22041
22139
22042
22140
22043
22141
22044
22142
22045
22143
22046
22144
22047
22145
22048
22146
22049
22147
22050
22148
22051
22149
22052
22150
22053
22151
22054
22152
22055
22153
22056
22154
22057
22155
22058
22156
22059
22157
22060
22158
22061
22159
22062
22160
22063
22161
22064
22162
22065
22163
22066
22164
22067
22165
22068
22166
22069
22167
22070
22168
22071
22169
22072
22170
22073
22171
22074
22172
22075
22173
22076
22174
22077
22175
22078
22176
22079
22177
22080
22178
22081
22179
22082
22180
22083
22181
22084
22182
22085
22183
22086
22184
22087
22185
22088
22186
22089
22187
22090
22188
22091
22189
22092
22190
22093
22191
22094
22192
22095
22193
22096
22194
22097
22195
22196
22099
22197
22100
22198
22101
22199
22102
22200
22103
22201
22104
22202
22105
22203
22106
22204
22107
22205
22108
22206
22109
22207
22110
22208
22111
22209
22112
22210
22113
22211
22114
22212
22115
22213
22116
22214
22117
22215
22118
22216
22119
22217
22120
22218
22121
22219
22122
22220
22123
22221
22124
22222
22125
22223
22126
22224
22127
22225
22128
22226
22129
22227
22130
22228
22131
22229
22132
22230
22133
22231
22134
22232
22135
22233
22136
22234
22137
22235
22138
22236
22139
22237
22140
22238
22141
22239
22142
22240
22143
22241
22144
22242
22145
22243
22146
22244
22147
22245
22148
22246
22149
22247
22150
22248
22151
22249
22152
22250
22153
22251
22154
22252
22155
22253
22156
22254
22157
22255
22158
22256
22159
22257
22160
22258
22161
22259
22162
22260
22163
22261
22164
22262
22165
22263
22166
22264
22167
22265
22168
22266
22169
22267
22170
22268
22171
22269
22172
22270
22173
22271
22174
22272
22175
22273
22176
22274
22177
22275
22178
22276
22179
22277
22180
22278
22181
22279
22182
22280
22183
22281
22184
22282
22185
22283
22186
22284
22187
22285
22188
22286
22189
22287
22190
22288
22191
22289
22192
22290
22193
22291
22194
22292
22195
22293
22196
22294
22295
22198
22296
22199
22297
22200
22298
22201
22299
22202
22300
22203
22301
22204
22302
22205
22303
22206
22304
22207
22305
22208
22306
22209
22307
22210
22308
22211
22309
22212
22310
22213
22311
22214
22312
22215
22313
22216
22314
22217
22315
22218
22316
22219
22317
22220
22318
22221
22319
22222
22320
22223
22321
22224
22322
22225
22323
22226
22324
22227
22325
22228
22326
22229
22327
22230
22328
22231
22329
22232
22330
22233
22331
22234
22332
22235
22333
22236
22334
22237
22335
22238
22336
22239
22337
22240
22338
22241
22339
22242
22340
22243
22341
22244
22342
22245
22343
22246
22344
22247
22345
22248
22346
22249
22347
22250
22348
22251
22349
22252
22350
22253
22351
22254
22352
22255
22353
22256
22354
22257
22355
22258
22356
22259
22357
22260
22358
22261
22359
22262
22360
22263
22361
22264
22362
22265
22363
22266
22364
22267
22365
22268
22366
22269
22367
22270
22368
22271
22369
22272
22370
22273
22371
22274
22372
22275
22373
22276
22374
22277
22375
22278
22376
22279
22377
22280
22378
22281
22379
22282
22380
22283
22381
22284
22382
22285
22383
22286
22384
22287
22385
22288
22386
22289
22387
22290
22388
22291
22389
22292
22390
22293
22391
22294
22392
22295
22393
22394
22297
22395
22298
22396
22299
22397
22300
22398
22301
22399
22302
22400
22303
22401
22304
22402
22305
22403
22306
22404
22307
22405
22308
22406
22309
22407
22310
22408
22311
22409
22312
22410
22313
22411
22314
22412
22315
22413
22316
22414
22317
22415
22318
22416
22319
22417
22320
22418
22321
22419
22322
22420
22323
22421
22324
22422
22325
22423
22326
22424
22327
22425
22328
22426
22329
22427
22330
22428
22331
22429
22332
22430
22333
22431
22334
22432
22335
22433
22336
22434
22337
22435
22338
22436
22339
22437
22340
22438
22341
22439
22342
22440
22343
22441
22344
22442
22345
22443
22346
22444
22347
22445
22348
22446
22349
22447
22350
22448
22351
22449
22352
22450
22353
22451
22354
22452
22355
22453
22356
22454
22357
22455
22358
22456
22359
22457
22360
22458
22361
22459
22362
22460
22363
22461
22364
22462
22365
22463
22366
22464
22367
22465
22368
22466
22369
22467
22370
22468
22371
22469
22372
22470
22373
22471
22374
22472
22375
22473
22376
22474
22377
22475
22378
22476
22379
22477
22380
22478
22381
22479
22382
22480
22383
22481
22384
22482
22385
22483
22386
22484
22387
22485
22388
22486
22389
22487
22390
22488
22391
22489
22392
22490
22393
22491
22394
22492
22493
22396
22494
22397
22495
22398
22496
22399
22497
22400
22498
22401
22499
22402
22500
22403
22501
22404
22502
22405
22503
22406
22504
22407
22505
22408
22506
22409
22507
22410
22508
22411
22509
22412
22510
22413
22511
22414
22512
22415
22513
22416
22514
22417
22515
22418
22516
22419
22517
22420
22518
22421
22519
22422
22520
22423
22521
22424
22522
22425
22523
22426
22524
22427
22525
22428
22526
22429
22527
22430
22528
22431
22529
22432
22530
22433
22531
22434
22532
22435
22533
22436
22534
22437
22535
22438
22536
22439
22537
22440
22538
22441
22539
22442
22540
22443
22541
22444
22542
22445
22543
22446
22544
22447
22545
22448
22546
22449
22547
22450
22548
22451
22549
22452
22550
22453
22551
22454
22552
22455
22553
22456
22554
22457
22555
22458
22556
22459
22557
22460
22558
22461
22559
22462
22560
22463
22561
22464
22562
22465
22563
22466
22564
22467
22565
22468
22566
22469
22567
22470
22568
22471
22569
22472
22570
22473
22571
22474
22572
22475
22573
22476
22574
22477
22575
22478
22576
22479
22577
22480
22578
22481
22579
22482
22580
22483
22581
22484
22582
22485
22583
22486
22584
22487
22585
22488
22586
22489
22587
22490
22588
22491
22589
22492
22590
22493
22591
22592
22495
22593
22496
22594
22497
22595
22498
22596
22499
22597
22500
22598
22501
22599
22502
22600
22503
22601
22504
22602
22505
22603
22506
22604
22507
22605
22508
22606
22509
22607
22510
22608
22511
22609
22512
22610
22513
22611
22514
22612
22515
22613
22516
22614
22517
22615
22518
22616
22519
22617
22520
22618
22521
22619
22522
22620
22523
22621
22524
22622
22525
22623
22526
22624
22527
22625
22528
22626
22529
22627
22530
22628
22531
22629
22532
22630
22533
22631
22534
22632
22535
22633
22536
22634
22537
22635
22538
22636
22539
22637
22540
22638
22541
22639
22542
22640
22543
22641
22544
22642
22545
22643
22546
22644
22547
22645
22548
22646
22549
22647
22550
22648
22551
22649
22552
22650
22553
22651
22554
22652
22555
22653
22556
22654
22557
22655
22558
22656
22559
22657
22560
22658
22561
22659
22562
22660
22563
22661
22564
22662
22565
22663
22566
22664
22567
22665
22568
22666
22569
22667
22570
22668
22571
22669
22572
22670
22573
22671
22574
22672
22575
22673
22576
22674
22577
22675
22578
22676
22579
22677
22580
22678
22581
22679
22582
22680
22583
22681
22584
22682
22585
22683
22586
22684
22587
22685
22588
22686
22589
22687
22590
22688
22591
22689
22592
22690
22691
22594
22692
22595
22693
22596
22694
22597
22695
22598
22696
22599
22697
22600
22698
22601
22699
22602
22700
22603
22701
22604
22702
22605
22703
22606
22704
22607
22705
22608
22706
22609
22707
22610
22708
22611
22709
22612
22710
22613
22711
22614
22712
22615
22713
22616
22714
22617
22715
22618
22716
22619
22717
22620
22718
22621
22719
22622
22720
22623
22721
22624
22722
22625
22723
22626
22724
22627
22725
22628
22726
22629
22727
22630
22728
22631
22729
22632
22730
22633
22731
22634
22732
22635
22733
22636
22734
22637
22735
22638
22736
22639
22737
22640
22738
22641
22739
22642
22740
22643
22741
22644
22742
22645
22743
22646
22744
22647
22745
22648
22746
22649
22747
22650
22748
22651
22749
22652
22750
22653
22751
22654
22752
22655
22753
22656
22754
22657
22755
22658
22756
22659
22757
22660
22758
22661
22759
22662
22760
22663
22761
22664
22762
22665
22763
22666
22764
22667
22765
22668
22766
22669
22767
22670
22768
22671
22769
22672
22770
22673
22771
22674
22772
22675
22773
22676
22774
22677
22775
22678
22776
22679
22777
22680
22778
22681
22779
22682
22780
22683
22781
22684
22782
22685
22783
22686
22784
22687
22785
22688
22786
22689
22787
22690
22788
22691
22789
22790
22693
22791
22694
22792
22695
22793
22696
22794
22697
22795
22698
22796
22699
22797
22700
22798
22701
22799
22702
22800
22703
22801
22704
22802
22705
22803
22706
22804
22707
22805
22708
22806
22709
22807
22710
22808
22711
22809
22712
22810
22713
22811
22714
22812
22715
22813
22716
22814
22717
22815
22718
22816
22719
22817
22720
22818
22721
22819
22722
22820
22723
22821
22724
22822
22725
22823
22726
22824
22727
22825
22728
22826
22729
22827
22730
22828
22731
22829
22732
22830
22733
22831
22734
22832
22735
22833
22736
22834
22737
22835
22738
22836
22739
22837
22740
22838
22741
22839
22742
22840
22743
22841
22744
22842
22745
22843
22746
22844
22747
22845
22748
22846
22749
22847
22750
22848
22751
22849
22752
22850
22753
22851
22754
22852
22755
22853
22756
22854
22757
22855
22758
22856
22759
22857
22760
22858
22761
22859
22762
22860
22763
22861
22764
22862
22765
22863
22766
22864
22767
22865
22768
22866
22769
22867
22770
22868
22771
22869
22772
22870
22773
22871
22774
22872
22775
22873
22776
22874
22777
22875
22778
22876
22779
22877
22780
22878
22781
22879
22782
22880
22783
22881
22784
22882
22785
22883
22786
22884
22787
22885
22788
22886
22789
22887
22790
22888
22889
22792
22890
22793
22891
22794
22892
22795
22893
22796
22894
22797
22895
22798
22896
22799
22897
22800
22898
22801
22899
22802
22900
22803
22901
22804
22902
22805
22903
22806
22904
22807
22905
22808
22906
22809
22907
22810
22908
22811
22909
22812
22910
22813
22911
22814
22912
22815
22913
22816
22914
22817
22915
22818
22916
22819
22917
22820
22918
22821
22919
22822
22920
22823
22921
22824
22922
22825
22923
22826
22924
22827
22925
22828
22926
22829
22927
22830
22928
22831
22929
22832
22930
22833
22931
22834
22932
22835
22933
22836
22934
22837
22935
22838
22936
22839
22937
22840
22938
22841
22939
22842
22940
22843
22941
22844
22942
22845
22943
22846
22944
22847
22945
22848
22946
22849
22947
22850
22948
22851
22949
22852
22950
22853
22951
22854
22952
22855
22953
22856
22954
22857
22955
22858
22956
22859
22957
22860
22958
22861
22959
22862
22960
22863
22961
22864
22962
22865
22963
22866
22964
22867
22965
22868
22966
22869
22967
22870
22968
22871
22969
22872
22970
22873
22971
22874
22972
22875
22973
22876
22974
22877
22975
22878
22976
22879
22977
22880
22978
22881
22979
22882
22980
22883
22981
22884
22982
22885
22983
22886
22984
22887
22985
22888
22986
22889
22987
22988
22891
22989
22892
22990
22893
22991
22894
22992
22895
22993
22896
22994
22897
22995
22898
22996
22899
22997
22900
22998
22901
22999
22902
23000
22903
23001
22904
23002
22905
23003
22906
23004
22907
23005
22908
23006
22909
23007
22910
23008
22911
23009
22912
23010
22913
23011
22914
23012
22915
23013
22916
23014
22917
23015
22918
23016
22919
23017
22920
23018
22921
23019
22922
23020
22923
23021
22924
23022
22925
23023
22926
23024
22927
23025
22928
23026
22929
23027
22930
23028
22931
23029
22932
23030
22933
23031
22934
23032
22935
23033
22936
23034
22937
23035
22938
23036
22939
23037
22940
23038
22941
23039
22942
23040
22943
23041
22944
23042
22945
23043
22946
23044
22947
23045
22948
23046
22949
23047
22950
23048
22951
23049
22952
23050
22953
23051
22954
23052
22955
23053
22956
23054
22957
23055
22958
23056
22959
23057
22960
23058
22961
23059
22962
23060
22963
23061
22964
23062
22965
23063
22966
23064
22967
23065
22968
23066
22969
23067
22970
23068
22971
23069
22972
23070
22973
23071
22974
23072
22975
23073
22976
23074
22977
23075
22978
23076
22979
23077
22980
23078
22981
23079
22982
23080
22983
23081
22984
23082
22985
23083
22986
23084
22987
23085
22988
23086
23087
22990
23088
22991
23089
22992
23090
22993
23091
22994
23092
22995
23093
22996
23094
22997
23095
22998
23096
22999
23097
23000
23098
23001
23099
23002
23100
23003
23101
23004
23102
23005
23103
23006
23104
23007
23105
23008
23106
23009
23107
23010
23108
23011
23109
23012
23110
23013
23111
23014
23112
23015
23113
23016
23114
23017
23115
23018
23116
23019
23117
23020
23118
23021
23119
23022
23120
23023
23121
23024
23122
23025
23123
23026
23124
23027
23125
23028
23126
23029
23127
23030
23128
23031
23129
23032
23130
23033
23131
23034
23132
23035
23133
23036
23134
23037
23135
23038
23136
23039
23137
23040
23138
23041
23139
23042
23140
23043
23141
23044
23142
23045
23143
23046
23144
23047
23145
23048
23146
23049
23147
23050
23148
23051
23149
23052
23150
23053
23151
23054
23152
23055
23153
23056
23154
23057
23155
23058
23156
23059
23157
23060
23158
23061
23159
23062
23160
23063
23161
23064
23162
23065
23163
23066
23164
23067
23165
23068
23166
23069
23167
23070
23168
23071
23169
23072
23170
23073
23171
23074
23172
23075
23173
23076
23174
23077
23175
23078
23176
23079
23177
23080
23178
23081
23179
23082
23180
23083
23181
23084
23182
23085
23183
23086
23184
23087
23185
23186
23089
23187
23090
23188
23091
23189
23092
23190
23093
23191
23094
23192
23095
23193
23096
23194
23097
23195
23098
23196
23099
23197
23100
23198
23101
23199
23102
23200
23103
23201
23104
23202
23105
23203
23106
23204
23107
23205
23108
23206
23109
23207
23110
23208
23111
23209
23112
23210
23113
23211
23114
23212
23115
23213
23116
23214
23117
23215
23118
23216
23119
23217
23120
23218
23121
23219
23122
23220
23123
23221
23124
23222
23125
23223
23126
23224
23127
23225
23128
23226
23129
23227
23130
23228
23131
23229
23132
23230
23133
23231
23134
23232
23135
23233
23136
23234
23137
23235
23138
23236
23139
23237
23140
23238
23141
23239
23142
23240
23143
23241
23144
23242
23145
23243
23146
23244
23147
23245
23148
23246
23149
23247
23150
23248
23151
23249
23152
23250
23153
23251
23154
23252
23155
23253
23156
23254
23157
23255
23158
23256
23159
23257
23160
23258
23161
23259
23162
23260
23163
23261
23164
23262
23165
23263
23166
23264
23167
23265
23168
23266
23169
23267
23170
23268
23171
23269
23172
23270
23173
23271
23174
23272
23175
23273
23176
23274
23177
23275
23178
23276
23179
23277
23180
23278
23181
23279
23182
23280
23183
23281
23184
23282
23185
23283
23186
23284
23285
23188
23286
23189
23287
23190
23288
23191
23289
23192
23290
23193
23291
23194
23292
23195
23293
23196
23294
23197
23295
23198
23296
23199
23297
23200
23298
23201
23299
23202
23300
23203
23301
23204
23302
23205
23303
23206
23304
23207
23305
23208
23306
23209
23307
23210
23308
23211
23309
23212
23310
23213
23311
23214
23312
23215
23313
23216
23314
23217
23315
23218
23316
23219
23317
23220
23318
23221
23319
23222
23320
23223
23321
23224
23322
23225
23323
23226
23324
23227
23325
23228
23326
23229
23327
23230
23328
23231
23329
23232
23330
23233
23331
23234
23332
23235
23333
23236
23334
23237
23335
23238
23336
23239
23337
23240
23338
23241
23339
23242
23340
23243
23341
23244
23342
23245
23343
23246
23344
23247
23345
23248
23346
23249
23347
23250
23348
23251
23349
23252
23350
23253
23351
23254
23352
23255
23353
23256
23354
23257
23355
23258
23356
23259
23357
23260
23358
23261
23359
23262
23360
23263
23361
23264
23362
23265
23363
23266
23364
23267
23365
23268
23366
23269
23367
23270
23368
23271
23369
23272
23370
23273
23371
23274
23372
23275
23373
23276
23374
23277
23375
23278
23376
23279
23377
23280
23378
23281
23379
23282
23380
23283
23381
23284
23382
23285
23383
23384
23287
23385
23288
23386
23289
23387
23290
23388
23291
23389
23292
23390
23293
23391
23294
23392
23295
23393
23296
23394
23297
23395
23298
23396
23299
23397
23300
23398
23301
23399
23302
23400
23303
23401
23304
23402
23305
23403
23306
23404
23307
23405
23308
23406
23309
23407
23310
23408
23311
23409
23312
23410
23313
23411
23314
23412
23315
23413
23316
23414
23317
23415
23318
23416
23319
23417
23320
23418
23321
23419
23322
23420
23323
23421
23324
23422
23325
23423
23326
23424
23327
23425
23328
23426
23329
23427
23330
23428
23331
23429
23332
23430
23333
23431
23334
23432
23335
23433
23336
23434
23337
23435
23338
23436
23339
23437
23340
23438
23341
23439
23342
23440
23343
23441
23344
23442
23345
23443
23346
23444
23347
23445
23348
23446
23349
23447
23350
23448
23351
23449
23352
23450
23353
23451
23354
23452
23355
23453
23356
23454
23357
23455
23358
23456
23359
23457
23360
23458
23361
23459
23362
23460
23363
23461
23364
23462
23365
23463
23366
23464
23367
23465
23368
23466
23369
23467
23370
23468
23371
23469
23372
23470
23373
23471
23374
23472
23375
23473
23376
23474
23377
23475
23378
23476
23379
23477
23380
23478
23381
23479
23382
23480
23383
23481
23384
23482
23483
23386
23484
23387
23485
23388
23486
23389
23487
23390
23488
23391
23489
23392
23490
23393
23491
23394
23492
23395
23493
23396
23494
23397
23495
23398
23496
23399
23497
23400
23498
23401
23499
23402
23500
23403
23501
23404
23502
23405
23503
23406
23504
23407
23505
23408
23506
23409
23507
23410
23508
23411
23509
23412
23510
23413
23511
23414
23512
23415
23513
23416
23514
23417
23515
23418
23516
23419
23517
23420
23518
23421
23519
23422
23520
23423
23521
23424
23522
23425
23523
23426
23524
23427
23525
23428
23526
23429
23527
23430
23528
23431
23529
23432
23530
23433
23531
23434
23532
23435
23533
23436
23534
23437
23535
23438
23536
23439
23537
23440
23538
23441
23539
23442
23540
23443
23541
23444
23542
23445
23543
23446
23544
23447
23545
23448
23546
23449
23547
23450
23548
23451
23549
23452
23550
23453
23551
23454
23552
23455
23553
23456
23554
23457
23555
23458
23556
23459
23557
23460
23558
23461
23559
23462
23560
23463
23561
23464
23562
23465
23563
23466
23564
23467
23565
23468
23566
23469
23567
23470
23568
23471
23569
23472
23570
23473
23571
23474
23572
23475
23573
23476
23574
23477
23575
23478
23576
23479
23577
23480
23578
23481
23579
23482
23580
23483
23581
23582
23485
23583
23486
23584
23487
23585
23488
23586
23489
23587
23490
23588
23491
23589
23492
23590
23493
23591
23494
23592
23495
23593
23496
23594
23497
23595
23498
23596
23499
23597
23500
23598
23501
23599
23502
23600
23503
23601
23504
23602
23505
23603
23506
23604
23507
23605
23508
23606
23509
23607
23510
23608
23511
23609
23512
23610
23513
23611
23514
23612
23515
23613
23516
23614
23517
23615
23518
23616
23519
23617
23520
23618
23521
23619
23522
23620
23523
23621
23524
23622
23525
23623
23526
23624
23527
23625
23528
23626
23529
23627
23530
23628
23531
23629
23532
23630
23533
23631
23534
23632
23535
23633
23536
23634
23537
23635
23538
23636
23539
23637
23540
23638
23541
23639
23542
23640
23543
23641
23544
23642
23545
23643
23546
23644
23547
23645
23548
23646
23549
23647
23550
23648
23551
23649
23552
23650
23553
23651
23554
23652
23555
23653
23556
23654
23557
23655
23558
23656
23559
23657
23560
23658
23561
23659
23562
23660
23563
23661
23564
23662
23565
23663
23566
23664
23567
23665
23568
23666
23569
23667
23570
23668
23571
23669
23572
23670
23573
23671
23574
23672
23575
23673
23576
23674
23577
23675
23578
23676
23579
23677
23580
23678
23581
23679
23582
23680
23681
23584
23682
23585
23683
23586
23684
23587
23685
23588
23686
23589
23687
23590
23688
23591
23689
23592
23690
23593
23691
23594
23692
23595
23693
23596
23694
23597
23695
23598
23696
23599
23697
23600
23698
23601
23699
23602
23700
23603
23701
23604
23702
23605
23703
23606
23704
23607
23705
23608
23706
23609
23707
23610
23708
23611
23709
23612
23710
23613
23711
23614
23712
23615
23713
23616
23714
23617
23715
23618
23716
23619
23717
23620
23718
23621
23719
23622
23720
23623
23721
23624
23722
23625
23723
23626
23724
23627
23725
23628
23726
23629
23727
23630
23728
23631
23729
23632
23730
23633
23731
23634
23732
23635
23733
23636
23734
23637
23735
23638
23736
23639
23737
23640
23738
23641
23739
23642
23740
23643
23741
23644
23742
23645
23743
23646
23744
23647
23745
23648
23746
23649
23747
23650
23748
23651
23749
23652
23750
23653
23751
23654
23752
23655
23753
23656
23754
23657
23755
23658
23756
23659
23757
23660
23758
23661
23759
23662
23760
23663
23761
23664
23762
23665
23763
23666
23764
23667
23765
23668
23766
23669
23767
23670
23768
23671
23769
23672
23770
23673
23771
23674
23772
23675
23773
23676
23774
23677
23775
23678
23776
23679
23777
23680
23778
23681
23779
23780
23683
23781
23684
23782
23685
23783
23686
23784
23687
23785
23688
23786
23689
23787
23690
23788
23691
23789
23692
23790
23693
23791
23694
23792
23695
23793
23696
23794
23697
23795
23698
23796
23699
23797
23700
23798
23701
23799
23702
23800
23703
23801
23704
23802
23705
23803
23706
23804
23707
23805
23708
23806
23709
23807
23710
23808
23711
23809
23712
23810
23713
23811
23714
23812
23715
23813
23716
23814
23717
23815
23718
23816
23719
23817
23720
23818
23721
23819
23722
23820
23723
23821
23724
23822
23725
23823
23726
23824
23727
23825
23728
23826
23729
23827
23730
23828
23731
23829
23732
23830
23733
23831
23734
23832
23735
23833
23736
23834
23737
23835
23738
23836
23739
23837
23740
23838
23741
23839
23742
23840
23743
23841
23744
23842
23745
23843
23746
23844
23747
23845
23748
23846
23749
23847
23750
23848
23751
23849
23752
23850
23753
23851
23754
23852
23755
23853
23756
23854
23757
23855
23758
23856
23759
23857
23760
23858
23761
23859
23762
23860
23763
23861
23764
23862
23765
23863
23766
23864
23767
23865
23768
23866
23769
23867
23770
23868
23771
23869
23772
23870
23773
23871
23774
23872
23775
23873
23776
23874
23777
23875
23778
23876
23779
23877
23780
23878
23879
23782
23880
23783
23881
23784
23882
23785
23883
23786
23884
23787
23885
23788
23886
23789
23887
23790
23888
23791
23889
23792
23890
23793
23891
23794
23892
23795
23893
23796
23894
23797
23895
23798
23896
23799
23897
23800
23898
23801
23899
23802
23900
23803
23901
23804
23902
23805
23903
23806
23904
23807
23905
23808
23906
23809
23907
23810
23908
23811
23909
23812
23910
23813
23911
23814
23912
23815
23913
23816
23914
23817
23915
23818
23916
23819
23917
23820
23918
23821
23919
23822
23920
23823
23921
23824
23922
23825
23923
23826
23924
23827
23925
23828
23926
23829
23927
23830
23928
23831
23929
23832
23930
23833
23931
23834
23932
23835
23933
23836
23934
23837
23935
23838
23936
23839
23937
23840
23938
23841
23939
23842
23940
23843
23941
23844
23942
23845
23943
23846
23944
23847
23945
23848
23946
23849
23947
23850
23948
23851
23949
23852
23950
23853
23951
23854
23952
23855
23953
23856
23954
23857
23955
23858
23956
23859
23957
23860
23958
23861
23959
23862
23960
23863
23961
23864
23962
23865
23963
23866
23964
23867
23965
23868
23966
23869
23967
23870
23968
23871
23969
23872
23970
23873
23971
23874
23972
23875
23973
23876
23974
23877
23975
23878
23976
23879
23977
23978
23881
23979
23882
23980
23883
23981
23884
23982
23885
23983
23886
23984
23887
23985
23888
23986
23889
23987
23890
23988
23891
23989
23892
23990
23893
23991
23894
23992
23895
23993
23896
23994
23897
23995
23898
23996
23899
23997
23900
23998
23901
23999
23902
24000
23903
24001
23904
24002
23905
24003
23906
24004
23907
24005
23908
24006
23909
24007
23910
24008
23911
24009
23912
24010
23913
24011
23914
24012
23915
24013
23916
24014
23917
24015
23918
24016
23919
24017
23920
24018
23921
24019
23922
24020
23923
24021
23924
24022
23925
24023
23926
24024
23927
24025
23928
24026
23929
24027
23930
24028
23931
24029
23932
24030
23933
24031
23934
24032
23935
24033
23936
24034
23937
24035
23938
24036
23939
24037
23940
24038
23941
24039
23942
24040
23943
24041
23944
24042
23945
24043
23946
24044
23947
24045
23948
24046
23949
24047
23950
24048
23951
24049
23952
24050
23953
24051
23954
24052
23955
24053
23956
24054
23957
24055
23958
24056
23959
24057
23960
24058
23961
24059
23962
24060
23963
24061
23964
24062
23965
24063
23966
24064
23967
24065
23968
24066
23969
24067
23970
24068
23971
24069
23972
24070
23973
24071
23974
24072
23975
24073
23976
24074
23977
24075
23978
24076
24077
23980
24078
23981
24079
23982
24080
23983
24081
23984
24082
23985
24083
23986
24084
23987
24085
23988
24086
23989
24087
23990
24088
23991
24089
23992
24090
23993
24091
23994
24092
23995
24093
23996
24094
23997
24095
23998
24096
23999
24097
24000
24098
24001
24099
24002
24100
24003
24101
24004
24102
24005
24103
24006
24104
24007
24105
24008
24106
24009
24107
24010
24108
24011
24109
24012
24110
24013
24111
24014
24112
24015
24113
24016
24114
24017
24115
24018
24116
24019
24117
24020
24118
24021
24119
24022
24120
24023
24121
24024
24122
24025
24123
24026
24124
24027
24125
24028
24126
24029
24127
24030
24128
24031
24129
24032
24130
24033
24131
24034
24132
24035
24133
24036
24134
24037
24135
24038
24136
24039
24137
24040
24138
24041
24139
24042
24140
24043
24141
24044
24142
24045
24143
24046
24144
24047
24145
24048
24146
24049
24147
24050
24148
24051
24149
24052
24150
24053
24151
24054
24152
24055
24153
24056
24154
24057
24155
24058
24156
24059
24157
24060
24158
24061
24159
24062
24160
24063
24161
24064
24162
24065
24163
24066
24164
24067
24165
24068
24166
24069
24167
24070
24168
24071
24169
24072
24170
24073
24171
24074
24172
24075
24173
24076
24174
24077
24175
24176
24079
24177
24080
24178
24081
24179
24082
24180
24083
24181
24084
24182
24085
24183
24086
24184
24087
24185
24088
24186
24089
24187
24090
24188
24091
24189
24092
24190
24093
24191
24094
24192
24095
24193
24096
24194
24097
24195
24098
24196
24099
24197
24100
24198
24101
24199
24102
24200
24103
24201
24104
24202
24105
24203
24106
24204
24107
24205
24108
24206
24109
24207
24110
24208
24111
24209
24112
24210
24113
24211
24114
24212
24115
24213
24116
24214
24117
24215
24118
24216
24119
24217
24120
24218
24121
24219
24122
24220
24123
24221
24124
24222
24125
24223
24126
24224
24127
24225
24128
24226
24129
24227
24130
24228
24131
24229
24132
24230
24133
24231
24134
24232
24135
24233
24136
24234
24137
24235
24138
24236
24139
24237
24140
24238
24141
24239
24142
24240
24143
24241
24144
24242
24145
24243
24146
24244
24147
24245
24148
24246
24149
24247
24150
24248
24151
24249
24152
24250
24153
24251
24154
24252
24155
24253
24156
24254
24157
24255
24158
24256
24159
24257
24160
24258
24161
24259
24162
24260
24163
24261
24164
24262
24165
24263
24166
24264
24167
24265
24168
24266
24169
24267
24170
24268
24171
24269
24172
24270
24173
24271
24174
24272
24175
24273
24176
24274
24275
24178
24276
24179
24277
24180
24278
24181
24279
24182
24280
24183
24281
24184
24282
24185
24283
24186
24284
24187
24285
24188
24286
24189
24287
24190
24288
24191
24289
24192
24290
24193
24291
24194
24292
24195
24293
24196
24294
24197
24295
24198
24296
24199
24297
24200
24298
24201
24299
24202
24300
24203
24301
24204
24302
24205
24303
24206
24304
24207
24305
24208
24306
24209
24307
24210
24308
24211
24309
24212
24310
24213
24311
24214
24312
24215
24313
24216
24314
24217
24315
24218
24316
24219
24317
24220
24318
24221
24319
24222
24320
24223
24321
24224
24322
24225
24323
24226
24324
24227
24325
24228
24326
24229
24327
24230
24328
24231
24329
24232
24330
24233
24331
24234
24332
24235
24333
24236
24334
24237
24335
24238
24336
24239
24337
24240
24338
24241
24339
24242
24340
24243
24341
24244
24342
24245
24343
24246
24344
24247
24345
24248
24346
24249
24347
24250
24348
24251
24349
24252
24350
24253
24351
24254
24352
24255
24353
24256
24354
24257
24355
24258
24356
24259
24357
24260
24358
24261
24359
24262
24360
24263
24361
24264
24362
24265
24363
24266
24364
24267
24365
24268
24366
24269
24367
24270
24368
24271
24369
24272
24370
24273
24371
24274
24372
24275
24373
24374
24277
24375
24278
24376
24279
24377
24280
24378
24281
24379
24282
24380
24283
24381
24284
24382
24285
24383
24286
24384
24287
24385
24288
24386
24289
24387
24290
24388
24291
24389
24292
24390
24293
24391
24294
24392
24295
24393
24296
24394
24297
24395
24298
24396
24299
24397
24300
24398
24301
24399
24302
24400
24303
24401
24304
24402
24305
24403
24306
24404
24307
24405
24308
24406
24309
24407
24310
24408
24311
24409
24312
24410
24313
24411
24314
24412
24315
24413
24316
24414
24317
24415
24318
24416
24319
24417
24320
24418
24321
24419
24322
24420
24323
24421
24324
24422
24325
24423
24326
24424
24327
24425
24328
24426
24329
24427
24330
24428
24331
24429
24332
24430
24333
24431
24334
24432
24335
24433
24336
24434
24337
24435
24338
24436
24339
24437
24340
24438
24341
24439
24342
24440
24343
24441
24344
24442
24345
24443
24346
24444
24347
24445
24348
24446
24349
24447
24350
24448
24351
24449
24352
24450
24353
24451
24354
24452
24355
24453
24356
24454
24357
24455
24358
24456
24359
24457
24360
24458
24361
24459
24362
24460
24363
24461
24364
24462
24365
24463
24366
24464
24367
24465
24368
24466
24369
24467
24370
24468
24371
24469
24372
24470
24373
24471
24374
24472
24473
24376
24474
24377
24475
24378
24476
24379
24477
24380
24478
24381
24479
24382
24480
24383
24481
24384
24482
24385
24483
24386
24484
24387
24485
24388
24486
24389
24487
24390
24488
24391
24489
24392
24490
24393
24491
24394
24492
24395
24493
24396
24494
24397
24495
24398
24496
24399
24497
24400
24498
24401
24499
24402
24500
24403
24501
24404
24502
24405
24503
24406
24504
24407
24505
24408
24506
24409
24507
24410
24508
24411
24509
24412
24510
24413
24511
24414
24512
24415
24513
24416
24514
24417
24515
24418
24516
24419
24517
24420
24518
24421
24519
24422
24520
24423
24521
24424
24522
24425
24523
24426
24524
24427
24525
24428
24526
24429
24527
24430
24528
24431
24529
24432
24530
24433
24531
24434
24532
24435
24533
24436
24534
24437
24535
24438
24536
24439
24537
24440
24538
24441
24539
24442
24540
24443
24541
24444
24542
24445
24543
24446
24544
24447
24545
24448
24546
24449
24547
24450
24548
24451
24549
24452
24550
24453
24551
24454
24552
24455
24553
24456
24554
24457
24555
24458
24556
24459
24557
24460
24558
24461
24559
24462
24560
24463
24561
24464
24562
24465
24563
24466
24564
24467
24565
24468
24566
24469
24567
24470
24568
24471
24569
24472
24570
24473
24571
24572
24475
24573
24476
24574
24477
24575
24478
24576
24479
24577
24480
24578
24481
24579
24482
24580
24483
24581
24484
24582
24485
24583
24486
24584
24487
24585
24488
24586
24489
24587
24490
24588
24491
24589
24492
24590
24493
24591
24494
24592
24495
24593
24496
24594
24497
24595
24498
24596
24499
24597
24500
24598
24501
24599
24502
24600
24503
24601
24504
24602
24505
24603
24506
24604
24507
24605
24508
24606
24509
24607
24510
24608
24511
24609
24512
24610
24513
24611
24514
24612
24515
24613
24516
24614
24517
24615
24518
24616
24519
24617
24520
24618
24521
24619
24522
24620
24523
24621
24524
24622
24525
24623
24526
24624
24527
24625
24528
24626
24529
24627
24530
24628
24531
24629
24532
24630
24533
24631
24534
24632
24535
24633
24536
24634
24537
24635
24538
24636
24539
24637
24540
24638
24541
24639
24542
24640
24543
24641
24544
24642
24545
24643
24546
24644
24547
24645
24548
24646
24549
24647
24550
24648
24551
24649
24552
24650
24553
24651
24554
24652
24555
24653
24556
24654
24557
24655
24558
24656
24559
24657
24560
24658
24561
24659
24562
24660
24563
24661
24564
24662
24565
24663
24566
24664
24567
24665
24568
24666
24569
24667
24570
24668
24571
24669
24572
24670
24671
24574
24672
24575
24673
24576
24674
24577
24675
24578
24676
24579
24677
24580
24678
24581
24679
24582
24680
24583
24681
24584
24682
24585
24683
24586
24684
24587
24685
24588
24686
24589
24687
24590
24688
24591
24689
24592
24690
24593
24691
24594
24692
24595
24693
24596
24694
24597
24695
24598
24696
24599
24697
24600
24698
24601
24699
24602
24700
24603
24701
24604
24702
24605
24703
24606
24704
24607
24705
24608
24706
24609
24707
24610
24708
24611
24709
24612
24710
24613
24711
24614
24712
24615
24713
24616
24714
24617
24715
24618
24716
24619
24717
24620
24718
24621
24719
24622
24720
24623
24721
24624
24722
24625
24723
24626
24724
24627
24725
24628
24726
24629
24727
24630
24728
24631
24729
24632
24730
24633
24731
24634
24732
24635
24733
24636
24734
24637
24735
24638
24736
24639
24737
24640
24738
24641
24739
24642
24740
24643
24741
24644
24742
24645
24743
24646
24744
24647
24745
24648
24746
24649
24747
24650
24748
24651
24749
24652
24750
24653
24751
24654
24752
24655
24753
24656
24754
24657
24755
24658
24756
24659
24757
24660
24758
24661
24759
24662
24760
24663
24761
24664
24762
24665
24763
24666
24764
24667
24765
24668
24766
24669
24767
24670
24768
24671
24769
24770
24673
24771
24674
24772
24675
24773
24676
24774
24677
24775
24678
24776
24679
24777
24680
24778
24681
24779
24682
24780
24683
24781
24684
24782
24685
24783
24686
24784
24687
24785
24688
24786
24689
24787
24690
24788
24691
24789
24692
24790
24693
24791
24694
24792
24695
24793
24696
24794
24697
24795
24698
24796
24699
24797
24700
24798
24701
24799
24702
24800
24703
24801
24704
24802
24705
24803
24706
24804
24707
24805
24708
24806
24709
24807
24710
24808
24711
24809
24712
24810
24713
24811
24714
24812
24715
24813
24716
24814
24717
24815
24718
24816
24719
24817
24720
24818
24721
24819
24722
24820
24723
24821
24724
24822
24725
24823
24726
24824
24727
24825
24728
24826
24729
24827
24730
24828
24731
24829
24732
24830
24733
24831
24734
24832
24735
24833
24736
24834
24737
24835
24738
24836
24739
24837
24740
24838
24741
24839
24742
24840
24743
24841
24744
24842
24745
24843
24746
24844
24747
24845
24748
24846
24749
24847
24750
24848
24751
24849
24752
24850
24753
24851
24754
24852
24755
24853
24756
24854
24757
24855
24758
24856
24759
24857
24760
24858
24761
24859
24762
24860
24763
24861
24764
24862
24765
24863
24766
24864
24767
24865
24768
24866
24769
24867
24770
24868
24869
24772
24870
24773
24871
24774
24872
24775
24873
24776
24874
24777
24875
24778
24876
24779
24877
24780
24878
24781
24879
24782
24880
24783
24881
24784
24882
24785
24883
24786
24884
24787
24885
24788
24886
24789
24887
24790
24888
24791
24889
24792
24890
24793
24891
24794
24892
24795
24893
24796
24894
24797
24895
24798
24896
24799
24897
24800
24898
24801
24899
24802
24900
24803
24901
24804
24902
24805
24903
24806
24904
24807
24905
24808
24906
24809
24907
24810
24908
24811
24909
24812
24910
24813
24911
24814
24912
24815
24913
24816
24914
24817
24915
24818
24916
24819
24917
24820
24918
24821
24919
24822
24920
24823
24921
24824
24922
24825
24923
24826
24924
24827
24925
24828
24926
24829
24927
24830
24928
24831
24929
24832
24930
24833
24931
24834
24932
24835
24933
24836
24934
24837
24935
24838
24936
24839
24937
24840
24938
24841
24939
24842
24940
24843
24941
24844
24942
24845
24943
24846
24944
24847
24945
24848
24946
24849
24947
24850
24948
24851
24949
24852
24950
24853
24951
24854
24952
24855
24953
24856
24954
24857
24955
24858
24956
24859
24957
24860
24958
24861
24959
24862
24960
24863
24961
24864
24962
24865
24963
24866
24964
24867
24965
24868
24966
24869
24967
24968
24871
24969
24872
24970
24873
24971
24874
24972
24875
24973
24876
24974
24877
24975
24878
24976
24879
24977
24880
24978
24881
24979
24882
24980
24883
24981
24884
24982
24885
24983
24886
24984
24887
24985
24888
24986
24889
24987
24890
24988
24891
24989
24892
24990
24893
24991
24894
24992
24895
24993
24896
24994
24897
24995
24898
24996
24899
24997
24900
24998
24901
24999
24902
25000
24903
25001
24904
25002
24905
25003
24906
25004
24907
25005
24908
25006
24909
25007
24910
25008
24911
25009
24912
25010
24913
25011
24914
25012
24915
25013
24916
25014
24917
25015
24918
25016
24919
25017
24920
25018
24921
25019
24922
25020
24923
25021
24924
25022
24925
25023
24926
25024
24927
25025
24928
25026
24929
25027
24930
25028
24931
25029
24932
25030
24933
25031
24934
25032
24935
25033
24936
25034
24937
25035
24938
25036
24939
25037
24940
25038
24941
25039
24942
25040
24943
25041
24944
25042
24945
25043
24946
25044
24947
25045
24948
25046
24949
25047
24950
25048
24951
25049
24952
25050
24953
25051
24954
25052
24955
25053
24956
25054
24957
25055
24958
25056
24959
25057
24960
25058
24961
25059
24962
25060
24963
25061
24964
25062
24965
25063
24966
25064
24967
25065
24968
25066
25067
24970
25068
24971
25069
24972
25070
24973
25071
24974
25072
24975
25073
24976
25074
24977
25075
24978
25076
24979
25077
24980
25078
24981
25079
24982
25080
24983
25081
24984
25082
24985
25083
24986
25084
24987
25085
24988
25086
24989
25087
24990
25088
24991
25089
24992
25090
24993
25091
24994
25092
24995
25093
24996
25094
24997
25095
24998
25096
24999
25097
25000
25098
25001
25099
25002
25100
25003
25101
25004
25102
25005
25103
25006
25104
25007
25105
25008
25106
25009
25107
25010
25108
25011
25109
25012
25110
25013
25111
25014
25112
25015
25113
25016
25114
25017
25115
25018
25116
25019
25117
25020
25118
25021
25119
25022
25120
25023
25121
25024
25122
25025
25123
25026
25124
25027
25125
25028
25126
25029
25127
25030
25128
25031
25129
25032
25130
25033
25131
25034
25132
25035
25133
25036
25134
25037
25135
25038
25136
25039
25137
25040
25138
25041
25139
25042
25140
25043
25141
25044
25142
25045
25143
25046
25144
25047
25145
25048
25146
25049
25147
25050
25148
25051
25149
25052
25150
25053
25151
25054
25152
25055
25153
25056
25154
25057
25155
25058
25156
25059
25157
25060
25158
25061
25159
25062
25160
25063
25161
25064
25162
25065
25163
25066
25164
25067
25165
25166
25069
25167
25070
25168
25071
25169
25072
25170
25073
25171
25074
25172
25075
25173
25076
25174
25077
25175
25078
25176
25079
25177
25080
25178
25081
25179
25082
25180
25083
25181
25084
25182
25085
25183
25086
25184
25087
25185
25088
25186
25089
25187
25090
25188
25091
25189
25092
25190
25093
25191
25094
25192
25095
25193
25096
25194
25097
25195
25098
25196
25099
25197
25100
25198
25101
25199
25102
25200
25103
25201
25104
25202
25105
25203
25106
25204
25107
25205
25108
25206
25109
25207
25110
25208
25111
25209
25112
25210
25113
25211
25114
25212
25115
25213
25116
25214
25117
25215
25118
25216
25119
25217
25120
25218
25121
25219
25122
25220
25123
25221
25124
25222
25125
25223
25126
25224
25127
25225
25128
25226
25129
25227
25130
25228
25131
25229
25132
25230
25133
25231
25134
25232
25135
25233
25136
25234
25137
25235
25138
25236
25139
25237
25140
25238
25141
25239
25142
25240
25143
25241
25144
25242
25145
25243
25146
25244
25147
25245
25148
25246
25149
25247
25150
25248
25151
25249
25152
25250
25153
25251
25154
25252
25155
25253
25156
25254
25157
25255
25158
25256
25159
25257
25160
25258
25161
25259
25162
25260
25163
25261
25164
25262
25165
25263
25166
25264
25265
25168
25266
25169
25267
25170
25268
25171
25269
25172
25270
25173
25271
25174
25272
25175
25273
25176
25274
25177
25275
25178
25276
25179
25277
25180
25278
25181
25279
25182
25280
25183
25281
25184
25282
25185
25283
25186
25284
25187
25285
25188
25286
25189
25287
25190
25288
25191
25289
25192
25290
25193
25291
25194
25292
25195
25293
25196
25294
25197
25295
25198
25296
25199
25297
25200
25298
25201
25299
25202
25300
25203
25301
25204
25302
25205
25303
25206
25304
25207
25305
25208
25306
25209
25307
25210
25308
25211
25309
25212
25310
25213
25311
25214
25312
25215
25313
25216
25314
25217
25315
25218
25316
25219
25317
25220
25318
25221
25319
25222
25320
25223
25321
25224
25322
25225
25323
25226
25324
25227
25325
25228
25326
25229
25327
25230
25328
25231
25329
25232
25330
25233
25331
25234
25332
25235
25333
25236
25334
25237
25335
25238
25336
25239
25337
25240
25338
25241
25339
25242
25340
25243
25341
25244
25342
25245
25343
25246
25344
25247
25345
25248
25346
25249
25347
25250
25348
25251
25349
25252
25350
25253
25351
25254
25352
25255
25353
25256
25354
25257
25355
25258
25356
25259
25357
25260
25358
25261
25359
25262
25360
25263
25361
25264
25362
25265
25363
25364
25267
25365
25268
25366
25269
25367
25270
25368
25271
25369
25272
25370
25273
25371
25274
25372
25275
25373
25276
25374
25277
25375
25278
25376
25279
25377
25280
25378
25281
25379
25282
25380
25283
25381
25284
25382
25285
25383
25286
25384
25287
25385
25288
25386
25289
25387
25290
25388
25291
25389
25292
25390
25293
25391
25294
25392
25295
25393
25296
25394
25297
25395
25298
25396
25299
25397
25300
25398
25301
25399
25302
25400
25303
25401
25304
25402
25305
25403
25306
25404
25307
25405
25308
25406
25309
25407
25310
25408
25311
25409
25312
25410
25313
25411
25314
25412
25315
25413
25316
25414
25317
25415
25318
25416
25319
25417
25320
25418
25321
25419
25322
25420
25323
25421
25324
25422
25325
25423
25326
25424
25327
25425
25328
25426
25329
25427
25330
25428
25331
25429
25332
25430
25333
25431
25334
25432
25335
25433
25336
25434
25337
25435
25338
25436
25339
25437
25340
25438
25341
25439
25342
25440
25343
25441
25344
25442
25345
25443
25346
25444
25347
25445
25348
25446
25349
25447
25350
25448
25351
25449
25352
25450
25353
25451
25354
25452
25355
25453
25356
25454
25357
25455
25358
25456
25359
25457
25360
25458
25361
25459
25362
25460
25363
25461
25364
25462
25463
25366
25464
25367
25465
25368
25466
25369
25467
25370
25468
25371
25469
25372
25470
25373
25471
25374
25472
25375
25473
25376
25474
25377
25475
25378
25476
25379
25477
25380
25478
25381
25479
25382
25480
25383
25481
25384
25482
25385
25483
25386
25484
25387
25485
25388
25486
25389
25487
25390
25488
25391
25489
25392
25490
25393
25491
25394
25492
25395
25493
25396
25494
25397
25495
25398
25496
25399
25497
25400
25498
25401
25499
25402
25500
25403
25501
25404
25502
25405
25503
25406
25504
25407
25505
25408
25506
25409
25507
25410
25508
25411
25509
25412
25510
25413
25511
25414
25512
25415
25513
25416
25514
25417
25515
25418
25516
25419
25517
25420
25518
25421
25519
25422
25520
25423
25521
25424
25522
25425
25523
25426
25524
25427
25525
25428
25526
25429
25527
25430
25528
25431
25529
25432
25530
25433
25531
25434
25532
25435
25533
25436
25534
25437
25535
25438
25536
25439
25537
25440
25538
25441
25539
25442
25540
25443
25541
25444
25542
25445
25543
25446
25544
25447
25545
25448
25546
25449
25547
25450
25548
25451
25549
25452
25550
25453
25551
25454
25552
25455
25553
25456
25554
25457
25555
25458
25556
25459
25557
25460
25558
25461
25559
25462
25560
25463
25561
25562
25465
25563
25466
25564
25467
25565
25468
25566
25469
25567
25470
25568
25471
25569
25472
25570
25473
25571
25474
25572
25475
25573
25476
25574
25477
25575
25478
25576
25479
25577
25480
25578
25481
25579
25482
25580
25483
25581
25484
25582
25485
25583
25486
25584
25487
25585
25488
25586
25489
25587
25490
25588
25491
25589
25492
25590
25493
25591
25494
25592
25495
25593
25496
25594
25497
25595
25498
25596
25499
25597
25500
25598
25501
25599
25502
25600
25503
25601
25504
25602
25505
25603
25506
25604
25507
25605
25508
25606
25509
25607
25510
25608
25511
25609
25512
25610
25513
25611
25514
25612
25515
25613
25516
25614
25517
25615
25518
25616
25519
25617
25520
25618
25521
25619
25522
25620
25523
25621
25524
25622
25525
25623
25526
25624
25527
25625
25528
25626
25529
25627
25530
25628
25531
25629
25532
25630
25533
25631
25534
25632
25535
25633
25536
25634
25537
25635
25538
25636
25539
25637
25540
25638
25541
25639
25542
25640
25543
25641
25544
25642
25545
25643
25546
25644
25547
25645
25548
25646
25549
25647
25550
25648
25551
25649
25552
25650
25553
25651
25554
25652
25555
25653
25556
25654
25557
25655
25558
25656
25559
25657
25560
25658
25561
25659
25562
25660
25661
25564
25662
25565
25663
25566
25664
25567
25665
25568
25666
25569
25667
25570
25668
25571
25669
25572
25670
25573
25671
25574
25672
25575
25673
25576
25674
25577
25675
25578
25676
25579
25677
25580
25678
25581
25679
25582
25680
25583
25681
25584
25682
25585
25683
25586
25684
25587
25685
25588
25686
25589
25687
25590
25688
25591
25689
25592
25690
25593
25691
25594
25692
25595
25693
25596
25694
25597
25695
25598
25696
25599
25697
25600
25698
25601
25699
25602
25700
25603
25701
25604
25702
25605
25703
25606
25704
25607
25705
25608
25706
25609
25707
25610
25708
25611
25709
25612
25710
25613
25711
25614
25712
25615
25713
25616
25714
25617
25715
25618
25716
25619
25717
25620
25718
25621
25719
25622
25720
25623
25721
25624
25722
25625
25723
25626
25724
25627
25725
25628
25726
25629
25727
25630
25728
25631
25729
25632
25730
25633
25731
25634
25732
25635
25733
25636
25734
25637
25735
25638
25736
25639
25737
25640
25738
25641
25739
25642
25740
25643
25741
25644
25742
25645
25743
25646
25744
25647
25745
25648
25746
25649
25747
25650
25748
25651
25749
25652
25750
25653
25751
25654
25752
25655
25753
25656
25754
25657
25755
25658
25756
25659
25757
25660
25758
25661
25759
25760
25663
25761
25664
25762
25665
25763
25666
25764
25667
25765
25668
25766
25669
25767
25670
25768
25671
25769
25672
25770
25673
25771
25674
25772
25675
25773
25676
25774
25677
25775
25678
25776
25679
25777
25680
25778
25681
25779
25682
25780
25683
25781
25684
25782
25685
25783
25686
25784
25687
25785
25688
25786
25689
25787
25690
25788
25691
25789
25692
25790
25693
25791
25694
25792
25695
25793
25696
25794
25697
25795
25698
25796
25699
25797
25700
25798
25701
25799
25702
25800
25703
25801
25704
25802
25705
25803
25706
25804
25707
25805
25708
25806
25709
25807
25710
25808
25711
25809
25712
25810
25713
25811
25714
25812
25715
25813
25716
25814
25717
25815
25718
25816
25719
25817
25720
25818
25721
25819
25722
25820
25723
25821
25724
25822
25725
25823
25726
25824
25727
25825
25728
25826
25729
25827
25730
25828
25731
25829
25732
25830
25733
25831
25734
25832
25735
25833
25736
25834
25737
25835
25738
25836
25739
25837
25740
25838
25741
25839
25742
25840
25743
25841
25744
25842
25745
25843
25746
25844
25747
25845
25748
25846
25749
25847
25750
25848
25751
25849
25752
25850
25753
25851
25754
25852
25755
25853
25756
25854
25757
25855
25758
25856
25759
25857
25760
25858
25859
25762
25860
25763
25861
25764
25862
25765
25863
25766
25864
25767
25865
25768
25866
25769
25867
25770
25868
25771
25869
25772
25870
25773
25871
25774
25872
25775
25873
25776
25874
25777
25875
25778
25876
25779
25877
25780
25878
25781
25879
25782
25880
25783
25881
25784
25882
25785
25883
25786
25884
25787
25885
25788
25886
25789
25887
25790
25888
25791
25889
25792
25890
25793
25891
25794
25892
25795
25893
25796
25894
25797
25895
25798
25896
25799
25897
25800
25898
25801
25899
25802
25900
25803
25901
25804
25902
25805
25903
25806
25904
25807
25905
25808
25906
25809
25907
25810
25908
25811
25909
25812
25910
25813
25911
25814
25912
25815
25913
25816
25914
25817
25915
25818
25916
25819
25917
25820
25918
25821
25919
25822
25920
25823
25921
25824
25922
25825
25923
25826
25924
25827
25925
25828
25926
25829
25927
25830
25928
25831
25929
25832
25930
25833
25931
25834
25932
25835
25933
25836
25934
25837
25935
25838
25936
25839
25937
25840
25938
25841
25939
25842
25940
25843
25941
25844
25942
25845
25943
25846
25944
25847
25945
25848
25946
25849
25947
25850
25948
25851
25949
25852
25950
25853
25951
25854
25952
25855
25953
25856
25954
25857
25955
25858
25956
25859
25957
25958
25861
25959
25862
25960
25863
25961
25864
25962
25865
25963
25866
25964
25867
25965
25868
25966
25869
25967
25870
25968
25871
25969
25872
25970
25873
25971
25874
25972
25875
25973
25876
25974
25877
25975
25878
25976
25879
25977
25880
25978
25881
25979
25882
25980
25883
25981
25884
25982
25885
25983
25886
25984
25887
25985
25888
25986
25889
25987
25890
25988
25891
25989
25892
25990
25893
25991
25894
25992
25895
25993
25896
25994
25897
25995
25898
25996
25899
25997
25900
25998
25901
25999
25902
26000
25903
26001
25904
26002
25905
26003
25906
26004
25907
26005
25908
26006
25909
26007
25910
26008
25911
26009
25912
26010
25913
26011
25914
26012
25915
26013
25916
26014
25917
26015
25918
26016
25919
26017
25920
26018
25921
26019
25922
26020
25923
26021
25924
26022
25925
26023
25926
26024
25927
26025
25928
26026
25929
26027
25930
26028
25931
26029
25932
26030
25933
26031
25934
26032
25935
26033
25936
26034
25937
26035
25938
26036
25939
26037
25940
26038
25941
26039
25942
26040
25943
26041
25944
26042
25945
26043
25946
26044
25947
26045
25948
26046
25949
26047
25950
26048
25951
26049
25952
26050
25953
26051
25954
26052
25955
26053
25956
26054
25957
26055
25958
26056
26057
25960
26058
25961
26059
25962
26060
25963
26061
25964
26062
25965
26063
25966
26064
25967
26065
25968
26066
25969
26067
25970
26068
25971
26069
25972
26070
25973
26071
25974
26072
25975
26073
25976
26074
25977
26075
25978
26076
25979
26077
25980
26078
25981
26079
25982
26080
25983
26081
25984
26082
25985
26083
25986
26084
25987
26085
25988
26086
25989
26087
25990
26088
25991
26089
25992
26090
25993
26091
25994
26092
25995
26093
25996
26094
25997
26095
25998
26096
25999
26097
26000
26098
26001
26099
26002
26100
26003
26101
26004
26102
26005
26103
26006
26104
26007
26105
26008
26106
26009
26107
26010
26108
26011
26109
26012
26110
26013
26111
26014
26112
26015
26113
26016
26114
26017
26115
26018
26116
26019
26117
26020
26118
26021
26119
26022
26120
26023
26121
26024
26122
26025
26123
26026
26124
26027
26125
26028
26126
26029
26127
26030
26128
26031
26129
26032
26130
26033
26131
26034
26132
26035
26133
26036
26134
26037
26135
26038
26136
26039
26137
26040
26138
26041
26139
26042
26140
26043
26141
26044
26142
26045
26143
26046
26144
26047
26145
26048
26146
26049
26147
26050
26148
26051
26149
26052
26150
26053
26151
26054
26152
26055
26153
26056
26154
26057
26155
26156
26059
26157
26060
26158
26061
26159
26062
26160
26063
26161
26064
26162
26065
26163
26066
26164
26067
26165
26068
26166
26069
26167
26070
26168
26071
26169
26072
26170
26073
26171
26074
26172
26075
26173
26076
26174
26077
26175
26078
26176
26079
26177
26080
26178
26081
26179
26082
26180
26083
26181
26084
26182
26085
26183
26086
26184
26087
26185
26088
26186
26089
26187
26090
26188
26091
26189
26092
26190
26093
26191
26094
26192
26095
26193
26096
26194
26097
26195
26098
26196
26099
26197
26100
26198
26101
26199
26102
26200
26103
26201
26104
26202
26105
26203
26106
26204
26107
26205
26108
26206
26109
26207
26110
26208
26111
26209
26112
26210
26113
26211
26114
26212
26115
26213
26116
26214
26117
26215
26118
26216
26119
26217
26120
26218
26121
26219
26122
26220
26123
26221
26124
26222
26125
26223
26126
26224
26127
26225
26128
26226
26129
26227
26130
26228
26131
26229
26132
26230
26133
26231
26134
26232
26135
26233
26136
26234
26137
26235
26138
26236
26139
26237
26140
26238
26141
26239
26142
26240
26143
26241
26144
26242
26145
26243
26146
26244
26147
26245
26148
26246
26149
26247
26150
26248
26151
26249
26152
26250
26153
26251
26154
26252
26155
26253
26156
26254
26255
26158
26256
26159
26257
26160
26258
26161
26259
26162
26260
26163
26261
26164
26262
26165
26263
26166
26264
26167
26265
26168
26266
26169
26267
26170
26268
26171
26269
26172
26270
26173
26271
26174
26272
26175
26273
26176
26274
26177
26275
26178
26276
26179
26277
26180
26278
26181
26279
26182
26280
26183
26281
26184
26282
26185
26283
26186
26284
26187
26285
26188
26286
26189
26287
26190
26288
26191
26289
26192
26290
26193
26291
26194
26292
26195
26293
26196
26294
26197
26295
26198
26296
26199
26297
26200
26298
26201
26299
26202
26300
26203
26301
26204
26302
26205
26303
26206
26304
26207
26305
26208
26306
26209
26307
26210
26308
26211
26309
26212
26310
26213
26311
26214
26312
26215
26313
26216
26314
26217
26315
26218
26316
26219
26317
26220
26318
26221
26319
26222
26320
26223
26321
26224
26322
26225
26323
26226
26324
26227
26325
26228
26326
26229
26327
26230
26328
26231
26329
26232
26330
26233
26331
26234
26332
26235
26333
26236
26334
26237
26335
26238
26336
26239
26337
26240
26338
26241
26339
26242
26340
26243
26341
26244
26342
26245
26343
26246
26344
26247
26345
26248
26346
26249
26347
26250
26348
26251
26349
26252
26350
26253
26351
26254
26352
26255
26353
26354
26257
26355
26258
26356
26259
26357
26260
26358
26261
26359
26262
26360
26263
26361
26264
26362
26265
26363
26266
26364
26267
26365
26268
26366
26269
26367
26270
26368
26271
26369
26272
26370
26273
26371
26274
26372
26275
26373
26276
26374
26277
26375
26278
26376
26279
26377
26280
26378
26281
26379
26282
26380
26283
26381
26284
26382
26285
26383
26286
26384
26287
26385
26288
26386
26289
26387
26290
26388
26291
26389
26292
26390
26293
26391
26294
26392
26295
26393
26296
26394
26297
26395
26298
26396
26299
26397
26300
26398
26301
26399
26302
26400
26303
26401
26304
26402
26305
26403
26306
26404
26307
26405
26308
26406
26309
26407
26310
26408
26311
26409
26312
26410
26313
26411
26314
26412
26315
26413
26316
26414
26317
26415
26318
26416
26319
26417
26320
26418
26321
26419
26322
26420
26323
26421
26324
26422
26325
26423
26326
26424
26327
26425
26328
26426
26329
26427
26330
26428
26331
26429
26332
26430
26333
26431
26334
26432
26335
26433
26336
26434
26337
26435
26338
26436
26339
26437
26340
26438
26341
26439
26342
26440
26343
26441
26344
26442
26345
26443
26346
26444
26347
26445
26348
26446
26349
26447
26350
26448
26351
26449
26352
26450
26353
26451
26354
26452
26453
26356
26454
26357
26455
26358
26456
26359
26457
26360
26458
26361
26459
26362
26460
26363
26461
26364
26462
26365
26463
26366
26464
26367
26465
26368
26466
26369
26467
26370
26468
26371
26469
26372
26470
26373
26471
26374
26472
26375
26473
26376
26474
26377
26475
26378
26476
26379
26477
26380
26478
26381
26479
26382
26480
26383
26481
26384
26482
26385
26483
26386
26484
26387
26485
26388
26486
26389
26487
26390
26488
26391
26489
26392
26490
26393
26491
26394
26492
26395
26493
26396
26494
26397
26495
26398
26496
26399
26497
26400
26498
26401
26499
26402
26500
26403
26501
26404
26502
26405
26503
26406
26504
26407
26505
26408
26506
26409
26507
26410
26508
26411
26509
26412
26510
26413
26511
26414
26512
26415
26513
26416
26514
26417
26515
26418
26516
26419
26517
26420
26518
26421
26519
26422
26520
26423
26521
26424
26522
26425
26523
26426
26524
26427
26525
26428
26526
26429
26527
26430
26528
26431
26529
26432
26530
26433
26531
26434
26532
26435
26533
26436
26534
26437
26535
26438
26536
26439
26537
26440
26538
26441
26539
26442
26540
26443
26541
26444
26542
26445
26543
26446
26544
26447
26545
26448
26546
26449
26547
26450
26548
26451
26549
26452
26550
26453
26551
26552
26455
26553
26456
26554
26457
26555
26458
26556
26459
26557
26460
26558
26461
26559
26462
26560
26463
26561
26464
26562
26465
26563
26466
26564
26467
26565
26468
26566
26469
26567
26470
26568
26471
26569
26472
26570
26473
26571
26474
26572
26475
26573
26476
26574
26477
26575
26478
26576
26479
26577
26480
26578
26481
26579
26482
26580
26483
26581
26484
26582
26485
26583
26486
26584
26487
26585
26488
26586
26489
26587
26490
26588
26491
26589
26492
26590
26493
26591
26494
26592
26495
26593
26496
26594
26497
26595
26498
26596
26499
26597
26500
26598
26501
26599
26502
26600
26503
26601
26504
26602
26505
26603
26506
26604
26507
26605
26508
26606
26509
26607
26510
26608
26511
26609
26512
26610
26513
26611
26514
26612
26515
26613
26516
26614
26517
26615
26518
26616
26519
26617
26520
26618
26521
26619
26522
26620
26523
26621
26524
26622
26525
26623
26526
26624
26527
26625
26528
26626
26529
26627
26530
26628
26531
26629
26532
26630
26533
26631
26534
26632
26535
26633
26536
26634
26537
26635
26538
26636
26539
26637
26540
26638
26541
26639
26542
26640
26543
26641
26544
26642
26545
26643
26546
26644
26547
26645
26548
26646
26549
26647
26550
26648
26551
26649
26552
26650
26651
26554
26652
26555
26653
26556
26654
26557
26655
26558
26656
26559
26657
26560
26658
26561
26659
26562
26660
26563
26661
26564
26662
26565
26663
26566
26664
26567
26665
26568
26666
26569
26667
26570
26668
26571
26669
26572
26670
26573
26671
26574
26672
26575
26673
26576
26674
26577
26675
26578
26676
26579
26677
26580
26678
26581
26679
26582
26680
26583
26681
26584
26682
26585
26683
26586
26684
26587
26685
26588
26686
26589
26687
26590
26688
26591
26689
26592
26690
26593
26691
26594
26692
26595
26693
26596
26694
26597
26695
26598
26696
26599
26697
26600
26698
26601
26699
26602
26700
26603
26701
26604
26702
26605
26703
26606
26704
26607
26705
26608
26706
26609
26707
26610
26708
26611
26709
26612
26710
26613
26711
26614
26712
26615
26713
26616
26714
26617
26715
26618
26716
26619
26717
26620
26718
26621
26719
26622
26720
26623
26721
26624
26722
26625
26723
26626
26724
26627
26725
26628
26726
26629
26727
26630
26728
26631
26729
26632
26730
26633
26731
26634
26732
26635
26733
26636
26734
26637
26735
26638
26736
26639
26737
26640
26738
26641
26739
26642
26740
26643
26741
26644
26742
26645
26743
26646
26744
26647
26745
26648
26746
26649
26747
26650
26748
26651
26749
26750
26653
26751
26654
26752
26655
26753
26656
26754
26657
26755
26658
26756
26659
26757
26660
26758
26661
26759
26662
26760
26663
26761
26664
26762
26665
26763
26666
26764
26667
26765
26668
26766
26669
26767
26670
26768
26671
26769
26672
26770
26673
26771
26674
26772
26675
26773
26676
26774
26677
26775
26678
26776
26679
26777
26680
26778
26681
26779
26682
26780
26683
26781
26684
26782
26685
26783
26686
26784
26687
26785
26688
26786
26689
26787
26690
26788
26691
26789
26692
26790
26693
26791
26694
26792
26695
26793
26696
26794
26697
26795
26698
26796
26699
26797
26700
26798
26701
26799
26702
26800
26703
26801
26704
26802
26705
26803
26706
26804
26707
26805
26708
26806
26709
26807
26710
26808
26711
26809
26712
26810
26713
26811
26714
26812
26715
26813
26716
26814
26717
26815
26718
26816
26719
26817
26720
26818
26721
26819
26722
26820
26723
26821
26724
26822
26725
26823
26726
26824
26727
26825
26728
26826
26729
26827
26730
26828
26731
26829
26732
26830
26733
26831
26734
26832
26735
26833
26736
26834
26737
26835
26738
26836
26739
26837
26740
26838
26741
26839
26742
26840
26743
26841
26744
26842
26745
26843
26746
26844
26747
26845
26748
26846
26749
26847
26750
26848
26849
26752
26850
26753
26851
26754
26852
26755
26853
26756
26854
26757
26855
26758
26856
26759
26857
26760
26858
26761
26859
26762
26860
26763
26861
26764
26862
26765
26863
26766
26864
26767
26865
26768
26866
26769
26867
26770
26868
26771
26869
26772
26870
26773
26871
26774
26872
26775
26873
26776
26874
26777
26875
26778
26876
26779
26877
26780
26878
26781
26879
26782
26880
26783
26881
26784
26882
26785
26883
26786
26884
26787
26885
26788
26886
26789
26887
26790
26888
26791
26889
26792
26890
26793
26891
26794
26892
26795
26893
26796
26894
26797
26895
26798
26896
26799
26897
26800
26898
26801
26899
26802
26900
26803
26901
26804
26902
26805
26903
26806
26904
26807
26905
26808
26906
26809
26907
26810
26908
26811
26909
26812
26910
26813
26911
26814
26912
26815
26913
26816
26914
26817
26915
26818
26916
26819
26917
26820
26918
26821
26919
26822
26920
26823
26921
26824
26922
26825
26923
26826
26924
26827
26925
26828
26926
26829
26927
26830
26928
26831
26929
26832
26930
26833
26931
26834
26932
26835
26933
26836
26934
26837
26935
26838
26936
26839
26937
26840
26938
26841
26939
26842
26940
26843
26941
26844
26942
26845
26943
26846
26944
26847
26945
26848
26946
26849
26947
26948
26851
26949
26852
26950
26853
26951
26854
26952
26855
26953
26856
26954
26857
26955
26858
26956
26859
26957
26860
26958
26861
26959
26862
26960
26863
26961
26864
26962
26865
26963
26866
26964
26867
26965
26868
26966
26869
26967
26870
26968
26871
26969
26872
26970
26873
26971
26874
26972
26875
26973
26876
26974
26877
26975
26878
26976
26879
26977
26880
26978
26881
26979
26882
26980
26883
26981
26884
26982
26885
26983
26886
26984
26887
26985
26888
26986
26889
26987
26890
26988
26891
26989
26892
26990
26893
26991
26894
26992
26895
26993
26896
26994
26897
26995
26898
26996
26899
26997
26900
26998
26901
26999
26902
27000
26903
27001
26904
27002
26905
27003
26906
27004
26907
27005
26908
27006
26909
27007
26910
27008
26911
27009
26912
27010
26913
27011
26914
27012
26915
27013
26916
27014
26917
27015
26918
27016
26919
27017
26920
27018
26921
27019
26922
27020
26923
27021
26924
27022
26925
27023
26926
27024
26927
27025
26928
27026
26929
27027
26930
27028
26931
27029
26932
27030
26933
27031
26934
27032
26935
27033
26936
27034
26937
27035
26938
27036
26939
27037
26940
27038
26941
27039
26942
27040
26943
27041
26944
27042
26945
27043
26946
27044
26947
27045
26948
27046
27047
26950
27048
26951
27049
26952
27050
26953
27051
26954
27052
26955
27053
26956
27054
26957
27055
26958
27056
26959
27057
26960
27058
26961
27059
26962
27060
26963
27061
26964
27062
26965
27063
26966
27064
26967
27065
26968
27066
26969
27067
26970
27068
26971
27069
26972
27070
26973
27071
26974
27072
26975
27073
26976
27074
26977
27075
26978
27076
26979
27077
26980
27078
26981
27079
26982
27080
26983
27081
26984
27082
26985
27083
26986
27084
26987
27085
26988
27086
26989
27087
26990
27088
26991
27089
26992
27090
26993
27091
26994
27092
26995
27093
26996
27094
26997
27095
26998
27096
26999
27097
27000
27098
27001
27099
27002
27100
27003
27101
27004
27102
27005
27103
27006
27104
27007
27105
27008
27106
27009
27107
27010
27108
27011
27109
27012
27110
27013
27111
27014
27112
27015
27113
27016
27114
27017
27115
27018
27116
27019
27117
27020
27118
27021
27119
27022
27120
27023
27121
27024
27122
27025
27123
27026
27124
27027
27125
27028
27126
27029
27127
27030
27128
27031
27129
27032
27130
27033
27131
27034
27132
27035
27133
27036
27134
27037
27135
27038
27136
27039
27137
27040
27138
27041
27139
27042
27140
27043
27141
27044
27142
27045
27143
27046
27144
27047
27145
27146
27049
27147
27050
27148
27051
27149
27052
27150
27053
27151
27054
27152
27055
27153
27056
27154
27057
27155
27058
27156
27059
27157
27060
27158
27061
27159
27062
27160
27063
27161
27064
27162
27065
27163
27066
27164
27067
27165
27068
27166
27069
27167
27070
27168
27071
27169
27072
27170
27073
27171
27074
27172
27075
27173
27076
27174
27077
27175
27078
27176
27079
27177
27080
27178
27081
27179
27082
27180
27083
27181
27084
27182
27085
27183
27086
27184
27087
27185
27088
27186
27089
27187
27090
27188
27091
27189
27092
27190
27093
27191
27094
27192
27095
27193
27096
27194
27097
27195
27098
27196
27099
27197
27100
27198
27101
27199
27102
27200
27103
27201
27104
27202
27105
27203
27106
27204
27107
27205
27108
27206
27109
27207
27110
27208
27111
27209
27112
27210
27113
27211
27114
27212
27115
27213
27116
27214
27117
27215
27118
27216
27119
27217
27120
27218
27121
27219
27122
27220
27123
27221
27124
27222
27125
27223
27126
27224
27127
27225
27128
27226
27129
27227
27130
27228
27131
27229
27132
27230
27133
27231
27134
27232
27135
27233
27136
27234
27137
27235
27138
27236
27139
27237
27140
27238
27141
27239
27142
27240
27143
27241
27144
27242
27145
27243
27146
27244
27245
27148
27246
27149
27247
27150
27248
27151
27249
27152
27250
27153
27251
27154
27252
27155
27253
27156
27254
27157
27255
27158
27256
27159
27257
27160
27258
27161
27259
27162
27260
27163
27261
27164
27262
27165
27263
27166
27264
27167
27265
27168
27266
27169
27267
27170
27268
27171
27269
27172
27270
27173
27271
27174
27272
27175
27273
27176
27274
27177
27275
27178
27276
27179
27277
27180
27278
27181
27279
27182
27280
27183
27281
27184
27282
27185
27283
27186
27284
27187
27285
27188
27286
27189
27287
27190
27288
27191
27289
27192
27290
27193
27291
27194
27292
27195
27293
27196
27294
27197
27295
27198
27296
27199
27297
27200
27298
27201
27299
27202
27300
27203
27301
27204
27302
27205
27303
27206
27304
27207
27305
27208
27306
27209
27307
27210
27308
27211
27309
27212
27310
27213
27311
27214
27312
27215
27313
27216
27314
27217
27315
27218
27316
27219
27317
27220
27318
27221
27319
27222
27320
27223
27321
27224
27322
27225
27323
27226
27324
27227
27325
27228
27326
27229
27327
27230
27328
27231
27329
27232
27330
27233
27331
27234
27332
27235
27333
27236
27334
27237
27335
27238
27336
27239
27337
27240
27338
27241
27339
27242
27340
27243
27341
27244
27342
27245
27343
27344
27247
27345
27248
27346
27249
27347
27250
27348
27251
27349
27252
27350
27253
27351
27254
27352
27255
27353
27256
27354
27257
27355
27258
27356
27259
27357
27260
27358
27261
27359
27262
27360
27263
27361
27264
27362
27265
27363
27266
27364
27267
27365
27268
27366
27269
27367
27270
27368
27271
27369
27272
27370
27273
27371
27274
27372
27275
27373
27276
27374
27277
27375
27278
27376
27279
27377
27280
27378
27281
27379
27282
27380
27283
27381
27284
27382
27285
27383
27286
27384
27287
27385
27288
27386
27289
27387
27290
27388
27291
27389
27292
27390
27293
27391
27294
27392
27295
27393
27296
27394
27297
27395
27298
27396
27299
27397
27300
27398
27301
27399
27302
27400
27303
27401
27304
27402
27305
27403
27306
27404
27307
27405
27308
27406
27309
27407
27310
27408
27311
27409
27312
27410
27313
27411
27314
27412
27315
27413
27316
27414
27317
27415
27318
27416
27319
27417
27320
27418
27321
27419
27322
27420
27323
27421
27324
27422
27325
27423
27326
27424
27327
27425
27328
27426
27329
27427
27330
27428
27331
27429
27332
27430
27333
27431
27334
27432
27335
27433
27336
27434
27337
27435
27338
27436
27339
27437
27340
27438
27341
27439
27342
27440
27343
27441
27344
27442
27443
27346
27444
27347
27445
27348
27446
27349
27447
27350
27448
27351
27449
27352
27450
27353
27451
27354
27452
27355
27453
27356
27454
27357
27455
27358
27456
27359
27457
27360
27458
27361
27459
27362
27460
27363
27461
27364
27462
27365
27463
27366
27464
27367
27465
27368
27466
27369
27467
27370
27468
27371
27469
27372
27470
27373
27471
27374
27472
27375
27473
27376
27474
27377
27475
27378
27476
27379
27477
27380
27478
27381
27479
27382
27480
27383
27481
27384
27482
27385
27483
27386
27484
27387
27485
27388
27486
27389
27487
27390
27488
27391
27489
27392
27490
27393
27491
27394
27492
27395
27493
27396
27494
27397
27495
27398
27496
27399
27497
27400
27498
27401
27499
27402
27500
27403
27501
27404
27502
27405
27503
27406
27504
27407
27505
27408
27506
27409
27507
27410
27508
27411
27509
27412
27510
27413
27511
27414
27512
27415
27513
27416
27514
27417
27515
27418
27516
27419
27517
27420
27518
27421
27519
27422
27520
27423
27521
27424
27522
27425
27523
27426
27524
27427
27525
27428
27526
27429
27527
27430
27528
27431
27529
27432
27530
27433
27531
27434
27532
27435
27533
27436
27534
27437
27535
27438
27536
27439
27537
27440
27538
27441
27539
27442
27540
27443
27541
27542
27445
27543
27446
27544
27447
27545
27448
27546
27449
27547
27450
27548
27451
27549
27452
27550
27453
27551
27454
27552
27455
27553
27456
27554
27457
27555
27458
27556
27459
27557
27460
27558
27461
27559
27462
27560
27463
27561
27464
27562
27465
27563
27466
27564
27467
27565
27468
27566
27469
27567
27470
27568
27471
27569
27472
27570
27473
27571
27474
27572
27475
27573
27476
27574
27477
27575
27478
27576
27479
27577
27480
27578
27481
27579
27482
27580
27483
27581
27484
27582
27485
27583
27486
27584
27487
27585
27488
27586
27489
27587
27490
27588
27491
27589
27492
27590
27493
27591
27494
27592
27495
27593
27496
27594
27497
27595
27498
27596
27499
27597
27500
27598
27501
27599
27502
27600
27503
27601
27504
27602
27505
27603
27506
27604
27507
27605
27508
27606
27509
27607
27510
27608
27511
27609
27512
27610
27513
27611
27514
27612
27515
27613
27516
27614
27517
27615
27518
27616
27519
27617
27520
27618
27521
27619
27522
27620
27523
27621
27524
27622
27525
27623
27526
27624
27527
27625
27528
27626
27529
27627
27530
27628
27531
27629
27532
27630
27533
27631
27534
27632
27535
27633
27536
27634
27537
27635
27538
27636
27539
27637
27540
27638
27541
27639
27542
27640
27641
27544
27642
27545
27643
27546
27644
27547
27645
27548
27646
27549
27647
27550
27648
27551
27649
27552
27650
27553
27651
27554
27652
27555
27653
27556
27654
27557
27655
27558
27656
27559
27657
27560
27658
27561
27659
27562
27660
27563
27661
27564
27662
27565
27663
27566
27664
27567
27665
27568
27666
27569
27667
27570
27668
27571
27669
27572
27670
27573
27671
27574
27672
27575
27673
27576
27674
27577
27675
27578
27676
27579
27677
27580
27678
27581
27679
27582
27680
27583
27681
27584
27682
27585
27683
27586
27684
27587
27685
27588
27686
27589
27687
27590
27688
27591
27689
27592
27690
27593
27691
27594
27692
27595
27693
27596
27694
27597
27695
27598
27696
27599
27697
27600
27698
27601
27699
27602
27700
27603
27701
27604
27702
27605
27703
27606
27704
27607
27705
27608
27706
27609
27707
27610
27708
27611
27709
27612
27710
27613
27711
27614
27712
27615
27713
27616
27714
27617
27715
27618
27716
27619
27717
27620
27718
27621
27719
27622
27720
27623
27721
27624
27722
27625
27723
27626
27724
27627
27725
27628
27726
27629
27727
27630
27728
27631
27729
27632
27730
27633
27731
27634
27732
27635
27733
27636
27734
27637
27735
27638
27736
27639
27737
27640
27738
27641
27739
27740
27643
27741
27644
27742
27645
27743
27646
27744
27647
27745
27648
27746
27649
27747
27650
27748
27651
27749
27652
27750
27653
27751
27654
27752
27655
27753
27656
27754
27657
27755
27658
27756
27659
27757
27660
27758
27661
27759
27662
27760
27663
27761
27664
27762
27665
27763
27666
27764
27667
27765
27668
27766
27669
27767
27670
27768
27671
27769
27672
27770
27673
27771
27674
27772
27675
27773
27676
27774
27677
27775
27678
27776
27679
27777
27680
27778
27681
27779
27682
27780
27683
27781
27684
27782
27685
27783
27686
27784
27687
27785
27688
27786
27689
27787
27690
27788
27691
27789
27692
27790
27693
27791
27694
27792
27695
27793
27696
27794
27697
27795
27698
27796
27699
27797
27700
27798
27701
27799
27702
27800
27703
27801
27704
27802
27705
27803
27706
27804
27707
27805
27708
27806
27709
27807
27710
27808
27711
27809
27712
27810
27713
27811
27714
27812
27715
27813
27716
27814
27717
27815
27718
27816
27719
27817
27720
27818
27721
27819
27722
27820
27723
27821
27724
27822
27725
27823
27726
27824
27727
27825
27728
27826
27729
27827
27730
27828
27731
27829
27732
27830
27733
27831
27734
27832
27735
27833
27736
27834
27737
27835
27738
27836
27739
27837
27740
27838
27839
27742
27840
27743
27841
27744
27842
27745
27843
27746
27844
27747
27845
27748
27846
27749
27847
27750
27848
27751
27849
27752
27850
27753
27851
27754
27852
27755
27853
27756
27854
27757
27855
27758
27856
27759
27857
27760
27858
27761
27859
27762
27860
27763
27861
27764
27862
27765
27863
27766
27864
27767
27865
27768
27866
27769
27867
27770
27868
27771
27869
27772
27870
27773
27871
27774
27872
27775
27873
27776
27874
27777
27875
27778
27876
27779
27877
27780
27878
27781
27879
27782
27880
27783
27881
27784
27882
27785
27883
27786
27884
27787
27885
27788
27886
27789
27887
27790
27888
27791
27889
27792
27890
27793
27891
27794
27892
27795
27893
27796
27894
27797
27895
27798
27896
27799
27897
27800
27898
27801
27899
27802
27900
27803
27901
27804
27902
27805
27903
27806
27904
27807
27905
27808
27906
27809
27907
27810
27908
27811
27909
27812
27910
27813
27911
27814
27912
27815
27913
27816
27914
27817
27915
27818
27916
27819
27917
27820
27918
27821
27919
27822
27920
27823
27921
27824
27922
27825
27923
27826
27924
27827
27925
27828
27926
27829
27927
27830
27928
27831
27929
27832
27930
27833
27931
27834
27932
27835
27933
27836
27934
27837
27935
27838
27936
27839
27937
27938
27841
27939
27842
27940
27843
27941
27844
27942
27845
27943
27846
27944
27847
27945
27848
27946
27849
27947
27850
27948
27851
27949
27852
27950
27853
27951
27854
27952
27855
27953
27856
27954
27857
27955
27858
27956
27859
27957
27860
27958
27861
27959
27862
27960
27863
27961
27864
27962
27865
27963
27866
27964
27867
27965
27868
27966
27869
27967
27870
27968
27871
27969
27872
27970
27873
27971
27874
27972
27875
27973
27876
27974
27877
27975
27878
27976
27879
27977
27880
27978
27881
27979
27882
27980
27883
27981
27884
27982
27885
27983
27886
27984
27887
27985
27888
27986
27889
27987
27890
27988
27891
27989
27892
27990
27893
27991
27894
27992
27895
27993
27896
27994
27897
27995
27898
27996
27899
27997
27900
27998
27901
27999
27902
28000
27903
28001
27904
28002
27905
28003
27906
28004
27907
28005
27908
28006
27909
28007
27910
28008
27911
28009
27912
28010
27913
28011
27914
28012
27915
28013
27916
28014
27917
28015
27918
28016
27919
28017
27920
28018
27921
28019
27922
28020
27923
28021
27924
28022
27925
28023
27926
28024
27927
28025
27928
28026
27929
28027
27930
28028
27931
28029
27932
28030
27933
28031
27934
28032
27935
28033
27936
28034
27937
28035
27938
28036
28037
27940
28038
27941
28039
27942
28040
27943
28041
27944
28042
27945
28043
27946
28044
27947
28045
27948
28046
27949
28047
27950
28048
27951
28049
27952
28050
27953
28051
27954
28052
27955
28053
27956
28054
27957
28055
27958
28056
27959
28057
27960
28058
27961
28059
27962
28060
27963
28061
27964
28062
27965
28063
27966
28064
27967
28065
27968
28066
27969
28067
27970
28068
27971
28069
27972
28070
27973
28071
27974
28072
27975
28073
27976
28074
27977
28075
27978
28076
27979
28077
27980
28078
27981
28079
27982
28080
27983
28081
27984
28082
27985
28083
27986
28084
27987
28085
27988
28086
27989
28087
27990
28088
27991
28089
27992
28090
27993
28091
27994
28092
27995
28093
27996
28094
27997
28095
27998
28096
27999
28097
28000
28098
28001
28099
28002
28100
28003
28101
28004
28102
28005
28103
28006
28104
28007
28105
28008
28106
28009
28107
28010
28108
28011
28109
28012
28110
28013
28111
28014
28112
28015
28113
28016
28114
28017
28115
28018
28116
28019
28117
28020
28118
28021
28119
28022
28120
28023
28121
28024
28122
28025
28123
28026
28124
28027
28125
28028
28126
28029
28127
28030
28128
28031
28129
28032
28130
28033
28131
28034
28132
28035
28133
28036
28134
28037
28135
28136
28039
28137
28040
28138
28041
28139
28042
28140
28043
28141
28044
28142
28045
28143
28046
28144
28047
28145
28048
28146
28049
28147
28050
28148
28051
28149
28052
28150
28053
28151
28054
28152
28055
28153
28056
28154
28057
28155
28058
28156
28059
28157
28060
28158
28061
28159
28062
28160
28063
28161
28064
28162
28065
28163
28066
28164
28067
28165
28068
28166
28069
28167
28070
28168
28071
28169
28072
28170
28073
28171
28074
28172
28075
28173
28076
28174
28077
28175
28078
28176
28079
28177
28080
28178
28081
28179
28082
28180
28083
28181
28084
28182
28085
28183
28086
28184
28087
28185
28088
28186
28089
28187
28090
28188
28091
28189
28092
28190
28093
28191
28094
28192
28095
28193
28096
28194
28097
28195
28098
28196
28099
28197
28100
28198
28101
28199
28102
28200
28103
28201
28104
28202
28105
28203
28106
28204
28107
28205
28108
28206
28109
28207
28110
28208
28111
28209
28112
28210
28113
28211
28114
28212
28115
28213
28116
28214
28117
28215
28118
28216
28119
28217
28120
28218
28121
28219
28122
28220
28123
28221
28124
28222
28125
28223
28126
28224
28127
28225
28128
28226
28129
28227
28130
28228
28131
28229
28132
28230
28133
28231
28134
28232
28135
28233
28136
28234
28235
28138
28236
28139
28237
28140
28238
28141
28239
28142
28240
28143
28241
28144
28242
28145
28243
28146
28244
28147
28245
28148
28246
28149
28247
28150
28248
28151
28249
28152
28250
28153
28251
28154
28252
28155
28253
28156
28254
28157
28255
28158
28256
28159
28257
28160
28258
28161
28259
28162
28260
28163
28261
28164
28262
28165
28263
28166
28264
28167
28265
28168
28266
28169
28267
28170
28268
28171
28269
28172
28270
28173
28271
28174
28272
28175
28273
28176
28274
28177
28275
28178
28276
28179
28277
28180
28278
28181
28279
28182
28280
28183
28281
28184
28282
28185
28283
28186
28284
28187
28285
28188
28286
28189
28287
28190
28288
28191
28289
28192
28290
28193
28291
28194
28292
28195
28293
28196
28294
28197
28295
28198
28296
28199
28297
28200
28298
28201
28299
28202
28300
28203
28301
28204
28302
28205
28303
28206
28304
28207
28305
28208
28306
28209
28307
28210
28308
28211
28309
28212
28310
28213
28311
28214
28312
28215
28313
28216
28314
28217
28315
28218
28316
28219
28317
28220
28318
28221
28319
28222
28320
28223
28321
28224
28322
28225
28323
28226
28324
28227
28325
28228
28326
28229
28327
28230
28328
28231
28329
28232
28330
28233
28331
28234
28332
28235
28333
28334
28237
28335
28238
28336
28239
28337
28240
28338
28241
28339
28242
28340
28243
28341
28244
28342
28245
28343
28246
28344
28247
28345
28248
28346
28249
28347
28250
28348
28251
28349
28252
28350
28253
28351
28254
28352
28255
28353
28256
28354
28257
28355
28258
28356
28259
28357
28260
28358
28261
28359
28262
28360
28263
28361
28264
28362
28265
28363
28266
28364
28267
28365
28268
28366
28269
28367
28270
28368
28271
28369
28272
28370
28273
28371
28274
28372
28275
28373
28276
28374
28277
28375
28278
28376
28279
28377
28280
28378
28281
28379
28282
28380
28283
28381
28284
28382
28285
28383
28286
28384
28287
28385
28288
28386
28289
28387
28290
28388
28291
28389
28292
28390
28293
28391
28294
28392
28295
28393
28296
28394
28297
28395
28298
28396
28299
28397
28300
28398
28301
28399
28302
28400
28303
28401
28304
28402
28305
28403
28306
28404
28307
28405
28308
28406
28309
28407
28310
28408
28311
28409
28312
28410
28313
28411
28314
28412
28315
28413
28316
28414
28317
28415
28318
28416
28319
28417
28320
28418
28321
28419
28322
28420
28323
28421
28324
28422
28325
28423
28326
28424
28327
28425
28328
28426
28329
28427
28330
28428
28331
28429
28332
28430
28333
28431
28334
28432
28433
28336
28434
28337
28435
28338
28436
28339
28437
28340
28438
28341
28439
28342
28440
28343
28441
28344
28442
28345
28443
28346
28444
28347
28445
28348
28446
28349
28447
28350
28448
28351
28449
28352
28450
28353
28451
28354
28452
28355
28453
28356
28454
28357
28455
28358
28456
28359
28457
28360
28458
28361
28459
28362
28460
28363
28461
28364
28462
28365
28463
28366
28464
28367
28465
28368
28466
28369
28467
28370
28468
28371
28469
28372
28470
28373
28471
28374
28472
28375
28473
28376
28474
28377
28475
28378
28476
28379
28477
28380
28478
28381
28479
28382
28480
28383
28481
28384
28482
28385
28483
28386
28484
28387
28485
28388
28486
28389
28487
28390
28488
28391
28489
28392
28490
28393
28491
28394
28492
28395
28493
28396
28494
28397
28495
28398
28496
28399
28497
28400
28498
28401
28499
28402
28500
28403
28501
28404
28502
28405
28503
28406
28504
28407
28505
28408
28506
28409
28507
28410
28508
28411
28509
28412
28510
28413
28511
28414
28512
28415
28513
28416
28514
28417
28515
28418
28516
28419
28517
28420
28518
28421
28519
28422
28520
28423
28521
28424
28522
28425
28523
28426
28524
28427
28525
28428
28526
28429
28527
28430
28528
28431
28529
28432
28530
28433
28531
28532
28435
28533
28436
28534
28437
28535
28438
28536
28439
28537
28440
28538
28441
28539
28442
28540
28443
28541
28444
28542
28445
28543
28446
28544
28447
28545
28448
28546
28449
28547
28450
28548
28451
28549
28452
28550
28453
28551
28454
28552
28455
28553
28456
28554
28457
28555
28458
28556
28459
28557
28460
28558
28461
28559
28462
28560
28463
28561
28464
28562
28465
28563
28466
28564
28467
28565
28468
28566
28469
28567
28470
28568
28471
28569
28472
28570
28473
28571
28474
28572
28475
28573
28476
28574
28477
28575
28478
28576
28479
28577
28480
28578
28481
28579
28482
28580
28483
28581
28484
28582
28485
28583
28486
28584
28487
28585
28488
28586
28489
28587
28490
28588
28491
28589
28492
28590
28493
28591
28494
28592
28495
28593
28496
28594
28497
28595
28498
28596
28499
28597
28500
28598
28501
28599
28502
28600
28503
28601
28504
28602
28505
28603
28506
28604
28507
28605
28508
28606
28509
28607
28510
28608
28511
28609
28512
28610
28513
28611
28514
28612
28515
28613
28516
28614
28517
28615
28518
28616
28519
28617
28520
28618
28521
28619
28522
28620
28523
28621
28524
28622
28525
28623
28526
28624
28527
28625
28528
28626
28529
28627
28530
28628
28531
28629
28532
28630
28631
28534
28632
28535
28633
28536
28634
28537
28635
28538
28636
28539
28637
28540
28638
28541
28639
28542
28640
28543
28641
28544
28642
28545
28643
28546
28644
28547
28645
28548
28646
28549
28647
28550
28648
28551
28649
28552
28650
28553
28651
28554
28652
28555
28653
28556
28654
28557
28655
28558
28656
28559
28657
28560
28658
28561
28659
28562
28660
28563
28661
28564
28662
28565
28663
28566
28664
28567
28665
28568
28666
28569
28667
28570
28668
28571
28669
28572
28670
28573
28671
28574
28672
28575
28673
28576
28674
28577
28675
28578
28676
28579
28677
28580
28678
28581
28679
28582
28680
28583
28681
28584
28682
28585
28683
28586
28684
28587
28685
28588
28686
28589
28687
28590
28688
28591
28689
28592
28690
28593
28691
28594
28692
28595
28693
28596
28694
28597
28695
28598
28696
28599
28697
28600
28698
28601
28699
28602
28700
28603
28701
28604
28702
28605
28703
28606
28704
28607
28705
28608
28706
28609
28707
28610
28708
28611
28709
28612
28710
28613
28711
28614
28712
28615
28713
28616
28714
28617
28715
28618
28716
28619
28717
28620
28718
28621
28719
28622
28720
28623
28721
28624
28722
28625
28723
28626
28724
28627
28725
28628
28726
28629
28727
28630
28728
28631
28729
28730
28633
28731
28634
28732
28635
28733
28636
28734
28637
28735
28638
28736
28639
28737
28640
28738
28641
28739
28642
28740
28643
28741
28644
28742
28645
28743
28646
28744
28647
28745
28648
28746
28649
28747
28650
28748
28651
28749
28652
28750
28653
28751
28654
28752
28655
28753
28656
28754
28657
28755
28658
28756
28659
28757
28660
28758
28661
28759
28662
28760
28663
28761
28664
28762
28665
28763
28666
28764
28667
28765
28668
28766
28669
28767
28670
28768
28671
28769
28672
28770
28673
28771
28674
28772
28675
28773
28676
28774
28677
28775
28678
28776
28679
28777
28680
28778
28681
28779
28682
28780
28683
28781
28684
28782
28685
28783
28686
28784
28687
28785
28688
28786
28689
28787
28690
28788
28691
28789
28692
28790
28693
28791
28694
28792
28695
28793
28696
28794
28697
28795
28698
28796
28699
28797
28700
28798
28701
28799
28702
28800
28703
28801
28704
28802
28705
28803
28706
28804
28707
28805
28708
28806
28709
28807
28710
28808
28711
28809
28712
28810
28713
28811
28714
28812
28715
28813
28716
28814
28717
28815
28718
28816
28719
28817
28720
28818
28721
28819
28722
28820
28723
28821
28724
28822
28725
28823
28726
28824
28727
28825
28728
28826
28729
28827
28730
28828
28829
28732
28830
28733
28831
28734
28832
28735
28833
28736
28834
28737
28835
28738
28836
28739
28837
28740
28838
28741
28839
28742
28840
28743
28841
28744
28842
28745
28843
28746
28844
28747
28845
28748
28846
28749
28847
28750
28848
28751
28849
28752
28850
28753
28851
28754
28852
28755
28853
28756
28854
28757
28855
28758
28856
28759
28857
28760
28858
28761
28859
28762
28860
28763
28861
28764
28862
28765
28863
28766
28864
28767
28865
28768
28866
28769
28867
28770
28868
28771
28869
28772
28870
28773
28871
28774
28872
28775
28873
28776
28874
28777
28875
28778
28876
28779
28877
28780
28878
28781
28879
28782
28880
28783
28881
28784
28882
28785
28883
28786
28884
28787
28885
28788
28886
28789
28887
28790
28888
28791
28889
28792
28890
28793
28891
28794
28892
28795
28893
28796
28894
28797
28895
28798
28896
28799
28897
28800
28898
28801
28899
28802
28900
28803
28901
28804
28902
28805
28903
28806
28904
28807
28905
28808
28906
28809
28907
28810
28908
28811
28909
28812
28910
28813
28911
28814
28912
28815
28913
28816
28914
28817
28915
28818
28916
28819
28917
28820
28918
28821
28919
28822
28920
28823
28921
28824
28922
28825
28923
28826
28924
28827
28925
28828
28926
28829
28927
28928
28831
28929
28832
28930
28833
28931
28834
28932
28835
28933
28836
28934
28837
28935
28838
28936
28839
28937
28840
28938
28841
28939
28842
28940
28843
28941
28844
28942
28845
28943
28846
28944
28847
28945
28848
28946
28849
28947
28850
28948
28851
28949
28852
28950
28853
28951
28854
28952
28855
28953
28856
28954
28857
28955
28858
28956
28859
28957
28860
28958
28861
28959
28862
28960
28863
28961
28864
28962
28865
28963
28866
28964
28867
28965
28868
28966
28869
28967
28870
28968
28871
28969
28872
28970
28873
28971
28874
28972
28875
28973
28876
28974
28877
28975
28878
28976
28879
28977
28880
28978
28881
28979
28882
28980
28883
28981
28884
28982
28885
28983
28886
28984
28887
28985
28888
28986
28889
28987
28890
28988
28891
28989
28892
28990
28893
28991
28894
28992
28895
28993
28896
28994
28897
28995
28898
28996
28899
28997
28900
28998
28901
28999
28902
29000
28903
29001
28904
29002
28905
29003
28906
29004
28907
29005
28908
29006
28909
29007
28910
29008
28911
29009
28912
29010
28913
29011
28914
29012
28915
29013
28916
29014
28917
29015
28918
29016
28919
29017
28920
29018
28921
29019
28922
29020
28923
29021
28924
29022
28925
29023
28926
29024
28927
29025
28928
29026
29027
28930
29028
28931
29029
28932
29030
28933
29031
28934
29032
28935
29033
28936
29034
28937
29035
28938
29036
28939
29037
28940
29038
28941
29039
28942
29040
28943
29041
28944
29042
28945
29043
28946
29044
28947
29045
28948
29046
28949
29047
28950
29048
28951
29049
28952
29050
28953
29051
28954
29052
28955
29053
28956
29054
28957
29055
28958
29056
28959
29057
28960
29058
28961
29059
28962
29060
28963
29061
28964
29062
28965
29063
28966
29064
28967
29065
28968
29066
28969
29067
28970
29068
28971
29069
28972
29070
28973
29071
28974
29072
28975
29073
28976
29074
28977
29075
28978
29076
28979
29077
28980
29078
28981
29079
28982
29080
28983
29081
28984
29082
28985
29083
28986
29084
28987
29085
28988
29086
28989
29087
28990
29088
28991
29089
28992
29090
28993
29091
28994
29092
28995
29093
28996
29094
28997
29095
28998
29096
28999
29097
29000
29098
29001
29099
29002
29100
29003
29101
29004
29102
29005
29103
29006
29104
29007
29105
29008
29106
29009
29107
29010
29108
29011
29109
29012
29110
29013
29111
29014
29112
29015
29113
29016
29114
29017
29115
29018
29116
29019
29117
29020
29118
29021
29119
29022
29120
29023
29121
29024
29122
29025
29123
29026
29124
29027
29125
29126
29029
29127
29030
29128
29031
29129
29032
29130
29033
29131
29034
29132
29035
29133
29036
29134
29037
29135
29038
29136
29039
29137
29040
29138
29041
29139
29042
29140
29043
29141
29044
29142
29045
29143
29046
29144
29047
29145
29048
29146
29049
29147
29050
29148
29051
29149
29052
29150
29053
29151
29054
29152
29055
29153
29056
29154
29057
29155
29058
29156
29059
29157
29060
29158
29061
29159
29062
29160
29063
29161
29064
29162
29065
29163
29066
29164
29067
29165
29068
29166
29069
29167
29070
29168
29071
29169
29072
29170
29073
29171
29074
29172
29075
29173
29076
29174
29077
29175
29078
29176
29079
29177
29080
29178
29081
29179
29082
29180
29083
29181
29084
29182
29085
29183
29086
29184
29087
29185
29088
29186
29089
29187
29090
29188
29091
29189
29092
29190
29093
29191
29094
29192
29095
29193
29096
29194
29097
29195
29098
29196
29099
29197
29100
29198
29101
29199
29102
29200
29103
29201
29104
29202
29105
29203
29106
29204
29107
29205
29108
29206
29109
29207
29110
29208
29111
29209
29112
29210
29113
29211
29114
29212
29115
29213
29116
29214
29117
29215
29118
29216
29119
29217
29120
29218
29121
29219
29122
29220
29123
29221
29124
29222
29125
29223
29126
29224
29225
29128
29226
29129
29227
29130
29228
29131
29229
29132
29230
29133
29231
29134
29232
29135
29233
29136
29234
29137
29235
29138
29236
29139
29237
29140
29238
29141
29239
29142
29240
29143
29241
29144
29242
29145
29243
29146
29244
29147
29245
29148
29246
29149
29247
29150
29248
29151
29249
29152
29250
29153
29251
29154
29252
29155
29253
29156
29254
29157
29255
29158
29256
29159
29257
29160
29258
29161
29259
29162
29260
29163
29261
29164
29262
29165
29263
29166
29264
29167
29265
29168
29266
29169
29267
29170
29268
29171
29269
29172
29270
29173
29271
29174
29272
29175
29273
29176
29274
29177
29275
29178
29276
29179
29277
29180
29278
29181
29279
29182
29280
29183
29281
29184
29282
29185
29283
29186
29284
29187
29285
29188
29286
29189
29287
29190
29288
29191
29289
29192
29290
29193
29291
29194
29292
29195
29293
29196
29294
29197
29295
29198
29296
29199
29297
29200
29298
29201
29299
29202
29300
29203
29301
29204
29302
29205
29303
29206
29304
29207
29305
29208
29306
29209
29307
29210
29308
29211
29309
29212
29310
29213
29311
29214
29312
29215
29313
29216
29314
29217
29315
29218
29316
29219
29317
29220
29318
29221
29319
29222
29320
29223
29321
29224
29322
29225
29323
29324
29227
29325
29228
29326
29229
29327
29230
29328
29231
29329
29232
29330
29233
29331
29234
29332
29235
29333
29236
29334
29237
29335
29238
29336
29239
29337
29240
29338
29241
29339
29242
29340
29243
29341
29244
29342
29245
29343
29246
29344
29247
29345
29248
29346
29249
29347
29250
29348
29251
29349
29252
29350
29253
29351
29254
29352
29255
29353
29256
29354
29257
29355
29258
29356
29259
29357
29260
29358
29261
29359
29262
29360
29263
29361
29264
29362
29265
29363
29266
29364
29267
29365
29268
29366
29269
29367
29270
29368
29271
29369
29272
29370
29273
29371
29274
29372
29275
29373
29276
29374
29277
29375
29278
29376
29279
29377
29280
29378
29281
29379
29282
29380
29283
29381
29284
29382
29285
29383
29286
29384
29287
29385
29288
29386
29289
29387
29290
29388
29291
29389
29292
29390
29293
29391
29294
29392
29295
29393
29296
29394
29297
29395
29298
29396
29299
29397
29300
29398
29301
29399
29302
29400
29303
29401
29304
29402
29305
29403
29306
29404
29307
29405
29308
29406
29309
29407
29310
29408
29311
29409
29312
29410
29313
29411
29314
29412
29315
29413
29316
29414
29317
29415
29318
29416
29319
29417
29320
29418
29321
29419
29322
29420
29323
29421
29324
29422
29423
29326
29424
29327
29425
29328
29426
29329
29427
29330
29428
29331
29429
29332
29430
29333
29431
29334
29432
29335
29433
29336
29434
29337
29435
29338
29436
29339
29437
29340
29438
29341
29439
29342
29440
29343
29441
29344
29442
29345
29443
29346
29444
29347
29445
29348
29446
29349
29447
29350
29448
29351
29449
29352
29450
29353
29451
29354
29452
29355
29453
29356
29454
29357
29455
29358
29456
29359
29457
29360
29458
29361
29459
29362
29460
29363
29461
29364
29462
29365
29463
29366
29464
29367
29465
29368
29466
29369
29467
29370
29468
29371
29469
29372
29470
29373
29471
29374
29472
29375
29473
29376
29474
29377
29475
29378
29476
29379
29477
29380
29478
29381
29479
29382
29480
29383
29481
29384
29482
29385
29483
29386
29484
29387
29485
29388
29486
29389
29487
29390
29488
29391
29489
29392
29490
29393
29491
29394
29492
29395
29493
29396
29494
29397
29495
29398
29496
29399
29497
29400
29498
29401
29499
29402
29500
29403
29501
29404
29502
29405
29503
29406
29504
29407
29505
29408
29506
29409
29507
29410
29508
29411
29509
29412
29510
29413
29511
29414
29512
29415
29513
29416
29514
29417
29515
29418
29516
29419
29517
29420
29518
29421
29519
29422
29520
29423
29521
29522
29425
29523
29426
29524
29427
29525
29428
29526
29429
29527
29430
29528
29431
29529
29432
29530
29433
29531
29434
29532
29435
29533
29436
29534
29437
29535
29438
29536
29439
29537
29440
29538
29441
29539
29442
29540
29443
29541
29444
29542
29445
29543
29446
29544
29447
29545
29448
29546
29449
29547
29450
29548
29451
29549
29452
29550
29453
29551
29454
29552
29455
29553
29456
29554
29457
29555
29458
29556
29459
29557
29460
29558
29461
29559
29462
29560
29463
29561
29464
29562
29465
29563
29466
29564
29467
29565
29468
29566
29469
29567
29470
29568
29471
29569
29472
29570
29473
29571
29474
29572
29475
29573
29476
29574
29477
29575
29478
29576
29479
29577
29480
29578
29481
29579
29482
29580
29483
29581
29484
29582
29485
29583
29486
29584
29487
29585
29488
29586
29489
29587
29490
29588
29491
29589
29492
29590
29493
29591
29494
29592
29495
29593
29496
29594
29497
29595
29498
29596
29499
29597
29500
29598
29501
29599
29502
29600
29503
29601
29504
29602
29505
29603
29506
29604
29507
29605
29508
29606
29509
29607
29510
29608
29511
29609
29512
29610
29513
29611
29514
29612
29515
29613
29516
29614
29517
29615
29518
29616
29519
29617
29520
29618
29521
29619
29522
29620
29621
29524
29622
29525
29623
29526
29624
29527
29625
29528
29626
29529
29627
29530
29628
29531
29629
29532
29630
29533
29631
29534
29632
29535
29633
29536
29634
29537
29635
29538
29636
29539
29637
29540
29638
29541
29639
29542
29640
29543
29641
29544
29642
29545
29643
29546
29644
29547
29645
29548
29646
29549
29647
29550
29648
29551
29649
29552
29650
29553
29651
29554
29652
29555
29653
29556
29654
29557
29655
29558
29656
29559
29657
29560
29658
29561
29659
29562
29660
29563
29661
29564
29662
29565
29663
29566
29664
29567
29665
29568
29666
29569
29667
29570
29668
29571
29669
29572
29670
29573
29671
29574
29672
29575
29673
29576
29674
29577
29675
29578
29676
29579
29677
29580
29678
29581
29679
29582
29680
29583
29681
29584
29682
29585
29683
29586
29684
29587
29685
29588
29686
29589
29687
29590
29688
29591
29689
29592
29690
29593
29691
29594
29692
29595
29693
29596
29694
29597
29695
29598
29696
29599
29697
29600
29698
29601
29699
29602
29700
29603
29701
29604
29702
29605
29703
29606
29704
29607
29705
29608
29706
29609
29707
29610
29708
29611
29709
29612
29710
29613
29711
29614
29712
29615
29713
29616
29714
29617
29715
29618
29716
29619
29717
29620
29718
29621
29719
29720
29623
29721
29624
29722
29625
29723
29626
29724
29627
29725
29628
29726
29629
29727
29630
29728
29631
29729
29632
29730
29633
29731
29634
29732
29635
29733
29636
29734
29637
29735
29638
29736
29639
29737
29640
29738
29641
29739
29642
29740
29643
29741
29644
29742
29645
29743
29646
29744
29647
29745
29648
29746
29649
29747
29650
29748
29651
29749
29652
29750
29653
29751
29654
29752
29655
29753
29656
29754
29657
29755
29658
29756
29659
29757
29660
29758
29661
29759
29662
29760
29663
29761
29664
29762
29665
29763
29666
29764
29667
29765
29668
29766
29669
29767
29670
29768
29671
29769
29672
29770
29673
29771
29674
29772
29675
29773
29676
29774
29677
29775
29678
29776
29679
29777
29680
29778
29681
29779
29682
29780
29683
29781
29684
29782
29685
29783
29686
29784
29687
29785
29688
29786
29689
29787
29690
29788
29691
29789
29692
29790
29693
29791
29694
29792
29695
29793
29696
29794
29697
29795
29698
29796
29699
29797
29700
29798
29701
29799
29702
29800
29703
29801
29704
29802
29705
29803
29706
29804
29707
29805
29708
29806
29709
29807
29710
29808
29711
29809
29712
29810
29713
29811
29714
29812
29715
29813
29716
29814
29717
29815
29718
29816
29719
29817
29720
29818
29819
29722
29820
29723
29821
29724
29822
29725
29823
29726
29824
29727
29825
29728
29826
29729
29827
29730
29828
29731
29829
29732
29830
29733
29831
29734
29832
29735
29833
29736
29834
29737
29835
29738
29836
29739
29837
29740
29838
29741
29839
29742
29840
29743
29841
29744
29842
29745
29843
29746
29844
29747
29845
29748
29846
29749
29847
29750
29848
29751
29849
29752
29850
29753
29851
29754
29852
29755
29853
29756
29854
29757
29855
29758
29856
29759
29857
29760
29858
29761
29859
29762
29860
29763
29861
29764
29862
29765
29863
29766
29864
29767
29865
29768
29866
29769
29867
29770
29868
29771
29869
29772
29870
29773
29871
29774
29872
29775
29873
29776
29874
29777
29875
29778
29876
29779
29877
29780
29878
29781
29879
29782
29880
29783
29881
29784
29882
29785
29883
29786
29884
29787
29885
29788
29886
29789
29887
29790
29888
29791
29889
29792
29890
29793
29891
29794
29892
29795
29893
29796
29894
29797
29895
29798
29896
29799
29897
29800
29898
29801
29899
29802
29900
29803
29901
29804
29902
29805
29903
29806
29904
29807
29905
29808
29906
29809
29907
29810
29908
29811
29909
29812
29910
29813
29911
29814
29912
29815
29913
29816
29914
29817
29915
29818
29916
29819
29917
29918
29821
29919
29822
29920
29823
29921
29824
29922
29825
29923
29826
29924
29827
29925
29828
29926
29829
29927
29830
29928
29831
29929
29832
29930
29833
29931
29834
29932
29835
29933
29836
29934
29837
29935
29838
29936
29839
29937
29840
29938
29841
29939
29842
29940
29843
29941
29844
29942
29845
29943
29846
29944
29847
29945
29848
29946
29849
29947
29850
29948
29851
29949
29852
29950
29853
29951
29854
29952
29855
29953
29856
29954
29857
29955
29858
29956
29859
29957
29860
29958
29861
29959
29862
29960
29863
29961
29864
29962
29865
29963
29866
29964
29867
29965
29868
29966
29869
29967
29870
29968
29871
29969
29872
29970
29873
29971
29874
29972
29875
29973
29876
29974
29877
29975
29878
29976
29879
29977
29880
29978
29881
29979
29882
29980
29883
29981
29884
29982
29885
29983
29886
29984
29887
29985
29888
29986
29889
29987
29890
29988
29891
29989
29892
29990
29893
29991
29894
29992
29895
29993
29896
29994
29897
29995
29898
29996
29899
29997
29900
29998
29901
29999
29902
30000
29903
30001
29904
30002
29905
30003
29906
30004
29907
30005
29908
30006
29909
30007
29910
30008
29911
30009
29912
30010
29913
30011
29914
30012
29915
30013
29916
30014
29917
30015
29918
30016
30017
29920
30018
29921
30019
29922
30020
29923
30021
29924
30022
29925
30023
29926
30024
29927
30025
29928
30026
29929
30027
29930
30028
29931
30029
29932
30030
29933
30031
29934
30032
29935
30033
29936
30034
29937
30035
29938
30036
29939
30037
29940
30038
29941
30039
29942
30040
29943
30041
29944
30042
29945
30043
29946
30044
29947
30045
29948
30046
29949
30047
29950
30048
29951
30049
29952
30050
29953
30051
29954
30052
29955
30053
29956
30054
29957
30055
29958
30056
29959
30057
29960
30058
29961
30059
29962
30060
29963
30061
29964
30062
29965
30063
29966
30064
29967
30065
29968
30066
29969
30067
29970
30068
29971
30069
29972
30070
29973
30071
29974
30072
29975
30073
29976
30074
29977
30075
29978
30076
29979
30077
29980
30078
29981
30079
29982
30080
29983
30081
29984
30082
29985
30083
29986
30084
29987
30085
29988
30086
29989
30087
29990
30088
29991
30089
29992
30090
29993
30091
29994
30092
29995
30093
29996
30094
29997
30095
29998
30096
29999
30097
30000
30098
30001
30099
30002
30100
30003
30101
30004
30102
30005
30103
30006
30104
30007
30105
30008
30106
30009
30107
30010
30108
30011
30109
30012
30110
30013
30111
30014
30112
30015
30113
30016
30114
30017
30115
30116
30019
30117
30020
30118
30021
30119
30022
30120
30023
30121
30024
30122
30025
30123
30026
30124
30027
30125
30028
30126
30029
30127
30030
30128
30031
30129
30032
30130
30033
30131
30034
30132
30035
30133
30036
30134
30037
30135
30038
30136
30039
30137
30040
30138
30041
30139
30042
30140
30043
30141
30044
30142
30045
30143
30046
30144
30047
30145
30048
30146
30049
30147
30050
30148
30051
30149
30052
30150
30053
30151
30054
30152
30055
30153
30056
30154
30057
30155
30058
30156
30059
30157
30060
30158
30061
30159
30062
30160
30063
30161
30064
30162
30065
30163
30066
30164
30067
30165
30068
30166
30069
30167
30070
30168
30071
30169
30072
30170
30073
30171
30074
30172
30075
30173
30076
30174
30077
30175
30078
30176
30079
30177
30080
30178
30081
30179
30082
30180
30083
30181
30084
30182
30085
30183
30086
30184
30087
30185
30088
30186
30089
30187
30090
30188
30091
30189
30092
30190
30093
30191
30094
30192
30095
30193
30096
30194
30097
30195
30098
30196
30099
30197
30100
30198
30101
30199
30102
30200
30103
30201
30104
30202
30105
30203
30106
30204
30107
30205
30108
30206
30109
30207
30110
30208
30111
30209
30112
30210
30113
30211
30114
30212
30115
30213
30116
30214
30215
30118
30216
30119
30217
30120
30218
30121
30219
30122
30220
30123
30221
30124
30222
30125
30223
30126
30224
30127
30225
30128
30226
30129
30227
30130
30228
30131
30229
30132
30230
30133
30231
30134
30232
30135
30233
30136
30234
30137
30235
30138
30236
30139
30237
30140
30238
30141
30239
30142
30240
30143
30241
30144
30242
30145
30243
30146
30244
30147
30245
30148
30246
30149
30247
30150
30248
30151
30249
30152
30250
30153
30251
30154
30252
30155
30253
30156
30254
30157
30255
30158
30256
30159
30257
30160
30258
30161
30259
30162
30260
30163
30261
30164
30262
30165
30263
30166
30264
30167
30265
30168
30266
30169
30267
30170
30268
30171
30269
30172
30270
30173
30271
30174
30272
30175
30273
30176
30274
30177
30275
30178
30276
30179
30277
30180
30278
30181
30279
30182
30280
30183
30281
30184
30282
30185
30283
30186
30284
30187
30285
30188
30286
30189
30287
30190
30288
30191
30289
30192
30290
30193
30291
30194
30292
30195
30293
30196
30294
30197
30295
30198
30296
30199
30297
30200
30298
30201
30299
30202
30300
30203
30301
30204
30302
30205
30303
30206
30304
30207
30305
30208
30306
30209
30307
30210
30308
30211
30309
30212
30310
30213
30311
30214
30312
30215
30313
30314
30217
30315
30218
30316
30219
30317
30220
30318
30221
30319
30222
30320
30223
30321
30224
30322
30225
30323
30226
30324
30227
30325
30228
30326
30229
30327
30230
30328
30231
30329
30232
30330
30233
30331
30234
30332
30235
30333
30236
30334
30237
30335
30238
30336
30239
30337
30240
30338
30241
30339
30242
30340
30243
30341
30244
30342
30245
30343
30246
30344
30247
30345
30248
30346
30249
30347
30250
30348
30251
30349
30252
30350
30253
30351
30254
30352
30255
30353
30256
30354
30257
30355
30258
30356
30259
30357
30260
30358
30261
30359
30262
30360
30263
30361
30264
30362
30265
30363
30266
30364
30267
30365
30268
30366
30269
30367
30270
30368
30271
30369
30272
30370
30273
30371
30274
30372
30275
30373
30276
30374
30277
30375
30278
30376
30279
30377
30280
30378
30281
30379
30282
30380
30283
30381
30284
30382
30285
30383
30286
30384
30287
30385
30288
30386
30289
30387
30290
30388
30291
30389
30292
30390
30293
30391
30294
30392
30295
30393
30296
30394
30297
30395
30298
30396
30299
30397
30300
30398
30301
30399
30302
30400
30303
30401
30304
30402
30305
30403
30306
30404
30307
30405
30308
30406
30309
30407
30310
30408
30311
30409
30312
30410
30313
30411
30314
30412
30413
30316
30414
30317
30415
30318
30416
30319
30417
30320
30418
30321
30419
30322
30420
30323
30421
30324
30422
30325
30423
30326
30424
30327
30425
30328
30426
30329
30427
30330
30428
30331
30429
30332
30430
30333
30431
30334
30432
30335
30433
30336
30434
30337
30435
30338
30436
30339
30437
30340
30438
30341
30439
30342
30440
30343
30441
30344
30442
30345
30443
30346
30444
30347
30445
30348
30446
30349
30447
30350
30448
30351
30449
30352
30450
30353
30451
30354
30452
30355
30453
30356
30454
30357
30455
30358
30456
30359
30457
30360
30458
30361
30459
30362
30460
30363
30461
30364
30462
30365
30463
30366
30464
30367
30465
30368
30466
30369
30467
30370
30468
30371
30469
30372
30470
30373
30471
30374
30472
30375
30473
30376
30474
30377
30475
30378
30476
30379
30477
30380
30478
30381
30479
30382
30480
30383
30481
30384
30482
30385
30483
30386
30484
30387
30485
30388
30486
30389
30487
30390
30488
30391
30489
30392
30490
30393
30491
30394
30492
30395
30493
30396
30494
30397
30495
30398
30496
30399
30497
30400
30498
30401
30499
30402
30500
30403
30501
30404
30502
30405
30503
30406
30504
30407
30505
30408
30506
30409
30507
30410
30508
30411
30509
30412
30510
30413
30511
30512
30415
30513
30416
30514
30417
30515
30418
30516
30419
30517
30420
30518
30421
30519
30422
30520
30423
30521
30424
30522
30425
30523
30426
30524
30427
30525
30428
30526
30429
30527
30430
30528
30431
30529
30432
30530
30433
30531
30434
30532
30435
30533
30436
30534
30437
30535
30438
30536
30439
30537
30440
30538
30441
30539
30442
30540
30443
30541
30444
30542
30445
30543
30446
30544
30447
30545
30448
30546
30449
30547
30450
30548
30451
30549
30452
30550
30453
30551
30454
30552
30455
30553
30456
30554
30457
30555
30458
30556
30459
30557
30460
30558
30461
30559
30462
30560
30463
30561
30464
30562
30465
30563
30466
30564
30467
30565
30468
30566
30469
30567
30470
30568
30471
30569
30472
30570
30473
30571
30474
30572
30475
30573
30476
30574
30477
30575
30478
30576
30479
30577
30480
30578
30481
30579
30482
30580
30483
30581
30484
30582
30485
30583
30486
30584
30487
30585
30488
30586
30489
30587
30490
30588
30491
30589
30492
30590
30493
30591
30494
30592
30495
30593
30496
30594
30497
30595
30498
30596
30499
30597
30500
30598
30501
30599
30502
30600
30503
30601
30504
30602
30505
30603
30506
30604
30507
30605
30508
30606
30509
30607
30510
30608
30511
30609
30512
30610
30611
30514
30612
30515
30613
30516
30614
30517
30615
30518
30616
30519
30617
30520
30618
30521
30619
30522
30620
30523
30621
30524
30622
30525
30623
30526
30624
30527
30625
30528
30626
30529
30627
30530
30628
30531
30629
30532
30630
30533
30631
30534
30632
30535
30633
30536
30634
30537
30635
30538
30636
30539
30637
30540
30638
30541
30639
30542
30640
30543
30641
30544
30642
30545
30643
30546
30644
30547
30645
30548
30646
30549
30647
30550
30648
30551
30649
30552
30650
30553
30651
30554
30652
30555
30653
30556
30654
30557
30655
30558
30656
30559
30657
30560
30658
30561
30659
30562
30660
30563
30661
30564
30662
30565
30663
30566
30664
30567
30665
30568
30666
30569
30667
30570
30668
30571
30669
30572
30670
30573
30671
30574
30672
30575
30673
30576
30674
30577
30675
30578
30676
30579
30677
30580
30678
30581
30679
30582
30680
30583
30681
30584
30682
30585
30683
30586
30684
30587
30685
30588
30686
30589
30687
30590
30688
30591
30689
30592
30690
30593
30691
30594
30692
30595
30693
30596
30694
30597
30695
30598
30696
30599
30697
30600
30698
30601
30699
30602
30700
30603
30701
30604
30702
30605
30703
30606
30704
30607
30705
30608
30706
30609
30707
30610
30708
30611
30709
30710
30613
30711
30614
30712
30615
30713
30616
30714
30617
30715
30618
30716
30619
30717
30620
30718
30621
30719
30622
30720
30623
30721
30624
30722
30625
30723
30626
30724
30627
30725
30628
30726
30629
30727
30630
30728
30631
30729
30632
30730
30633
30731
30634
30732
30635
30733
30636
30734
30637
30735
30638
30736
30639
30737
30640
30738
30641
30739
30642
30740
30643
30741
30644
30742
30645
30743
30646
30744
30647
30745
30648
30746
30649
30747
30650
30748
30651
30749
30652
30750
30653
30751
30654
30752
30655
30753
30656
30754
30657
30755
30658
30756
30659
30757
30660
30758
30661
30759
30662
30760
30663
30761
30664
30762
30665
30763
30666
30764
30667
30765
30668
30766
30669
30767
30670
30768
30671
30769
30672
30770
30673
30771
30674
30772
30675
30773
30676
30774
30677
30775
30678
30776
30679
30777
30680
30778
30681
30779
30682
30780
30683
30781
30684
30782
30685
30783
30686
30784
30687
30785
30688
30786
30689
30787
30690
30788
30691
30789
30692
30790
30693
30791
30694
30792
30695
30793
30696
30794
30697
30795
30698
30796
30699
30797
30700
30798
30701
30799
30702
30800
30703
30801
30704
30802
30705
30803
30706
30804
30707
30805
30708
30806
30709
30807
30710
30808
30809
30712
30810
30713
30811
30714
30812
30715
30813
30716
30814
30717
30815
30718
30816
30719
30817
30720
30818
30721
30819
30722
30820
30723
30821
30724
30822
30725
30823
30726
30824
30727
30825
30728
30826
30729
30827
30730
30828
30731
30829
30732
30830
30733
30831
30734
30832
30735
30833
30736
30834
30737
30835
30738
30836
30739
30837
30740
30838
30741
30839
30742
30840
30743
30841
30744
30842
30745
30843
30746
30844
30747
30845
30748
30846
30749
30847
30750
30848
30751
30849
30752
30850
30753
30851
30754
30852
30755
30853
30756
30854
30757
30855
30758
30856
30759
30857
30760
30858
30761
30859
30762
30860
30763
30861
30764
30862
30765
30863
30766
30864
30767
30865
30768
30866
30769
30867
30770
30868
30771
30869
30772
30870
30773
30871
30774
30872
30775
30873
30776
30874
30777
30875
30778
30876
30779
30877
30780
30878
30781
30879
30782
30880
30783
30881
30784
30882
30785
30883
30786
30884
30787
30885
30788
30886
30789
30887
30790
30888
30791
30889
30792
30890
30793
30891
30794
30892
30795
30893
30796
30894
30797
30895
30798
30896
30799
30897
30800
30898
30801
30899
30802
30900
30803
30901
30804
30902
30805
30903
30806
30904
30807
30905
30808
30906
30809
30907
30908
30811
30909
30812
30910
30813
30911
30814
30912
30815
30913
30816
30914
30817
30915
30818
30916
30819
30917
30820
30918
30821
30919
30822
30920
30823
30921
30824
30922
30825
30923
30826
30924
30827
30925
30828
30926
30829
30927
30830
30928
30831
30929
30832
30930
30833
30931
30834
30932
30835
30933
30836
30934
30837
30935
30838
30936
30839
30937
30840
30938
30841
30939
30842
30940
30843
30941
30844
30942
30845
30943
30846
30944
30847
30945
30848
30946
30849
30947
30850
30948
30851
30949
30852
30950
30853
30951
30854
30952
30855
30953
30856
30954
30857
30955
30858
30956
30859
30957
30860
30958
30861
30959
30862
30960
30863
30961
30864
30962
30865
30963
30866
30964
30867
30965
30868
30966
30869
30967
30870
30968
30871
30969
30872
30970
30873
30971
30874
30972
30875
30973
30876
30974
30877
30975
30878
30976
30879
30977
30880
30978
30881
30979
30882
30980
30883
30981
30884
30982
30885
30983
30886
30984
30887
30985
30888
30986
30889
30987
30890
30988
30891
30989
30892
30990
30893
30991
30894
30992
30895
30993
30896
30994
30897
30995
30898
30996
30899
30997
30900
30998
30901
30999
30902
31000
30903
31001
30904
31002
30905
31003
30906
31004
30907
31005
30908
31006
31007
30910
31008
30911
31009
30912
31010
30913
31011
30914
31012
30915
31013
30916
31014
30917
31015
30918
31016
30919
31017
30920
31018
30921
31019
30922
31020
30923
31021
30924
31022
30925
31023
30926
31024
30927
31025
30928
31026
30929
31027
30930
31028
30931
31029
30932
31030
30933
31031
30934
31032
30935
31033
30936
31034
30937
31035
30938
31036
30939
31037
30940
31038
30941
31039
30942
31040
30943
31041
30944
31042
30945
31043
30946
31044
30947
31045
30948
31046
30949
31047
30950
31048
30951
31049
30952
31050
30953
31051
30954
31052
30955
31053
30956
31054
30957
31055
30958
31056
30959
31057
30960
31058
30961
31059
30962
31060
30963
31061
30964
31062
30965
31063
30966
31064
30967
31065
30968
31066
30969
31067
30970
31068
30971
31069
30972
31070
30973
31071
30974
31072
30975
31073
30976
31074
30977
31075
30978
31076
30979
31077
30980
31078
30981
31079
30982
31080
30983
31081
30984
31082
30985
31083
30986
31084
30987
31085
30988
31086
30989
31087
30990
31088
30991
31089
30992
31090
30993
31091
30994
31092
30995
31093
30996
31094
30997
31095
30998
31096
30999
31097
31000
31098
31001
31099
31002
31100
31003
31101
31004
31102
31005
31103
31006
31104
31007
31105
31106
31009
31107
31010
31108
31011
31109
31012
31110
31013
31111
31014
31112
31015
31113
31016
31114
31017
31115
31018
31116
31019
31117
31020
31118
31021
31119
31022
31120
31023
31121
31024
31122
31025
31123
31026
31124
31027
31125
31028
31126
31029
31127
31030
31128
31031
31129
31032
31130
31033
31131
31034
31132
31035
31133
31036
31134
31037
31135
31038
31136
31039
31137
31040
31138
31041
31139
31042
31140
31043
31141
31044
31142
31045
31143
31046
31144
31047
31145
31048
31146
31049
31147
31050
31148
31051
31149
31052
31150
31053
31151
31054
31152
31055
31153
31056
31154
31057
31155
31058
31156
31059
31157
31060
31158
31061
31159
31062
31160
31063
31161
31064
31162
31065
31163
31066
31164
31067
31165
31068
31166
31069
31167
31070
31168
31071
31169
31072
31170
31073
31171
31074
31172
31075
31173
31076
31174
31077
31175
31078
31176
31079
31177
31080
31178
31081
31179
31082
31180
31083
31181
31084
31182
31085
31183
31086
31184
31087
31185
31088
31186
31089
31187
31090
31188
31091
31189
31092
31190
31093
31191
31094
31192
31095
31193
31096
31194
31097
31195
31098
31196
31099
31197
31100
31198
31101
31199
31102
31200
31103
31201
31104
31202
31105
31203
31106
31204
31205
31108
31206
31109
31207
31110
31208
31111
31209
31112
31210
31113
31211
31114
31212
31115
31213
31116
31214
31117
31215
31118
31216
31119
31217
31120
31218
31121
31219
31122
31220
31123
31221
31124
31222
31125
31223
31126
31224
31127
31225
31128
31226
31129
31227
31130
31228
31131
31229
31132
31230
31133
31231
31134
31232
31135
31233
31136
31234
31137
31235
31138
31236
31139
31237
31140
31238
31141
31239
31142
31240
31143
31241
31144
31242
31145
31243
31146
31244
31147
31245
31148
31246
31149
31247
31150
31248
31151
31249
31152
31250
31153
31251
31154
31252
31155
31253
31156
31254
31157
31255
31158
31256
31159
31257
31160
31258
31161
31259
31162
31260
31163
31261
31164
31262
31165
31263
31166
31264
31167
31265
31168
31266
31169
31267
31170
31268
31171
31269
31172
31270
31173
31271
31174
31272
31175
31273
31176
31274
31177
31275
31178
31276
31179
31277
31180
31278
31181
31279
31182
31280
31183
31281
31184
31282
31185
31283
31186
31284
31187
31285
31188
31286
31189
31287
31190
31288
31191
31289
31192
31290
31193
31291
31194
31292
31195
31293
31196
31294
31197
31295
31198
31296
31199
31297
31200
31298
31201
31299
31202
31300
31203
31301
31204
31302
31205
31303
31304
31207
31305
31208
31306
31209
31307
31210
31308
31211
31309
31212
31310
31213
31311
31214
31312
31215
31313
31216
31314
31217
31315
31218
31316
31219
31317
31220
31318
31221
31319
31222
31320
31223
31321
31224
31322
31225
31323
31226
31324
31227
31325
31228
31326
31229
31327
31230
31328
31231
31329
31232
31330
31233
31331
31234
31332
31235
31333
31236
31334
31237
31335
31238
31336
31239
31337
31240
31338
31241
31339
31242
31340
31243
31341
31244
31342
31245
31343
31246
31344
31247
31345
31248
31346
31249
31347
31250
31348
31251
31349
31252
31350
31253
31351
31254
31352
31255
31353
31256
31354
31257
31355
31258
31356
31259
31357
31260
31358
31261
31359
31262
31360
31263
31361
31264
31362
31265
31363
31266
31364
31267
31365
31268
31366
31269
31367
31270
31368
31271
31369
31272
31370
31273
31371
31274
31372
31275
31373
31276
31374
31277
31375
31278
31376
31279
31377
31280
31378
31281
31379
31282
31380
31283
31381
31284
31382
31285
31383
31286
31384
31287
31385
31288
31386
31289
31387
31290
31388
31291
31389
31292
31390
31293
31391
31294
31392
31295
31393
31296
31394
31297
31395
31298
31396
31299
31397
31300
31398
31301
31399
31302
31400
31303
31401
31304
31402
31403
31306
31404
31307
31405
31308
31406
31309
31407
31310
31408
31311
31409
31312
31410
31313
31411
31314
31412
31315
31413
31316
31414
31317
31415
31318
31416
31319
31417
31320
31418
31321
31419
31322
31420
31323
31421
31324
31422
31325
31423
31326
31424
31327
31425
31328
31426
31329
31427
31330
31428
31331
31429
31332
31430
31333
31431
31334
31432
31335
31433
31336
31434
31337
31435
31338
31436
31339
31437
31340
31438
31341
31439
31342
31440
31343
31441
31344
31442
31345
31443
31346
31444
31347
31445
31348
31446
31349
31447
31350
31448
31351
31449
31352
31450
31353
31451
31354
31452
31355
31453
31356
31454
31357
31455
31358
31456
31359
31457
31360
31458
31361
31459
31362
31460
31363
31461
31364
31462
31365
31463
31366
31464
31367
31465
31368
31466
31369
31467
31370
31468
31371
31469
31372
31470
31373
31471
31374
31472
31375
31473
31376
31474
31377
31475
31378
31476
31379
31477
31380
31478
31381
31479
31382
31480
31383
31481
31384
31482
31385
31483
31386
31484
31387
31485
31388
31486
31389
31487
31390
31488
31391
31489
31392
31490
31393
31491
31394
31492
31395
31493
31396
31494
31397
31495
31398
31496
31399
31497
31400
31498
31401
31499
31402
31500
31403
31501
31502
31405
31503
31406
31504
31407
31505
31408
31506
31409
31507
31410
31508
31411
31509
31412
31510
31413
31511
31414
31512
31415
31513
31416
31514
31417
31515
31418
31516
31419
31517
31420
31518
31421
31519
31422
31520
31423
31521
31424
31522
31425
31523
31426
31524
31427
31525
31428
31526
31429
31527
31430
31528
31431
31529
31432
31530
31433
31531
31434
31532
31435
31533
31436
31534
31437
31535
31438
31536
31439
31537
31440
31538
31441
31539
31442
31540
31443
31541
31444
31542
31445
31543
31446
31544
31447
31545
31448
31546
31449
31547
31450
31548
31451
31549
31452
31550
31453
31551
31454
31552
31455
31553
31456
31554
31457
31555
31458
31556
31459
31557
31460
31558
31461
31559
31462
31560
31463
31561
31464
31562
31465
31563
31466
31564
31467
31565
31468
31566
31469
31567
31470
31568
31471
31569
31472
31570
31473
31571
31474
31572
31475
31573
31476
31574
31477
31575
31478
31576
31479
31577
31480
31578
31481
31579
31482
31580
31483
31581
31484
31582
31485
31583
31486
31584
31487
31585
31488
31586
31489
31587
31490
31588
31491
31589
31492
31590
31493
31591
31494
31592
31495
31593
31496
31594
31497
31595
31498
31596
31499
31597
31500
31598
31501
31599
31502
31600
31601
31504
31602
31505
31603
31506
31604
31507
31605
31508
31606
31509
31607
31510
31608
31511
31609
31512
31610
31513
31611
31514
31612
31515
31613
31516
31614
31517
31615
31518
31616
31519
31617
31520
31618
31521
31619
31522
31620
31523
31621
31524
31622
31525
31623
31526
31624
31527
31625
31528
31626
31529
31627
31530
31628
31531
31629
31532
31630
31533
31631
31534
31632
31535
31633
31536
31634
31537
31635
31538
31636
31539
31637
31540
31638
31541
31639
31542
31640
31543
31641
31544
31642
31545
31643
31546
31644
31547
31645
31548
31646
31549
31647
31550
31648
31551
31649
31552
31650
31553
31651
31554
31652
31555
31653
31556
31654
31557
31655
31558
31656
31559
31657
31560
31658
31561
31659
31562
31660
31563
31661
31564
31662
31565
31663
31566
31664
31567
31665
31568
31666
31569
31667
31570
31668
31571
31669
31572
31670
31573
31671
31574
31672
31575
31673
31576
31674
31577
31675
31578
31676
31579
31677
31580
31678
31581
31679
31582
31680
31583
31681
31584
31682
31585
31683
31586
31684
31587
31685
31588
31686
31589
31687
31590
31688
31591
31689
31592
31690
31593
31691
31594
31692
31595
31693
31596
31694
31597
31695
31598
31696
31599
31697
31600
31698
31601
31699
31700
31603
31701
31604
31702
31605
31703
31606
31704
31607
31705
31608
31706
31609
31707
31610
31708
31611
31709
31612
31710
31613
31711
31614
31712
31615
31713
31616
31714
31617
31715
31618
31716
31619
31717
31620
31718
31621
31719
31622
31720
31623
31721
31624
31722
31625
31723
31626
31724
31627
31725
31628
31726
31629
31727
31630
31728
31631
31729
31632
31730
31633
31731
31634
31732
31635
31733
31636
31734
31637
31735
31638
31736
31639
31737
31640
31738
31641
31739
31642
31740
31643
31741
31644
31742
31645
31743
31646
31744
31647
31745
31648
31746
31649
31747
31650
31748
31651
31749
31652
31750
31653
31751
31654
31752
31655
31753
31656
31754
31657
31755
31658
31756
31659
31757
31660
31758
31661
31759
31662
31760
31663
31761
31664
31762
31665
31763
31666
31764
31667
31765
31668
31766
31669
31767
31670
31768
31671
31769
31672
31770
31673
31771
31674
31772
31675
31773
31676
31774
31677
31775
31678
31776
31679
31777
31680
31778
31681
31779
31682
31780
31683
31781
31684
31782
31685
31783
31686
31784
31687
31785
31688
31786
31689
31787
31690
31788
31691
31789
31692
31790
31693
31791
31694
31792
31695
31793
31696
31794
31697
31795
31698
31796
31699
31797
31700
31798
31799
31702
31800
31703
31801
31704
31802
31705
31803
31706
31804
31707
31805
31708
31806
31709
31807
31710
31808
31711
31809
31712
31810
31713
31811
31714
31812
31715
31813
31716
31814
31717
31815
31718
31816
31719
31817
31720
31818
31721
31819
31722
31820
31723
31821
31724
31822
31725
31823
31726
31824
31727
31825
31728
31826
31729
31827
31730
31828
31731
31829
31732
31830
31733
31831
31734
31832
31735
31833
31736
31834
31737
31835
31738
31836
31739
31837
31740
31838
31741
31839
31742
31840
31743
31841
31744
31842
31745
31843
31746
31844
31747
31845
31748
31846
31749
31847
31750
31848
31751
31849
31752
31850
31753
31851
31754
31852
31755
31853
31756
31854
31757
31855
31758
31856
31759
31857
31760
31858
31761
31859
31762
31860
31763
31861
31764
31862
31765
31863
31766
31864
31767
31865
31768
31866
31769
31867
31770
31868
31771
31869
31772
31870
31773
31871
31774
31872
31775
31873
31776
31874
31777
31875
31778
31876
31779
31877
31780
31878
31781
31879
31782
31880
31783
31881
31784
31882
31785
31883
31786
31884
31787
31885
31788
31886
31789
31887
31790
31888
31791
31889
31792
31890
31793
31891
31794
31892
31795
31893
31796
31894
31797
31895
31798
31896
31799
31897
31898
31801
31899
31802
31900
31803
31901
31804
31902
31805
31903
31806
31904
31807
31905
31808
31906
31809
31907
31810
31908
31811
31909
31812
31910
31813
31911
31814
31912
31815
31913
31816
31914
31817
31915
31818
31916
31819
31917
31820
31918
31821
31919
31822
31920
31823
31921
31824
31922
31825
31923
31826
31924
31827
31925
31828
31926
31829
31927
31830
31928
31831
31929
31832
31930
31833
31931
31834
31932
31835
31933
31836
31934
31837
31935
31838
31936
31839
31937
31840
31938
31841
31939
31842
31940
31843
31941
31844
31942
31845
31943
31846
31944
31847
31945
31848
31946
31849
31947
31850
31948
31851
31949
31852
31950
31853
31951
31854
31952
31855
31953
31856
31954
31857
31955
31858
31956
31859
31957
31860
31958
31861
31959
31862
31960
31863
31961
31864
31962
31865
31963
31866
31964
31867
31965
31868
31966
31869
31967
31870
31968
31871
31969
31872
31970
31873
31971
31874
31972
31875
31973
31876
31974
31877
31975
31878
31976
31879
31977
31880
31978
31881
31979
31882
31980
31883
31981
31884
31982
31885
31983
31886
31984
31887
31985
31888
31986
31889
31987
31890
31988
31891
31989
31892
31990
31893
31991
31894
31992
31895
31993
31896
31994
31897
31995
31898
31996
31997
31900
31998
31901
31999
31902
32000
31903
32001
31904
32002
31905
32003
31906
32004
31907
32005
31908
32006
31909
32007
31910
32008
31911
32009
31912
32010
31913
32011
31914
32012
31915
32013
31916
32014
31917
32015
31918
32016
31919
32017
31920
32018
31921
32019
31922
32020
31923
32021
31924
32022
31925
32023
31926
32024
31927
32025
31928
32026
31929
32027
31930
32028
31931
32029
31932
32030
31933
32031
31934
32032
31935
32033
31936
32034
31937
32035
31938
32036
31939
32037
31940
32038
31941
32039
31942
32040
31943
32041
31944
32042
31945
32043
31946
32044
31947
32045
31948
32046
31949
32047
31950
32048
31951
32049
31952
32050
31953
32051
31954
32052
31955
32053
31956
32054
31957
32055
31958
32056
31959
32057
31960
32058
31961
32059
31962
32060
31963
32061
31964
32062
31965
32063
31966
32064
31967
32065
31968
32066
31969
32067
31970
32068
31971
32069
31972
32070
31973
32071
31974
32072
31975
32073
31976
32074
31977
32075
31978
32076
31979
32077
31980
32078
31981
32079
31982
32080
31983
32081
31984
32082
31985
32083
31986
32084
31987
32085
31988
32086
31989
32087
31990
32088
31991
32089
31992
32090
31993
32091
31994
32092
31995
32093
31996
32094
31997
32095
32096
31999
32097
32000
32098
32001
32099
32002
32100
32003
32101
32004
32102
32005
32103
32006
32104
32007
32105
32008
32106
32009
32107
32010
32108
32011
32109
32012
32110
32013
32111
32014
32112
32015
32113
32016
32114
32017
32115
32018
32116
32019
32117
32020
32118
32021
32119
32022
32120
32023
32121
32024
32122
32025
32123
32026
32124
32027
32125
32028
32126
32029
32127
32030
32128
32031
32129
32032
32130
32033
32131
32034
32132
32035
32133
32036
32134
32037
32135
32038
32136
32039
32137
32040
32138
32041
32139
32042
32140
32043
32141
32044
32142
32045
32143
32046
32144
32047
32145
32048
32146
32049
32147
32050
32148
32051
32149
32052
32150
32053
32151
32054
32152
32055
32153
32056
32154
32057
32155
32058
32156
32059
32157
32060
32158
32061
32159
32062
32160
32063
32161
32064
32162
32065
32163
32066
32164
32067
32165
32068
32166
32069
32167
32070
32168
32071
32169
32072
32170
32073
32171
32074
32172
32075
32173
32076
32174
32077
32175
32078
32176
32079
32177
32080
32178
32081
32179
32082
32180
32083
32181
32084
32182
32085
32183
32086
32184
32087
32185
32088
32186
32089
32187
32090
32188
32091
32189
32092
32190
32093
32191
32094
32192
32095
32193
32096
32194
32195
32098
32196
32099
32197
32100
32198
32101
32199
32102
32200
32103
32201
32104
32202
32105
32203
32106
32204
32107
32205
32108
32206
32109
32207
32110
32208
32111
32209
32112
32210
32113
32211
32114
32212
32115
32213
32116
32214
32117
32215
32118
32216
32119
32217
32120
32218
32121
32219
32122
32220
32123
32221
32124
32222
32125
32223
32126
32224
32127
32225
32128
32226
32129
32227
32130
32228
32131
32229
32132
32230
32133
32231
32134
32232
32135
32233
32136
32234
32137
32235
32138
32236
32139
32237
32140
32238
32141
32239
32142
32240
32143
32241
32144
32242
32145
32243
32146
32244
32147
32245
32148
32246
32149
32247
32150
32248
32151
32249
32152
32250
32153
32251
32154
32252
32155
32253
32156
32254
32157
32255
32158
32256
32159
32257
32160
32258
32161
32259
32162
32260
32163
32261
32164
32262
32165
32263
32166
32264
32167
32265
32168
32266
32169
32267
32170
32268
32171
32269
32172
32270
32173
32271
32174
32272
32175
32273
32176
32274
32177
32275
32178
32276
32179
32277
32180
32278
32181
32279
32182
32280
32183
32281
32184
32282
32185
32283
32186
32284
32187
32285
32188
32286
32189
32287
32190
32288
32191
32289
32192
32290
32193
32291
32194
32292
32195
32293
32294
32197
32295
32198
32296
32199
32297
32200
32298
32201
32299
32202
32300
32203
32301
32204
32302
32205
32303
32206
32304
32207
32305
32208
32306
32209
32307
32210
32308
32211
32309
32212
32310
32213
32311
32214
32312
32215
32313
32216
32314
32217
32315
32218
32316
32219
32317
32220
32318
32221
32319
32222
32320
32223
32321
32224
32322
32225
32323
32226
32324
32227
32325
32228
32326
32229
32327
32230
32328
32231
32329
32232
32330
32233
32331
32234
32332
32235
32333
32236
32334
32237
32335
32238
32336
32239
32337
32240
32338
32241
32339
32242
32340
32243
32341
32244
32342
32245
32343
32246
32344
32247
32345
32248
32346
32249
32347
32250
32348
32251
32349
32252
32350
32253
32351
32254
32352
32255
32353
32256
32354
32257
32355
32258
32356
32259
32357
32260
32358
32261
32359
32262
32360
32263
32361
32264
32362
32265
32363
32266
32364
32267
32365
32268
32366
32269
32367
32270
32368
32271
32369
32272
32370
32273
32371
32274
32372
32275
32373
32276
32374
32277
32375
32278
32376
32279
32377
32280
32378
32281
32379
32282
32380
32283
32381
32284
32382
32285
32383
32286
32384
32287
32385
32288
32386
32289
32387
32290
32388
32291
32389
32292
32390
32293
32391
32294
32392
32393
32296
32394
32297
32395
32298
32396
32299
32397
32300
32398
32301
32399
32302
32400
32303
32401
32304
32402
32305
32403
32306
32404
32307
32405
32308
32406
32309
32407
32310
32408
32311
32409
32312
32410
32313
32411
32314
32412
32315
32413
32316
32414
32317
32415
32318
32416
32319
32417
32320
32418
32321
32419
32322
32420
32323
32421
32324
32422
32325
32423
32326
32424
32327
32425
32328
32426
32329
32427
32330
32428
32331
32429
32332
32430
32333
32431
32334
32432
32335
32433
32336
32434
32337
32435
32338
32436
32339
32437
32340
32438
32341
32439
32342
32440
32343
32441
32344
32442
32345
32443
32346
32444
32347
32445
32348
32446
32349
32447
32350
32448
32351
32449
32352
32450
32353
32451
32354
32452
32355
32453
32356
32454
32357
32455
32358
32456
32359
32457
32360
32458
32361
32459
32362
32460
32363
32461
32364
32462
32365
32463
32366
32464
32367
32465
32368
32466
32369
32467
32370
32468
32371
32469
32372
32470
32373
32471
32374
32472
32375
32473
32376
32474
32377
32475
32378
32476
32379
32477
32380
32478
32381
32479
32382
32480
32383
32481
32384
32482
32385
32483
32386
32484
32387
32485
32388
32486
32389
32487
32390
32488
32391
32489
32392
32490
32393
32491
32492
32395
32493
32396
32494
32397
32495
32398
32496
32399
32497
32400
32498
32401
32499
32402
32500
32403
32501
32404
32502
32405
32503
32406
32504
32407
32505
32408
32506
32409
32507
32410
32508
32411
32509
32412
32510
32413
32511
32414
32512
32415
32513
32416
32514
32417
32515
32418
32516
32419
32517
32420
32518
32421
32519
32422
32520
32423
32521
32424
32522
32425
32523
32426
32524
32427
32525
32428
32526
32429
32527
32430
32528
32431
32529
32432
32530
32433
32531
32434
32532
32435
32533
32436
32534
32437
32535
32438
32536
32439
32537
32440
32538
32441
32539
32442
32540
32443
32541
32444
32542
32445
32543
32446
32544
32447
32545
32448
32546
32449
32547
32450
32548
32451
32549
32452
32550
32453
32551
32454
32552
32455
32553
32456
32554
32457
32555
32458
32556
32459
32557
32460
32558
32461
32559
32462
32560
32463
32561
32464
32562
32465
32563
32466
32564
32467
32565
32468
32566
32469
32567
32470
32568
32471
32569
32472
32570
32473
32571
32474
32572
32475
32573
32476
32574
32477
32575
32478
32576
32479
32577
32480
32578
32481
32579
32482
32580
32483
32581
32484
32582
32485
32583
32486
32584
32487
32585
32488
32586
32489
32587
32490
32588
32491
32589
32492
32590
32591
32494
32592
32495
32593
32496
32594
32497
32595
32498
32596
32499
32597
32500
32598
32501
32599
32502
32600
32503
32601
32504
32602
32505
32603
32506
32604
32507
32605
32508
32606
32509
32607
32510
32608
32511
32609
32512
32610
32513
32611
32514
32612
32515
32613
32516
32614
32517
32615
32518
32616
32519
32617
32520
32618
32521
32619
32522
32620
32523
32621
32524
32622
32525
32623
32526
32624
32527
32625
32528
32626
32529
32627
32530
32628
32531
32629
32532
32630
32533
32631
32534
32632
32535
32633
32536
32634
32537
32635
32538
32636
32539
32637
32540
32638
32541
32639
32542
32640
32543
32641
32544
32642
32545
32643
32546
32644
32547
32645
32548
32646
32549
32647
32550
32648
32551
32649
32552
32650
32553
32651
32554
32652
32555
32653
32556
32654
32557
32655
32558
32656
32559
32657
32560
32658
32561
32659
32562
32660
32563
32661
32564
32662
32565
32663
32566
32664
32567
32665
32568
32666
32569
32667
32570
32668
32571
32669
32572
32670
32573
32671
32574
32672
32575
32673
32576
32674
32577
32675
32578
32676
32579
32677
32580
32678
32581
32679
32582
32680
32583
32681
32584
32682
32585
32683
32586
32684
32587
32685
32588
32686
32589
32687
32590
32688
32591
32689
32690
32593
32691
32594
32692
32595
32693
32596
32694
32597
32695
32598
32696
32599
32697
32600
32698
32601
32699
32602
32700
32603
32701
32604
32702
32605
32703
32606
32704
32607
32705
32608
32706
32609
32707
32610
32708
32611
32709
32612
32710
32613
32711
32614
32712
32615
32713
32616
32714
32617
32715
32618
32716
32619
32717
32620
32718
32621
32719
32622
32720
32623
32721
32624
32722
32625
32723
32626
32724
32627
32725
32628
32726
32629
32727
32630
32728
32631
32729
32632
32730
32633
32731
32634
32732
32635
32733
32636
32734
32637
32735
32638
32736
32639
32737
32640
32738
32641
32739
32642
32740
32643
32741
32644
32742
32645
32743
32646
32744
32647
32745
32648
32746
32649
32747
32650
32748
32651
32749
32652
32750
32653
32751
32654
32752
32655
32753
32656
32754
32657
32755
32658
32756
32659
32757
32660
32758
32661
32759
32662
32760
32663
32761
32664
32762
32665
32763
32666
32764
32667
32765
32668
32766
32669
32767
32670
32768
32671
32769
32672
32770
32673
32771
32674
32772
32675
32773
32676
32774
32677
32775
32678
32776
32679
32777
32680
32778
32681
32779
32682
32780
32683
32781
32684
32782
32685
32783
32686
32784
32687
32785
32688
32786
32689
32787
32690
32788
32789
32692
32790
32693
32791
32694
32792
32695
32793
32696
32794
32697
32795
32698
32796
32699
32797
32700
32798
32701
32799
32702
32800
32703
32801
32704
32802
32705
32803
32706
32804
32707
32805
32708
32806
32709
32807
32710
32808
32711
32809
32712
32810
32713
32811
32714
32812
32715
32813
32716
32814
32717
32815
32718
32816
32719
32817
32720
32818
32721
32819
32722
32820
32723
32821
32724
32822
32725
32823
32726
32824
32727
32825
32728
32826
32729
32827
32730
32828
32731
32829
32732
32830
32733
32831
32734
32832
32735
32833
32736
32834
32737
32835
32738
32836
32739
32837
32740
32838
32741
32839
32742
32840
32743
32841
32744
32842
32745
32843
32746
32844
32747
32845
32748
32846
32749
32847
32750
32848
32751
32849
32752
32850
32753
32851
32754
32852
32755
32853
32756
32854
32757
32855
32758
32856
32759
32857
32760
32858
32761
32859
32762
32860
32763
32861
32764
32862
32765
32863
32766
32864
32767
32865
32768
32866
32769
32867
32770
32868
32771
32869
32772
32870
32773
32871
32774
32872
32775
32873
32776
32874
32777
32875
32778
32876
32779
32877
32780
32878
32781
32879
32782
32880
32783
32881
32784
32882
32785
32883
32786
32884
32787
32885
32788
32886
32789
32887
32888
32791
32889
32792
32890
32793
32891
32794
32892
32795
32893
32796
32894
32797
32895
32798
32896
32799
32897
32800
32898
32801
32899
32802
32900
32803
32901
32804
32902
32805
32903
32806
32904
32807
32905
32808
32906
32809
32907
32810
32908
32811
32909
32812
32910
32813
32911
32814
32912
32815
32913
32816
32914
32817
32915
32818
32916
32819
32917
32820
32918
32821
32919
32822
32920
32823
32921
32824
32922
32825
32923
32826
32924
32827
32925
32828
32926
32829
32927
32830
32928
32831
32929
32832
32930
32833
32931
32834
32932
32835
32933
32836
32934
32837
32935
32838
32936
32839
32937
32840
32938
32841
32939
32842
32940
32843
32941
32844
32942
32845
32943
32846
32944
32847
32945
32848
32946
32849
32947
32850
32948
32851
32949
32852
32950
32853
32951
32854
32952
32855
32953
32856
32954
32857
32955
32858
32956
32859
32957
32860
32958
32861
32959
32862
32960
32863
32961
32864
32962
32865
32963
32866
32964
32867
32965
32868
32966
32869
32967
32870
32968
32871
32969
32872
32970
32873
32971
32874
32972
32875
32973
32876
32974
32877
32975
32878
32976
32879
32977
32880
32978
32881
32979
32882
32980
32883
32981
32884
32982
32885
32983
32886
32984
32887
32985
32888
32986
32987
32890
33086
32891
33085
32892
33084
32893
33083
32894
33082
32895
33081
32896
33080
32897
33079
32898
33078
32899
33077
32900
33076
32901
33075
32902
33074
32903
33073
32904
33072
32905
33071
32906
33070
32907
33069
32908
33068
32909
33067
32910
33066
32911
33065
32912
33064
32913
33063
32914
33062
32915
33061
32916
33060
32917
33059
32918
33058
32919
33057
32920
33056
32921
33055
32922
33054
32923
33053
32924
33052
32925
33051
32926
33050
32927
33049
32928
33048
32929
33047
32930
33046
32931
33045
32932
33044
32933
33043
32934
33042
32935
33041
32936
33040
32937
33039
32938
33038
32939
33037
32940
33036
32941
33035
32942
33034
32943
33033
32944
33032
32945
33031
32946
33030
32947
33029
32948
33028
32949
33027
32950
33026
32951
33025
32952
33024
32953
33023
32954
33022
32955
33021
32956
33020
32957
33019
32958
33018
32959
33017
32960
33016
32961
33015
32962
33014
32963
33013
32964
33012
32965
33011
32966
33010
32967
33009
32968
33008
32969
33007
32970
33006
32971
33005
32972
33004
32973
33003
32974
33002
32975
33001
32976
33000
32977
32999
32978
32998
32979
32997
32980
32996
32981
32995
32982
32994
32983
32993
32984
32992
32985
32991
32986
32990
32987
32989
32988
32989
33087
32990
33088
32991
33089
32992
33090
32993
33091
32994
33092
32995
33093
32996
33094
32997
33095
32998
33096
32999
33097
33000
33098
33001
33099
33002
33100
33003
33101
33004
33102
33005
33103
33006
33104
33007
33105
33008
33106
33009
33107
33010
33108
33011
33109
33012
33110
33013
33111
33014
33112
33015
33113
33016
33114
33017
33115
33018
33116
33019
33117
33020
33118
33021
33119
33022
33120
33023
33121
33024
33122
33025
33123
33026
33124
33027
33125
33028
33126
33029
33127
33030
33128
33031
33129
33032
33130
33033
33131
33034
33132
33035
33133
33036
33134
33037
33135
33038
33136
33039
33137
33040
33138
33041
33139
33042
33140
33043
33141
33044
33142
33045
33143
33046
33144
33047
33145
33048
33146
33049
33147
33050
33148
33051
33149
33052
33150
33053
33151
33054
33152
33055
33153
33056
33154
33057
33155
33058
33156
33059
33157
33060
33158
33061
33159
33062
33160
33063
33161
33064
33162
33065
33163
33066
33164
33067
33165
33068
33166
33069
33167
33070
33168
33071
33169
33072
33170
33073
33171
33074
33172
33075
33173
33076
33174
33077
33175
33078
33176
33079
33177
33080
33178
33081
33179
33082
33180
33083
33181
33084
33182
33085
33183
33086
33184
33185
33088
33186
33089
33187
33090
33188
33091
33189
33092
33190
33093
33191
33094
33192
33095
33193
33096
33194
33097
33195
33098
33196
33099
33197
33100
33198
33101
33199
33102
33200
33103
33201
33104
33202
33105
33203
33106
33204
33107
33205
33108
33206
33109
33207
33110
33208
33111
33209
33112
33210
33113
33211
33114
33212
33115
33213
33116
33214
33117
33215
33118
33216
33119
33217
33120
33218
33121
33219
33122
33220
33123
33221
33124
33222
33125
33223
33126
33224
33127
33225
33128
33226
33129
33227
33130
33228
33131
33229
33132
33230
33133
33231
33134
33232
33135
33233
33136
33234
33137
33235
33138
33236
33139
33237
33140
33238
33141
33239
33142
33240
33143
33241
33144
33242
33145
33243
33146
33244
33147
33245
33148
33246
33149
33247
33150
33248
33151
33249
33152
33250
33153
33251
33154
33252
33155
33253
33156
33254
33157
33255
33158
33256
33159
33257
33160
33258
33161
33259
33162
33260
33163
33261
33164
33262
33165
33263
33166
33264
33167
33265
33168
33266
33169
33267
33170
33268
33171
33269
33172
33270
33173
33271
33174
33272
33175
33273
33176
33274
33177
33275
33178
33276
33179
33277
33180
33278
33181
33279
33182
33280
33183
33281
33184
33282
33185
33283
33284
33187
33285
33188
33286
33189
33287
33190
33288
33191
33289
33192
33290
33193
33291
33194
33292
33195
33293
33196
33294
33197
33295
33198
33296
33199
33297
33200
33298
33201
33299
33202
33300
33203
33301
33204
33302
33205
33303
33206
33304
33207
33305
33208
33306
33209
33307
33210
33308
33211
33309
33212
33310
33213
33311
33214
33312
33215
33313
33216
33314
33217
33315
33218
33316
33219
33317
33220
33318
33221
33319
33222
33320
33223
33321
33224
33322
33225
33323
33226
33324
33227
33325
33228
33326
33229
33327
33230
33328
33231
33329
33232
33330
33233
33331
33234
33332
33235
33333
33236
33334
33237
33335
33238
33336
33239
33337
33240
33338
33241
33339
33242
33340
33243
33341
33244
33342
33245
33343
33246
33344
33247
33345
33248
33346
33249
33347
33250
33348
33251
33349
33252
33350
33253
33351
33254
33352
33255
33353
33256
33354
33257
33355
33258
33356
33259
33357
33260
33358
33261
33359
33262
33360
33263
33361
33264
33362
33265
33363
33266
33364
33267
33365
33268
33366
33269
33367
33270
33368
33271
33369
33272
33370
33273
33371
33274
33372
33275
33373
33276
33374
33277
33375
33278
33376
33279
33377
33280
33378
33281
33379
33282
33380
33283
33381
33284
33382
33383
33286
33384
33287
33385
33288
33386
33289
33387
33290
33388
33291
33389
33292
33390
33293
33391
33294
33392
33295
33393
33296
33394
33297
33395
33298
33396
33299
33397
33300
33398
33301
33399
33302
33400
33303
33401
33304
33402
33305
33403
33306
33404
33307
33405
33308
33406
33309
33407
33310
33408
33311
33409
33312
33410
33313
33411
33314
33412
33315
33413
33316
33414
33317
33415
33318
33416
33319
33417
33320
33418
33321
33419
33322
33420
33323
33421
33324
33422
33325
33423
33326
33424
33327
33425
33328
33426
33329
33427
33330
33428
33331
33429
33332
33430
33333
33431
33334
33432
33335
33433
33336
33434
33337
33435
33338
33436
33339
33437
33340
33438
33341
33439
33342
33440
33343
33441
33344
33442
33345
33443
33346
33444
33347
33445
33348
33446
33349
33447
33350
33448
33351
33449
33352
33450
33353
33451
33354
33452
33355
33453
33356
33454
33357
33455
33358
33456
33359
33457
33360
33458
33361
33459
33362
33460
33363
33461
33364
33462
33365
33463
33366
33464
33367
33465
33368
33466
33369
33467
33370
33468
33371
33469
33372
33470
33373
33471
33374
33472
33375
33473
33376
33474
33377
33475
33378
33476
33379
33477
33380
33478
33381
33479
33382
33480
33383
33481
33482
33385
33483
33386
33484
33387
33485
33388
33486
33389
33487
33390
33488
33391
33489
33392
33490
33393
33491
33394
33492
33395
33493
33396
33494
33397
33495
33398
33496
33399
33497
33400
33498
33401
33499
33402
33500
33403
33501
33404
33502
33405
33503
33406
33504
33407
33505
33408
33506
33409
33507
33410
33508
33411
33509
33412
33510
33413
33511
33414
33512
33415
33513
33416
33514
33417
33515
33418
33516
33419
33517
33420
33518
33421
33519
33422
33520
33423
33521
33424
33522
33425
33523
33426
33524
33427
33525
33428
33526
33429
33527
33430
33528
33431
33529
33432
33530
33433
33531
33434
33532
33435
33533
33436
33534
33437
33535
33438
33536
33439
33537
33440
33538
33441
33539
33442
33540
33443
33541
33444
33542
33445
33543
33446
33544
33447
33545
33448
33546
33449
33547
33450
33548
33451
33549
33452
33550
33453
33551
33454
33552
33455
33553
33456
33554
33457
33555
33458
33556
33459
33557
33460
33558
33461
33559
33462
33560
33463
33561
33464
33562
33465
33563
33466
33564
33467
33565
33468
33566
33469
33567
33470
33568
33471
33569
33472
33570
33473
33571
33474
33572
33475
33573
33476
33574
33477
33575
33478
33576
33479
33577
33480
33578
33481
33579
33482
33580
33581
33484
33582
33485
33583
33486
33584
33487
33585
33488
33586
33489
33587
33490
33588
33491
33589
33492
33590
33493
33591
33494
33592
33495
33593
33496
33594
33497
33595
33498
33596
33499
33597
33500
33598
33501
33599
33502
33600
33503
33601
33504
33602
33505
33603
33506
33604
33507
33605
33508
33606
33509
33607
33510
33608
33511
33609
33512
33610
33513
33611
33514
33612
33515
33613
33516
33614
33517
33615
33518
33616
33519
33617
33520
33618
33521
33619
33522
33620
33523
33621
33524
33622
33525
33623
33526
33624
33527
33625
33528
33626
33529
33627
33530
33628
33531
33629
33532
33630
33533
33631
33534
33632
33535
33633
33536
33634
33537
33635
33538
33636
33539
33637
33540
33638
33541
33639
33542
33640
33543
33641
33544
33642
33545
33643
33546
33644
33547
33645
33548
33646
33549
33647
33550
33648
33551
33649
33552
33650
33553
33651
33554
33652
33555
33653
33556
33654
33557
33655
33558
33656
33559
33657
33560
33658
33561
33659
33562
33660
33563
33661
33564
33662
33565
33663
33566
33664
33567
33665
33568
33666
33569
33667
33570
33668
33571
33669
33572
33670
33573
33671
33574
33672
33575
33673
33576
33674
33577
33675
33578
33676
33579
33677
33580
33678
33581
33679
33680
33583
33681
33584
33682
33585
33683
33586
33684
33587
33685
33588
33686
33589
33687
33590
33688
33591
33689
33592
33690
33593
33691
33594
33692
33595
33693
33596
33694
33597
33695
33598
33696
33599
33697
33600
33698
33601
33699
33602
33700
33603
33701
33604
33702
33605
33703
33606
33704
33607
33705
33608
33706
33609
33707
33610
33708
33611
33709
33612
33710
33613
33711
33614
33712
33615
33713
33616
33714
33617
33715
33618
33716
33619
33717
33620
33718
33621
33719
33622
33720
33623
33721
33624
33722
33625
33723
33626
33724
33627
33725
33628
33726
33629
33727
33630
33728
33631
33729
33632
33730
33633
33731
33634
33732
33635
33733
33636
33734
33637
33735
33638
33736
33639
33737
33640
33738
33641
33739
33642
33740
33643
33741
33644
33742
33645
33743
33646
33744
33647
33745
33648
33746
33649
33747
33650
33748
33651
33749
33652
33750
33653
33751
33654
33752
33655
33753
33656
33754
33657
33755
33658
33756
33659
33757
33660
33758
33661
33759
33662
33760
33663
33761
33664
33762
33665
33763
33666
33764
33667
33765
33668
33766
33669
33767
33670
33768
33671
33769
33672
33770
33673
33771
33674
33772
33675
33773
33676
33774
33677
33775
33678
33776
33679
33777
33680
33778
33779
33682
33780
33683
33781
33684
33782
33685
33783
33686
33784
33687
33785
33688
33786
33689
33787
33690
33788
33691
33789
33692
33790
33693
33791
33694
33792
33695
33793
33696
33794
33697
33795
33698
33796
33699
33797
33700
33798
33701
33799
33702
33800
33703
33801
33704
33802
33705
33803
33706
33804
33707
33805
33708
33806
33709
33807
33710
33808
33711
33809
33712
33810
33713
33811
33714
33812
33715
33813
33716
33814
33717
33815
33718
33816
33719
33817
33720
33818
33721
33819
33722
33820
33723
33821
33724
33822
33725
33823
33726
33824
33727
33825
33728
33826
33729
33827
33730
33828
33731
33829
33732
33830
33733
33831
33734
33832
33735
33833
33736
33834
33737
33835
33738
33836
33739
33837
33740
33838
33741
33839
33742
33840
33743
33841
33744
33842
33745
33843
33746
33844
33747
33845
33748
33846
33749
33847
33750
33848
33751
33849
33752
33850
33753
33851
33754
33852
33755
33853
33756
33854
33757
33855
33758
33856
33759
33857
33760
33858
33761
33859
33762
33860
33763
33861
33764
33862
33765
33863
33766
33864
33767
33865
33768
33866
33769
33867
33770
33868
33771
33869
33772
33870
33773
33871
33774
33872
33775
33873
33776
33874
33777
33875
33778
33876
33779
33877
33878
33781
33879
33782
33880
33783
33881
33784
33882
33785
33883
33786
33884
33787
33885
33788
33886
33789
33887
33790
33888
33791
33889
33792
33890
33793
33891
33794
33892
33795
33893
33796
33894
33797
33895
33798
33896
33799
33897
33800
33898
33801
33899
33802
33900
33803
33901
33804
33902
33805
33903
33806
33904
33807
33905
33808
33906
33809
33907
33810
33908
33811
33909
33812
33910
33813
33911
33814
33912
33815
33913
33816
33914
33817
33915
33818
33916
33819
33917
33820
33918
33821
33919
33822
33920
33823
33921
33824
33922
33825
33923
33826
33924
33827
33925
33828
33926
33829
33927
33830
33928
33831
33929
33832
33930
33833
33931
33834
33932
33835
33933
33836
33934
33837
33935
33838
33936
33839
33937
33840
33938
33841
33939
33842
33940
33843
33941
33844
33942
33845
33943
33846
33944
33847
33945
33848
33946
33849
33947
33850
33948
33851
33949
33852
33950
33853
33951
33854
33952
33855
33953
33856
33954
33857
33955
33858
33956
33859
33957
33860
33958
33861
33959
33862
33960
33863
33961
33864
33962
33865
33963
33866
33964
33867
33965
33868
33966
33869
33967
33870
33968
33871
33969
33872
33970
33873
33971
33874
33972
33875
33973
33876
33974
33877
33975
33878
33976
33977
33880
33978
33881
33979
33882
33980
33883
33981
33884
33982
33885
33983
33886
33984
33887
33985
33888
33986
33889
33987
33890
33988
33891
33989
33892
33990
33893
33991
33894
33992
33895
33993
33896
33994
33897
33995
33898
33996
33899
33997
33900
33998
33901
33999
33902
34000
33903
34001
33904
34002
33905
34003
33906
34004
33907
34005
33908
34006
33909
34007
33910
34008
33911
34009
33912
34010
33913
34011
33914
34012
33915
34013
33916
34014
33917
34015
33918
34016
33919
34017
33920
34018
33921
34019
33922
34020
33923
34021
33924
34022
33925
34023
33926
34024
33927
34025
33928
34026
33929
34027
33930
34028
33931
34029
33932
34030
33933
34031
33934
34032
33935
34033
33936
34034
33937
34035
33938
34036
33939
34037
33940
34038
33941
34039
33942
34040
33943
34041
33944
34042
33945
34043
33946
34044
33947
34045
33948
34046
33949
34047
33950
34048
33951
34049
33952
34050
33953
34051
33954
34052
33955
34053
33956
34054
33957
34055
33958
34056
33959
34057
33960
34058
33961
34059
33962
34060
33963
34061
33964
34062
33965
34063
33966
34064
33967
34065
33968
34066
33969
34067
33970
34068
33971
34069
33972
34070
33973
34071
33974
34072
33975
34073
33976
34074
33977
34075
34076
33979
34077
33980
34078
33981
34079
33982
34080
33983
34081
33984
34082
33985
34083
33986
34084
33987
34085
33988
34086
33989
34087
33990
34088
33991
34089
33992
34090
33993
34091
33994
34092
33995
34093
33996
34094
33997
34095
33998
34096
33999
34097
34000
34098
34001
34099
34002
34100
34003
34101
34004
34102
34005
34103
34006
34104
34007
34105
34008
34106
34009
34107
34010
34108
34011
34109
34012
34110
34013
34111
34014
34112
34015
34113
34016
34114
34017
34115
34018
34116
34019
34117
34020
34118
34021
34119
34022
34120
34023
34121
34024
34122
34025
34123
34026
34124
34027
34125
34028
34126
34029
34127
34030
34128
34031
34129
34032
34130
34033
34131
34034
34132
34035
34133
34036
34134
34037
34135
34038
34136
34039
34137
34040
34138
34041
34139
34042
34140
34043
34141
34044
34142
34045
34143
34046
34144
34047
34145
34048
34146
34049
34147
34050
34148
34051
34149
34052
34150
34053
34151
34054
34152
34055
34153
34056
34154
34057
34155
34058
34156
34059
34157
34060
34158
34061
34159
34062
34160
34063
34161
34064
34162
34065
34163
34066
34164
34067
34165
34068
34166
34069
34167
34070
34168
34071
34169
34072
34170
34073
34171
34074
34172
34075
34173
34076
34174
34175
34078
34176
34079
34177
34080
34178
34081
34179
34082
34180
34083
34181
34084
34182
34085
34183
34086
34184
34087
34185
34088
34186
34089
34187
34090
34188
34091
34189
34092
34190
34093
34191
34094
34192
34095
34193
34096
34194
34097
34195
34098
34196
34099
34197
34100
34198
34101
34199
34102
34200
34103
34201
34104
34202
34105
34203
34106
34204
34107
34205
34108
34206
34109
34207
34110
34208
34111
34209
34112
34210
34113
34211
34114
34212
34115
34213
34116
34214
34117
34215
34118
34216
34119
34217
34120
34218
34121
34219
34122
34220
34123
34221
34124
34222
34125
34223
34126
34224
34127
34225
34128
34226
34129
34227
34130
34228
34131
34229
34132
34230
34133
34231
34134
34232
34135
34233
34136
34234
34137
34235
34138
34236
34139
34237
34140
34238
34141
34239
34142
34240
34143
34241
34144
34242
34145
34243
34146
34244
34147
34245
34148
34246
34149
34247
34150
34248
34151
34249
34152
34250
34153
34251
34154
34252
34155
34253
34156
34254
34157
34255
34158
34256
34159
34257
34160
34258
34161
34259
34162
34260
34163
34261
34164
34262
34165
34263
34166
34264
34167
34265
34168
34266
34169
34267
34170
34268
34171
34269
34172
34270
34173
34271
34174
34272
34175
34273
34274
34177
34275
34178
34276
34179
34277
34180
34278
34181
34279
34182
34280
34183
34281
34184
34282
34185
34283
34186
34284
34187
34285
34188
34286
34189
34287
34190
34288
34191
34289
34192
34290
34193
34291
34194
34292
34195
34293
34196
34294
34197
34295
34198
34296
34199
34297
34200
34298
34201
34299
34202
34300
34203
34301
34204
34302
34205
34303
34206
34304
34207
34305
34208
34306
34209
34307
34210
34308
34211
34309
34212
34310
34213
34311
34214
34312
34215
34313
34216
34314
34217
34315
34218
34316
34219
34317
34220
34318
34221
34319
34222
34320
34223
34321
34224
34322
34225
34323
34226
34324
34227
34325
34228
34326
34229
34327
34230
34328
34231
34329
34232
34330
34233
34331
34234
34332
34235
34333
34236
34334
34237
34335
34238
34336
34239
34337
34240
34338
34241
34339
34242
34340
34243
34341
34244
34342
34245
34343
34246
34344
34247
34345
34248
34346
34249
34347
34250
34348
34251
34349
34252
34350
34253
34351
34254
34352
34255
34353
34256
34354
34257
34355
34258
34356
34259
34357
34260
34358
34261
34359
34262
34360
34263
34361
34264
34362
34265
34363
34266
34364
34267
34365
34268
34366
34269
34367
34270
34368
34271
34369
34272
34370
34273
34371
34274
34372
34373
34276
34374
34277
34375
34278
34376
34279
34377
34280
34378
34281
34379
34282
34380
34283
34381
34284
34382
34285
34383
34286
34384
34287
34385
34288
34386
34289
34387
34290
34388
34291
34389
34292
34390
34293
34391
34294
34392
34295
34393
34296
34394
34297
34395
34298
34396
34299
34397
34300
34398
34301
34399
34302
34400
34303
34401
34304
34402
34305
34403
34306
34404
34307
34405
34308
34406
34309
34407
34310
34408
34311
34409
34312
34410
34313
34411
34314
34412
34315
34413
34316
34414
34317
34415
34318
34416
34319
34417
34320
34418
34321
34419
34322
34420
34323
34421
34324
34422
34325
34423
34326
34424
34327
34425
34328
34426
34329
34427
34330
34428
34331
34429
34332
34430
34333
34431
34334
34432
34335
34433
34336
34434
34337
34435
34338
34436
34339
34437
34340
34438
34341
34439
34342
34440
34343
34441
34344
34442
34345
34443
34346
34444
34347
34445
34348
34446
34349
34447
34350
34448
34351
34449
34352
34450
34353
34451
34354
34452
34355
34453
34356
34454
34357
34455
34358
34456
34359
34457
34360
34458
34361
34459
34362
34460
34363
34461
34364
34462
34365
34463
34366
34464
34367
34465
34368
34466
34369
34467
34370
34468
34371
34469
34372
34470
34373
34471
34472
34375
34473
34376
34474
34377
34475
34378
34476
34379
34477
34380
34478
34381
34479
34382
34480
34383
34481
34384
34482
34385
34483
34386
34484
34387
34485
34388
34486
34389
34487
34390
34488
34391
34489
34392
34490
34393
34491
34394
34492
34395
34493
34396
34494
34397
34495
34398
34496
34399
34497
34400
34498
34401
34499
34402
34500
34403
34501
34404
34502
34405
34503
34406
34504
34407
34505
34408
34506
34409
34507
34410
34508
34411
34509
34412
34510
34413
34511
34414
34512
34415
34513
34416
34514
34417
34515
34418
34516
34419
34517
34420
34518
34421
34519
34422
34520
34423
34521
34424
34522
34425
34523
34426
34524
34427
34525
34428
34526
34429
34527
34430
34528
34431
34529
34432
34530
34433
34531
34434
34532
34435
34533
34436
34534
34437
34535
34438
34536
34439
34537
34440
34538
34441
34539
34442
34540
34443
34541
34444
34542
34445
34543
34446
34544
34447
34545
34448
34546
34449
34547
34450
34548
34451
34549
34452
34550
34453
34551
34454
34552
34455
34553
34456
34554
34457
34555
34458
34556
34459
34557
34460
34558
34461
34559
34462
34560
34463
34561
34464
34562
34465
34563
34466
34564
34467
34565
34468
34566
34469
34567
34470
34568
34471
34569
34472
34570
34571
34474
34572
34475
34573
34476
34574
34477
34575
34478
34576
34479
34577
34480
34578
34481
34579
34482
34580
34483
34581
34484
34582
34485
34583
34486
34584
34487
34585
34488
34586
34489
34587
34490
34588
34491
34589
34492
34590
34493
34591
34494
34592
34495
34593
34496
34594
34497
34595
34498
34596
34499
34597
34500
34598
34501
34599
34502
34600
34503
34601
34504
34602
34505
34603
34506
34604
34507
34605
34508
34606
34509
34607
34510
34608
34511
34609
34512
34610
34513
34611
34514
34612
34515
34613
34516
34614
34517
34615
34518
34616
34519
34617
34520
34618
34521
34619
34522
34620
34523
34621
34524
34622
34525
34623
34526
34624
34527
34625
34528
34626
34529
34627
34530
34628
34531
34629
34532
34630
34533
34631
34534
34632
34535
34633
34536
34634
34537
34635
34538
34636
34539
34637
34540
34638
34541
34639
34542
34640
34543
34641
34544
34642
34545
34643
34546
34644
34547
34645
34548
34646
34549
34647
34550
34648
34551
34649
34552
34650
34553
34651
34554
34652
34555
34653
34556
34654
34557
34655
34558
34656
34559
34657
34560
34658
34561
34659
34562
34660
34563
34661
34564
34662
34565
34663
34566
34664
34567
34665
34568
34666
34569
34667
34570
34668
34571
34669
34670
34573
34671
34574
34672
34575
34673
34576
34674
34577
34675
34578
34676
34579
34677
34580
34678
34581
34679
34582
34680
34583
34681
34584
34682
34585
34683
34586
34684
34587
34685
34588
34686
34589
34687
34590
34688
34591
34689
34592
34690
34593
34691
34594
34692
34595
34693
34596
34694
34597
34695
34598
34696
34599
34697
34600
34698
34601
34699
34602
34700
34603
34701
34604
34702
34605
34703
34606
34704
34607
34705
34608
34706
34609
34707
34610
34708
34611
34709
34612
34710
34613
34711
34614
34712
34615
34713
34616
34714
34617
34715
34618
34716
34619
34717
34620
34718
34621
34719
34622
34720
34623
34721
34624
34722
34625
34723
34626
34724
34627
34725
34628
34726
34629
34727
34630
34728
34631
34729
34632
34730
34633
34731
34634
34732
34635
34733
34636
34734
34637
34735
34638
34736
34639
34737
34640
34738
34641
34739
34642
34740
34643
34741
34644
34742
34645
34743
34646
34744
34647
34745
34648
34746
34649
34747
34650
34748
34651
34749
34652
34750
34653
34751
34654
34752
34655
34753
34656
34754
34657
34755
34658
34756
34659
34757
34660
34758
34661
34759
34662
34760
34663
34761
34664
34762
34665
34763
34666
34764
34667
34765
34668
34766
34669
34767
34670
34768
34769
34672
34770
34673
34771
34674
34772
34675
34773
34676
34774
34677
34775
34678
34776
34679
34777
34680
34778
34681
34779
34682
34780
34683
34781
34684
34782
34685
34783
34686
34784
34687
34785
34688
34786
34689
34787
34690
34788
34691
34789
34692
34790
34693
34791
34694
34792
34695
34793
34696
34794
34697
34795
34698
34796
34699
34797
34700
34798
34701
34799
34702
34800
34703
34801
34704
34802
34705
34803
34706
34804
34707
34805
34708
34806
34709
34807
34710
34808
34711
34809
34712
34810
34713
34811
34714
34812
34715
34813
34716
34814
34717
34815
34718
34816
34719
34817
34720
34818
34721
34819
34722
34820
34723
34821
34724
34822
34725
34823
34726
34824
34727
34825
34728
34826
34729
34827
34730
34828
34731
34829
34732
34830
34733
34831
34734
34832
34735
34833
34736
34834
34737
34835
34738
34836
34739
34837
34740
34838
34741
34839
34742
34840
34743
34841
34744
34842
34745
34843
34746
34844
34747
34845
34748
34846
34749
34847
34750
34848
34751
34849
34752
34850
34753
34851
34754
34852
34755
34853
34756
34854
34757
34855
34758
34856
34759
34857
34760
34858
34761
34859
34762
34860
34763
34861
34764
34862
34765
34863
34766
34864
34767
34865
34768
34866
34769
34867
34868
34771
34869
34772
34870
34773
34871
34774
34872
34775
34873
34776
34874
34777
34875
34778
34876
34779
34877
34780
34878
34781
34879
34782
34880
34783
34881
34784
34882
34785
34883
34786
34884
34787
34885
34788
34886
34789
34887
34790
34888
34791
34889
34792
34890
34793
34891
34794
34892
34795
34893
34796
34894
34797
34895
34798
34896
34799
34897
34800
34898
34801
34899
34802
34900
34803
34901
34804
34902
34805
34903
34806
34904
34807
34905
34808
34906
34809
34907
34810
34908
34811
34909
34812
34910
34813
34911
34814
34912
34815
34913
34816
34914
34817
34915
34818
34916
34819
34917
34820
34918
34821
34919
34822
34920
34823
34921
34824
34922
34825
34923
34826
34924
34827
34925
34828
34926
34829
34927
34830
34928
34831
34929
34832
34930
34833
34931
34834
34932
34835
34933
34836
34934
34837
34935
34838
34936
34839
34937
34840
34938
34841
34939
34842
34940
34843
34941
34844
34942
34845
34943
34846
34944
34847
34945
34848
34946
34849
34947
34850
34948
34851
34949
34852
34950
34853
34951
34854
34952
34855
34953
34856
34954
34857
34955
34858
34956
34859
34957
34860
34958
34861
34959
34862
34960
34863
34961
34864
34962
34865
34963
34866
34964
34867
34965
34868
34966
34967
34870
34968
34871
34969
34872
34970
34873
34971
34874
34972
34875
34973
34876
34974
34877
34975
34878
34976
34879
34977
34880
34978
34881
34979
34882
34980
34883
34981
34884
34982
34885
34983
34886
34984
34887
34985
34888
34986
34889
34987
34890
34988
34891
34989
34892
34990
34893
34991
34894
34992
34895
34993
34896
34994
34897
34995
34898
34996
34899
34997
34900
34998
34901
34999
34902
35000
34903
35001
34904
35002
34905
35003
34906
35004
34907
35005
34908
35006
34909
35007
34910
35008
34911
35009
34912
35010
34913
35011
34914
35012
34915
35013
34916
35014
34917
35015
34918
35016
34919
35017
34920
35018
34921
35019
34922
35020
34923
35021
34924
35022
34925
35023
34926
35024
34927
35025
34928
35026
34929
35027
34930
35028
34931
35029
34932
35030
34933
35031
34934
35032
34935
35033
34936
35034
34937
35035
34938
35036
34939
35037
34940
35038
34941
35039
34942
35040
34943
35041
34944
35042
34945
35043
34946
35044
34947
35045
34948
35046
34949
35047
34950
35048
34951
35049
34952
35050
34953
35051
34954
35052
34955
35053
34956
35054
34957
35055
34958
35056
34959
35057
34960
35058
34961
35059
34962
35060
34963
35061
34964
35062
34965
35063
34966
35064
34967
35065
35066
34969
35067
34970
35068
34971
35069
34972
35070
34973
35071
34974
35072
34975
35073
34976
35074
34977
35075
34978
35076
34979
35077
34980
35078
34981
35079
34982
35080
34983
35081
34984
35082
34985
35083
34986
35084
34987
35085
34988
35086
34989
35087
34990
35088
34991
35089
34992
35090
34993
35091
34994
35092
34995
35093
34996
35094
34997
35095
34998
35096
34999
35097
35000
35098
35001
35099
35002
35100
35003
35101
35004
35102
35005
35103
35006
35104
35007
35105
35008
35106
35009
35107
35010
35108
35011
35109
35012
35110
35013
35111
35014
35112
35015
35113
35016
35114
35017
35115
35018
35116
35019
35117
35020
35118
35021
35119
35022
35120
35023
35121
35024
35122
35025
35123
35026
35124
35027
35125
35028
35126
35029
35127
35030
35128
35031
35129
35032
35130
35033
35131
35034
35132
35035
35133
35036
35134
35037
35135
35038
35136
35039
35137
35040
35138
35041
35139
35042
35140
35043
35141
35044
35142
35045
35143
35046
35144
35047
35145
35048
35146
35049
35147
35050
35148
35051
35149
35052
35150
35053
35151
35054
35152
35055
35153
35056
35154
35057
35155
35058
35156
35059
35157
35060
35158
35061
35159
35062
35160
35063
35161
35064
35162
35065
35163
35066
35164
35165
35068
35166
35069
35167
35070
35168
35071
35169
35072
35170
35073
35171
35074
35172
35075
35173
35076
35174
35077
35175
35078
35176
35079
35177
35080
35178
35081
35179
35082
35180
35083
35181
35084
35182
35085
35183
35086
35184
35087
35185
35088
35186
35089
35187
35090
35188
35091
35189
35092
35190
35093
35191
35094
35192
35095
35193
35096
35194
35097
35195
35098
35196
35099
35197
35100
35198
35101
35199
35102
35200
35103
35201
35104
35202
35105
35203
35106
35204
35107
35205
35108
35206
35109
35207
35110
35208
35111
35209
35112
35210
35113
35211
35114
35212
35115
35213
35116
35214
35117
35215
35118
35216
35119
35217
35120
35218
35121
35219
35122
35220
35123
35221
35124
35222
35125
35223
35126
35224
35127
35225
35128
35226
35129
35227
35130
35228
35131
35229
35132
35230
35133
35231
35134
35232
35135
35233
35136
35234
35137
35235
35138
35236
35139
35237
35140
35238
35141
35239
35142
35240
35143
35241
35144
35242
35145
35243
35146
35244
35147
35245
35148
35246
35149
35247
35150
35248
35151
35249
35152
35250
35153
35251
35154
35252
35155
35253
35156
35254
35157
35255
35158
35256
35159
35257
35160
35258
35161
35259
35162
35260
35163
35261
35164
35262
35165
35263
35264
35167
35265
35168
35266
35169
35267
35170
35268
35171
35269
35172
35270
35173
35271
35174
35272
35175
35273
35176
35274
35177
35275
35178
35276
35179
35277
35180
35278
35181
35279
35182
35280
35183
35281
35184
35282
35185
35283
35186
35284
35187
35285
35188
35286
35189
35287
35190
35288
35191
35289
35192
35290
35193
35291
35194
35292
35195
35293
35196
35294
35197
35295
35198
35296
35199
35297
35200
35298
35201
35299
35202
35300
35203
35301
35204
35302
35205
35303
35206
35304
35207
35305
35208
35306
35209
35307
35210
35308
35211
35309
35212
35310
35213
35311
35214
35312
35215
35313
35216
35314
35217
35315
35218
35316
35219
35317
35220
35318
35221
35319
35222
35320
35223
35321
35224
35322
35225
35323
35226
35324
35227
35325
35228
35326
35229
35327
35230
35328
35231
35329
35232
35330
35233
35331
35234
35332
35235
35333
35236
35334
35237
35335
35238
35336
35239
35337
35240
35338
35241
35339
35242
35340
35243
35341
35244
35342
35245
35343
35246
35344
35247
35345
35248
35346
35249
35347
35250
35348
35251
35349
35252
35350
35253
35351
35254
35352
35255
35353
35256
35354
35257
35355
35258
35356
35259
35357
35260
35358
35261
35359
35262
35360
35263
35361
35264
35362
35363
35266
35364
35267
35365
35268
35366
35269
35367
35270
35368
35271
35369
35272
35370
35273
35371
35274
35372
35275
35373
35276
35374
35277
35375
35278
35376
35279
35377
35280
35378
35281
35379
35282
35380
35283
35381
35284
35382
35285
35383
35286
35384
35287
35385
35288
35386
35289
35387
35290
35388
35291
35389
35292
35390
35293
35391
35294
35392
35295
35393
35296
35394
35297
35395
35298
35396
35299
35397
35300
35398
35301
35399
35302
35400
35303
35401
35304
35402
35305
35403
35306
35404
35307
35405
35308
35406
35309
35407
35310
35408
35311
35409
35312
35410
35313
35411
35314
35412
35315
35413
35316
35414
35317
35415
35318
35416
35319
35417
35320
35418
35321
35419
35322
35420
35323
35421
35324
35422
35325
35423
35326
35424
35327
35425
35328
35426
35329
35427
35330
35428
35331
35429
35332
35430
35333
35431
35334
35432
35335
35433
35336
35434
35337
35435
35338
35436
35339
35437
35340
35438
35341
35439
35342
35440
35343
35441
35344
35442
35345
35443
35346
35444
35347
35445
35348
35446
35349
35447
35350
35448
35351
35449
35352
35450
35353
35451
35354
35452
35355
35453
35356
35454
35357
35455
35358
35456
35359
35457
35360
35458
35361
35459
35362
35460
35363
35461
35462
35365
35463
35366
35464
35367
35465
35368
35466
35369
35467
35370
35468
35371
35469
35372
35470
35373
35471
35374
35472
35375
35473
35376
35474
35377
35475
35378
35476
35379
35477
35380
35478
35381
35479
35382
35480
35383
35481
35384
35482
35385
35483
35386
35484
35387
35485
35388
35486
35389
35487
35390
35488
35391
35489
35392
35490
35393
35491
35394
35492
35395
35493
35396
35494
35397
35495
35398
35496
35399
35497
35400
35498
35401
35499
35402
35500
35403
35501
35404
35502
35405
35503
35406
35504
35407
35505
35408
35506
35409
35507
35410
35508
35411
35509
35412
35510
35413
35511
35414
35512
35415
35513
35416
35514
35417
35515
35418
35516
35419
35517
35420
35518
35421
35519
35422
35520
35423
35521
35424
35522
35425
35523
35426
35524
35427
35525
35428
35526
35429
35527
35430
35528
35431
35529
35432
35530
35433
35531
35434
35532
35435
35533
35436
35534
35437
35535
35438
35536
35439
35537
35440
35538
35441
35539
35442
35540
35443
35541
35444
35542
35445
35543
35446
35544
35447
35545
35448
35546
35449
35547
35450
35548
35451
35549
35452
35550
35453
35551
35454
35552
35455
35553
35456
35554
35457
35555
35458
35556
35459
35557
35460
35558
35461
35559
35462
35560
35561
35464
35562
35465
35563
35466
35564
35467
35565
35468
35566
35469
35567
35470
35568
35471
35569
35472
35570
35473
35571
35474
35572
35475
35573
35476
35574
35477
35575
35478
35576
35479
35577
35480
35578
35481
35579
35482
35580
35483
35581
35484
35582
35485
35583
35486
35584
35487
35585
35488
35586
35489
35587
35490
35588
35491
35589
35492
35590
35493
35591
35494
35592
35495
35593
35496
35594
35497
35595
35498
35596
35499
35597
35500
35598
35501
35599
35502
35600
35503
35601
35504
35602
35505
35603
35506
35604
35507
35605
35508
35606
35509
35607
35510
35608
35511
35609
35512
35610
35513
35611
35514
35612
35515
35613
35516
35614
35517
35615
35518
35616
35519
35617
35520
35618
35521
35619
35522
35620
35523
35621
35524
35622
35525
35623
35526
35624
35527
35625
35528
35626
35529
35627
35530
35628
35531
35629
35532
35630
35533
35631
35534
35632
35535
35633
35536
35634
35537
35635
35538
35636
35539
35637
35540
35638
35541
35639
35542
35640
35543
35641
35544
35642
35545
35643
35546
35644
35547
35645
35548
35646
35549
35647
35550
35648
35551
35649
35552
35650
35553
35651
35554
35652
35555
35653
35556
35654
35557
35655
35558
35656
35559
35657
35560
35658
35561
35659
35660
35563
35661
35564
35662
35565
35663
35566
35664
35567
35665
35568
35666
35569
35667
35570
35668
35571
35669
35572
35670
35573
35671
35574
35672
35575
35673
35576
35674
35577
35675
35578
35676
35579
35677
35580
35678
35581
35679
35582
35680
35583
35681
35584
35682
35585
35683
35586
35684
35587
35685
35588
35686
35589
35687
35590
35688
35591
35689
35592
35690
35593
35691
35594
35692
35595
35693
35596
35694
35597
35695
35598
35696
35599
35697
35600
35698
35601
35699
35602
35700
35603
35701
35604
35702
35605
35703
35606
35704
35607
35705
35608
35706
35609
35707
35610
35708
35611
35709
35612
35710
35613
35711
35614
35712
35615
35713
35616
35714
35617
35715
35618
35716
35619
35717
35620
35718
35621
35719
35622
35720
35623
35721
35624
35722
35625
35723
35626
35724
35627
35725
35628
35726
35629
35727
35630
35728
35631
35729
35632
35730
35633
35731
35634
35732
35635
35733
35636
35734
35637
35735
35638
35736
35639
35737
35640
35738
35641
35739
35642
35740
35643
35741
35644
35742
35645
35743
35646
35744
35647
35745
35648
35746
35649
35747
35650
35748
35651
35749
35652
35750
35653
35751
35654
35752
35655
35753
35656
35754
35657
35755
35658
35756
35659
35757
35660
35758
35759
35662
35760
35663
35761
35664
35762
35665
35763
35666
35764
35667
35765
35668
35766
35669
35767
35670
35768
35671
35769
35672
35770
35673
35771
35674
35772
35675
35773
35676
35774
35677
35775
35678
35776
35679
35777
35680
35778
35681
35779
35682
35780
35683
35781
35684
35782
35685
35783
35686
35784
35687
35785
35688
35786
35689
35787
35690
35788
35691
35789
35692
35790
35693
35791
35694
35792
35695
35793
35696
35794
35697
35795
35698
35796
35699
35797
35700
35798
35701
35799
35702
35800
35703
35801
35704
35802
35705
35803
35706
35804
35707
35805
35708
35806
35709
35807
35710
35808
35711
35809
35712
35810
35713
35811
35714
35812
35715
35813
35716
35814
35717
35815
35718
35816
35719
35817
35720
35818
35721
35819
35722
35820
35723
35821
35724
35822
35725
35823
35726
35824
35727
35825
35728
35826
35729
35827
35730
35828
35731
35829
35732
35830
35733
35831
35734
35832
35735
35833
35736
35834
35737
35835
35738
35836
35739
35837
35740
35838
35741
35839
35742
35840
35743
35841
35744
35842
35745
35843
35746
35844
35747
35845
35748
35846
35749
35847
35750
35848
35751
35849
35752
35850
35753
35851
35754
35852
35755
35853
35756
35854
35757
35855
35758
35856
35759
35857
35858
35761
35859
35762
35860
35763
35861
35764
35862
35765
35863
35766
35864
35767
35865
35768
35866
35769
35867
35770
35868
35771
35869
35772
35870
35773
35871
35774
35872
35775
35873
35776
35874
35777
35875
35778
35876
35779
35877
35780
35878
35781
35879
35782
35880
35783
35881
35784
35882
35785
35883
35786
35884
35787
35885
35788
35886
35789
35887
35790
35888
35791
35889
35792
35890
35793
35891
35794
35892
35795
35893
35796
35894
35797
35895
35798
35896
35799
35897
35800
35898
35801
35899
35802
35900
35803
35901
35804
35902
35805
35903
35806
35904
35807
35905
35808
35906
35809
35907
35810
35908
35811
35909
35812
35910
35813
35911
35814
35912
35815
35913
35816
35914
35817
35915
35818
35916
35819
35917
35820
35918
35821
35919
35822
35920
35823
35921
35824
35922
35825
35923
35826
35924
35827
35925
35828
35926
35829
35927
35830
35928
35831
35929
35832
35930
35833
35931
35834
35932
35835
35933
35836
35934
35837
35935
35838
35936
35839
35937
35840
35938
35841
35939
35842
35940
35843
35941
35844
35942
35845
35943
35846
35944
35847
35945
35848
35946
35849
35947
35850
35948
35851
35949
35852
35950
35853
35951
35854
35952
35855
35953
35856
35954
35857
35955
35858
35956
35957
35860
35958
35861
35959
35862
35960
35863
35961
35864
35962
35865
35963
35866
35964
35867
35965
35868
35966
35869
35967
35870
35968
35871
35969
35872
35970
35873
35971
35874
35972
35875
35973
35876
35974
35877
35975
35878
35976
35879
35977
35880
35978
35881
35979
35882
35980
35883
35981
35884
35982
35885
35983
35886
35984
35887
35985
35888
35986
35889
35987
35890
35988
35891
35989
35892
35990
35893
35991
35894
35992
35895
35993
35896
35994
35897
35995
35898
35996
35899
35997
35900
35998
35901
35999
35902
36000
35903
36001
35904
36002
35905
36003
35906
36004
35907
36005
35908
36006
35909
36007
35910
36008
35911
36009
35912
36010
35913
36011
35914
36012
35915
36013
35916
36014
35917
36015
35918
36016
35919
36017
35920
36018
35921
36019
35922
36020
35923
36021
35924
36022
35925
36023
35926
36024
35927
36025
35928
36026
35929
36027
35930
36028
35931
36029
35932
36030
35933
36031
35934
36032
35935
36033
35936
36034
35937
36035
35938
36036
35939
36037
35940
36038
35941
36039
35942
36040
35943
36041
35944
36042
35945
36043
35946
36044
35947
36045
35948
36046
35949
36047
35950
36048
35951
36049
35952
36050
35953
36051
35954
36052
35955
36053
35956
36054
35957
36055
36056
35959
36057
35960
36058
35961
36059
35962
36060
35963
36061
35964
36062
35965
36063
35966
36064
35967
36065
35968
36066
35969
36067
35970
36068
35971
36069
35972
36070
35973
36071
35974
36072
35975
36073
35976
36074
35977
36075
35978
36076
35979
36077
35980
36078
35981
36079
35982
36080
35983
36081
35984
36082
35985
36083
35986
36084
35987
36085
35988
36086
35989
36087
35990
36088
35991
36089
35992
36090
35993
36091
35994
36092
35995
36093
35996
36094
35997
36095
35998
36096
35999
36097
36000
36098
36001
36099
36002
36100
36003
36101
36004
36102
36005
36103
36006
36104
36007
36105
36008
36106
36009
36107
36010
36108
36011
36109
36012
36110
36013
36111
36014
36112
36015
36113
36016
36114
36017
36115
36018
36116
36019
36117
36020
36118
36021
36119
36022
36120
36023
36121
36024
36122
36025
36123
36026
36124
36027
36125
36028
36126
36029
36127
36030
36128
36031
36129
36032
36130
36033
36131
36034
36132
36035
36133
36036
36134
36037
36135
36038
36136
36039
36137
36040
36138
36041
36139
36042
36140
36043
36141
36044
36142
36045
36143
36046
36144
36047
36145
36048
36146
36049
36147
36050
36148
36051
36149
36052
36150
36053
36151
36054
36152
36055
36153
36056
36154
36155
36058
36156
36059
36157
36060
36158
36061
36159
36062
36160
36063
36161
36064
36162
36065
36163
36066
36164
36067
36165
36068
36166
36069
36167
36070
36168
36071
36169
36072
36170
36073
36171
36074
36172
36075
36173
36076
36174
36077
36175
36078
36176
36079
36177
36080
36178
36081
36179
36082
36180
36083
36181
36084
36182
36085
36183
36086
36184
36087
36185
36088
36186
36089
36187
36090
36188
36091
36189
36092
36190
36093
36191
36094
36192
36095
36193
36096
36194
36097
36195
36098
36196
36099
36197
36100
36198
36101
36199
36102
36200
36103
36201
36104
36202
36105
36203
36106
36204
36107
36205
36108
36206
36109
36207
36110
36208
36111
36209
36112
36210
36113
36211
36114
36212
36115
36213
36116
36214
36117
36215
36118
36216
36119
36217
36120
36218
36121
36219
36122
36220
36123
36221
36124
36222
36125
36223
36126
36224
36127
36225
36128
36226
36129
36227
36130
36228
36131
36229
36132
36230
36133
36231
36134
36232
36135
36233
36136
36234
36137
36235
36138
36236
36139
36237
36140
36238
36141
36239
36142
36240
36143
36241
36144
36242
36145
36243
36146
36244
36147
36245
36148
36246
36149
36247
36150
36248
36151
36249
36152
36250
36153
36251
36154
36252
36155
36253
36254
36157
36255
36158
36256
36159
36257
36160
36258
36161
36259
36162
36260
36163
36261
36164
36262
36165
36263
36166
36264
36167
36265
36168
36266
36169
36267
36170
36268
36171
36269
36172
36270
36173
36271
36174
36272
36175
36273
36176
36274
36177
36275
36178
36276
36179
36277
36180
36278
36181
36279
36182
36280
36183
36281
36184
36282
36185
36283
36186
36284
36187
36285
36188
36286
36189
36287
36190
36288
36191
36289
36192
36290
36193
36291
36194
36292
36195
36293
36196
36294
36197
36295
36198
36296
36199
36297
36200
36298
36201
36299
36202
36300
36203
36301
36204
36302
36205
36303
36206
36304
36207
36305
36208
36306
36209
36307
36210
36308
36211
36309
36212
36310
36213
36311
36214
36312
36215
36313
36216
36314
36217
36315
36218
36316
36219
36317
36220
36318
36221
36319
36222
36320
36223
36321
36224
36322
36225
36323
36226
36324
36227
36325
36228
36326
36229
36327
36230
36328
36231
36329
36232
36330
36233
36331
36234
36332
36235
36333
36236
36334
36237
36335
36238
36336
36239
36337
36240
36338
36241
36339
36242
36340
36243
36341
36244
36342
36245
36343
36246
36344
36247
36345
36248
36346
36249
36347
36250
36348
36251
36349
36252
36350
36253
36351
36254
36352
36353
36256
36354
36257
36355
36258
36356
36259
36357
36260
36358
36261
36359
36262
36360
36263
36361
36264
36362
36265
36363
36266
36364
36267
36365
36268
36366
36269
36367
36270
36368
36271
36369
36272
36370
36273
36371
36274
36372
36275
36373
36276
36374
36277
36375
36278
36376
36279
36377
36280
36378
36281
36379
36282
36380
36283
36381
36284
36382
36285
36383
36286
36384
36287
36385
36288
36386
36289
36387
36290
36388
36291
36389
36292
36390
36293
36391
36294
36392
36295
36393
36296
36394
36297
36395
36298
36396
36299
36397
36300
36398
36301
36399
36302
36400
36303
36401
36304
36402
36305
36403
36306
36404
36307
36405
36308
36406
36309
36407
36310
36408
36311
36409
36312
36410
36313
36411
36314
36412
36315
36413
36316
36414
36317
36415
36318
36416
36319
36417
36320
36418
36321
36419
36322
36420
36323
36421
36324
36422
36325
36423
36326
36424
36327
36425
36328
36426
36329
36427
36330
36428
36331
36429
36332
36430
36333
36431
36334
36432
36335
36433
36336
36434
36337
36435
36338
36436
36339
36437
36340
36438
36341
36439
36342
36440
36343
36441
36344
36442
36345
36443
36346
36444
36347
36445
36348
36446
36349
36447
36350
36448
36351
36449
36352
36450
36353
36451
36452
36355
36453
36356
36454
36357
36455
36358
36456
36359
36457
36360
36458
36361
36459
36362
36460
36363
36461
36364
36462
36365
36463
36366
36464
36367
36465
36368
36466
36369
36467
36370
36468
36371
36469
36372
36470
36373
36471
36374
36472
36375
36473
36376
36474
36377
36475
36378
36476
36379
36477
36380
36478
36381
36479
36382
36480
36383
36481
36384
36482
36385
36483
36386
36484
36387
36485
36388
36486
36389
36487
36390
36488
36391
36489
36392
36490
36393
36491
36394
36492
36395
36493
36396
36494
36397
36495
36398
36496
36399
36497
36400
36498
36401
36499
36402
36500
36403
36501
36404
36502
36405
36503
36406
36504
36407
36505
36408
36506
36409
36507
36410
36508
36411
36509
36412
36510
36413
36511
36414
36512
36415
36513
36416
36514
36417
36515
36418
36516
36419
36517
36420
36518
36421
36519
36422
36520
36423
36521
36424
36522
36425
36523
36426
36524
36427
36525
36428
36526
36429
36527
36430
36528
36431
36529
36432
36530
36433
36531
36434
36532
36435
36533
36436
36534
36437
36535
36438
36536
36439
36537
36440
36538
36441
36539
36442
36540
36443
36541
36444
36542
36445
36543
36446
36544
36447
36545
36448
36546
36449
36547
36450
36548
36451
36549
36452
36550
36551
36454
36552
36455
36553
36456
36554
36457
36555
36458
36556
36459
36557
36460
36558
36461
36559
36462
36560
36463
36561
36464
36562
36465
36563
36466
36564
36467
36565
36468
36566
36469
36567
36470
36568
36471
36569
36472
36570
36473
36571
36474
36572
36475
36573
36476
36574
36477
36575
36478
36576
36479
36577
36480
36578
36481
36579
36482
36580
36483
36581
36484
36582
36485
36583
36486
36584
36487
36585
36488
36586
36489
36587
36490
36588
36491
36589
36492
36590
36493
36591
36494
36592
36495
36593
36496
36594
36497
36595
36498
36596
36499
36597
36500
36598
36501
36599
36502
36600
36503
36601
36504
36602
36505
36603
36506
36604
36507
36605
36508
36606
36509
36607
36510
36608
36511
36609
36512
36610
36513
36611
36514
36612
36515
36613
36516
36614
36517
36615
36518
36616
36519
36617
36520
36618
36521
36619
36522
36620
36523
36621
36524
36622
36525
36623
36526
36624
36527
36625
36528
36626
36529
36627
36530
36628
36531
36629
36532
36630
36533
36631
36534
36632
36535
36633
36536
36634
36537
36635
36538
36636
36539
36637
36540
36638
36541
36639
36542
36640
36543
36641
36544
36642
36545
36643
36546
36644
36547
36645
36548
36646
36549
36647
36550
36648
36551
36649
36650
36553
36651
36554
36652
36555
36653
36556
36654
36557
36655
36558
36656
36559
36657
36560
36658
36561
36659
36562
36660
36563
36661
36564
36662
36565
36663
36566
36664
36567
36665
36568
36666
36569
36667
36570
36668
36571
36669
36572
36670
36573
36671
36574
36672
36575
36673
36576
36674
36577
36675
36578
36676
36579
36677
36580
36678
36581
36679
36582
36680
36583
36681
36584
36682
36585
36683
36586
36684
36587
36685
36588
36686
36589
36687
36590
36688
36591
36689
36592
36690
36593
36691
36594
36692
36595
36693
36596
36694
36597
36695
36598
36696
36599
36697
36600
36698
36601
36699
36602
36700
36603
36701
36604
36702
36605
36703
36606
36704
36607
36705
36608
36706
36609
36707
36610
36708
36611
36709
36612
36710
36613
36711
36614
36712
36615
36713
36616
36714
36617
36715
36618
36716
36619
36717
36620
36718
36621
36719
36622
36720
36623
36721
36624
36722
36625
36723
36626
36724
36627
36725
36628
36726
36629
36727
36630
36728
36631
36729
36632
36730
36633
36731
36634
36732
36635
36733
36636
36734
36637
36735
36638
36736
36639
36737
36640
36738
36641
36739
36642
36740
36643
36741
36644
36742
36645
36743
36646
36744
36647
36745
36648
36746
36649
36747
36650
36748
36749
36652
36750
36653
36751
36654
36752
36655
36753
36656
36754
36657
36755
36658
36756
36659
36757
36660
36758
36661
36759
36662
36760
36663
36761
36664
36762
36665
36763
36666
36764
36667
36765
36668
36766
36669
36767
36670
36768
36671
36769
36672
36770
36673
36771
36674
36772
36675
36773
36676
36774
36677
36775
36678
36776
36679
36777
36680
36778
36681
36779
36682
36780
36683
36781
36684
36782
36685
36783
36686
36784
36687
36785
36688
36786
36689
36787
36690
36788
36691
36789
36692
36790
36693
36791
36694
36792
36695
36793
36696
36794
36697
36795
36698
36796
36699
36797
36700
36798
36701
36799
36702
36800
36703
36801
36704
36802
36705
36803
36706
36804
36707
36805
36708
36806
36709
36807
36710
36808
36711
36809
36712
36810
36713
36811
36714
36812
36715
36813
36716
36814
36717
36815
36718
36816
36719
36817
36720
36818
36721
36819
36722
36820
36723
36821
36724
36822
36725
36823
36726
36824
36727
36825
36728
36826
36729
36827
36730
36828
36731
36829
36732
36830
36733
36831
36734
36832
36735
36833
36736
36834
36737
36835
36738
36836
36739
36837
36740
36838
36741
36839
36742
36840
36743
36841
36744
36842
36745
36843
36746
36844
36747
36845
36748
36846
36749
36847
36848
36751
36849
36752
36850
36753
36851
36754
36852
36755
36853
36756
36854
36757
36855
36758
36856
36759
36857
36760
36858
36761
36859
36762
36860
36763
36861
36764
36862
36765
36863
36766
36864
36767
36865
36768
36866
36769
36867
36770
36868
36771
36869
36772
36870
36773
36871
36774
36872
36775
36873
36776
36874
36777
36875
36778
36876
36779
36877
36780
36878
36781
36879
36782
36880
36783
36881
36784
36882
36785
36883
36786
36884
36787
36885
36788
36886
36789
36887
36790
36888
36791
36889
36792
36890
36793
36891
36794
36892
36795
36893
36796
36894
36797
36895
36798
36896
36799
36897
36800
36898
36801
36899
36802
36900
36803
36901
36804
36902
36805
36903
36806
36904
36807
36905
36808
36906
36809
36907
36810
36908
36811
36909
36812
36910
36813
36911
36814
36912
36815
36913
36816
36914
36817
36915
36818
36916
36819
36917
36820
36918
36821
36919
36822
36920
36823
36921
36824
36922
36825
36923
36826
36924
36827
36925
36828
36926
36829
36927
36830
36928
36831
36929
36832
36930
36833
36931
36834
36932
36835
36933
36836
36934
36837
36935
36838
36936
36839
36937
36840
36938
36841
36939
36842
36940
36843
36941
36844
36942
36845
36943
36846
36944
36847
36945
36848
36946
36947
36850
36948
36851
36949
36852
36950
36853
36951
36854
36952
36855
36953
36856
36954
36857
36955
36858
36956
36859
36957
36860
36958
36861
36959
36862
36960
36863
36961
36864
36962
36865
36963
36866
36964
36867
36965
36868
36966
36869
36967
36870
36968
36871
36969
36872
36970
36873
36971
36874
36972
36875
36973
36876
36974
36877
36975
36878
36976
36879
36977
36880
36978
36881
36979
36882
36980
36883
36981
36884
36982
36885
36983
36886
36984
36887
36985
36888
36986
36889
36987
36890
36988
36891
36989
36892
36990
36893
36991
36894
36992
36895
36993
36896
36994
36897
36995
36898
36996
36899
36997
36900
36998
36901
36999
36902
37000
36903
37001
36904
37002
36905
37003
36906
37004
36907
37005
36908
37006
36909
37007
36910
37008
36911
37009
36912
37010
36913
37011
36914
37012
36915
37013
36916
37014
36917
37015
36918
37016
36919
37017
36920
37018
36921
37019
36922
37020
36923
37021
36924
37022
36925
37023
36926
37024
36927
37025
36928
37026
36929
37027
36930
37028
36931
37029
36932
37030
36933
37031
36934
37032
36935
37033
36936
37034
36937
37035
36938
37036
36939
37037
36940
37038
36941
37039
36942
37040
36943
37041
36944
37042
36945
37043
36946
37044
36947
37045
37046
36949
37047
36950
37048
36951
37049
36952
37050
36953
37051
36954
37052
36955
37053
36956
37054
36957
37055
36958
37056
36959
37057
36960
37058
36961
37059
36962
37060
36963
37061
36964
37062
36965
37063
36966
37064
36967
37065
36968
37066
36969
37067
36970
37068
36971
37069
36972
37070
36973
37071
36974
37072
36975
37073
36976
37074
36977
37075
36978
37076
36979
37077
36980
37078
36981
37079
36982
37080
36983
37081
36984
37082
36985
37083
36986
37084
36987
37085
36988
37086
36989
37087
36990
37088
36991
37089
36992
37090
36993
37091
36994
37092
36995
37093
36996
37094
36997
37095
36998
37096
36999
37097
37000
37098
37001
37099
37002
37100
37003
37101
37004
37102
37005
37103
37006
37104
37007
37105
37008
37106
37009
37107
37010
37108
37011
37109
37012
37110
37013
37111
37014
37112
37015
37113
37016
37114
37017
37115
37018
37116
37019
37117
37020
37118
37021
37119
37022
37120
37023
37121
37024
37122
37025
37123
37026
37124
37027
37125
37028
37126
37029
37127
37030
37128
37031
37129
37032
37130
37033
37131
37034
37132
37035
37133
37036
37134
37037
37135
37038
37136
37039
37137
37040
37138
37041
37139
37042
37140
37043
37141
37044
37142
37045
37143
37046
37144
37145
37048
37146
37049
37147
37050
37148
37051
37149
37052
37150
37053
37151
37054
37152
37055
37153
37056
37154
37057
37155
37058
37156
37059
37157
37060
37158
37061
37159
37062
37160
37063
37161
37064
37162
37065
37163
37066
37164
37067
37165
37068
37166
37069
37167
37070
37168
37071
37169
37072
37170
37073
37171
37074
37172
37075
37173
37076
37174
37077
37175
37078
37176
37079
37177
37080
37178
37081
37179
37082
37180
37083
37181
37084
37182
37085
37183
37086
37184
37087
37185
37088
37186
37089
37187
37090
37188
37091
37189
37092
37190
37093
37191
37094
37192
37095
37193
37096
37194
37097
37195
37098
37196
37099
37197
37100
37198
37101
37199
37102
37200
37103
37201
37104
37202
37105
37203
37106
37204
37107
37205
37108
37206
37109
37207
37110
37208
37111
37209
37112
37210
37113
37211
37114
37212
37115
37213
37116
37214
37117
37215
37118
37216
37119
37217
37120
37218
37121
37219
37122
37220
37123
37221
37124
37222
37125
37223
37126
37224
37127
37225
37128
37226
37129
37227
37130
37228
37131
37229
37132
37230
37133
37231
37134
37232
37135
37233
37136
37234
37137
37235
37138
37236
37139
37237
37140
37238
37141
37239
37142
37240
37143
37241
37144
37242
37145
37243
37244
37147
37245
37148
37246
37149
37247
37150
37248
37151
37249
37152
37250
37153
37251
37154
37252
37155
37253
37156
37254
37157
37255
37158
37256
37159
37257
37160
37258
37161
37259
37162
37260
37163
37261
37164
37262
37165
37263
37166
37264
37167
37265
37168
37266
37169
37267
37170
37268
37171
37269
37172
37270
37173
37271
37174
37272
37175
37273
37176
37274
37177
37275
37178
37276
37179
37277
37180
37278
37181
37279
37182
37280
37183
37281
37184
37282
37185
37283
37186
37284
37187
37285
37188
37286
37189
37287
37190
37288
37191
37289
37192
37290
37193
37291
37194
37292
37195
37293
37196
37294
37197
37295
37198
37296
37199
37297
37200
37298
37201
37299
37202
37300
37203
37301
37204
37302
37205
37303
37206
37304
37207
37305
37208
37306
37209
37307
37210
37308
37211
37309
37212
37310
37213
37311
37214
37312
37215
37313
37216
37314
37217
37315
37218
37316
37219
37317
37220
37318
37221
37319
37222
37320
37223
37321
37224
37322
37225
37323
37226
37324
37227
37325
37228
37326
37229
37327
37230
37328
37231
37329
37232
37330
37233
37331
37234
37332
37235
37333
37236
37334
37237
37335
37238
37336
37239
37337
37240
37338
37241
37339
37242
37340
37243
37341
37244
37342
37343
37246
37344
37247
37345
37248
37346
37249
37347
37250
37348
37251
37349
37252
37350
37253
37351
37254
37352
37255
37353
37256
37354
37257
37355
37258
37356
37259
37357
37260
37358
37261
37359
37262
37360
37263
37361
37264
37362
37265
37363
37266
37364
37267
37365
37268
37366
37269
37367
37270
37368
37271
37369
37272
37370
37273
37371
37274
37372
37275
37373
37276
37374
37277
37375
37278
37376
37279
37377
37280
37378
37281
37379
37282
37380
37283
37381
37284
37382
37285
37383
37286
37384
37287
37385
37288
37386
37289
37387
37290
37388
37291
37389
37292
37390
37293
37391
37294
37392
37295
37393
37296
37394
37297
37395
37298
37396
37299
37397
37300
37398
37301
37399
37302
37400
37303
37401
37304
37402
37305
37403
37306
37404
37307
37405
37308
37406
37309
37407
37310
37408
37311
37409
37312
37410
37313
37411
37314
37412
37315
37413
37316
37414
37317
37415
37318
37416
37319
37417
37320
37418
37321
37419
37322
37420
37323
37421
37324
37422
37325
37423
37326
37424
37327
37425
37328
37426
37329
37427
37330
37428
37331
37429
37332
37430
37333
37431
37334
37432
37335
37433
37336
37434
37337
37435
37338
37436
37339
37437
37340
37438
37341
37439
37342
37440
37343
37441
37442
37345
37443
37346
37444
37347
37445
37348
37446
37349
37447
37350
37448
37351
37449
37352
37450
37353
37451
37354
37452
37355
37453
37356
37454
37357
37455
37358
37456
37359
37457
37360
37458
37361
37459
37362
37460
37363
37461
37364
37462
37365
37463
37366
37464
37367
37465
37368
37466
37369
37467
37370
37468
37371
37469
37372
37470
37373
37471
37374
37472
37375
37473
37376
37474
37377
37475
37378
37476
37379
37477
37380
37478
37381
37479
37382
37480
37383
37481
37384
37482
37385
37483
37386
37484
37387
37485
37388
37486
37389
37487
37390
37488
37391
37489
37392
37490
37393
37491
37394
37492
37395
37493
37396
37494
37397
37495
37398
37496
37399
37497
37400
37498
37401
37499
37402
37500
37403
37501
37404
37502
37405
37503
37406
37504
37407
37505
37408
37506
37409
37507
37410
37508
37411
37509
37412
37510
37413
37511
37414
37512
37415
37513
37416
37514
37417
37515
37418
37516
37419
37517
37420
37518
37421
37519
37422
37520
37423
37521
37424
37522
37425
37523
37426
37524
37427
37525
37428
37526
37429
37527
37430
37528
37431
37529
37432
37530
37433
37531
37434
37532
37435
37533
37436
37534
37437
37535
37438
37536
37439
37537
37440
37538
37441
37539
37442
37540
37541
37444
37542
37445
37543
37446
37544
37447
37545
37448
37546
37449
37547
37450
37548
37451
37549
37452
37550
37453
37551
37454
37552
37455
37553
37456
37554
37457
37555
37458
37556
37459
37557
37460
37558
37461
37559
37462
37560
37463
37561
37464
37562
37465
37563
37466
37564
37467
37565
37468
37566
37469
37567
37470
37568
37471
37569
37472
37570
37473
37571
37474
37572
37475
37573
37476
37574
37477
37575
37478
37576
37479
37577
37480
37578
37481
37579
37482
37580
37483
37581
37484
37582
37485
37583
37486
37584
37487
37585
37488
37586
37489
37587
37490
37588
37491
37589
37492
37590
37493
37591
37494
37592
37495
37593
37496
37594
37497
37595
37498
37596
37499
37597
37500
37598
37501
37599
37502
37600
37503
37601
37504
37602
37505
37603
37506
37604
37507
37605
37508
37606
37509
37607
37510
37608
37511
37609
37512
37610
37513
37611
37514
37612
37515
37613
37516
37614
37517
37615
37518
37616
37519
37617
37520
37618
37521
37619
37522
37620
37523
37621
37524
37622
37525
37623
37526
37624
37527
37625
37528
37626
37529
37627
37530
37628
37531
37629
37532
37630
37533
37631
37534
37632
37535
37633
37536
37634
37537
37635
37538
37636
37539
37637
37540
37638
37541
37639
37640
37543
37641
37544
37642
37545
37643
37546
37644
37547
37645
37548
37646
37549
37647
37550
37648
37551
37649
37552
37650
37553
37651
37554
37652
37555
37653
37556
37654
37557
37655
37558
37656
37559
37657
37560
37658
37561
37659
37562
37660
37563
37661
37564
37662
37565
37663
37566
37664
37567
37665
37568
37666
37569
37667
37570
37668
37571
37669
37572
37670
37573
37671
37574
37672
37575
37673
37576
37674
37577
37675
37578
37676
37579
37677
37580
37678
37581
37679
37582
37680
37583
37681
37584
37682
37585
37683
37586
37684
37587
37685
37588
37686
37589
37687
37590
37688
37591
37689
37592
37690
37593
37691
37594
37692
37595
37693
37596
37694
37597
37695
37598
37696
37599
37697
37600
37698
37601
37699
37602
37700
37603
37701
37604
37702
37605
37703
37606
37704
37607
37705
37608
37706
37609
37707
37610
37708
37611
37709
37612
37710
37613
37711
37614
37712
37615
37713
37616
37714
37617
37715
37618
37716
37619
37717
37620
37718
37621
37719
37622
37720
37623
37721
37624
37722
37625
37723
37626
37724
37627
37725
37628
37726
37629
37727
37630
37728
37631
37729
37632
37730
37633
37731
37634
37732
37635
37733
37636
37734
37637
37735
37638
37736
37639
37737
37640
37738
37739
37642
37740
37643
37741
37644
37742
37645
37743
37646
37744
37647
37745
37648
37746
37649
37747
37650
37748
37651
37749
37652
37750
37653
37751
37654
37752
37655
37753
37656
37754
37657
37755
37658
37756
37659
37757
37660
37758
37661
37759
37662
37760
37663
37761
37664
37762
37665
37763
37666
37764
37667
37765
37668
37766
37669
37767
37670
37768
37671
37769
37672
37770
37673
37771
37674
37772
37675
37773
37676
37774
37677
37775
37678
37776
37679
37777
37680
37778
37681
37779
37682
37780
37683
37781
37684
37782
37685
37783
37686
37784
37687
37785
37688
37786
37689
37787
37690
37788
37691
37789
37692
37790
37693
37791
37694
37792
37695
37793
37696
37794
37697
37795
37698
37796
37699
37797
37700
37798
37701
37799
37702
37800
37703
37801
37704
37802
37705
37803
37706
37804
37707
37805
37708
37806
37709
37807
37710
37808
37711
37809
37712
37810
37713
37811
37714
37812
37715
37813
37716
37814
37717
37815
37718
37816
37719
37817
37720
37818
37721
37819
37722
37820
37723
37821
37724
37822
37725
37823
37726
37824
37727
37825
37728
37826
37729
37827
37730
37828
37731
37829
37732
37830
37733
37831
37734
37832
37735
37833
37736
37834
37737
37835
37738
37836
37739
37837
37838
37741
37839
37742
37840
37743
37841
37744
37842
37745
37843
37746
37844
37747
37845
37748
37846
37749
37847
37750
37848
37751
37849
37752
37850
37753
37851
37754
37852
37755
37853
37756
37854
37757
37855
37758
37856
37759
37857
37760
37858
37761
37859
37762
37860
37763
37861
37764
37862
37765
37863
37766
37864
37767
37865
37768
37866
37769
37867
37770
37868
37771
37869
37772
37870
37773
37871
37774
37872
37775
37873
37776
37874
37777
37875
37778
37876
37779
37877
37780
37878
37781
37879
37782
37880
37783
37881
37784
37882
37785
37883
37786
37884
37787
37885
37788
37886
37789
37887
37790
37888
37791
37889
37792
37890
37793
37891
37794
37892
37795
37893
37796
37894
37797
37895
37798
37896
37799
37897
37800
37898
37801
37899
37802
37900
37803
37901
37804
37902
37805
37903
37806
37904
37807
37905
37808
37906
37809
37907
37810
37908
37811
37909
37812
37910
37813
37911
37814
37912
37815
37913
37816
37914
37817
37915
37818
37916
37819
37917
37820
37918
37821
37919
37822
37920
37823
37921
37824
37922
37825
37923
37826
37924
37827
37925
37828
37926
37829
37927
37830
37928
37831
37929
37832
37930
37833
37931
37834
37932
37835
37933
37836
37934
37837
37935
37838
37936
37937
37840
37938
37841
37939
37842
37940
37843
37941
37844
37942
37845
37943
37846
37944
37847
37945
37848
37946
37849
37947
37850
37948
37851
37949
37852
37950
37853
37951
37854
37952
37855
37953
37856
37954
37857
37955
37858
37956
37859
37957
37860
37958
37861
37959
37862
37960
37863
37961
37864
37962
37865
37963
37866
37964
37867
37965
37868
37966
37869
37967
37870
37968
37871
37969
37872
37970
37873
37971
37874
37972
37875
37973
37876
37974
37877
37975
37878
37976
37879
37977
37880
37978
37881
37979
37882
37980
37883
37981
37884
37982
37885
37983
37886
37984
37887
37985
37888
37986
37889
37987
37890
37988
37891
37989
37892
37990
37893
37991
37894
37992
37895
37993
37896
37994
37897
37995
37898
37996
37899
37997
37900
37998
37901
37999
37902
38000
37903
38001
37904
38002
37905
38003
37906
38004
37907
38005
37908
38006
37909
38007
37910
38008
37911
38009
37912
38010
37913
38011
37914
38012
37915
38013
37916
38014
37917
38015
37918
38016
37919
38017
37920
38018
37921
38019
37922
38020
37923
38021
37924
38022
37925
38023
37926
38024
37927
38025
37928
38026
37929
38027
37930
38028
37931
38029
37932
38030
37933
38031
37934
38032
37935
38033
37936
38034
37937
38035
38036
37939
38037
37940
38038
37941
38039
37942
38040
37943
38041
37944
38042
37945
38043
37946
38044
37947
38045
37948
38046
37949
38047
37950
38048
37951
38049
37952
38050
37953
38051
37954
38052
37955
38053
37956
38054
37957
38055
37958
38056
37959
38057
37960
38058
37961
38059
37962
38060
37963
38061
37964
38062
37965
38063
37966
38064
37967
38065
37968
38066
37969
38067
37970
38068
37971
38069
37972
38070
37973
38071
37974
38072
37975
38073
37976
38074
37977
38075
37978
38076
37979
38077
37980
38078
37981
38079
37982
38080
37983
38081
37984
38082
37985
38083
37986
38084
37987
38085
37988
38086
37989
38087
37990
38088
37991
38089
37992
38090
37993
38091
37994
38092
37995
38093
37996
38094
37997
38095
37998
38096
37999
38097
38000
38098
38001
38099
38002
38100
38003
38101
38004
38102
38005
38103
38006
38104
38007
38105
38008
38106
38009
38107
38010
38108
38011
38109
38012
38110
38013
38111
38014
38112
38015
38113
38016
38114
38017
38115
38018
38116
38019
38117
38020
38118
38021
38119
38022
38120
38023
38121
38024
38122
38025
38123
38026
38124
38027
38125
38028
38126
38029
38127
38030
38128
38031
38129
38032
38130
38033
38131
38034
38132
38035
38133
38036
38134
38135
38038
38136
38039
38137
38040
38138
38041
38139
38042
38140
38043
38141
38044
38142
38045
38143
38046
38144
38047
38145
38048
38146
38049
38147
38050
38148
38051
38149
38052
38150
38053
38151
38054
38152
38055
38153
38056
38154
38057
38155
38058
38156
38059
38157
38060
38158
38061
38159
38062
38160
38063
38161
38064
38162
38065
38163
38066
38164
38067
38165
38068
38166
38069
38167
38070
38168
38071
38169
38072
38170
38073
38171
38074
38172
38075
38173
38076
38174
38077
38175
38078
38176
38079
38177
38080
38178
38081
38179
38082
38180
38083
38181
38084
38182
38085
38183
38086
38184
38087
38185
38088
38186
38089
38187
38090
38188
38091
38189
38092
38190
38093
38191
38094
38192
38095
38193
38096
38194
38097
38195
38098
38196
38099
38197
38100
38198
38101
38199
38102
38200
38103
38201
38104
38202
38105
38203
38106
38204
38107
38205
38108
38206
38109
38207
38110
38208
38111
38209
38112
38210
38113
38211
38114
38212
38115
38213
38116
38214
38117
38215
38118
38216
38119
38217
38120
38218
38121
38219
38122
38220
38123
38221
38124
38222
38125
38223
38126
38224
38127
38225
38128
38226
38129
38227
38130
38228
38131
38229
38132
38230
38133
38231
38134
38232
38135
38233
38234
38137
38235
38138
38236
38139
38237
38140
38238
38141
38239
38142
38240
38143
38241
38144
38242
38145
38243
38146
38244
38147
38245
38148
38246
38149
38247
38150
38248
38151
38249
38152
38250
38153
38251
38154
38252
38155
38253
38156
38254
38157
38255
38158
38256
38159
38257
38160
38258
38161
38259
38162
38260
38163
38261
38164
38262
38165
38263
38166
38264
38167
38265
38168
38266
38169
38267
38170
38268
38171
38269
38172
38270
38173
38271
38174
38272
38175
38273
38176
38274
38177
38275
38178
38276
38179
38277
38180
38278
38181
38279
38182
38280
38183
38281
38184
38282
38185
38283
38186
38284
38187
38285
38188
38286
38189
38287
38190
38288
38191
38289
38192
38290
38193
38291
38194
38292
38195
38293
38196
38294
38197
38295
38198
38296
38199
38297
38200
38298
38201
38299
38202
38300
38203
38301
38204
38302
38205
38303
38206
38304
38207
38305
38208
38306
38209
38307
38210
38308
38211
38309
38212
38310
38213
38311
38214
38312
38215
38313
38216
38314
38217
38315
38218
38316
38219
38317
38220
38318
38221
38319
38222
38320
38223
38321
38224
38322
38225
38323
38226
38324
38227
38325
38228
38326
38229
38327
38230
38328
38231
38329
38232
38330
38233
38331
38234
38332
38333
38236
38334
38237
38335
38238
38336
38239
38337
38240
38338
38241
38339
38242
38340
38243
38341
38244
38342
38245
38343
38246
38344
38247
38345
38248
38346
38249
38347
38250
38348
38251
38349
38252
38350
38253
38351
38254
38352
38255
38353
38256
38354
38257
38355
38258
38356
38259
38357
38260
38358
38261
38359
38262
38360
38263
38361
38264
38362
38265
38363
38266
38364
38267
38365
38268
38366
38269
38367
38270
38368
38271
38369
38272
38370
38273
38371
38274
38372
38275
38373
38276
38374
38277
38375
38278
38376
38279
38377
38280
38378
38281
38379
38282
38380
38283
38381
38284
38382
38285
38383
38286
38384
38287
38385
38288
38386
38289
38387
38290
38388
38291
38389
38292
38390
38293
38391
38294
38392
38295
38393
38296
38394
38297
38395
38298
38396
38299
38397
38300
38398
38301
38399
38302
38400
38303
38401
38304
38402
38305
38403
38306
38404
38307
38405
38308
38406
38309
38407
38310
38408
38311
38409
38312
38410
38313
38411
38314
38412
38315
38413
38316
38414
38317
38415
38318
38416
38319
38417
38320
38418
38321
38419
38322
38420
38323
38421
38324
38422
38325
38423
38326
38424
38327
38425
38328
38426
38329
38427
38330
38428
38331
38429
38332
38430
38333
38431
38432
38335
38433
38336
38434
38337
38435
38338
38436
38339
38437
38340
38438
38341
38439
38342
38440
38343
38441
38344
38442
38345
38443
38346
38444
38347
38445
38348
38446
38349
38447
38350
38448
38351
38449
38352
38450
38353
38451
38354
38452
38355
38453
38356
38454
38357
38455
38358
38456
38359
38457
38360
38458
38361
38459
38362
38460
38363
38461
38364
38462
38365
38463
38366
38464
38367
38465
38368
38466
38369
38467
38370
38468
38371
38469
38372
38470
38373
38471
38374
38472
38375
38473
38376
38474
38377
38475
38378
38476
38379
38477
38380
38478
38381
38479
38382
38480
38383
38481
38384
38482
38385
38483
38386
38484
38387
38485
38388
38486
38389
38487
38390
38488
38391
38489
38392
38490
38393
38491
38394
38492
38395
38493
38396
38494
38397
38495
38398
38496
38399
38497
38400
38498
38401
38499
38402
38500
38403
38501
38404
38502
38405
38503
38406
38504
38407
38505
38408
38506
38409
38507
38410
38508
38411
38509
38412
38510
38413
38511
38414
38512
38415
38513
38416
38514
38417
38515
38418
38516
38419
38517
38420
38518
38421
38519
38422
38520
38423
38521
38424
38522
38425
38523
38426
38524
38427
38525
38428
38526
38429
38527
38430
38528
38431
38529
38432
38530
38531
38434
38532
38435
38533
38436
38534
38437
38535
38438
38536
38439
38537
38440
38538
38441
38539
38442
38540
38443
38541
38444
38542
38445
38543
38446
38544
38447
38545
38448
38546
38449
38547
38450
38548
38451
38549
38452
38550
38453
38551
38454
38552
38455
38553
38456
38554
38457
38555
38458
38556
38459
38557
38460
38558
38461
38559
38462
38560
38463
38561
38464
38562
38465
38563
38466
38564
38467
38565
38468
38566
38469
38567
38470
38568
38471
38569
38472
38570
38473
38571
38474
38572
38475
38573
38476
38574
38477
38575
38478
38576
38479
38577
38480
38578
38481
38579
38482
38580
38483
38581
38484
38582
38485
38583
38486
38584
38487
38585
38488
38586
38489
38587
38490
38588
38491
38589
38492
38590
38493
38591
38494
38592
38495
38593
38496
38594
38497
38595
38498
38596
38499
38597
38500
38598
38501
38599
38502
38600
38503
38601
38504
38602
38505
38603
38506
38604
38507
38605
38508
38606
38509
38607
38510
38608
38511
38609
38512
38610
38513
38611
38514
38612
38515
38613
38516
38614
38517
38615
38518
38616
38519
38617
38520
38618
38521
38619
38522
38620
38523
38621
38524
38622
38525
38623
38526
38624
38527
38625
38528
38626
38529
38627
38530
38628
38531
38629
38630
38533
38631
38534
38632
38535
38633
38536
38634
38537
38635
38538
38636
38539
38637
38540
38638
38541
38639
38542
38640
38543
38641
38544
38642
38545
38643
38546
38644
38547
38645
38548
38646
38549
38647
38550
38648
38551
38649
38552
38650
38553
38651
38554
38652
38555
38653
38556
38654
38557
38655
38558
38656
38559
38657
38560
38658
38561
38659
38562
38660
38563
38661
38564
38662
38565
38663
38566
38664
38567
38665
38568
38666
38569
38667
38570
38668
38571
38669
38572
38670
38573
38671
38574
38672
38575
38673
38576
38674
38577
38675
38578
38676
38579
38677
38580
38678
38581
38679
38582
38680
38583
38681
38584
38682
38585
38683
38586
38684
38587
38685
38588
38686
38589
38687
38590
38688
38591
38689
38592
38690
38593
38691
38594
38692
38595
38693
38596
38694
38597
38695
38598
38696
38599
38697
38600
38698
38601
38699
38602
38700
38603
38701
38604
38702
38605
38703
38606
38704
38607
38705
38608
38706
38609
38707
38610
38708
38611
38709
38612
38710
38613
38711
38614
38712
38615
38713
38616
38714
38617
38715
38618
38716
38619
38717
38620
38718
38621
38719
38622
38720
38623
38721
38624
38722
38625
38723
38626
38724
38627
38725
38628
38726
38629
38727
38630
38728
38729
38632
38730
38633
38731
38634
38732
38635
38733
38636
38734
38637
38735
38638
38736
38639
38737
38640
38738
38641
38739
38642
38740
38643
38741
38644
38742
38645
38743
38646
38744
38647
38745
38648
38746
38649
38747
38650
38748
38651
38749
38652
38750
38653
38751
38654
38752
38655
38753
38656
38754
38657
38755
38658
38756
38659
38757
38660
38758
38661
38759
38662
38760
38663
38761
38664
38762
38665
38763
38666
38764
38667
38765
38668
38766
38669
38767
38670
38768
38671
38769
38672
38770
38673
38771
38674
38772
38675
38773
38676
38774
38677
38775
38678
38776
38679
38777
38680
38778
38681
38779
38682
38780
38683
38781
38684
38782
38685
38783
38686
38784
38687
38785
38688
38786
38689
38787
38690
38788
38691
38789
38692
38790
38693
38791
38694
38792
38695
38793
38696
38794
38697
38795
38698
38796
38699
38797
38700
38798
38701
38799
38702
38800
38703
38801
38704
38802
38705
38803
38706
38804
38707
38805
38708
38806
38709
38807
38710
38808
38711
38809
38712
38810
38713
38811
38714
38812
38715
38813
38716
38814
38717
38815
38718
38816
38719
38817
38720
38818
38721
38819
38722
38820
38723
38821
38724
38822
38725
38823
38726
38824
38727
38825
38728
38826
38729
38827
38828
38731
38829
38732
38830
38733
38831
38734
38832
38735
38833
38736
38834
38737
38835
38738
38836
38739
38837
38740
38838
38741
38839
38742
38840
38743
38841
38744
38842
38745
38843
38746
38844
38747
38845
38748
38846
38749
38847
38750
38848
38751
38849
38752
38850
38753
38851
38754
38852
38755
38853
38756
38854
38757
38855
38758
38856
38759
38857
38760
38858
38761
38859
38762
38860
38763
38861
38764
38862
38765
38863
38766
38864
38767
38865
38768
38866
38769
38867
38770
38868
38771
38869
38772
38870
38773
38871
38774
38872
38775
38873
38776
38874
38777
38875
38778
38876
38779
38877
38780
38878
38781
38879
38782
38880
38783
38881
38784
38882
38785
38883
38786
38884
38787
38885
38788
38886
38789
38887
38790
38888
38791
38889
38792
38890
38793
38891
38794
38892
38795
38893
38796
38894
38797
38895
38798
38896
38799
38897
38800
38898
38801
38899
38802
38900
38803
38901
38804
38902
38805
38903
38806
38904
38807
38905
38808
38906
38809
38907
38810
38908
38811
38909
38812
38910
38813
38911
38814
38912
38815
38913
38816
38914
38817
38915
38818
38916
38819
38917
38820
38918
38821
38919
38822
38920
38823
38921
38824
38922
38825
38923
38826
38924
38827
38925
38828
38926
38927
38830
38928
38831
38929
38832
38930
38833
38931
38834
38932
38835
38933
38836
38934
38837
38935
38838
38936
38839
38937
38840
38938
38841
38939
38842
38940
38843
38941
38844
38942
38845
38943
38846
38944
38847
38945
38848
38946
38849
38947
38850
38948
38851
38949
38852
38950
38853
38951
38854
38952
38855
38953
38856
38954
38857
38955
38858
38956
38859
38957
38860
38958
38861
38959
38862
38960
38863
38961
38864
38962
38865
38963
38866
38964
38867
38965
38868
38966
38869
38967
38870
38968
38871
38969
38872
38970
38873
38971
38874
38972
38875
38973
38876
38974
38877
38975
38878
38976
38879
38977
38880
38978
38881
38979
38882
38980
38883
38981
38884
38982
38885
38983
38886
38984
38887
38985
38888
38986
38889
38987
38890
38988
38891
38989
38892
38990
38893
38991
38894
38992
38895
38993
38896
38994
38897
38995
38898
38996
38899
38997
38900
38998
38901
38999
38902
39000
38903
39001
38904
39002
38905
39003
38906
39004
38907
39005
38908
39006
38909
39007
38910
39008
38911
39009
38912
39010
38913
39011
38914
39012
38915
39013
38916
39014
38917
39015
38918
39016
38919
39017
38920
39018
38921
39019
38922
39020
38923
39021
38924
39022
38925
39023
38926
39024
38927
39025
39026
38929
39027
38930
39028
38931
39029
38932
39030
38933
39031
38934
39032
38935
39033
38936
39034
38937
39035
38938
39036
38939
39037
38940
39038
38941
39039
38942
39040
38943
39041
38944
39042
38945
39043
38946
39044
38947
39045
38948
39046
38949
39047
38950
39048
38951
39049
38952
39050
38953
39051
38954
39052
38955
39053
38956
39054
38957
39055
38958
39056
38959
39057
38960
39058
38961
39059
38962
39060
38963
39061
38964
39062
38965
39063
38966
39064
38967
39065
38968
39066
38969
39067
38970
39068
38971
39069
38972
39070
38973
39071
38974
39072
38975
39073
38976
39074
38977
39075
38978
39076
38979
39077
38980
39078
38981
39079
38982
39080
38983
39081
38984
39082
38985
39083
38986
39084
38987
39085
38988
39086
38989
39087
38990
39088
38991
39089
38992
39090
38993
39091
38994
39092
38995
39093
38996
39094
38997
39095
38998
39096
38999
39097
39000
39098
39001
39099
39002
39100
39003
39101
39004
39102
39005
39103
39006
39104
39007
39105
39008
39106
39009
39107
39010
39108
39011
39109
39012
39110
39013
39111
39014
39112
39015
39113
39016
39114
39017
39115
39018
39116
39019
39117
39020
39118
39021
39119
39022
39120
39023
39121
39024
39122
39025
39123
39026
39124
39125
39028
39126
39029
39127
39030
39128
39031
39129
39032
39130
39033
39131
39034
39132
39035
39133
39036
39134
39037
39135
39038
39136
39039
39137
39040
39138
39041
39139
39042
39140
39043
39141
39044
39142
39045
39143
39046
39144
39047
39145
39048
39146
39049
39147
39050
39148
39051
39149
39052
39150
39053
39151
39054
39152
39055
39153
39056
39154
39057
39155
39058
39156
39059
39157
39060
39158
39061
39159
39062
39160
39063
39161
39064
39162
39065
39163
39066
39164
39067
39165
39068
39166
39069
39167
39070
39168
39071
39169
39072
39170
39073
39171
39074
39172
39075
39173
39076
39174
39077
39175
39078
39176
39079
39177
39080
39178
39081
39179
39082
39180
39083
39181
39084
39182
39085
39183
39086
39184
39087
39185
39088
39186
39089
39187
39090
39188
39091
39189
39092
39190
39093
39191
39094
39192
39095
39193
39096
39194
39097
39195
39098
39196
39099
39197
39100
39198
39101
39199
39102
39200
39103
39201
39104
39202
39105
39203
39106
39204
39107
39205
39108
39206
39109
39207
39110
39208
39111
39209
39112
39210
39113
39211
39114
39212
39115
39213
39116
39214
39117
39215
39118
39216
39119
39217
39120
39218
39121
39219
39122
39220
39123
39221
39124
39222
39125
39223
39224
39127
39225
39128
39226
39129
39227
39130
39228
39131
39229
39132
39230
39133
39231
39134
39232
39135
39233
39136
39234
39137
39235
39138
39236
39139
39237
39140
39238
39141
39239
39142
39240
39143
39241
39144
39242
39145
39243
39146
39244
39147
39245
39148
39246
39149
39247
39150
39248
39151
39249
39152
39250
39153
39251
39154
39252
39155
39253
39156
39254
39157
39255
39158
39256
39159
39257
39160
39258
39161
39259
39162
39260
39163
39261
39164
39262
39165
39263
39166
39264
39167
39265
39168
39266
39169
39267
39170
39268
39171
39269
39172
39270
39173
39271
39174
39272
39175
39273
39176
39274
39177
39275
39178
39276
39179
39277
39180
39278
39181
39279
39182
39280
39183
39281
39184
39282
39185
39283
39186
39284
39187
39285
39188
39286
39189
39287
39190
39288
39191
39289
39192
39290
39193
39291
39194
39292
39195
39293
39196
39294
39197
39295
39198
39296
39199
39297
39200
39298
39201
39299
39202
39300
39203
39301
39204
39302
39205
39303
39206
39304
39207
39305
39208
39306
39209
39307
39210
39308
39211
39309
39212
39310
39213
39311
39214
39312
39215
39313
39216
39314
39217
39315
39218
39316
39219
39317
39220
39318
39221
39319
39222
39320
39223
39321
39224
39322
39323
39226
39324
39227
39325
39228
39326
39229
39327
39230
39328
39231
39329
39232
39330
39233
39331
39234
39332
39235
39333
39236
39334
39237
39335
39238
39336
39239
39337
39240
39338
39241
39339
39242
39340
39243
39341
39244
39342
39245
39343
39246
39344
39247
39345
39248
39346
39249
39347
39250
39348
39251
39349
39252
39350
39253
39351
39254
39352
39255
39353
39256
39354
39257
39355
39258
39356
39259
39357
39260
39358
39261
39359
39262
39360
39263
39361
39264
39362
39265
39363
39266
39364
39267
39365
39268
39366
39269
39367
39270
39368
39271
39369
39272
39370
39273
39371
39274
39372
39275
39373
39276
39374
39277
39375
39278
39376
39279
39377
39280
39378
39281
39379
39282
39380
39283
39381
39284
39382
39285
39383
39286
39384
39287
39385
39288
39386
39289
39387
39290
39388
39291
39389
39292
39390
39293
39391
39294
39392
39295
39393
39296
39394
39297
39395
39298
39396
39299
39397
39300
39398
39301
39399
39302
39400
39303
39401
39304
39402
39305
39403
39306
39404
39307
39405
39308
39406
39309
39407
39310
39408
39311
39409
39312
39410
39313
39411
39314
39412
39315
39413
39316
39414
39317
39415
39318
39416
39319
39417
39320
39418
39321
39419
39322
39420
39323
39421
39422
39325
39423
39326
39424
39327
39425
39328
39426
39329
39427
39330
39428
39331
39429
39332
39430
39333
39431
39334
39432
39335
39433
39336
39434
39337
39435
39338
39436
39339
39437
39340
39438
39341
39439
39342
39440
39343
39441
39344
39442
39345
39443
39346
39444
39347
39445
39348
39446
39349
39447
39350
39448
39351
39449
39352
39450
39353
39451
39354
39452
39355
39453
39356
39454
39357
39455
39358
39456
39359
39457
39360
39458
39361
39459
39362
39460
39363
39461
39364
39462
39365
39463
39366
39464
39367
39465
39368
39466
39369
39467
39370
39468
39371
39469
39372
39470
39373
39471
39374
39472
39375
39473
39376
39474
39377
39475
39378
39476
39379
39477
39380
39478
39381
39479
39382
39480
39383
39481
39384
39482
39385
39483
39386
39484
39387
39485
39388
39486
39389
39487
39390
39488
39391
39489
39392
39490
39393
39491
39394
39492
39395
39493
39396
39494
39397
39495
39398
39496
39399
39497
39400
39498
39401
39499
39402
39500
39403
39501
39404
39502
39405
39503
39406
39504
39407
39505
39408
39506
39409
39507
39410
39508
39411
39509
39412
39510
39413
39511
39414
39512
39415
39513
39416
39514
39417
39515
39418
39516
39419
39517
39420
39518
39421
39519
39422
39520
39521
39424
39522
39425
39523
39426
39524
39427
39525
39428
39526
39429
39527
39430
39528
39431
39529
39432
39530
39433
39531
39434
39532
39435
39533
39436
39534
39437
39535
39438
39536
39439
39537
39440
39538
39441
39539
39442
39540
39443
39541
39444
39542
39445
39543
39446
39544
39447
39545
39448
39546
39449
39547
39450
39548
39451
39549
39452
39550
39453
39551
39454
39552
39455
39553
39456
39554
39457
39555
39458
39556
39459
39557
39460
39558
39461
39559
39462
39560
39463
39561
39464
39562
39465
39563
39466
39564
39467
39565
39468
39566
39469
39567
39470
39568
39471
39569
39472
39570
39473
39571
39474
39572
39475
39573
39476
39574
39477
39575
39478
39576
39479
39577
39480
39578
39481
39579
39482
39580
39483
39581
39484
39582
39485
39583
39486
39584
39487
39585
39488
39586
39489
39587
39490
39588
39491
39589
39492
39590
39493
39591
39494
39592
39495
39593
39496
39594
39497
39595
39498
39596
39499
39597
39500
39598
39501
39599
39502
39600
39503
39601
39504
39602
39505
39603
39506
39604
39507
39605
39508
39606
39509
39607
39510
39608
39511
39609
39512
39610
39513
39611
39514
39612
39515
39613
39516
39614
39517
39615
39518
39616
39519
39617
39520
39618
39521
39619
39620
39523
39621
39524
39622
39525
39623
39526
39624
39527
39625
39528
39626
39529
39627
39530
39628
39531
39629
39532
39630
39533
39631
39534
39632
39535
39633
39536
39634
39537
39635
39538
39636
39539
39637
39540
39638
39541
39639
39542
39640
39543
39641
39544
39642
39545
39643
39546
39644
39547
39645
39548
39646
39549
39647
39550
39648
39551
39649
39552
39650
39553
39651
39554
39652
39555
39653
39556
39654
39557
39655
39558
39656
39559
39657
39560
39658
39561
39659
39562
39660
39563
39661
39564
39662
39565
39663
39566
39664
39567
39665
39568
39666
39569
39667
39570
39668
39571
39669
39572
39670
39573
39671
39574
39672
39575
39673
39576
39674
39577
39675
39578
39676
39579
39677
39580
39678
39581
39679
39582
39680
39583
39681
39584
39682
39585
39683
39586
39684
39587
39685
39588
39686
39589
39687
39590
39688
39591
39689
39592
39690
39593
39691
39594
39692
39595
39693
39596
39694
39597
39695
39598
39696
39599
39697
39600
39698
39601
39699
39602
39700
39603
39701
39604
39702
39605
39703
39606
39704
39607
39705
39608
39706
39609
39707
39610
39708
39611
39709
39612
39710
39613
39711
39614
39712
39615
39713
39616
39714
39617
39715
39618
39716
39619
39717
39620
39718
39719
39622
39720
39623
39721
39624
39722
39625
39723
39626
39724
39627
39725
39628
39726
39629
39727
39630
39728
39631
39729
39632
39730
39633
39731
39634
39732
39635
39733
39636
39734
39637
39735
39638
39736
39639
39737
39640
39738
39641
39739
39642
39740
39643
39741
39644
39742
39645
39743
39646
39744
39647
39745
39648
39746
39649
39747
39650
39748
39651
39749
39652
39750
39653
39751
39654
39752
39655
39753
39656
39754
39657
39755
39658
39756
39659
39757
39660
39758
39661
39759
39662
39760
39663
39761
39664
39762
39665
39763
39666
39764
39667
39765
39668
39766
39669
39767
39670
39768
39671
39769
39672
39770
39673
39771
39674
39772
39675
39773
39676
39774
39677
39775
39678
39776
39679
39777
39680
39778
39681
39779
39682
39780
39683
39781
39684
39782
39685
39783
39686
39784
39687
39785
39688
39786
39689
39787
39690
39788
39691
39789
39692
39790
39693
39791
39694
39792
39695
39793
39696
39794
39697
39795
39698
39796
39699
39797
39700
39798
39701
39799
39702
39800
39703
39801
39704
39802
39705
39803
39706
39804
39707
39805
39708
39806
39709
39807
39710
39808
39711
39809
39712
39810
39713
39811
39714
39812
39715
39813
39716
39814
39717
39815
39718
39816
39719
39817
39818
39721
39819
39722
39820
39723
39821
39724
39822
39725
39823
39726
39824
39727
39825
39728
39826
39729
39827
39730
39828
39731
39829
39732
39830
39733
39831
39734
39832
39735
39833
39736
39834
39737
39835
39738
39836
39739
39837
39740
39838
39741
39839
39742
39840
39743
39841
39744
39842
39745
39843
39746
39844
39747
39845
39748
39846
39749
39847
39750
39848
39751
39849
39752
39850
39753
39851
39754
39852
39755
39853
39756
39854
39757
39855
39758
39856
39759
39857
39760
39858
39761
39859
39762
39860
39763
39861
39764
39862
39765
39863
39766
39864
39767
39865
39768
39866
39769
39867
39770
39868
39771
39869
39772
39870
39773
39871
39774
39872
39775
39873
39776
39874
39777
39875
39778
39876
39779
39877
39780
39878
39781
39879
39782
39880
39783
39881
39784
39882
39785
39883
39786
39884
39787
39885
39788
39886
39789
39887
39790
39888
39791
39889
39792
39890
39793
39891
39794
39892
39795
39893
39796
39894
39797
39895
39798
39896
39799
39897
39800
39898
39801
39899
39802
39900
39803
39901
39804
39902
39805
39903
39806
39904
39807
39905
39808
39906
39809
39907
39810
39908
39811
39909
39812
39910
39813
39911
39814
39912
39815
39913
39816
39914
39817
39915
39818
39916
39917
39820
39918
39821
39919
39822
39920
39823
39921
39824
39922
39825
39923
39826
39924
39827
39925
39828
39926
39829
39927
39830
39928
39831
39929
39832
39930
39833
39931
39834
39932
39835
39933
39836
39934
39837
39935
39838
39936
39839
39937
39840
39938
39841
39939
39842
39940
39843
39941
39844
39942
39845
39943
39846
39944
39847
39945
39848
39946
39849
39947
39850
39948
39851
39949
39852
39950
39853
39951
39854
39952
39855
39953
39856
39954
39857
39955
39858
39956
39859
39957
39860
39958
39861
39959
39862
39960
39863
39961
39864
39962
39865
39963
39866
39964
39867
39965
39868
39966
39869
39967
39870
39968
39871
39969
39872
39970
39873
39971
39874
39972
39875
39973
39876
39974
39877
39975
39878
39976
39879
39977
39880
39978
39881
39979
39882
39980
39883
39981
39884
39982
39885
39983
39886
39984
39887
39985
39888
39986
39889
39987
39890
39988
39891
39989
39892
39990
39893
39991
39894
39992
39895
39993
39896
39994
39897
39995
39898
39996
39899
39997
39900
39998
39901
39999
39902
40000
39903
40001
39904
40002
39905
40003
39906
40004
39907
40005
39908
40006
39909
40007
39910
40008
39911
40009
39912
40010
39913
40011
39914
40012
39915
40013
39916
40014
39917
40015
40016
39919
40017
39920
40018
39921
40019
39922
40020
39923
40021
39924
40022
39925
40023
39926
40024
39927
40025
39928
40026
39929
40027
39930
40028
39931
40029
39932
40030
39933
40031
39934
40032
39935
40033
39936
40034
39937
40035
39938
40036
39939
40037
39940
40038
39941
40039
39942
40040
39943
40041
39944
40042
39945
40043
39946
40044
39947
40045
39948
40046
39949
40047
39950
40048
39951
40049
39952
40050
39953
40051
39954
40052
39955
40053
39956
40054
39957
40055
39958
40056
39959
40057
39960
40058
39961
40059
39962
40060
39963
40061
39964
40062
39965
40063
39966
40064
39967
40065
39968
40066
39969
40067
39970
40068
39971
40069
39972
40070
39973
40071
39974
40072
39975
40073
39976
40074
39977
40075
39978
40076
39979
40077
39980
40078
39981
40079
39982
40080
39983
40081
39984
40082
39985
40083
39986
40084
39987
40085
39988
40086
39989
40087
39990
40088
39991
40089
39992
40090
39993
40091
39994
40092
39995
40093
39996
40094
39997
40095
39998
40096
39999
40097
40000
40098
40001
40099
40002
40100
40003
40101
40004
40102
40005
40103
40006
40104
40007
40105
40008
40106
40009
40107
40010
40108
40011
40109
40012
40110
40013
40111
40014
40112
40015
40113
40016
40114
40115
40018
40116
40019
40117
40020
40118
40021
40119
40022
40120
40023
40121
40024
40122
40025
40123
40026
40124
40027
40125
40028
40126
40029
40127
40030
40128
40031
40129
40032
40130
40033
40131
40034
40132
40035
40133
40036
40134
40037
40135
40038
40136
40039
40137
40040
40138
40041
40139
40042
40140
40043
40141
40044
40142
40045
40143
40046
40144
40047
40145
40048
40146
40049
40147
40050
40148
40051
40149
40052
40150
40053
40151
40054
40152
40055
40153
40056
40154
40057
40155
40058
40156
40059
40157
40060
40158
40061
40159
40062
40160
40063
40161
40064
40162
40065
40163
40066
40164
40067
40165
40068
40166
40069
40167
40070
40168
40071
40169
40072
40170
40073
40171
40074
40172
40075
40173
40076
40174
40077
40175
40078
40176
40079
40177
40080
40178
40081
40179
40082
40180
40083
40181
40084
40182
40085
40183
40086
40184
40087
40185
40088
40186
40089
40187
40090
40188
40091
40189
40092
40190
40093
40191
40094
40192
40095
40193
40096
40194
40097
40195
40098
40196
40099
40197
40100
40198
40101
40199
40102
40200
40103
40201
40104
40202
40105
40203
40106
40204
40107
40205
40108
40206
40109
40207
40110
40208
40111
40209
40112
40210
40113
40211
40114
40212
40115
40213
40214
40117
40215
40118
40216
40119
40217
40120
40218
40121
40219
40122
40220
40123
40221
40124
40222
40125
40223
40126
40224
40127
40225
40128
40226
40129
40227
40130
40228
40131
40229
40132
40230
40133
40231
40134
40232
40135
40233
40136
40234
40137
40235
40138
40236
40139
40237
40140
40238
40141
40239
40142
40240
40143
40241
40144
40242
40145
40243
40146
40244
40147
40245
40148
40246
40149
40247
40150
40248
40151
40249
40152
40250
40153
40251
40154
40252
40155
40253
40156
40254
40157
40255
40158
40256
40159
40257
40160
40258
40161
40259
40162
40260
40163
40261
40164
40262
40165
40263
40166
40264
40167
40265
40168
40266
40169
40267
40170
40268
40171
40269
40172
40270
40173
40271
40174
40272
40175
40273
40176
40274
40177
40275
40178
40276
40179
40277
40180
40278
40181
40279
40182
40280
40183
40281
40184
40282
40185
40283
40186
40284
40187
40285
40188
40286
40189
40287
40190
40288
40191
40289
40192
40290
40193
40291
40194
40292
40195
40293
40196
40294
40197
40295
40198
40296
40199
40297
40200
40298
40201
40299
40202
40300
40203
40301
40204
40302
40205
40303
40206
40304
40207
40305
40208
40306
40209
40307
40210
40308
40211
40309
40212
40310
40213
40311
40214
40312
40313
40216
40314
40217
40315
40218
40316
40219
40317
40220
40318
40221
40319
40222
40320
40223
40321
40224
40322
40225
40323
40226
40324
40227
40325
40228
40326
40229
40327
40230
40328
40231
40329
40232
40330
40233
40331
40234
40332
40235
40333
40236
40334
40237
40335
40238
40336
40239
40337
40240
40338
40241
40339
40242
40340
40243
40341
40244
40342
40245
40343
40246
40344
40247
40345
40248
40346
40249
40347
40250
40348
40251
40349
40252
40350
40253
40351
40254
40352
40255
40353
40256
40354
40257
40355
40258
40356
40259
40357
40260
40358
40261
40359
40262
40360
40263
40361
40264
40362
40265
40363
40266
40364
40267
40365
40268
40366
40269
40367
40270
40368
40271
40369
40272
40370
40273
40371
40274
40372
40275
40373
40276
40374
40277
40375
40278
40376
40279
40377
40280
40378
40281
40379
40282
40380
40283
40381
40284
40382
40285
40383
40286
40384
40287
40385
40288
40386
40289
40387
40290
40388
40291
40389
40292
40390
40293
40391
40294
40392
40295
40393
40296
40394
40297
40395
40298
40396
40299
40397
40300
40398
40301
40399
40302
40400
40303
40401
40304
40402
40305
40403
40306
40404
40307
40405
40308
40406
40309
40407
40310
40408
40311
40409
40312
40410
40313
40411
40412
40315
40413
40316
40414
40317
40415
40318
40416
40319
40417
40320
40418
40321
40419
40322
40420
40323
40421
40324
40422
40325
40423
40326
40424
40327
40425
40328
40426
40329
40427
40330
40428
40331
40429
40332
40430
40333
40431
40334
40432
40335
40433
40336
40434
40337
40435
40338
40436
40339
40437
40340
40438
40341
40439
40342
40440
40343
40441
40344
40442
40345
40443
40346
40444
40347
40445
40348
40446
40349
40447
40350
40448
40351
40449
40352
40450
40353
40451
40354
40452
40355
40453
40356
40454
40357
40455
40358
40456
40359
40457
40360
40458
40361
40459
40362
40460
40363
40461
40364
40462
40365
40463
40366
40464
40367
40465
40368
40466
40369
40467
40370
40468
40371
40469
40372
40470
40373
40471
40374
40472
40375
40473
40376
40474
40377
40475
40378
40476
40379
40477
40380
40478
40381
40479
40382
40480
40383
40481
40384
40482
40385
40483
40386
40484
40387
40485
40388
40486
40389
40487
40390
40488
40391
40489
40392
40490
40393
40491
40394
40492
40395
40493
40396
40494
40397
40495
40398
40496
40399
40497
40400
40498
40401
40499
40402
40500
40403
40501
40404
40502
40405
40503
40406
40504
40407
40505
40408
40506
40409
40507
40410
40508
40411
40509
40412
40510
40511
40414
40512
40415
40513
40416
40514
40417
40515
40418
40516
40419
40517
40420
40518
40421
40519
40422
40520
40423
40521
40424
40522
40425
40523
40426
40524
40427
40525
40428
40526
40429
40527
40430
40528
40431
40529
40432
40530
40433
40531
40434
40532
40435
40533
40436
40534
40437
40535
40438
40536
40439
40537
40440
40538
40441
40539
40442
40540
40443
40541
40444
40542
40445
40543
40446
40544
40447
40545
40448
40546
40449
40547
40450
40548
40451
40549
40452
40550
40453
40551
40454
40552
40455
40553
40456
40554
40457
40555
40458
40556
40459
40557
40460
40558
40461
40559
40462
40560
40463
40561
40464
40562
40465
40563
40466
40564
40467
40565
40468
40566
40469
40567
40470
40568
40471
40569
40472
40570
40473
40571
40474
40572
40475
40573
40476
40574
40477
40575
40478
40576
40479
40577
40480
40578
40481
40579
40482
40580
40483
40581
40484
40582
40485
40583
40486
40584
40487
40585
40488
40586
40489
40587
40490
40588
40491
40589
40492
40590
40493
40591
40494
40592
40495
40593
40496
40594
40497
40595
40498
40596
40499
40597
40500
40598
40501
40599
40502
40600
40503
40601
40504
40602
40505
40603
40506
40604
40507
40605
40508
40606
40509
40607
40510
40608
40511
40609
40610
40513
40611
40514
40612
40515
40613
40516
40614
40517
40615
40518
40616
40519
40617
40520
40618
40521
40619
40522
40620
40523
40621
40524
40622
40525
40623
40526
40624
40527
40625
40528
40626
40529
40627
40530
40628
40531
40629
40532
40630
40533
40631
40534
40632
40535
40633
40536
40634
40537
40635
40538
40636
40539
40637
40540
40638
40541
40639
40542
40640
40543
40641
40544
40642
40545
40643
40546
40644
40547
40645
40548
40646
40549
40647
40550
40648
40551
40649
40552
40650
40553
40651
40554
40652
40555
40653
40556
40654
40557
40655
40558
40656
40559
40657
40560
40658
40561
40659
40562
40660
40563
40661
40564
40662
40565
40663
40566
40664
40567
40665
40568
40666
40569
40667
40570
40668
40571
40669
40572
40670
40573
40671
40574
40672
40575
40673
40576
40674
40577
40675
40578
40676
40579
40677
40580
40678
40581
40679
40582
40680
40583
40681
40584
40682
40585
40683
40586
40684
40587
40685
40588
40686
40589
40687
40590
40688
40591
40689
40592
40690
40593
40691
40594
40692
40595
40693
40596
40694
40597
40695
40598
40696
40599
40697
40600
40698
40601
40699
40602
40700
40603
40701
40604
40702
40605
40703
40606
40704
40607
40705
40608
40706
40609
40707
40610
40708
40709
40612
40710
40613
40711
40614
40712
40615
40713
40616
40714
40617
40715
40618
40716
40619
40717
40620
40718
40621
40719
40622
40720
40623
40721
40624
40722
40625
40723
40626
40724
40627
40725
40628
40726
40629
40727
40630
40728
40631
40729
40632
40730
40633
40731
40634
40732
40635
40733
40636
40734
40637
40735
40638
40736
40639
40737
40640
40738
40641
40739
40642
40740
40643
40741
40644
40742
40645
40743
40646
40744
40647
40745
40648
40746
40649
40747
40650
40748
40651
40749
40652
40750
40653
40751
40654
40752
40655
40753
40656
40754
40657
40755
40658
40756
40659
40757
40660
40758
40661
40759
40662
40760
40663
40761
40664
40762
40665
40763
40666
40764
40667
40765
40668
40766
40669
40767
40670
40768
40671
40769
40672
40770
40673
40771
40674
40772
40675
40773
40676
40774
40677
40775
40678
40776
40679
40777
40680
40778
40681
40779
40682
40780
40683
40781
40684
40782
40685
40783
40686
40784
40687
40785
40688
40786
40689
40787
40690
40788
40691
40789
40692
40790
40693
40791
40694
40792
40695
40793
40696
40794
40697
40795
40698
40796
40699
40797
40700
40798
40701
40799
40702
40800
40703
40801
40704
40802
40705
40803
40706
40804
40707
40805
40708
40806
40709
40807
40808
40711
40809
40712
40810
40713
40811
40714
40812
40715
40813
40716
40814
40717
40815
40718
40816
40719
40817
40720
40818
40721
40819
40722
40820
40723
40821
40724
40822
40725
40823
40726
40824
40727
40825
40728
40826
40729
40827
40730
40828
40731
40829
40732
40830
40733
40831
40734
40832
40735
40833
40736
40834
40737
40835
40738
40836
40739
40837
40740
40838
40741
40839
40742
40840
40743
40841
40744
40842
40745
40843
40746
40844
40747
40845
40748
40846
40749
40847
40750
40848
40751
40849
40752
40850
40753
40851
40754
40852
40755
40853
40756
40854
40757
40855
40758
40856
40759
40857
40760
40858
40761
40859
40762
40860
40763
40861
40764
40862
40765
40863
40766
40864
40767
40865
40768
40866
40769
40867
40770
40868
40771
40869
40772
40870
40773
40871
40774
40872
40775
40873
40776
40874
40777
40875
40778
40876
40779
40877
40780
40878
40781
40879
40782
40880
40783
40881
40784
40882
40785
40883
40786
40884
40787
40885
40788
40886
40789
40887
40790
40888
40791
40889
40792
40890
40793
40891
40794
40892
40795
40893
40796
40894
40797
40895
40798
40896
40799
40897
40800
40898
40801
40899
40802
40900
40803
40901
40804
40902
40805
40903
40806
40904
40807
40905
40808
40906
40907
40810
40908
40811
40909
40812
40910
40813
40911
40814
40912
40815
40913
40816
40914
40817
40915
40818
40916
40819
40917
40820
40918
40821
40919
40822
40920
40823
40921
40824
40922
40825
40923
40826
40924
40827
40925
40828
40926
40829
40927
40830
40928
40831
40929
40832
40930
40833
40931
40834
40932
40835
40933
40836
40934
40837
40935
40838
40936
40839
40937
40840
40938
40841
40939
40842
40940
40843
40941
40844
40942
40845
40943
40846
40944
40847
40945
40848
40946
40849
40947
40850
40948
40851
40949
40852
40950
40853
40951
40854
40952
40855
40953
40856
40954
40857
40955
40858
40956
40859
40957
40860
40958
40861
40959
40862
40960
40863
40961
40864
40962
40865
40963
40866
40964
40867
40965
40868
40966
40869
40967
40870
40968
40871
40969
40872
40970
40873
40971
40874
40972
40875
40973
40876
40974
40877
40975
40878
40976
40879
40977
40880
40978
40881
40979
40882
40980
40883
40981
40884
40982
40885
40983
40886
40984
40887
40985
40888
40986
40889
40987
40890
40988
40891
40989
40892
40990
40893
40991
40894
40992
40895
40993
40896
40994
40897
40995
40898
40996
40899
40997
40900
40998
40901
40999
40902
41000
40903
41001
40904
41002
40905
41003
40906
41004
40907
41005
41006
40909
41007
40910
41008
40911
41009
40912
41010
40913
41011
40914
41012
40915
41013
40916
41014
40917
41015
40918
41016
40919
41017
40920
41018
40921
41019
40922
41020
40923
41021
40924
41022
40925
41023
40926
41024
40927
41025
40928
41026
40929
41027
40930
41028
40931
41029
40932
41030
40933
41031
40934
41032
40935
41033
40936
41034
40937
41035
40938
41036
40939
41037
40940
41038
40941
41039
40942
41040
40943
41041
40944
41042
40945
41043
40946
41044
40947
41045
40948
41046
40949
41047
40950
41048
40951
41049
40952
41050
40953
41051
40954
41052
40955
41053
40956
41054
40957
41055
40958
41056
40959
41057
40960
41058
40961
41059
40962
41060
40963
41061
40964
41062
40965
41063
40966
41064
40967
41065
40968
41066
40969
41067
40970
41068
40971
41069
40972
41070
40973
41071
40974
41072
40975
41073
40976
41074
40977
41075
40978
41076
40979
41077
40980
41078
40981
41079
40982
41080
40983
41081
40984
41082
40985
41083
40986
41084
40987
41085
40988
41086
40989
41087
40990
41088
40991
41089
40992
41090
40993
41091
40994
41092
40995
41093
40996
41094
40997
41095
40998
41096
40999
41097
41000
41098
41001
41099
41002
41100
41003
41101
41004
41102
41005
41103
41006
41104
41105
41008
41106
41009
41107
41010
41108
41011
41109
41012
41110
41013
41111
41014
41112
41015
41113
41016
41114
41017
41115
41018
41116
41019
41117
41020
41118
41021
41119
41022
41120
41023
41121
41024
41122
41025
41123
41026
41124
41027
41125
41028
41126
41029
41127
41030
41128
41031
41129
41032
41130
41033
41131
41034
41132
41035
41133
41036
41134
41037
41135
41038
41136
41039
41137
41040
41138
41041
41139
41042
41140
41043
41141
41044
41142
41045
41143
41046
41144
41047
41145
41048
41146
41049
41147
41050
41148
41051
41149
41052
41150
41053
41151
41054
41152
41055
41153
41056
41154
41057
41155
41058
41156
41059
41157
41060
41158
41061
41159
41062
41160
41063
41161
41064
41162
41065
41163
41066
41164
41067
41165
41068
41166
41069
41167
41070
41168
41071
41169
41072
41170
41073
41171
41074
41172
41075
41173
41076
41174
41077
41175
41078
41176
41079
41177
41080
41178
41081
41179
41082
41180
41083
41181
41084
41182
41085
41183
41086
41184
41087
41185
41088
41186
41089
41187
41090
41188
41091
41189
41092
41190
41093
41191
41094
41192
41095
41193
41096
41194
41097
41195
41098
41196
41099
41197
41100
41198
41101
41199
41102
41200
41103
41201
41104
41202
41105
41203
41204
41107
41205
41108
41206
41109
41207
41110
41208
41111
41209
41112
41210
41113
41211
41114
41212
41115
41213
41116
41214
41117
41215
41118
41216
41119
41217
41120
41218
41121
41219
41122
41220
41123
41221
41124
41222
41125
41223
41126
41224
41127
41225
41128
41226
41129
41227
41130
41228
41131
41229
41132
41230
41133
41231
41134
41232
41135
41233
41136
41234
41137
41235
41138
41236
41139
41237
41140
41238
41141
41239
41142
41240
41143
41241
41144
41242
41145
41243
41146
41244
41147
41245
41148
41246
41149
41247
41150
41248
41151
41249
41152
41250
41153
41251
41154
41252
41155
41253
41156
41254
41157
41255
41158
41256
41159
41257
41160
41258
41161
41259
41162
41260
41163
41261
41164
41262
41165
41263
41166
41264
41167
41265
41168
41266
41169
41267
41170
41268
41171
41269
41172
41270
41173
41271
41174
41272
41175
41273
41176
41274
41177
41275
41178
41276
41179
41277
41180
41278
41181
41279
41182
41280
41183
41281
41184
41282
41185
41283
41186
41284
41187
41285
41188
41286
41189
41287
41190
41288
41191
41289
41192
41290
41193
41291
41194
41292
41195
41293
41196
41294
41197
41295
41198
41296
41199
41297
41200
41298
41201
41299
41202
41300
41203
41301
41204
41302
41303
41206
41304
41207
41305
41208
41306
41209
41307
41210
41308
41211
41309
41212
41310
41213
41311
41214
41312
41215
41313
41216
41314
41217
41315
41218
41316
41219
41317
41220
41318
41221
41319
41222
41320
41223
41321
41224
41322
41225
41323
41226
41324
41227
41325
41228
41326
41229
41327
41230
41328
41231
41329
41232
41330
41233
41331
41234
41332
41235
41333
41236
41334
41237
41335
41238
41336
41239
41337
41240
41338
41241
41339
41242
41340
41243
41341
41244
41342
41245
41343
41246
41344
41247
41345
41248
41346
41249
41347
41250
41348
41251
41349
41252
41350
41253
41351
41254
41352
41255
41353
41256
41354
41257
41355
41258
41356
41259
41357
41260
41358
41261
41359
41262
41360
41263
41361
41264
41362
41265
41363
41266
41364
41267
41365
41268
41366
41269
41367
41270
41368
41271
41369
41272
41370
41273
41371
41274
41372
41275
41373
41276
41374
41277
41375
41278
41376
41279
41377
41280
41378
41281
41379
41282
41380
41283
41381
41284
41382
41285
41383
41286
41384
41287
41385
41288
41386
41289
41387
41290
41388
41291
41389
41292
41390
41293
41391
41294
41392
41295
41393
41296
41394
41297
41395
41298
41396
41299
41397
41300
41398
41301
41399
41302
41400
41303
41401
41402
41305
41403
41306
41404
41307
41405
41308
41406
41309
41407
41310
41408
41311
41409
41312
41410
41313
41411
41314
41412
41315
41413
41316
41414
41317
41415
41318
41416
41319
41417
41320
41418
41321
41419
41322
41420
41323
41421
41324
41422
41325
41423
41326
41424
41327
41425
41328
41426
41329
41427
41330
41428
41331
41429
41332
41430
41333
41431
41334
41432
41335
41433
41336
41434
41337
41435
41338
41436
41339
41437
41340
41438
41341
41439
41342
41440
41343
41441
41344
41442
41345
41443
41346
41444
41347
41445
41348
41446
41349
41447
41350
41448
41351
41449
41352
41450
41353
41451
41354
41452
41355
41453
41356
41454
41357
41455
41358
41456
41359
41457
41360
41458
41361
41459
41362
41460
41363
41461
41364
41462
41365
41463
41366
41464
41367
41465
41368
41466
41369
41467
41370
41468
41371
41469
41372
41470
41373
41471
41374
41472
41375
41473
41376
41474
41377
41475
41378
41476
41379
41477
41380
41478
41381
41479
41382
41480
41383
41481
41384
41482
41385
41483
41386
41484
41387
41485
41388
41486
41389
41487
41390
41488
41391
41489
41392
41490
41393
41491
41394
41492
41395
41493
41396
41494
41397
41495
41398
41496
41399
41497
41400
41498
41401
41499
41402
41500
41501
41404
41502
41405
41503
41406
41504
41407
41505
41408
41506
41409
41507
41410
41508
41411
41509
41412
41510
41413
41511
41414
41512
41415
41513
41416
41514
41417
41515
41418
41516
41419
41517
41420
41518
41421
41519
41422
41520
41423
41521
41424
41522
41425
41523
41426
41524
41427
41525
41428
41526
41429
41527
41430
41528
41431
41529
41432
41530
41433
41531
41434
41532
41435
41533
41436
41534
41437
41535
41438
41536
41439
41537
41440
41538
41441
41539
41442
41540
41443
41541
41444
41542
41445
41543
41446
41544
41447
41545
41448
41546
41449
41547
41450
41548
41451
41549
41452
41550
41453
41551
41454
41552
41455
41553
41456
41554
41457
41555
41458
41556
41459
41557
41460
41558
41461
41559
41462
41560
41463
41561
41464
41562
41465
41563
41466
41564
41467
41565
41468
41566
41469
41567
41470
41568
41471
41569
41472
41570
41473
41571
41474
41572
41475
41573
41476
41574
41477
41575
41478
41576
41479
41577
41480
41578
41481
41579
41482
41580
41483
41581
41484
41582
41485
41583
41486
41584
41487
41585
41488
41586
41489
41587
41490
41588
41491
41589
41492
41590
41493
41591
41494
41592
41495
41593
41496
41594
41497
41595
41498
41596
41499
41597
41500
41598
41501
41599
41600
41503
41601
41504
41602
41505
41603
41506
41604
41507
41605
41508
41606
41509
41607
41510
41608
41511
41609
41512
41610
41513
41611
41514
41612
41515
41613
41516
41614
41517
41615
41518
41616
41519
41617
41520
41618
41521
41619
41522
41620
41523
41621
41524
41622
41525
41623
41526
41624
41527
41625
41528
41626
41529
41627
41530
41628
41531
41629
41532
41630
41533
41631
41534
41632
41535
41633
41536
41634
41537
41635
41538
41636
41539
41637
41540
41638
41541
41639
41542
41640
41543
41641
41544
41642
41545
41643
41546
41644
41547
41645
41548
41646
41549
41647
41550
41648
41551
41649
41552
41650
41553
41651
41554
41652
41555
41653
41556
41654
41557
41655
41558
41656
41559
41657
41560
41658
41561
41659
41562
41660
41563
41661
41564
41662
41565
41663
41566
41664
41567
41665
41568
41666
41569
41667
41570
41668
41571
41669
41572
41670
41573
41671
41574
41672
41575
41673
41576
41674
41577
41675
41578
41676
41579
41677
41580
41678
41581
41679
41582
41680
41583
41681
41584
41682
41585
41683
41586
41684
41587
41685
41588
41686
41589
41687
41590
41688
41591
41689
41592
41690
41593
41691
41594
41692
41595
41693
41596
41694
41597
41695
41598
41696
41599
41697
41600
41698
41699
41602
41700
41603
41701
41604
41702
41605
41703
41606
41704
41607
41705
41608
41706
41609
41707
41610
41708
41611
41709
41612
41710
41613
41711
41614
41712
41615
41713
41616
41714
41617
41715
41618
41716
41619
41717
41620
41718
41621
41719
41622
41720
41623
41721
41624
41722
41625
41723
41626
41724
41627
41725
41628
41726
41629
41727
41630
41728
41631
41729
41632
41730
41633
41731
41634
41732
41635
41733
41636
41734
41637
41735
41638
41736
41639
41737
41640
41738
41641
41739
41642
41740
41643
41741
41644
41742
41645
41743
41646
41744
41647
41745
41648
41746
41649
41747
41650
41748
41651
41749
41652
41750
41653
41751
41654
41752
41655
41753
41656
41754
41657
41755
41658
41756
41659
41757
41660
41758
41661
41759
41662
41760
41663
41761
41664
41762
41665
41763
41666
41764
41667
41765
41668
41766
41669
41767
41670
41768
41671
41769
41672
41770
41673
41771
41674
41772
41675
41773
41676
41774
41677
41775
41678
41776
41679
41777
41680
41778
41681
41779
41682
41780
41683
41781
41684
41782
41685
41783
41686
41784
41687
41785
41688
41786
41689
41787
41690
41788
41691
41789
41692
41790
41693
41791
41694
41792
41695
41793
41696
41794
41697
41795
41698
41796
41699
41797
41798
41701
41799
41702
41800
41703
41801
41704
41802
41705
41803
41706
41804
41707
41805
41708
41806
41709
41807
41710
41808
41711
41809
41712
41810
41713
41811
41714
41812
41715
41813
41716
41814
41717
41815
41718
41816
41719
41817
41720
41818
41721
41819
41722
41820
41723
41821
41724
41822
41725
41823
41726
41824
41727
41825
41728
41826
41729
41827
41730
41828
41731
41829
41732
41830
41733
41831
41734
41832
41735
41833
41736
41834
41737
41835
41738
41836
41739
41837
41740
41838
41741
41839
41742
41840
41743
41841
41744
41842
41745
41843
41746
41844
41747
41845
41748
41846
41749
41847
41750
41848
41751
41849
41752
41850
41753
41851
41754
41852
41755
41853
41756
41854
41757
41855
41758
41856
41759
41857
41760
41858
41761
41859
41762
41860
41763
41861
41764
41862
41765
41863
41766
41864
41767
41865
41768
41866
41769
41867
41770
41868
41771
41869
41772
41870
41773
41871
41774
41872
41775
41873
41776
41874
41777
41875
41778
41876
41779
41877
41780
41878
41781
41879
41782
41880
41783
41881
41784
41882
41785
41883
41786
41884
41787
41885
41788
41886
41789
41887
41790
41888
41791
41889
41792
41890
41793
41891
41794
41892
41795
41893
41796
41894
41797
41895
41798
41896
41897
41800
41898
41801
41899
41802
41900
41803
41901
41804
41902
41805
41903
41806
41904
41807
41905
41808
41906
41809
41907
41810
41908
41811
41909
41812
41910
41813
41911
41814
41912
41815
41913
41816
41914
41817
41915
41818
41916
41819
41917
41820
41918
41821
41919
41822
41920
41823
41921
41824
41922
41825
41923
41826
41924
41827
41925
41828
41926
41829
41927
41830
41928
41831
41929
41832
41930
41833
41931
41834
41932
41835
41933
41836
41934
41837
41935
41838
41936
41839
41937
41840
41938
41841
41939
41842
41940
41843
41941
41844
41942
41845
41943
41846
41944
41847
41945
41848
41946
41849
41947
41850
41948
41851
41949
41852
41950
41853
41951
41854
41952
41855
41953
41856
41954
41857
41955
41858
41956
41859
41957
41860
41958
41861
41959
41862
41960
41863
41961
41864
41962
41865
41963
41866
41964
41867
41965
41868
41966
41869
41967
41870
41968
41871
41969
41872
41970
41873
41971
41874
41972
41875
41973
41876
41974
41877
41975
41878
41976
41879
41977
41880
41978
41881
41979
41882
41980
41883
41981
41884
41982
41885
41983
41886
41984
41887
41985
41888
41986
41889
41987
41890
41988
41891
41989
41892
41990
41893
41991
41894
41992
41895
41993
41896
41994
41897
41995
41996
41899
41997
41900
41998
41901
41999
41902
42000
41903
42001
41904
42002
41905
42003
41906
42004
41907
42005
41908
42006
41909
42007
41910
42008
41911
42009
41912
42010
41913
42011
41914
42012
41915
42013
41916
42014
41917
42015
41918
42016
41919
42017
41920
42018
41921
42019
41922
42020
41923
42021
41924
42022
41925
42023
41926
42024
41927
42025
41928
42026
41929
42027
41930
42028
41931
42029
41932
42030
41933
42031
41934
42032
41935
42033
41936
42034
41937
42035
41938
42036
41939
42037
41940
42038
41941
42039
41942
42040
41943
42041
41944
42042
41945
42043
41946
42044
41947
42045
41948
42046
41949
42047
41950
42048
41951
42049
41952
42050
41953
42051
41954
42052
41955
42053
41956
42054
41957
42055
41958
42056
41959
42057
41960
42058
41961
42059
41962
42060
41963
42061
41964
42062
41965
42063
41966
42064
41967
42065
41968
42066
41969
42067
41970
42068
41971
42069
41972
42070
41973
42071
41974
42072
41975
42073
41976
42074
41977
42075
41978
42076
41979
42077
41980
42078
41981
42079
41982
42080
41983
42081
41984
42082
41985
42083
41986
42084
41987
42085
41988
42086
41989
42087
41990
42088
41991
42089
41992
42090
41993
42091
41994
42092
41995
42093
41996
42094
42095
41998
42096
41999
42097
42000
42098
42001
42099
42002
42100
42003
42101
42004
42102
42005
42103
42006
42104
42007
42105
42008
42106
42009
42107
42010
42108
42011
42109
42012
42110
42013
42111
42014
42112
42015
42113
42016
42114
42017
42115
42018
42116
42019
42117
42020
42118
42021
42119
42022
42120
42023
42121
42024
42122
42025
42123
42026
42124
42027
42125
42028
42126
42029
42127
42030
42128
42031
42129
42032
42130
42033
42131
42034
42132
42035
42133
42036
42134
42037
42135
42038
42136
42039
42137
42040
42138
42041
42139
42042
42140
42043
42141
42044
42142
42045
42143
42046
42144
42047
42145
42048
42146
42049
42147
42050
42148
42051
42149
42052
42150
42053
42151
42054
42152
42055
42153
42056
42154
42057
42155
42058
42156
42059
42157
42060
42158
42061
42159
42062
42160
42063
42161
42064
42162
42065
42163
42066
42164
42067
42165
42068
42166
42069
42167
42070
42168
42071
42169
42072
42170
42073
42171
42074
42172
42075
42173
42076
42174
42077
42175
42078
42176
42079
42177
42080
42178
42081
42179
42082
42180
42083
42181
42084
42182
42085
42183
42086
42184
42087
42185
42088
42186
42089
42187
42090
42188
42091
42189
42092
42190
42093
42191
42094
42192
42095
42193
42194
42097
42195
42098
42196
42099
42197
42100
42198
42101
42199
42102
42200
42103
42201
42104
42202
42105
42203
42106
42204
42107
42205
42108
42206
42109
42207
42110
42208
42111
42209
42112
42210
42113
42211
42114
42212
42115
42213
42116
42214
42117
42215
42118
42216
42119
42217
42120
42218
42121
42219
42122
42220
42123
42221
42124
42222
42125
42223
42126
42224
42127
42225
42128
42226
42129
42227
42130
42228
42131
42229
42132
42230
42133
42231
42134
42232
42135
42233
42136
42234
42137
42235
42138
42236
42139
42237
42140
42238
42141
42239
42142
42240
42143
42241
42144
42242
42145
42243
42146
42244
42147
42245
42148
42246
42149
42247
42150
42248
42151
42249
42152
42250
42153
42251
42154
42252
42155
42253
42156
42254
42157
42255
42158
42256
42159
42257
42160
42258
42161
42259
42162
42260
42163
42261
42164
42262
42165
42263
42166
42264
42167
42265
42168
42266
42169
42267
42170
42268
42171
42269
42172
42270
42173
42271
42174
42272
42175
42273
42176
42274
42177
42275
42178
42276
42179
42277
42180
42278
42181
42279
42182
42280
42183
42281
42184
42282
42185
42283
42186
42284
42187
42285
42188
42286
42189
42287
42190
42288
42191
42289
42192
42290
42193
42291
42194
42292
42293
42196
42294
42197
42295
42198
42296
42199
42297
42200
42298
42201
42299
42202
42300
42203
42301
42204
42302
42205
42303
42206
42304
42207
42305
42208
42306
42209
42307
42210
42308
42211
42309
42212
42310
42213
42311
42214
42312
42215
42313
42216
42314
42217
42315
42218
42316
42219
42317
42220
42318
42221
42319
42222
42320
42223
42321
42224
42322
42225
42323
42226
42324
42227
42325
42228
42326
42229
42327
42230
42328
42231
42329
42232
42330
42233
42331
42234
42332
42235
42333
42236
42334
42237
42335
42238
42336
42239
42337
42240
42338
42241
42339
42242
42340
42243
42341
42244
42342
42245
42343
42246
42344
42247
42345
42248
42346
42249
42347
42250
42348
42251
42349
42252
42350
42253
42351
42254
42352
42255
42353
42256
42354
42257
42355
42258
42356
42259
42357
42260
42358
42261
42359
42262
42360
42263
42361
42264
42362
42265
42363
42266
42364
42267
42365
42268
42366
42269
42367
42270
42368
42271
42369
42272
42370
42273
42371
42274
42372
42275
42373
42276
42374
42277
42375
42278
42376
42279
42377
42280
42378
42281
42379
42282
42380
42283
42381
42284
42382
42285
42383
42286
42384
42287
42385
42288
42386
42289
42387
42290
42388
42291
42389
42292
42390
42293
42391
42392
42295
42393
42296
42394
42297
42395
42298
42396
42299
42397
42300
42398
42301
42399
42302
42400
42303
42401
42304
42402
42305
42403
42306
42404
42307
42405
42308
42406
42309
42407
42310
42408
42311
42409
42312
42410
42313
42411
42314
42412
42315
42413
42316
42414
42317
42415
42318
42416
42319
42417
42320
42418
42321
42419
42322
42420
42323
42421
42324
42422
42325
42423
42326
42424
42327
42425
42328
42426
42329
42427
42330
42428
42331
42429
42332
42430
42333
42431
42334
42432
42335
42433
42336
42434
42337
42435
42338
42436
42339
42437
42340
42438
42341
42439
42342
42440
42343
42441
42344
42442
42345
42443
42346
42444
42347
42445
42348
42446
42349
42447
42350
42448
42351
42449
42352
42450
42353
42451
42354
42452
42355
42453
42356
42454
42357
42455
42358
42456
42359
42457
42360
42458
42361
42459
42362
42460
42363
42461
42364
42462
42365
42463
42366
42464
42367
42465
42368
42466
42369
42467
42370
42468
42371
42469
42372
42470
42373
42471
42374
42472
42375
42473
42376
42474
42377
42475
42378
42476
42379
42477
42380
42478
42381
42479
42382
42480
42383
42481
42384
42482
42385
42483
42386
42484
42387
42485
42388
42486
42389
42487
42390
42488
42391
42489
42392
42490
42491
42394
42492
42395
42493
42396
42494
42397
42495
42398
42496
42399
42497
42400
42498
42401
42499
42402
42500
42403
42501
42404
42502
42405
42503
42406
42504
42407
42505
42408
42506
42409
42507
42410
42508
42411
42509
42412
42510
42413
42511
42414
42512
42415
42513
42416
42514
42417
42515
42418
42516
42419
42517
42420
42518
42421
42519
42422
42520
42423
42521
42424
42522
42425
42523
42426
42524
42427
42525
42428
42526
42429
42527
42430
42528
42431
42529
42432
42530
42433
42531
42434
42532
42435
42533
42436
42534
42437
42535
42438
42536
42439
42537
42440
42538
42441
42539
42442
42540
42443
42541
42444
42542
42445
42543
42446
42544
42447
42545
42448
42546
42449
42547
42450
42548
42451
42549
42452
42550
42453
42551
42454
42552
42455
42553
42456
42554
42457
42555
42458
42556
42459
42557
42460
42558
42461
42559
42462
42560
42463
42561
42464
42562
42465
42563
42466
42564
42467
42565
42468
42566
42469
42567
42470
42568
42471
42569
42472
42570
42473
42571
42474
42572
42475
42573
42476
42574
42477
42575
42478
42576
42479
42577
42480
42578
42481
42579
42482
42580
42483
42581
42484
42582
42485
42583
42486
42584
42487
42585
42488
42586
42489
42587
42490
42588
42491
42589
42590
42493
42591
42494
42592
42495
42593
42496
42594
42497
42595
42498
42596
42499
42597
42500
42598
42501
42599
42502
42600
42503
42601
42504
42602
42505
42603
42506
42604
42507
42605
42508
42606
42509
42607
42510
42608
42511
42609
42512
42610
42513
42611
42514
42612
42515
42613
42516
42614
42517
42615
42518
42616
42519
42617
42520
42618
42521
42619
42522
42620
42523
42621
42524
42622
42525
42623
42526
42624
42527
42625
42528
42626
42529
42627
42530
42628
42531
42629
42532
42630
42533
42631
42534
42632
42535
42633
42536
42634
42537
42635
42538
42636
42539
42637
42540
42638
42541
42639
42542
42640
42543
42641
42544
42642
42545
42643
42546
42644
42547
42645
42548
42646
42549
42647
42550
42648
42551
42649
42552
42650
42553
42651
42554
42652
42555
42653
42556
42654
42557
42655
42558
42656
42559
42657
42560
42658
42561
42659
42562
42660
42563
42661
42564
42662
42565
42663
42566
42664
42567
42665
42568
42666
42569
42667
42570
42668
42571
42669
42572
42670
42573
42671
42574
42672
42575
42673
42576
42674
42577
42675
42578
42676
42579
42677
42580
42678
42581
42679
42582
42680
42583
42681
42584
42682
42585
42683
42586
42684
42587
42685
42588
42686
42589
42687
42590
42688
42689
42592
42690
42593
42691
42594
42692
42595
42693
42596
42694
42597
42695
42598
42696
42599
42697
42600
42698
42601
42699
42602
42700
42603
42701
42604
42702
42605
42703
42606
42704
42607
42705
42608
42706
42609
42707
42610
42708
42611
42709
42612
42710
42613
42711
42614
42712
42615
42713
42616
42714
42617
42715
42618
42716
42619
42717
42620
42718
42621
42719
42622
42720
42623
42721
42624
42722
42625
42723
42626
42724
42627
42725
42628
42726
42629
42727
42630
42728
42631
42729
42632
42730
42633
42731
42634
42732
42635
42733
42636
42734
42637
42735
42638
42736
42639
42737
42640
42738
42641
42739
42642
42740
42643
42741
42644
42742
42645
42743
42646
42744
42647
42745
42648
42746
42649
42747
42650
42748
42651
42749
42652
42750
42653
42751
42654
42752
42655
42753
42656
42754
42657
42755
42658
42756
42659
42757
42660
42758
42661
42759
42662
42760
42663
42761
42664
42762
42665
42763
42666
42764
42667
42765
42668
42766
42669
42767
42670
42768
42671
42769
42672
42770
42673
42771
42674
42772
42675
42773
42676
42774
42677
42775
42678
42776
42679
42777
42680
42778
42681
42779
42682
42780
42683
42781
42684
42782
42685
42783
42686
42784
42687
42785
42688
42786
42689
42787
42788
42691
42789
42692
42790
42693
42791
42694
42792
42695
42793
42696
42794
42697
42795
42698
42796
42699
42797
42700
42798
42701
42799
42702
42800
42703
42801
42704
42802
42705
42803
42706
42804
42707
42805
42708
42806
42709
42807
42710
42808
42711
42809
42712
42810
42713
42811
42714
42812
42715
42813
42716
42814
42717
42815
42718
42816
42719
42817
42720
42818
42721
42819
42722
42820
42723
42821
42724
42822
42725
42823
42726
42824
42727
42825
42728
42826
42729
42827
42730
42828
42731
42829
42732
42830
42733
42831
42734
42832
42735
42833
42736
42834
42737
42835
42738
42836
42739
42837
42740
42838
42741
42839
42742
42840
42743
42841
42744
42842
42745
42843
42746
42844
42747
42845
42748
42846
42749
42847
42750
42848
42751
42849
42752
42850
42753
42851
42754
42852
42755
42853
42756
42854
42757
42855
42758
42856
42759
42857
42760
42858
42761
42859
42762
42860
42763
42861
42764
42862
42765
42863
42766
42864
42767
42865
42768
42866
42769
42867
42770
42868
42771
42869
42772
42870
42773
42871
42774
42872
42775
42873
42776
42874
42777
42875
42778
42876
42779
42877
42780
42878
42781
42879
42782
42880
42783
42881
42784
42882
42785
42883
42786
42884
42787
42885
42788
42886
42887
42790
42888
42791
42889
42792
42890
42793
42891
42794
42892
42795
42893
42796
42894
42797
42895
42798
42896
42799
42897
42800
42898
42801
42899
42802
42900
42803
42901
42804
42902
42805
42903
42806
42904
42807
42905
42808
42906
42809
42907
42810
42908
42811
42909
42812
42910
42813
42911
42814
42912
42815
42913
42816
42914
42817
42915
42818
42916
42819
42917
42820
42918
42821
42919
42822
42920
42823
42921
42824
42922
42825
42923
42826
42924
42827
42925
42828
42926
42829
42927
42830
42928
42831
42929
42832
42930
42833
42931
42834
42932
42835
42933
42836
42934
42837
42935
42838
42936
42839
42937
42840
42938
42841
42939
42842
42940
42843
42941
42844
42942
42845
42943
42846
42944
42847
42945
42848
42946
42849
42947
42850
42948
42851
42949
42852
42950
42853
42951
42854
42952
42855
42953
42856
42954
42857
42955
42858
42956
42859
42957
42860
42958
42861
42959
42862
42960
42863
42961
42864
42962
42865
42963
42866
42964
42867
42965
42868
42966
42869
42967
42870
42968
42871
42969
42872
42970
42873
42971
42874
42972
42875
42973
42876
42974
42877
42975
42878
42976
42879
42977
42880
42978
42881
42979
42882
42980
42883
42981
42884
42982
42885
42983
42886
42984
42887
42985
42986
42889
42987
42890
42988
42891
42989
42892
42990
42893
42991
42894
42992
42895
42993
42896
42994
42897
42995
42898
42996
42899
42997
42900
42998
42901
42999
42902
43000
42903
43001
42904
43002
42905
43003
42906
43004
42907
43005
42908
43006
42909
43007
42910
43008
42911
43009
42912
43010
42913
43011
42914
43012
42915
43013
42916
43014
42917
43015
42918
43016
42919
43017
42920
43018
42921
43019
42922
43020
42923
43021
42924
43022
42925
43023
42926
43024
42927
43025
42928
43026
42929
43027
42930
43028
42931
43029
42932
43030
42933
43031
42934
43032
42935
43033
42936
43034
42937
43035
42938
43036
42939
43037
42940
43038
42941
43039
42942
43040
42943
43041
42944
43042
42945
43043
42946
43044
42947
43045
42948
43046
42949
43047
42950
43048
42951
43049
42952
43050
42953
43051
42954
43052
42955
43053
42956
43054
42957
43055
42958
43056
42959
43057
42960
43058
42961
43059
42962
43060
42963
43061
42964
43062
42965
43063
42966
43064
42967
43065
42968
43066
42969
43067
42970
43068
42971
43069
42972
43070
42973
43071
42974
43072
42975
43073
42976
43074
42977
43075
42978
43076
42979
43077
42980
43078
42981
43079
42982
43080
42983
43081
42984
43082
42985
43083
42986
43084
43085
42988
43086
42989
43087
42990
43088
42991
43089
42992
43090
42993
43091
42994
43092
42995
43093
42996
43094
42997
43095
42998
43096
42999
43097
43000
43098
43001
43099
43002
43100
43003
43101
43004
43102
43005
43103
43006
43104
43007
43105
43008
43106
43009
43107
43010
43108
43011
43109
43012
43110
43013
43111
43014
43112
43015
43113
43016
43114
43017
43115
43018
43116
43019
43117
43020
43118
43021
43119
43022
43120
43023
43121
43024
43122
43025
43123
43026
43124
43027
43125
43028
43126
43029
43127
43030
43128
43031
43129
43032
43130
43033
43131
43034
43132
43035
43133
43036
43134
43037
43135
43038
43136
43039
43137
43040
43138
43041
43139
43042
43140
43043
43141
43044
43142
43045
43143
43046
43144
43047
43145
43048
43146
43049
43147
43050
43148
43051
43149
43052
43150
43053
43151
43054
43152
43055
43153
43056
43154
43057
43155
43058
43156
43059
43157
43060
43158
43061
43159
43062
43160
43063
43161
43064
43162
43065
43163
43066
43164
43067
43165
43068
43166
43069
43167
43070
43168
43071
43169
43072
43170
43073
43171
43074
43172
43075
43173
43076
43174
43077
43175
43078
43176
43079
43177
43080
43178
43081
43179
43082
43180
43083
43181
43084
43182
43085
43183
43184
43087
43185
43088
43186
43089
43187
43090
43188
43091
43189
43092
43190
43093
43191
43094
43192
43095
43193
43096
43194
43097
43195
43098
43196
43099
43197
43100
43198
43101
43199
43102
43200
43103
43201
43104
43202
43105
43203
43106
43204
43107
43205
43108
43206
43109
43207
43110
43208
43111
43209
43112
43210
43113
43211
43114
43212
43115
43213
43116
43214
43117
43215
43118
43216
43119
43217
43120
43218
43121
43219
43122
43220
43123
43221
43124
43222
43125
43223
43126
43224
43127
43225
43128
43226
43129
43227
43130
43228
43131
43229
43132
43230
43133
43231
43134
43232
43135
43233
43136
43234
43137
43235
43138
43236
43139
43237
43140
43238
43141
43239
43142
43240
43143
43241
43144
43242
43145
43243
43146
43244
43147
43245
43148
43246
43149
43247
43150
43248
43151
43249
43152
43250
43153
43251
43154
43252
43155
43253
43156
43254
43157
43255
43158
43256
43159
43257
43160
43258
43161
43259
43162
43260
43163
43261
43164
43262
43165
43263
43166
43264
43167
43265
43168
43266
43169
43267
43170
43268
43171
43269
43172
43270
43173
43271
43174
43272
43175
43273
43176
43274
43177
43275
43178
43276
43179
43277
43180
43278
43181
43279
43182
43280
43183
43281
43184
43282
43283
43186
43284
43187
43285
43188
43286
43189
43287
43190
43288
43191
43289
43192
43290
43193
43291
43194
43292
43195
43293
43196
43294
43197
43295
43198
43296
43199
43297
43200
43298
43201
43299
43202
43300
43203
43301
43204
43302
43205
43303
43206
43304
43207
43305
43208
43306
43209
43307
43210
43308
43211
43309
43212
43310
43213
43311
43214
43312
43215
43313
43216
43314
43217
43315
43218
43316
43219
43317
43220
43318
43221
43319
43222
43320
43223
43321
43224
43322
43225
43323
43226
43324
43227
43325
43228
43326
43229
43327
43230
43328
43231
43329
43232
43330
43233
43331
43234
43332
43235
43333
43236
43334
43237
43335
43238
43336
43239
43337
43240
43338
43241
43339
43242
43340
43243
43341
43244
43342
43245
43343
43246
43344
43247
43345
43248
43346
43249
43347
43250
43348
43251
43349
43252
43350
43253
43351
43254
43352
43255
43353
43256
43354
43257
43355
43258
43356
43259
43357
43260
43358
43261
43359
43262
43360
43263
43361
43264
43362
43265
43363
43266
43364
43267
43365
43268
43366
43269
43367
43270
43368
43271
43369
43272
43370
43273
43371
43274
43372
43275
43373
43276
43374
43277
43375
43278
43376
43279
43377
43280
43378
43281
43379
43282
43380
43283
43381
43382
43285
43383
43286
43384
43287
43385
43288
43386
43289
43387
43290
43388
43291
43389
43292
43390
43293
43391
43294
43392
43295
43393
43296
43394
43297
43395
43298
43396
43299
43397
43300
43398
43301
43399
43302
43400
43303
43401
43304
43402
43305
43403
43306
43404
43307
43405
43308
43406
43309
43407
43310
43408
43311
43409
43312
43410
43313
43411
43314
43412
43315
43413
43316
43414
43317
43415
43318
43416
43319
43417
43320
43418
43321
43419
43322
43420
43323
43421
43324
43422
43325
43423
43326
43424
43327
43425
43328
43426
43329
43427
43330
43428
43331
43429
43332
43430
43333
43431
43334
43432
43335
43433
43336
43434
43337
43435
43338
43436
43339
43437
43340
43438
43341
43439
43342
43440
43343
43441
43344
43442
43345
43443
43346
43444
43347
43445
43348
43446
43349
43447
43350
43448
43351
43449
43352
43450
43353
43451
43354
43452
43355
43453
43356
43454
43357
43455
43358
43456
43359
43457
43360
43458
43361
43459
43362
43460
43363
43461
43364
43462
43365
43463
43366
43464
43367
43465
43368
43466
43369
43467
43370
43468
43371
43469
43372
43470
43373
43471
43374
43472
43375
43473
43376
43474
43377
43475
43378
43476
43379
43477
43380
43478
43381
43479
43382
43480
43481
43384
43482
43385
43483
43386
43484
43387
43485
43388
43486
43389
43487
43390
43488
43391
43489
43392
43490
43393
43491
43394
43492
43395
43493
43396
43494
43397
43495
43398
43496
43399
43497
43400
43498
43401
43499
43402
43500
43403
43501
43404
43502
43405
43503
43406
43504
43407
43505
43408
43506
43409
43507
43410
43508
43411
43509
43412
43510
43413
43511
43414
43512
43415
43513
43416
43514
43417
43515
43418
43516
43419
43517
43420
43518
43421
43519
43422
43520
43423
43521
43424
43522
43425
43523
43426
43524
43427
43525
43428
43526
43429
43527
43430
43528
43431
43529
43432
43530
43433
43531
43434
43532
43435
43533
43436
43534
43437
43535
43438
43536
43439
43537
43440
43538
43441
43539
43442
43540
43443
43541
43444
43542
43445
43543
43446
43544
43447
43545
43448
43546
43449
43547
43450
43548
43451
43549
43452
43550
43453
43551
43454
43552
43455
43553
43456
43554
43457
43555
43458
43556
43459
43557
43460
43558
43461
43559
43462
43560
43463
43561
43464
43562
43465
43563
43466
43564
43467
43565
43468
43566
43469
43567
43470
43568
43471
43569
43472
43570
43473
43571
43474
43572
43475
43573
43476
43574
43477
43575
43478
43576
43479
43577
43480
43578
43481
43579
43580
43483
43581
43484
43582
43485
43583
43486
43584
43487
43585
43488
43586
43489
43587
43490
43588
43491
43589
43492
43590
43493
43591
43494
43592
43495
43593
43496
43594
43497
43595
43498
43596
43499
43597
43500
43598
43501
43599
43502
43600
43503
43601
43504
43602
43505
43603
43506
43604
43507
43605
43508
43606
43509
43607
43510
43608
43511
43609
43512
43610
43513
43611
43514
43612
43515
43613
43516
43614
43517
43615
43518
43616
43519
43617
43520
43618
43521
43619
43522
43620
43523
43621
43524
43622
43525
43623
43526
43624
43527
43625
43528
43626
43529
43627
43530
43628
43531
43629
43532
43630
43533
43631
43534
43632
43535
43633
43536
43634
43537
43635
43538
43636
43539
43637
43540
43638
43541
43639
43542
43640
43543
43641
43544
43642
43545
43643
43546
43644
43547
43645
43548
43646
43549
43647
43550
43648
43551
43649
43552
43650
43553
43651
43554
43652
43555
43653
43556
43654
43557
43655
43558
43656
43559
43657
43560
43658
43561
43659
43562
43660
43563
43661
43564
43662
43565
43663
43566
43664
43567
43665
43568
43666
43569
43667
43570
43668
43571
43669
43572
43670
43573
43671
43574
43672
43575
43673
43576
43674
43577
43675
43578
43676
43579
43677
43580
43678
43679
43582
43680
43583
43681
43584
43682
43585
43683
43586
43684
43587
43685
43588
43686
43589
43687
43590
43688
43591
43689
43592
43690
43593
43691
43594
43692
43595
43693
43596
43694
43597
43695
43598
43696
43599
43697
43600
43698
43601
43699
43602
43700
43603
43701
43604
43702
43605
43703
43606
43704
43607
43705
43608
43706
43609
43707
43610
43708
43611
43709
43612
43710
43613
43711
43614
43712
43615
43713
43616
43714
43617
43715
43618
43716
43619
43717
43620
43718
43621
43719
43622
43720
43623
43721
43624
43722
43625
43723
43626
43724
43627
43725
43628
43726
43629
43727
43630
43728
43631
43729
43632
43730
43633
43731
43634
43732
43635
43733
43636
43734
43637
43735
43638
43736
43639
43737
43640
43738
43641
43739
43642
43740
43643
43741
43644
43742
43645
43743
43646
43744
43647
43745
43648
43746
43649
43747
43650
43748
43651
43749
43652
43750
43653
43751
43654
43752
43655
43753
43656
43754
43657
43755
43658
43756
43659
43757
43660
43758
43661
43759
43662
43760
43663
43761
43664
43762
43665
43763
43666
43764
43667
43765
43668
43766
43669
43767
43670
43768
43671
43769
43672
43770
43673
43771
43674
43772
43675
43773
43676
43774
43677
43775
43678
43776
43679
43777
43778
43681
43779
43682
43780
43683
43781
43684
43782
43685
43783
43686
43784
43687
43785
43688
43786
43689
43787
43690
43788
43691
43789
43692
43790
43693
43791
43694
43792
43695
43793
43696
43794
43697
43795
43698
43796
43699
43797
43700
43798
43701
43799
43702
43800
43703
43801
43704
43802
43705
43803
43706
43804
43707
43805
43708
43806
43709
43807
43710
43808
43711
43809
43712
43810
43713
43811
43714
43812
43715
43813
43716
43814
43717
43815
43718
43816
43719
43817
43720
43818
43721
43819
43722
43820
43723
43821
43724
43822
43725
43823
43726
43824
43727
43825
43728
43826
43729
43827
43730
43828
43731
43829
43732
43830
43733
43831
43734
43832
43735
43833
43736
43834
43737
43835
43738
43836
43739
43837
43740
43838
43741
43839
43742
43840
43743
43841
43744
43842
43745
43843
43746
43844
43747
43845
43748
43846
43749
43847
43750
43848
43751
43849
43752
43850
43753
43851
43754
43852
43755
43853
43756
43854
43757
43855
43758
43856
43759
43857
43760
43858
43761
43859
43762
43860
43763
43861
43764
43862
43765
43863
43766
43864
43767
43865
43768
43866
43769
43867
43770
43868
43771
43869
43772
43870
43773
43871
43774
43872
43775
43873
43776
43874
43777
43875
43778
43876
43877
43780
43878
43781
43879
43782
43880
43783
43881
43784
43882
43785
43883
43786
43884
43787
43885
43788
43886
43789
43887
43790
43888
43791
43889
43792
43890
43793
43891
43794
43892
43795
43893
43796
43894
43797
43895
43798
43896
43799
43897
43800
43898
43801
43899
43802
43900
43803
43901
43804
43902
43805
43903
43806
43904
43807
43905
43808
43906
43809
43907
43810
43908
43811
43909
43812
43910
43813
43911
43814
43912
43815
43913
43816
43914
43817
43915
43818
43916
43819
43917
43820
43918
43821
43919
43822
43920
43823
43921
43824
43922
43825
43923
43826
43924
43827
43925
43828
43926
43829
43927
43830
43928
43831
43929
43832
43930
43833
43931
43834
43932
43835
43933
43836
43934
43837
43935
43838
43936
43839
43937
43840
43938
43841
43939
43842
43940
43843
43941
43844
43942
43845
43943
43846
43944
43847
43945
43848
43946
43849
43947
43850
43948
43851
43949
43852
43950
43853
43951
43854
43952
43855
43953
43856
43954
43857
43955
43858
43956
43859
43957
43860
43958
43861
43959
43862
43960
43863
43961
43864
43962
43865
43963
43866
43964
43867
43965
43868
43966
43869
43967
43870
43968
43871
43969
43872
43970
43873
43971
43874
43972
43875
43973
43876
43974
43877
43975
43976
43879
43977
43880
43978
43881
43979
43882
43980
43883
43981
43884
43982
43885
43983
43886
43984
43887
43985
43888
43986
43889
43987
43890
43988
43891
43989
43892
43990
43893
43991
43894
43992
43895
43993
43896
43994
43897
43995
43898
43996
43899
43997
43900
43998
43901
43999
43902
44000
43903
44001
43904
44002
43905
44003
43906
44004
43907
44005
43908
44006
43909
44007
43910
44008
43911
44009
43912
44010
43913
44011
43914
44012
43915
44013
43916
44014
43917
44015
43918
44016
43919
44017
43920
44018
43921
44019
43922
44020
43923
44021
43924
44022
43925
44023
43926
44024
43927
44025
43928
44026
43929
44027
43930
44028
43931
44029
43932
44030
43933
44031
43934
44032
43935
44033
43936
44034
43937
44035
43938
44036
43939
44037
43940
44038
43941
44039
43942
44040
43943
44041
43944
44042
43945
44043
43946
44044
43947
44045
43948
44046
43949
44047
43950
44048
43951
44049
43952
44050
43953
44051
43954
44052
43955
44053
43956
44054
43957
44055
43958
44056
43959
44057
43960
44058
43961
44059
43962
44060
43963
44061
43964
44062
43965
44063
43966
44064
43967
44065
43968
44066
43969
44067
43970
44068
43971
44069
43972
44070
43973
44071
43974
44072
43975
44073
43976
44074
44075
43978
44076
43979
44077
43980
44078
43981
44079
43982
44080
43983
44081
43984
44082
43985
44083
43986
44084
43987
44085
43988
44086
43989
44087
43990
44088
43991
44089
43992
44090
43993
44091
43994
44092
43995
44093
43996
44094
43997
44095
43998
44096
43999
44097
44000
44098
44001
44099
44002
44100
44003
44101
44004
44102
44005
44103
44006
44104
44007
44105
44008
44106
44009
44107
44010
44108
44011
44109
44012
44110
44013
44111
44014
44112
44015
44113
44016
44114
44017
44115
44018
44116
44019
44117
44020
44118
44021
44119
44022
44120
44023
44121
44024
44122
44025
44123
44026
44124
44027
44125
44028
44126
44029
44127
44030
44128
44031
44129
44032
44130
44033
44131
44034
44132
44035
44133
44036
44134
44037
44135
44038
44136
44039
44137
44040
44138
44041
44139
44042
44140
44043
44141
44044
44142
44045
44143
44046
44144
44047
44145
44048
44146
44049
44147
44050
44148
44051
44149
44052
44150
44053
44151
44054
44152
44055
44153
44056
44154
44057
44155
44058
44156
44059
44157
44060
44158
44061
44159
44062
44160
44063
44161
44064
44162
44065
44163
44066
44164
44067
44165
44068
44166
44069
44167
44070
44168
44071
44169
44072
44170
44073
44171
44074
44172
44075
44173
44174
44077
44175
44078
44176
44079
44177
44080
44178
44081
44179
44082
44180
44083
44181
44084
44182
44085
44183
44086
44184
44087
44185
44088
44186
44089
44187
44090
44188
44091
44189
44092
44190
44093
44191
44094
44192
44095
44193
44096
44194
44097
44195
44098
44196
44099
44197
44100
44198
44101
44199
44102
44200
44103
44201
44104
44202
44105
44203
44106
44204
44107
44205
44108
44206
44109
44207
44110
44208
44111
44209
44112
44210
44113
44211
44114
44212
44115
44213
44116
44214
44117
44215
44118
44216
44119
44217
44120
44218
44121
44219
44122
44220
44123
44221
44124
44222
44125
44223
44126
44224
44127
44225
44128
44226
44129
44227
44130
44228
44131
44229
44132
44230
44133
44231
44134
44232
44135
44233
44136
44234
44137
44235
44138
44236
44139
44237
44140
44238
44141
44239
44142
44240
44143
44241
44144
44242
44145
44243
44146
44244
44147
44245
44148
44246
44149
44247
44150
44248
44151
44249
44152
44250
44153
44251
44154
44252
44155
44253
44156
44254
44157
44255
44158
44256
44159
44257
44160
44258
44161
44259
44162
44260
44163
44261
44164
44262
44165
44263
44166
44264
44167
44265
44168
44266
44169
44267
44170
44268
44171
44269
44172
44270
44173
44271
44174
44272
44273
44176
44274
44177
44275
44178
44276
44179
44277
44180
44278
44181
44279
44182
44280
44183
44281
44184
44282
44185
44283
44186
44284
44187
44285
44188
44286
44189
44287
44190
44288
44191
44289
44192
44290
44193
44291
44194
44292
44195
44293
44196
44294
44197
44295
44198
44296
44199
44297
44200
44298
44201
44299
44202
44300
44203
44301
44204
44302
44205
44303
44206
44304
44207
44305
44208
44306
44209
44307
44210
44308
44211
44309
44212
44310
44213
44311
44214
44312
44215
44313
44216
44314
44217
44315
44218
44316
44219
44317
44220
44318
44221
44319
44222
44320
44223
44321
44224
44322
44225
44323
44226
44324
44227
44325
44228
44326
44229
44327
44230
44328
44231
44329
44232
44330
44233
44331
44234
44332
44235
44333
44236
44334
44237
44335
44238
44336
44239
44337
44240
44338
44241
44339
44242
44340
44243
44341
44244
44342
44245
44343
44246
44344
44247
44345
44248
44346
44249
44347
44250
44348
44251
44349
44252
44350
44253
44351
44254
44352
44255
44353
44256
44354
44257
44355
44258
44356
44259
44357
44260
44358
44261
44359
44262
44360
44263
44361
44264
44362
44265
44363
44266
44364
44267
44365
44268
44366
44269
44367
44270
44368
44271
44369
44272
44370
44273
44371
44372
44275
44373
44276
44374
44277
44375
44278
44376
44279
44377
44280
44378
44281
44379
44282
44380
44283
44381
44284
44382
44285
44383
44286
44384
44287
44385
44288
44386
44289
44387
44290
44388
44291
44389
44292
44390
44293
44391
44294
44392
44295
44393
44296
44394
44297
44395
44298
44396
44299
44397
44300
44398
44301
44399
44302
44400
44303
44401
44304
44402
44305
44403
44306
44404
44307
44405
44308
44406
44309
44407
44310
44408
44311
44409
44312
44410
44313
44411
44314
44412
44315
44413
44316
44414
44317
44415
44318
44416
44319
44417
44320
44418
44321
44419
44322
44420
44323
44421
44324
44422
44325
44423
44326
44424
44327
44425
44328
44426
44329
44427
44330
44428
44331
44429
44332
44430
44333
44431
44334
44432
44335
44433
44336
44434
44337
44435
44338
44436
44339
44437
44340
44438
44341
44439
44342
44440
44343
44441
44344
44442
44345
44443
44346
44444
44347
44445
44348
44446
44349
44447
44350
44448
44351
44449
44352
44450
44353
44451
44354
44452
44355
44453
44356
44454
44357
44455
44358
44456
44359
44457
44360
44458
44361
44459
44362
44460
44363
44461
44364
44462
44365
44463
44366
44464
44367
44465
44368
44466
44369
44467
44370
44468
44371
44469
44372
44470
44471
44374
44472
44375
44473
44376
44474
44377
44475
44378
44476
44379
44477
44380
44478
44381
44479
44382
44480
44383
44481
44384
44482
44385
44483
44386
44484
44387
44485
44388
44486
44389
44487
44390
44488
44391
44489
44392
44490
44393
44491
44394
44492
44395
44493
44396
44494
44397
44495
44398
44496
44399
44497
44400
44498
44401
44499
44402
44500
44403
44501
44404
44502
44405
44503
44406
44504
44407
44505
44408
44506
44409
44507
44410
44508
44411
44509
44412
44510
44413
44511
44414
44512
44415
44513
44416
44514
44417
44515
44418
44516
44419
44517
44420
44518
44421
44519
44422
44520
44423
44521
44424
44522
44425
44523
44426
44524
44427
44525
44428
44526
44429
44527
44430
44528
44431
44529
44432
44530
44433
44531
44434
44532
44435
44533
44436
44534
44437
44535
44438
44536
44439
44537
44440
44538
44441
44539
44442
44540
44443
44541
44444
44542
44445
44543
44446
44544
44447
44545
44448
44546
44449
44547
44450
44548
44451
44549
44452
44550
44453
44551
44454
44552
44455
44553
44456
44554
44457
44555
44458
44556
44459
44557
44460
44558
44461
44559
44462
44560
44463
44561
44464
44562
44465
44563
44466
44564
44467
44565
44468
44566
44469
44567
44470
44568
44471
44569
44570
44473
44571
44474
44572
44475
44573
44476
44574
44477
44575
44478
44576
44479
44577
44480
44578
44481
44579
44482
44580
44483
44581
44484
44582
44485
44583
44486
44584
44487
44585
44488
44586
44489
44587
44490
44588
44491
44589
44492
44590
44493
44591
44494
44592
44495
44593
44496
44594
44497
44595
44498
44596
44499
44597
44500
44598
44501
44599
44502
44600
44503
44601
44504
44602
44505
44603
44506
44604
44507
44605
44508
44606
44509
44607
44510
44608
44511
44609
44512
44610
44513
44611
44514
44612
44515
44613
44516
44614
44517
44615
44518
44616
44519
44617
44520
44618
44521
44619
44522
44620
44523
44621
44524
44622
44525
44623
44526
44624
44527
44625
44528
44626
44529
44627
44530
44628
44531
44629
44532
44630
44533
44631
44534
44632
44535
44633
44536
44634
44537
44635
44538
44636
44539
44637
44540
44638
44541
44639
44542
44640
44543
44641
44544
44642
44545
44643
44546
44644
44547
44645
44548
44646
44549
44647
44550
44648
44551
44649
44552
44650
44553
44651
44554
44652
44555
44653
44556
44654
44557
44655
44558
44656
44559
44657
44560
44658
44561
44659
44562
44660
44563
44661
44564
44662
44565
44663
44566
44664
44567
44665
44568
44666
44569
44667
44570
44668
44669
44572
44670
44573
44671
44574
44672
44575
44673
44576
44674
44577
44675
44578
44676
44579
44677
44580
44678
44581
44679
44582
44680
44583
44681
44584
44682
44585
44683
44586
44684
44587
44685
44588
44686
44589
44687
44590
44688
44591
44689
44592
44690
44593
44691
44594
44692
44595
44693
44596
44694
44597
44695
44598
44696
44599
44697
44600
44698
44601
44699
44602
44700
44603
44701
44604
44702
44605
44703
44606
44704
44607
44705
44608
44706
44609
44707
44610
44708
44611
44709
44612
44710
44613
44711
44614
44712
44615
44713
44616
44714
44617
44715
44618
44716
44619
44717
44620
44718
44621
44719
44622
44720
44623
44721
44624
44722
44625
44723
44626
44724
44627
44725
44628
44726
44629
44727
44630
44728
44631
44729
44632
44730
44633
44731
44634
44732
44635
44733
44636
44734
44637
44735
44638
44736
44639
44737
44640
44738
44641
44739
44642
44740
44643
44741
44644
44742
44645
44743
44646
44744
44647
44745
44648
44746
44649
44747
44650
44748
44651
44749
44652
44750
44653
44751
44654
44752
44655
44753
44656
44754
44657
44755
44658
44756
44659
44757
44660
44758
44661
44759
44662
44760
44663
44761
44664
44762
44665
44763
44666
44764
44667
44765
44668
44766
44669
44767
44768
44671
44769
44672
44770
44673
44771
44674
44772
44675
44773
44676
44774
44677
44775
44678
44776
44679
44777
44680
44778
44681
44779
44682
44780
44683
44781
44684
44782
44685
44783
44686
44784
44687
44785
44688
44786
44689
44787
44690
44788
44691
44789
44692
44790
44693
44791
44694
44792
44695
44793
44696
44794
44697
44795
44698
44796
44699
44797
44700
44798
44701
44799
44702
44800
44703
44801
44704
44802
44705
44803
44706
44804
44707
44805
44708
44806
44709
44807
44710
44808
44711
44809
44712
44810
44713
44811
44714
44812
44715
44813
44716
44814
44717
44815
44718
44816
44719
44817
44720
44818
44721
44819
44722
44820
44723
44821
44724
44822
44725
44823
44726
44824
44727
44825
44728
44826
44729
44827
44730
44828
44731
44829
44732
44830
44733
44831
44734
44832
44735
44833
44736
44834
44737
44835
44738
44836
44739
44837
44740
44838
44741
44839
44742
44840
44743
44841
44744
44842
44745
44843
44746
44844
44747
44845
44748
44846
44749
44847
44750
44848
44751
44849
44752
44850
44753
44851
44754
44852
44755
44853
44756
44854
44757
44855
44758
44856
44759
44857
44760
44858
44761
44859
44762
44860
44763
44861
44764
44862
44765
44863
44766
44864
44767
44865
44768
44866
44867
44770
44868
44771
44869
44772
44870
44773
44871
44774
44872
44775
44873
44776
44874
44777
44875
44778
44876
44779
44877
44780
44878
44781
44879
44782
44880
44783
44881
44784
44882
44785
44883
44786
44884
44787
44885
44788
44886
44789
44887
44790
44888
44791
44889
44792
44890
44793
44891
44794
44892
44795
44893
44796
44894
44797
44895
44798
44896
44799
44897
44800
44898
44801
44899
44802
44900
44803
44901
44804
44902
44805
44903
44806
44904
44807
44905
44808
44906
44809
44907
44810
44908
44811
44909
44812
44910
44813
44911
44814
44912
44815
44913
44816
44914
44817
44915
44818
44916
44819
44917
44820
44918
44821
44919
44822
44920
44823
44921
44824
44922
44825
44923
44826
44924
44827
44925
44828
44926
44829
44927
44830
44928
44831
44929
44832
44930
44833
44931
44834
44932
44835
44933
44836
44934
44837
44935
44838
44936
44839
44937
44840
44938
44841
44939
44842
44940
44843
44941
44844
44942
44845
44943
44846
44944
44847
44945
44848
44946
44849
44947
44850
44948
44851
44949
44852
44950
44853
44951
44854
44952
44855
44953
44856
44954
44857
44955
44858
44956
44859
44957
44860
44958
44861
44959
44862
44960
44863
44961
44864
44962
44865
44963
44866
44964
44867
44965
44966
44869
44967
44870
44968
44871
44969
44872
44970
44873
44971
44874
44972
44875
44973
44876
44974
44877
44975
44878
44976
44879
44977
44880
44978
44881
44979
44882
44980
44883
44981
44884
44982
44885
44983
44886
44984
44887
44985
44888
44986
44889
44987
44890
44988
44891
44989
44892
44990
44893
44991
44894
44992
44895
44993
44896
44994
44897
44995
44898
44996
44899
44997
44900
44998
44901
44999
44902
45000
44903
45001
44904
45002
44905
45003
44906
45004
44907
45005
44908
45006
44909
45007
44910
45008
44911
45009
44912
45010
44913
45011
44914
45012
44915
45013
44916
45014
44917
45015
44918
45016
44919
45017
44920
45018
44921
45019
44922
45020
44923
45021
44924
45022
44925
45023
44926
45024
44927
45025
44928
45026
44929
45027
44930
45028
44931
45029
44932
45030
44933
45031
44934
45032
44935
45033
44936
45034
44937
45035
44938
45036
44939
45037
44940
45038
44941
45039
44942
45040
44943
45041
44944
45042
44945
45043
44946
45044
44947
45045
44948
45046
44949
45047
44950
45048
44951
45049
44952
45050
44953
45051
44954
45052
44955
45053
44956
45054
44957
45055
44958
45056
44959
45057
44960
45058
44961
45059
44962
45060
44963
45061
44964
45062
44965
45063
44966
45064
45065
44968
45066
44969
45067
44970
45068
44971
45069
44972
45070
44973
45071
44974
45072
44975
45073
44976
45074
44977
45075
44978
45076
44979
45077
44980
45078
44981
45079
44982
45080
44983
45081
44984
45082
44985
45083
44986
45084
44987
45085
44988
45086
44989
45087
44990
45088
44991
45089
44992
45090
44993
45091
44994
45092
44995
45093
44996
45094
44997
45095
44998
45096
44999
45097
45000
45098
45001
45099
45002
45100
45003
45101
45004
45102
45005
45103
45006
45104
45007
45105
45008
45106
45009
45107
45010
45108
45011
45109
45012
45110
45013
45111
45014
45112
45015
45113
45016
45114
45017
45115
45018
45116
45019
45117
45020
45118
45021
45119
45022
45120
45023
45121
45024
45122
45025
45123
45026
45124
45027
45125
45028
45126
45029
45127
45030
45128
45031
45129
45032
45130
45033
45131
45034
45132
45035
45133
45036
45134
45037
45135
45038
45136
45039
45137
45040
45138
45041
45139
45042
45140
45043
45141
45044
45142
45045
45143
45046
45144
45047
45145
45048
45146
45049
45147
45050
45148
45051
45149
45052
45150
45053
45151
45054
45152
45055
45153
45056
45154
45057
45155
45058
45156
45059
45157
45060
45158
45061
45159
45062
45160
45063
45161
45064
45162
45065
45163
45164
45067
45165
45068
45166
45069
45167
45070
45168
45071
45169
45072
45170
45073
45171
45074
45172
45075
45173
45076
45174
45077
45175
45078
45176
45079
45177
45080
45178
45081
45179
45082
45180
45083
45181
45084
45182
45085
45183
45086
45184
45087
45185
45088
45186
45089
45187
45090
45188
45091
45189
45092
45190
45093
45191
45094
45192
45095
45193
45096
45194
45097
45195
45098
45196
45099
45197
45100
45198
45101
45199
45102
45200
45103
45201
45104
45202
45105
45203
45106
45204
45107
45205
45108
45206
45109
45207
45110
45208
45111
45209
45112
45210
45113
45211
45114
45212
45115
45213
45116
45214
45117
45215
45118
45216
45119
45217
45120
45218
45121
45219
45122
45220
45123
45221
45124
45222
45125
45223
45126
45224
45127
45225
45128
45226
45129
45227
45130
45228
45131
45229
45132
45230
45133
45231
45134
45232
45135
45233
45136
45234
45137
45235
45138
45236
45139
45237
45140
45238
45141
45239
45142
45240
45143
45241
45144
45242
45145
45243
45146
45244
45147
45245
45148
45246
45149
45247
45150
45248
45151
45249
45152
45250
45153
45251
45154
45252
45155
45253
45156
45254
45157
45255
45158
45256
45159
45257
45160
45258
45161
45259
45162
45260
45163
45261
45164
45262
45263
45166
45264
45167
45265
45168
45266
45169
45267
45170
45268
45171
45269
45172
45270
45173
45271
45174
45272
45175
45273
45176
45274
45177
45275
45178
45276
45179
45277
45180
45278
45181
45279
45182
45280
45183
45281
45184
45282
45185
45283
45186
45284
45187
45285
45188
45286
45189
45287
45190
45288
45191
45289
45192
45290
45193
45291
45194
45292
45195
45293
45196
45294
45197
45295
45198
45296
45199
45297
45200
45298
45201
45299
45202
45300
45203
45301
45204
45302
45205
45303
45206
45304
45207
45305
45208
45306
45209
45307
45210
45308
45211
45309
45212
45310
45213
45311
45214
45312
45215
45313
45216
45314
45217
45315
45218
45316
45219
45317
45220
45318
45221
45319
45222
45320
45223
45321
45224
45322
45225
45323
45226
45324
45227
45325
45228
45326
45229
45327
45230
45328
45231
45329
45232
45330
45233
45331
45234
45332
45235
45333
45236
45334
45237
45335
45238
45336
45239
45337
45240
45338
45241
45339
45242
45340
45243
45341
45244
45342
45245
45343
45246
45344
45247
45345
45248
45346
45249
45347
45250
45348
45251
45349
45252
45350
45253
45351
45254
45352
45255
45353
45256
45354
45257
45355
45258
45356
45259
45357
45260
45358
45261
45359
45262
45360
45263
45361
45362
45265
45363
45266
45364
45267
45365
45268
45366
45269
45367
45270
45368
45271
45369
45272
45370
45273
45371
45274
45372
45275
45373
45276
45374
45277
45375
45278
45376
45279
45377
45280
45378
45281
45379
45282
45380
45283
45381
45284
45382
45285
45383
45286
45384
45287
45385
45288
45386
45289
45387
45290
45388
45291
45389
45292
45390
45293
45391
45294
45392
45295
45393
45296
45394
45297
45395
45298
45396
45299
45397
45300
45398
45301
45399
45302
45400
45303
45401
45304
45402
45305
45403
45306
45404
45307
45405
45308
45406
45309
45407
45310
45408
45311
45409
45312
45410
45313
45411
45314
45412
45315
45413
45316
45414
45317
45415
45318
45416
45319
45417
45320
45418
45321
45419
45322
45420
45323
45421
45324
45422
45325
45423
45326
45424
45327
45425
45328
45426
45329
45427
45330
45428
45331
45429
45332
45430
45333
45431
45334
45432
45335
45433
45336
45434
45337
45435
45338
45436
45339
45437
45340
45438
45341
45439
45342
45440
45343
45441
45344
45442
45345
45443
45346
45444
45347
45445
45348
45446
45349
45447
45350
45448
45351
45449
45352
45450
45353
45451
45354
45452
45355
45453
45356
45454
45357
45455
45358
45456
45359
45457
45360
45458
45361
45459
45362
45460
45461
45364
45462
45365
45463
45366
45464
45367
45465
45368
45466
45369
45467
45370
45468
45371
45469
45372
45470
45373
45471
45374
45472
45375
45473
45376
45474
45377
45475
45378
45476
45379
45477
45380
45478
45381
45479
45382
45480
45383
45481
45384
45482
45385
45483
45386
45484
45387
45485
45388
45486
45389
45487
45390
45488
45391
45489
45392
45490
45393
45491
45394
45492
45395
45493
45396
45494
45397
45495
45398
45496
45399
45497
45400
45498
45401
45499
45402
45500
45403
45501
45404
45502
45405
45503
45406
45504
45407
45505
45408
45506
45409
45507
45410
45508
45411
45509
45412
45510
45413
45511
45414
45512
45415
45513
45416
45514
45417
45515
45418
45516
45419
45517
45420
45518
45421
45519
45422
45520
45423
45521
45424
45522
45425
45523
45426
45524
45427
45525
45428
45526
45429
45527
45430
45528
45431
45529
45432
45530
45433
45531
45434
45532
45435
45533
45436
45534
45437
45535
45438
45536
45439
45537
45440
45538
45441
45539
45442
45540
45443
45541
45444
45542
45445
45543
45446
45544
45447
45545
45448
45546
45449
45547
45450
45548
45451
45549
45452
45550
45453
45551
45454
45552
45455
45553
45456
45554
45457
45555
45458
45556
45459
45557
45460
45558
45461
45559
45560
45463
45561
45464
45562
45465
45563
45466
45564
45467
45565
45468
45566
45469
45567
45470
45568
45471
45569
45472
45570
45473
45571
45474
45572
45475
45573
45476
45574
45477
45575
45478
45576
45479
45577
45480
45578
45481
45579
45482
45580
45483
45581
45484
45582
45485
45583
45486
45584
45487
45585
45488
45586
45489
45587
45490
45588
45491
45589
45492
45590
45493
45591
45494
45592
45495
45593
45496
45594
45497
45595
45498
45596
45499
45597
45500
45598
45501
45599
45502
45600
45503
45601
45504
45602
45505
45603
45506
45604
45507
45605
45508
45606
45509
45607
45510
45608
45511
45609
45512
45610
45513
45611
45514
45612
45515
45613
45516
45614
45517
45615
45518
45616
45519
45617
45520
45618
45521
45619
45522
45620
45523
45621
45524
45622
45525
45623
45526
45624
45527
45625
45528
45626
45529
45627
45530
45628
45531
45629
45532
45630
45533
45631
45534
45632
45535
45633
45536
45634
45537
45635
45538
45636
45539
45637
45540
45638
45541
45639
45542
45640
45543
45641
45544
45642
45545
45643
45546
45644
45547
45645
45548
45646
45549
45647
45550
45648
45551
45649
45552
45650
45553
45651
45554
45652
45555
45653
45556
45654
45557
45655
45558
45656
45559
45657
45560
45658
45659
45562
45660
45563
45661
45564
45662
45565
45663
45566
45664
45567
45665
45568
45666
45569
45667
45570
45668
45571
45669
45572
45670
45573
45671
45574
45672
45575
45673
45576
45674
45577
45675
45578
45676
45579
45677
45580
45678
45581
45679
45582
45680
45583
45681
45584
45682
45585
45683
45586
45684
45587
45685
45588
45686
45589
45687
45590
45688
45591
45689
45592
45690
45593
45691
45594
45692
45595
45693
45596
45694
45597
45695
45598
45696
45599
45697
45600
45698
45601
45699
45602
45700
45603
45701
45604
45702
45605
45703
45606
45704
45607
45705
45608
45706
45609
45707
45610
45708
45611
45709
45612
45710
45613
45711
45614
45712
45615
45713
45616
45714
45617
45715
45618
45716
45619
45717
45620
45718
45621
45719
45622
45720
45623
45721
45624
45722
45625
45723
45626
45724
45627
45725
45628
45726
45629
45727
45630
45728
45631
45729
45632
45730
45633
45731
45634
45732
45635
45733
45636
45734
45637
45735
45638
45736
45639
45737
45640
45738
45641
45739
45642
45740
45643
45741
45644
45742
45645
45743
45646
45744
45647
45745
45648
45746
45649
45747
45650
45748
45651
45749
45652
45750
45653
45751
45654
45752
45655
45753
45656
45754
45657
45755
45658
45756
45659
45757
45758
45661
45759
45662
45760
45663
45761
45664
45762
45665
45763
45666
45764
45667
45765
45668
45766
45669
45767
45670
45768
45671
45769
45672
45770
45673
45771
45674
45772
45675
45773
45676
45774
45677
45775
45678
45776
45679
45777
45680
45778
45681
45779
45682
45780
45683
45781
45684
45782
45685
45783
45686
45784
45687
45785
45688
45786
45689
45787
45690
45788
45691
45789
45692
45790
45693
45791
45694
45792
45695
45793
45696
45794
45697
45795
45698
45796
45699
45797
45700
45798
45701
45799
45702
45800
45703
45801
45704
45802
45705
45803
45706
45804
45707
45805
45708
45806
45709
45807
45710
45808
45711
45809
45712
45810
45713
45811
45714
45812
45715
45813
45716
45814
45717
45815
45718
45816
45719
45817
45720
45818
45721
45819
45722
45820
45723
45821
45724
45822
45725
45823
45726
45824
45727
45825
45728
45826
45729
45827
45730
45828
45731
45829
45732
45830
45733
45831
45734
45832
45735
45833
45736
45834
45737
45835
45738
45836
45739
45837
45740
45838
45741
45839
45742
45840
45743
45841
45744
45842
45745
45843
45746
45844
45747
45845
45748
45846
45749
45847
45750
45848
45751
45849
45752
45850
45753
45851
45754
45852
45755
45853
45756
45854
45757
45855
45758
45856
45857
45760
45858
45761
45859
45762
45860
45763
45861
45764
45862
45765
45863
45766
45864
45767
45865
45768
45866
45769
45867
45770
45868
45771
45869
45772
45870
45773
45871
45774
45872
45775
45873
45776
45874
45777
45875
45778
45876
45779
45877
45780
45878
45781
45879
45782
45880
45783
45881
45784
45882
45785
45883
45786
45884
45787
45885
45788
45886
45789
45887
45790
45888
45791
45889
45792
45890
45793
45891
45794
45892
45795
45893
45796
45894
45797
45895
45798
45896
45799
45897
45800
45898
45801
45899
45802
45900
45803
45901
45804
45902
45805
45903
45806
45904
45807
45905
45808
45906
45809
45907
45810
45908
45811
45909
45812
45910
45813
45911
45814
45912
45815
45913
45816
45914
45817
45915
45818
45916
45819
45917
45820
45918
45821
45919
45822
45920
45823
45921
45824
45922
45825
45923
45826
45924
45827
45925
45828
45926
45829
45927
45830
45928
45831
45929
45832
45930
45833
45931
45834
45932
45835
45933
45836
45934
45837
45935
45838
45936
45839
45937
45840
45938
45841
45939
45842
45940
45843
45941
45844
45942
45845
45943
45846
45944
45847
45945
45848
45946
45849
45947
45850
45948
45851
45949
45852
45950
45853
45951
45854
45952
45855
45953
45856
45954
45857
45955
45956
45859
45957
45860
45958
45861
45959
45862
45960
45863
45961
45864
45962
45865
45963
45866
45964
45867
45965
45868
45966
45869
45967
45870
45968
45871
45969
45872
45970
45873
45971
45874
45972
45875
45973
45876
45974
45877
45975
45878
45976
45879
45977
45880
45978
45881
45979
45882
45980
45883
45981
45884
45982
45885
45983
45886
45984
45887
45985
45888
45986
45889
45987
45890
45988
45891
45989
45892
45990
45893
45991
45894
45992
45895
45993
45896
45994
45897
45995
45898
45996
45899
45997
45900
45998
45901
45999
45902
46000
45903
46001
45904
46002
45905
46003
45906
46004
45907
46005
45908
46006
45909
46007
45910
46008
45911
46009
45912
46010
45913
46011
45914
46012
45915
46013
45916
46014
45917
46015
45918
46016
45919
46017
45920
46018
45921
46019
45922
46020
45923
46021
45924
46022
45925
46023
45926
46024
45927
46025
45928
46026
45929
46027
45930
46028
45931
46029
45932
46030
45933
46031
45934
46032
45935
46033
45936
46034
45937
46035
45938
46036
45939
46037
45940
46038
45941
46039
45942
46040
45943
46041
45944
46042
45945
46043
45946
46044
45947
46045
45948
46046
45949
46047
45950
46048
45951
46049
45952
46050
45953
46051
45954
46052
45955
46053
45956
46054
46055
45958
46056
45959
46057
45960
46058
45961
46059
45962
46060
45963
46061
45964
46062
45965
46063
45966
46064
45967
46065
45968
46066
45969
46067
45970
46068
45971
46069
45972
46070
45973
46071
45974
46072
45975
46073
45976
46074
45977
46075
45978
46076
45979
46077
45980
46078
45981
46079
45982
46080
45983
46081
45984
46082
45985
46083
45986
46084
45987
46085
45988
46086
45989
46087
45990
46088
45991
46089
45992
46090
45993
46091
45994
46092
45995
46093
45996
46094
45997
46095
45998
46096
45999
46097
46000
46098
46001
46099
46002
46100
46003
46101
46004
46102
46005
46103
46006
46104
46007
46105
46008
46106
46009
46107
46010
46108
46011
46109
46012
46110
46013
46111
46014
46112
46015
46113
46016
46114
46017
46115
46018
46116
46019
46117
46020
46118
46021
46119
46022
46120
46023
46121
46024
46122
46025
46123
46026
46124
46027
46125
46028
46126
46029
46127
46030
46128
46031
46129
46032
46130
46033
46131
46034
46132
46035
46133
46036
46134
46037
46135
46038
46136
46039
46137
46040
46138
46041
46139
46042
46140
46043
46141
46044
46142
46045
46143
46046
46144
46047
46145
46048
46146
46049
46147
46050
46148
46051
46149
46052
46150
46053
46151
46054
46152
46055
46153
46154
46057
46155
46058
46156
46059
46157
46060
46158
46061
46159
46062
46160
46063
46161
46064
46162
46065
46163
46066
46164
46067
46165
46068
46166
46069
46167
46070
46168
46071
46169
46072
46170
46073
46171
46074
46172
46075
46173
46076
46174
46077
46175
46078
46176
46079
46177
46080
46178
46081
46179
46082
46180
46083
46181
46084
46182
46085
46183
46086
46184
46087
46185
46088
46186
46089
46187
46090
46188
46091
46189
46092
46190
46093
46191
46094
46192
46095
46193
46096
46194
46097
46195
46098
46196
46099
46197
46100
46198
46101
46199
46102
46200
46103
46201
46104
46202
46105
46203
46106
46204
46107
46205
46108
46206
46109
46207
46110
46208
46111
46209
46112
46210
46113
46211
46114
46212
46115
46213
46116
46214
46117
46215
46118
46216
46119
46217
46120
46218
46121
46219
46122
46220
46123
46221
46124
46222
46125
46223
46126
46224
46127
46225
46128
46226
46129
46227
46130
46228
46131
46229
46132
46230
46133
46231
46134
46232
46135
46233
46136
46234
46137
46235
46138
46236
46139
46237
46140
46238
46141
46239
46142
46240
46143
46241
46144
46242
46145
46243
46146
46244
46147
46245
46148
46246
46149
46247
46150
46248
46151
46249
46152
46250
46153
46251
46154
46252
46253
46156
46254
46157
46255
46158
46256
46159
46257
46160
46258
46161
46259
46162
46260
46163
46261
46164
46262
46165
46263
46166
46264
46167
46265
46168
46266
46169
46267
46170
46268
46171
46269
46172
46270
46173
46271
46174
46272
46175
46273
46176
46274
46177
46275
46178
46276
46179
46277
46180
46278
46181
46279
46182
46280
46183
46281
46184
46282
46185
46283
46186
46284
46187
46285
46188
46286
46189
46287
46190
46288
46191
46289
46192
46290
46193
46291
46194
46292
46195
46293
46196
46294
46197
46295
46198
46296
46199
46297
46200
46298
46201
46299
46202
46300
46203
46301
46204
46302
46205
46303
46206
46304
46207
46305
46208
46306
46209
46307
46210
46308
46211
46309
46212
46310
46213
46311
46214
46312
46215
46313
46216
46314
46217
46315
46218
46316
46219
46317
46220
46318
46221
46319
46222
46320
46223
46321
46224
46322
46225
46323
46226
46324
46227
46325
46228
46326
46229
46327
46230
46328
46231
46329
46232
46330
46233
46331
46234
46332
46235
46333
46236
46334
46237
46335
46238
46336
46239
46337
46240
46338
46241
46339
46242
46340
46243
46341
46244
46342
46245
46343
46246
46344
46247
46345
46248
46346
46249
46347
46250
46348
46251
46349
46252
46350
46253
46351
46352
46255
46353
46256
46354
46257
46355
46258
46356
46259
46357
46260
46358
46261
46359
46262
46360
46263
46361
46264
46362
46265
46363
46266
46364
46267
46365
46268
46366
46269
46367
46270
46368
46271
46369
46272
46370
46273
46371
46274
46372
46275
46373
46276
46374
46277
46375
46278
46376
46279
46377
46280
46378
46281
46379
46282
46380
46283
46381
46284
46382
46285
46383
46286
46384
46287
46385
46288
46386
46289
46387
46290
46388
46291
46389
46292
46390
46293
46391
46294
46392
46295
46393
46296
46394
46297
46395
46298
46396
46299
46397
46300
46398
46301
46399
46302
46400
46303
46401
46304
46402
46305
46403
46306
46404
46307
46405
46308
46406
46309
46407
46310
46408
46311
46409
46312
46410
46313
46411
46314
46412
46315
46413
46316
46414
46317
46415
46318
46416
46319
46417
46320
46418
46321
46419
46322
46420
46323
46421
46324
46422
46325
46423
46326
46424
46327
46425
46328
46426
46329
46427
46330
46428
46331
46429
46332
46430
46333
46431
46334
46432
46335
46433
46336
46434
46337
46435
46338
46436
46339
46437
46340
46438
46341
46439
46342
46440
46343
46441
46344
46442
46345
46443
46346
46444
46347
46445
46348
46446
46349
46447
46350
46448
46351
46449
46352
46450
46451
46354
46452
46355
46453
46356
46454
46357
46455
46358
46456
46359
46457
46360
46458
46361
46459
46362
46460
46363
46461
46364
46462
46365
46463
46366
46464
46367
46465
46368
46466
46369
46467
46370
46468
46371
46469
46372
46470
46373
46471
46374
46472
46375
46473
46376
46474
46377
46475
46378
46476
46379
46477
46380
46478
46381
46479
46382
46480
46383
46481
46384
46482
46385
46483
46386
46484
46387
46485
46388
46486
46389
46487
46390
46488
46391
46489
46392
46490
46393
46491
46394
46492
46395
46493
46396
46494
46397
46495
46398
46496
46399
46497
46400
46498
46401
46499
46402
46500
46403
46501
46404
46502
46405
46503
46406
46504
46407
46505
46408
46506
46409
46507
46410
46508
46411
46509
46412
46510
46413
46511
46414
46512
46415
46513
46416
46514
46417
46515
46418
46516
46419
46517
46420
46518
46421
46519
46422
46520
46423
46521
46424
46522
46425
46523
46426
46524
46427
46525
46428
46526
46429
46527
46430
46528
46431
46529
46432
46530
46433
46531
46434
46532
46435
46533
46436
46534
46437
46535
46438
46536
46439
46537
46440
46538
46441
46539
46442
46540
46443
46541
46444
46542
46445
46543
46446
46544
46447
46545
46448
46546
46449
46547
46450
46548
46451
46549
46550
46453
46551
46454
46552
46455
46553
46456
46554
46457
46555
46458
46556
46459
46557
46460
46558
46461
46559
46462
46560
46463
46561
46464
46562
46465
46563
46466
46564
46467
46565
46468
46566
46469
46567
46470
46568
46471
46569
46472
46570
46473
46571
46474
46572
46475
46573
46476
46574
46477
46575
46478
46576
46479
46577
46480
46578
46481
46579
46482
46580
46483
46581
46484
46582
46485
46583
46486
46584
46487
46585
46488
46586
46489
46587
46490
46588
46491
46589
46492
46590
46493
46591
46494
46592
46495
46593
46496
46594
46497
46595
46498
46596
46499
46597
46500
46598
46501
46599
46502
46600
46503
46601
46504
46602
46505
46603
46506
46604
46507
46605
46508
46606
46509
46607
46510
46608
46511
46609
46512
46610
46513
46611
46514
46612
46515
46613
46516
46614
46517
46615
46518
46616
46519
46617
46520
46618
46521
46619
46522
46620
46523
46621
46524
46622
46525
46623
46526
46624
46527
46625
46528
46626
46529
46627
46530
46628
46531
46629
46532
46630
46533
46631
46534
46632
46535
46633
46536
46634
46537
46635
46538
46636
46539
46637
46540
46638
46541
46639
46542
46640
46543
46641
46544
46642
46545
46643
46546
46644
46547
46645
46548
46646
46549
46647
46550
46648
46649
46552
46650
46553
46651
46554
46652
46555
46653
46556
46654
46557
46655
46558
46656
46559
46657
46560
46658
46561
46659
46562
46660
46563
46661
46564
46662
46565
46663
46566
46664
46567
46665
46568
46666
46569
46667
46570
46668
46571
46669
46572
46670
46573
46671
46574
46672
46575
46673
46576
46674
46577
46675
46578
46676
46579
46677
46580
46678
46581
46679
46582
46680
46583
46681
46584
46682
46585
46683
46586
46684
46587
46685
46588
46686
46589
46687
46590
46688
46591
46689
46592
46690
46593
46691
46594
46692
46595
46693
46596
46694
46597
46695
46598
46696
46599
46697
46600
46698
46601
46699
46602
46700
46603
46701
46604
46702
46605
46703
46606
46704
46607
46705
46608
46706
46609
46707
46610
46708
46611
46709
46612
46710
46613
46711
46614
46712
46615
46713
46616
46714
46617
46715
46618
46716
46619
46717
46620
46718
46621
46719
46622
46720
46623
46721
46624
46722
46625
46723
46626
46724
46627
46725
46628
46726
46629
46727
46630
46728
46631
46729
46632
46730
46633
46731
46634
46732
46635
46733
46636
46734
46637
46735
46638
46736
46639
46737
46640
46738
46641
46739
46642
46740
46643
46741
46644
46742
46645
46743
46646
46744
46647
46745
46648
46746
46649
46747
46748
46651
46749
46652
46750
46653
46751
46654
46752
46655
46753
46656
46754
46657
46755
46658
46756
46659
46757
46660
46758
46661
46759
46662
46760
46663
46761
46664
46762
46665
46763
46666
46764
46667
46765
46668
46766
46669
46767
46670
46768
46671
46769
46672
46770
46673
46771
46674
46772
46675
46773
46676
46774
46677
46775
46678
46776
46679
46777
46680
46778
46681
46779
46682
46780
46683
46781
46684
46782
46685
46783
46686
46784
46687
46785
46688
46786
46689
46787
46690
46788
46691
46789
46692
46790
46693
46791
46694
46792
46695
46793
46696
46794
46697
46795
46698
46796
46699
46797
46700
46798
46701
46799
46702
46800
46703
46801
46704
46802
46705
46803
46706
46804
46707
46805
46708
46806
46709
46807
46710
46808
46711
46809
46712
46810
46713
46811
46714
46812
46715
46813
46716
46814
46717
46815
46718
46816
46719
46817
46720
46818
46721
46819
46722
46820
46723
46821
46724
46822
46725
46823
46726
46824
46727
46825
46728
46826
46729
46827
46730
46828
46731
46829
46732
46830
46733
46831
46734
46832
46735
46833
46736
46834
46737
46835
46738
46836
46739
46837
46740
46838
46741
46839
46742
46840
46743
46841
46744
46842
46745
46843
46746
46844
46747
46845
46748
46846
46847
46750
46848
46751
46849
46752
46850
46753
46851
46754
46852
46755
46853
46756
46854
46757
46855
46758
46856
46759
46857
46760
46858
46761
46859
46762
46860
46763
46861
46764
46862
46765
46863
46766
46864
46767
46865
46768
46866
46769
46867
46770
46868
46771
46869
46772
46870
46773
46871
46774
46872
46775
46873
46776
46874
46777
46875
46778
46876
46779
46877
46780
46878
46781
46879
46782
46880
46783
46881
46784
46882
46785
46883
46786
46884
46787
46885
46788
46886
46789
46887
46790
46888
46791
46889
46792
46890
46793
46891
46794
46892
46795
46893
46796
46894
46797
46895
46798
46896
46799
46897
46800
46898
46801
46899
46802
46900
46803
46901
46804
46902
46805
46903
46806
46904
46807
46905
46808
46906
46809
46907
46810
46908
46811
46909
46812
46910
46813
46911
46814
46912
46815
46913
46816
46914
46817
46915
46818
46916
46819
46917
46820
46918
46821
46919
46822
46920
46823
46921
46824
46922
46825
46923
46826
46924
46827
46925
46828
46926
46829
46927
46830
46928
46831
46929
46832
46930
46833
46931
46834
46932
46835
46933
46836
46934
46837
46935
46838
46936
46839
46937
46840
46938
46841
46939
46842
46940
46843
46941
46844
46942
46845
46943
46846
46944
46847
46945
46946
46849
46947
46850
46948
46851
46949
46852
46950
46853
46951
46854
46952
46855
46953
46856
46954
46857
46955
46858
46956
46859
46957
46860
46958
46861
46959
46862
46960
46863
46961
46864
46962
46865
46963
46866
46964
46867
46965
46868
46966
46869
46967
46870
46968
46871
46969
46872
46970
46873
46971
46874
46972
46875
46973
46876
46974
46877
46975
46878
46976
46879
46977
46880
46978
46881
46979
46882
46980
46883
46981
46884
46982
46885
46983
46886
46984
46887
46985
46888
46986
46889
46987
46890
46988
46891
46989
46892
46990
46893
46991
46894
46992
46895
46993
46896
46994
46897
46995
46898
46996
46899
46997
46900
46998
46901
46999
46902
47000
46903
47001
46904
47002
46905
47003
46906
47004
46907
47005
46908
47006
46909
47007
46910
47008
46911
47009
46912
47010
46913
47011
46914
47012
46915
47013
46916
47014
46917
47015
46918
47016
46919
47017
46920
47018
46921
47019
46922
47020
46923
47021
46924
47022
46925
47023
46926
47024
46927
47025
46928
47026
46929
47027
46930
47028
46931
47029
46932
47030
46933
47031
46934
47032
46935
47033
46936
47034
46937
47035
46938
47036
46939
47037
46940
47038
46941
47039
46942
47040
46943
47041
46944
47042
46945
47043
46946
47044
47045
46948
47046
46949
47047
46950
47048
46951
47049
46952
47050
46953
47051
46954
47052
46955
47053
46956
47054
46957
47055
46958
47056
46959
47057
46960
47058
46961
47059
46962
47060
46963
47061
46964
47062
46965
47063
46966
47064
46967
47065
46968
47066
46969
47067
46970
47068
46971
47069
46972
47070
46973
47071
46974
47072
46975
47073
46976
47074
46977
47075
46978
47076
46979
47077
46980
47078
46981
47079
46982
47080
46983
47081
46984
47082
46985
47083
46986
47084
46987
47085
46988
47086
46989
47087
46990
47088
46991
47089
46992
47090
46993
47091
46994
47092
46995
47093
46996
47094
46997
47095
46998
47096
46999
47097
47000
47098
47001
47099
47002
47100
47003
47101
47004
47102
47005
47103
47006
47104
47007
47105
47008
47106
47009
47107
47010
47108
47011
47109
47012
47110
47013
47111
47014
47112
47015
47113
47016
47114
47017
47115
47018
47116
47019
47117
47020
47118
47021
47119
47022
47120
47023
47121
47024
47122
47025
47123
47026
47124
47027
47125
47028
47126
47029
47127
47030
47128
47031
47129
47032
47130
47033
47131
47034
47132
47035
47133
47036
47134
47037
47135
47038
47136
47039
47137
47040
47138
47041
47139
47042
47140
47043
47141
47044
47142
47045
47143
47144
47047
47145
47048
47146
47049
47147
47050
47148
47051
47149
47052
47150
47053
47151
47054
47152
47055
47153
47056
47154
47057
47155
47058
47156
47059
47157
47060
47158
47061
47159
47062
47160
47063
47161
47064
47162
47065
47163
47066
47164
47067
47165
47068
47166
47069
47167
47070
47168
47071
47169
47072
47170
47073
47171
47074
47172
47075
47173
47076
47174
47077
47175
47078
47176
47079
47177
47080
47178
47081
47179
47082
47180
47083
47181
47084
47182
47085
47183
47086
47184
47087
47185
47088
47186
47089
47187
47090
47188
47091
47189
47092
47190
47093
47191
47094
47192
47095
47193
47096
47194
47097
47195
47098
47196
47099
47197
47100
47198
47101
47199
47102
47200
47103
47201
47104
47202
47105
47203
47106
47204
47107
47205
47108
47206
47109
47207
47110
47208
47111
47209
47112
47210
47113
47211
47114
47212
47115
47213
47116
47214
47117
47215
47118
47216
47119
47217
47120
47218
47121
47219
47122
47220
47123
47221
47124
47222
47125
47223
47126
47224
47127
47225
47128
47226
47129
47227
47130
47228
47131
47229
47132
47230
47133
47231
47134
47232
47135
47233
47136
47234
47137
47235
47138
47236
47139
47237
47140
47238
47141
47239
47142
47240
47143
47241
47144
47242
47243
47146
47244
47147
47245
47148
47246
47149
47247
47150
47248
47151
47249
47152
47250
47153
47251
47154
47252
47155
47253
47156
47254
47157
47255
47158
47256
47159
47257
47160
47258
47161
47259
47162
47260
47163
47261
47164
47262
47165
47263
47166
47264
47167
47265
47168
47266
47169
47267
47170
47268
47171
47269
47172
47270
47173
47271
47174
47272
47175
47273
47176
47274
47177
47275
47178
47276
47179
47277
47180
47278
47181
47279
47182
47280
47183
47281
47184
47282
47185
47283
47186
47284
47187
47285
47188
47286
47189
47287
47190
47288
47191
47289
47192
47290
47193
47291
47194
47292
47195
47293
47196
47294
47197
47295
47198
47296
47199
47297
47200
47298
47201
47299
47202
47300
47203
47301
47204
47302
47205
47303
47206
47304
47207
47305
47208
47306
47209
47307
47210
47308
47211
47309
47212
47310
47213
47311
47214
47312
47215
47313
47216
47314
47217
47315
47218
47316
47219
47317
47220
47318
47221
47319
47222
47320
47223
47321
47224
47322
47225
47323
47226
47324
47227
47325
47228
47326
47229
47327
47230
47328
47231
47329
47232
47330
47233
47331
47234
47332
47235
47333
47236
47334
47237
47335
47238
47336
47239
47337
47240
47338
47241
47339
47242
47340
47243
47341
47342
47245
47343
47246
47344
47247
47345
47248
47346
47249
47347
47250
47348
47251
47349
47252
47350
47253
47351
47254
47352
47255
47353
47256
47354
47257
47355
47258
47356
47259
47357
47260
47358
47261
47359
47262
47360
47263
47361
47264
47362
47265
47363
47266
47364
47267
47365
47268
47366
47269
47367
47270
47368
47271
47369
47272
47370
47273
47371
47274
47372
47275
47373
47276
47374
47277
47375
47278
47376
47279
47377
47280
47378
47281
47379
47282
47380
47283
47381
47284
47382
47285
47383
47286
47384
47287
47385
47288
47386
47289
47387
47290
47388
47291
47389
47292
47390
47293
47391
47294
47392
47295
47393
47296
47394
47297
47395
47298
47396
47299
47397
47300
47398
47301
47399
47302
47400
47303
47401
47304
47402
47305
47403
47306
47404
47307
47405
47308
47406
47309
47407
47310
47408
47311
47409
47312
47410
47313
47411
47314
47412
47315
47413
47316
47414
47317
47415
47318
47416
47319
47417
47320
47418
47321
47419
47322
47420
47323
47421
47324
47422
47325
47423
47326
47424
47327
47425
47328
47426
47329
47427
47330
47428
47331
47429
47332
47430
47333
47431
47334
47432
47335
47433
47336
47434
47337
47435
47338
47436
47339
47437
47340
47438
47341
47439
47342
47440
47441
47344
47442
47345
47443
47346
47444
47347
47445
47348
47446
47349
47447
47350
47448
47351
47449
47352
47450
47353
47451
47354
47452
47355
47453
47356
47454
47357
47455
47358
47456
47359
47457
47360
47458
47361
47459
47362
47460
47363
47461
47364
47462
47365
47463
47366
47464
47367
47465
47368
47466
47369
47467
47370
47468
47371
47469
47372
47470
47373
47471
47374
47472
47375
47473
47376
47474
47377
47475
47378
47476
47379
47477
47380
47478
47381
47479
47382
47480
47383
47481
47384
47482
47385
47483
47386
47484
47387
47485
47388
47486
47389
47487
47390
47488
47391
47489
47392
47490
47393
47491
47394
47492
47395
47493
47396
47494
47397
47495
47398
47496
47399
47497
47400
47498
47401
47499
47402
47500
47403
47501
47404
47502
47405
47503
47406
47504
47407
47505
47408
47506
47409
47507
47410
47508
47411
47509
47412
47510
47413
47511
47414
47512
47415
47513
47416
47514
47417
47515
47418
47516
47419
47517
47420
47518
47421
47519
47422
47520
47423
47521
47424
47522
47425
47523
47426
47524
47427
47525
47428
47526
47429
47527
47430
47528
47431
47529
47432
47530
47433
47531
47434
47532
47435
47533
47436
47534
47437
47535
47438
47536
47439
47537
47440
47538
47441
47539
47540
47443
47541
47444
47542
47445
47543
47446
47544
47447
47545
47448
47546
47449
47547
47450
47548
47451
47549
47452
47550
47453
47551
47454
47552
47455
47553
47456
47554
47457
47555
47458
47556
47459
47557
47460
47558
47461
47559
47462
47560
47463
47561
47464
47562
47465
47563
47466
47564
47467
47565
47468
47566
47469
47567
47470
47568
47471
47569
47472
47570
47473
47571
47474
47572
47475
47573
47476
47574
47477
47575
47478
47576
47479
47577
47480
47578
47481
47579
47482
47580
47483
47581
47484
47582
47485
47583
47486
47584
47487
47585
47488
47586
47489
47587
47490
47588
47491
47589
47492
47590
47493
47591
47494
47592
47495
47593
47496
47594
47497
47595
47498
47596
47499
47597
47500
47598
47501
47599
47502
47600
47503
47601
47504
47602
47505
47603
47506
47604
47507
47605
47508
47606
47509
47607
47510
47608
47511
47609
47512
47610
47513
47611
47514
47612
47515
47613
47516
47614
47517
47615
47518
47616
47519
47617
47520
47618
47521
47619
47522
47620
47523
47621
47524
47622
47525
47623
47526
47624
47527
47625
47528
47626
47529
47627
47530
47628
47531
47629
47532
47630
47533
47631
47534
47632
47535
47633
47536
47634
47537
47635
47538
47636
47539
47637
47540
47638
47639
47542
47640
47543
47641
47544
47642
47545
47643
47546
47644
47547
47645
47548
47646
47549
47647
47550
47648
47551
47649
47552
47650
47553
47651
47554
47652
47555
47653
47556
47654
47557
47655
47558
47656
47559
47657
47560
47658
47561
47659
47562
47660
47563
47661
47564
47662
47565
47663
47566
47664
47567
47665
47568
47666
47569
47667
47570
47668
47571
47669
47572
47670
47573
47671
47574
47672
47575
47673
47576
47674
47577
47675
47578
47676
47579
47677
47580
47678
47581
47679
47582
47680
47583
47681
47584
47682
47585
47683
47586
47684
47587
47685
47588
47686
47589
47687
47590
47688
47591
47689
47592
47690
47593
47691
47594
47692
47595
47693
47596
47694
47597
47695
47598
47696
47599
47697
47600
47698
47601
47699
47602
47700
47603
47701
47604
47702
47605
47703
47606
47704
47607
47705
47608
47706
47609
47707
47610
47708
47611
47709
47612
47710
47613
47711
47614
47712
47615
47713
47616
47714
47617
47715
47618
47716
47619
47717
47620
47718
47621
47719
47622
47720
47623
47721
47624
47722
47625
47723
47626
47724
47627
47725
47628
47726
47629
47727
47630
47728
47631
47729
47632
47730
47633
47731
47634
47732
47635
47733
47636
47734
47637
47735
47638
47736
47639
47737
47738
47641
47739
47642
47740
47643
47741
47644
47742
47645
47743
47646
47744
47647
47745
47648
47746
47649
47747
47650
47748
47651
47749
47652
47750
47653
47751
47654
47752
47655
47753
47656
47754
47657
47755
47658
47756
47659
47757
47660
47758
47661
47759
47662
47760
47663
47761
47664
47762
47665
47763
47666
47764
47667
47765
47668
47766
47669
47767
47670
47768
47671
47769
47672
47770
47673
47771
47674
47772
47675
47773
47676
47774
47677
47775
47678
47776
47679
47777
47680
47778
47681
47779
47682
47780
47683
47781
47684
47782
47685
47783
47686
47784
47687
47785
47688
47786
47689
47787
47690
47788
47691
47789
47692
47790
47693
47791
47694
47792
47695
47793
47696
47794
47697
47795
47698
47796
47699
47797
47700
47798
47701
47799
47702
47800
47703
47801
47704
47802
47705
47803
47706
47804
47707
47805
47708
47806
47709
47807
47710
47808
47711
47809
47712
47810
47713
47811
47714
47812
47715
47813
47716
47814
47717
47815
47718
47816
47719
47817
47720
47818
47721
47819
47722
47820
47723
47821
47724
47822
47725
47823
47726
47824
47727
47825
47728
47826
47729
47827
47730
47828
47731
47829
47732
47830
47733
47831
47734
47832
47735
47833
47736
47834
47737
47835
47738
47836
47837
47740
47838
47741
47839
47742
47840
47743
47841
47744
47842
47745
47843
47746
47844
47747
47845
47748
47846
47749
47847
47750
47848
47751
47849
47752
47850
47753
47851
47754
47852
47755
47853
47756
47854
47757
47855
47758
47856
47759
47857
47760
47858
47761
47859
47762
47860
47763
47861
47764
47862
47765
47863
47766
47864
47767
47865
47768
47866
47769
47867
47770
47868
47771
47869
47772
47870
47773
47871
47774
47872
47775
47873
47776
47874
47777
47875
47778
47876
47779
47877
47780
47878
47781
47879
47782
47880
47783
47881
47784
47882
47785
47883
47786
47884
47787
47885
47788
47886
47789
47887
47790
47888
47791
47889
47792
47890
47793
47891
47794
47892
47795
47893
47796
47894
47797
47895
47798
47896
47799
47897
47800
47898
47801
47899
47802
47900
47803
47901
47804
47902
47805
47903
47806
47904
47807
47905
47808
47906
47809
47907
47810
47908
47811
47909
47812
47910
47813
47911
47814
47912
47815
47913
47816
47914
47817
47915
47818
47916
47819
47917
47820
47918
47821
47919
47822
47920
47823
47921
47824
47922
47825
47923
47826
47924
47827
47925
47828
47926
47829
47927
47830
47928
47831
47929
47832
47930
47833
47931
47834
47932
47835
47933
47836
47934
47837
47935
47936
47839
47937
47840
47938
47841
47939
47842
47940
47843
47941
47844
47942
47845
47943
47846
47944
47847
47945
47848
47946
47849
47947
47850
47948
47851
47949
47852
47950
47853
47951
47854
47952
47855
47953
47856
47954
47857
47955
47858
47956
47859
47957
47860
47958
47861
47959
47862
47960
47863
47961
47864
47962
47865
47963
47866
47964
47867
47965
47868
47966
47869
47967
47870
47968
47871
47969
47872
47970
47873
47971
47874
47972
47875
47973
47876
47974
47877
47975
47878
47976
47879
47977
47880
47978
47881
47979
47882
47980
47883
47981
47884
47982
47885
47983
47886
47984
47887
47985
47888
47986
47889
47987
47890
47988
47891
47989
47892
47990
47893
47991
47894
47992
47895
47993
47896
47994
47897
47995
47898
47996
47899
47997
47900
47998
47901
47999
47902
48000
47903
48001
47904
48002
47905
48003
47906
48004
47907
48005
47908
48006
47909
48007
47910
48008
47911
48009
47912
48010
47913
48011
47914
48012
47915
48013
47916
48014
47917
48015
47918
48016
47919
48017
47920
48018
47921
48019
47922
48020
47923
48021
47924
48022
47925
48023
47926
48024
47927
48025
47928
48026
47929
48027
47930
48028
47931
48029
47932
48030
47933
48031
47934
48032
47935
48033
47936
48034
48035
47938
48036
47939
48037
47940
48038
47941
48039
47942
48040
47943
48041
47944
48042
47945
48043
47946
48044
47947
48045
47948
48046
47949
48047
47950
48048
47951
48049
47952
48050
47953
48051
47954
48052
47955
48053
47956
48054
47957
48055
47958
48056
47959
48057
47960
48058
47961
48059
47962
48060
47963
48061
47964
48062
47965
48063
47966
48064
47967
48065
47968
48066
47969
48067
47970
48068
47971
48069
47972
48070
47973
48071
47974
48072
47975
48073
47976
48074
47977
48075
47978
48076
47979
48077
47980
48078
47981
48079
47982
48080
47983
48081
47984
48082
47985
48083
47986
48084
47987
48085
47988
48086
47989
48087
47990
48088
47991
48089
47992
48090
47993
48091
47994
48092
47995
48093
47996
48094
47997
48095
47998
48096
47999
48097
48000
48098
48001
48099
48002
48100
48003
48101
48004
48102
48005
48103
48006
48104
48007
48105
48008
48106
48009
48107
48010
48108
48011
48109
48012
48110
48013
48111
48014
48112
48015
48113
48016
48114
48017
48115
48018
48116
48019
48117
48020
48118
48021
48119
48022
48120
48023
48121
48024
48122
48025
48123
48026
48124
48027
48125
48028
48126
48029
48127
48030
48128
48031
48129
48032
48130
48033
48131
48034
48132
48035
48133
48134
48037
48135
48038
48136
48039
48137
48040
48138
48041
48139
48042
48140
48043
48141
48044
48142
48045
48143
48046
48144
48047
48145
48048
48146
48049
48147
48050
48148
48051
48149
48052
48150
48053
48151
48054
48152
48055
48153
48056
48154
48057
48155
48058
48156
48059
48157
48060
48158
48061
48159
48062
48160
48063
48161
48064
48162
48065
48163
48066
48164
48067
48165
48068
48166
48069
48167
48070
48168
48071
48169
48072
48170
48073
48171
48074
48172
48075
48173
48076
48174
48077
48175
48078
48176
48079
48177
48080
48178
48081
48179
48082
48180
48083
48181
48084
48182
48085
48183
48086
48184
48087
48185
48088
48186
48089
48187
48090
48188
48091
48189
48092
48190
48093
48191
48094
48192
48095
48193
48096
48194
48097
48195
48098
48196
48099
48197
48100
48198
48101
48199
48102
48200
48103
48201
48104
48202
48105
48203
48106
48204
48107
48205
48108
48206
48109
48207
48110
48208
48111
48209
48112
48210
48113
48211
48114
48212
48115
48213
48116
48214
48117
48215
48118
48216
48119
48217
48120
48218
48121
48219
48122
48220
48123
48221
48124
48222
48125
48223
48126
48224
48127
48225
48128
48226
48129
48227
48130
48228
48131
48229
48132
48230
48133
48231
48134
48232
48233
48136
48234
48137
48235
48138
48236
48139
48237
48140
48238
48141
48239
48142
48240
48143
48241
48144
48242
48145
48243
48146
48244
48147
48245
48148
48246
48149
48247
48150
48248
48151
48249
48152
48250
48153
48251
48154
48252
48155
48253
48156
48254
48157
48255
48158
48256
48159
48257
48160
48258
48161
48259
48162
48260
48163
48261
48164
48262
48165
48263
48166
48264
48167
48265
48168
48266
48169
48267
48170
48268
48171
48269
48172
48270
48173
48271
48174
48272
48175
48273
48176
48274
48177
48275
48178
48276
48179
48277
48180
48278
48181
48279
48182
48280
48183
48281
48184
48282
48185
48283
48186
48284
48187
48285
48188
48286
48189
48287
48190
48288
48191
48289
48192
48290
48193
48291
48194
48292
48195
48293
48196
48294
48197
48295
48198
48296
48199
48297
48200
48298
48201
48299
48202
48300
48203
48301
48204
48302
48205
48303
48206
48304
48207
48305
48208
48306
48209
48307
48210
48308
48211
48309
48212
48310
48213
48311
48214
48312
48215
48313
48216
48314
48217
48315
48218
48316
48219
48317
48220
48318
48221
48319
48222
48320
48223
48321
48224
48322
48225
48323
48226
48324
48227
48325
48228
48326
48229
48327
48230
48328
48231
48329
48232
48330
48233
48331
48332
48235
48333
48236
48334
48237
48335
48238
48336
48239
48337
48240
48338
48241
48339
48242
48340
48243
48341
48244
48342
48245
48343
48246
48344
48247
48345
48248
48346
48249
48347
48250
48348
48251
48349
48252
48350
48253
48351
48254
48352
48255
48353
48256
48354
48257
48355
48258
48356
48259
48357
48260
48358
48261
48359
48262
48360
48263
48361
48264
48362
48265
48363
48266
48364
48267
48365
48268
48366
48269
48367
48270
48368
48271
48369
48272
48370
48273
48371
48274
48372
48275
48373
48276
48374
48277
48375
48278
48376
48279
48377
48280
48378
48281
48379
48282
48380
48283
48381
48284
48382
48285
48383
48286
48384
48287
48385
48288
48386
48289
48387
48290
48388
48291
48389
48292
48390
48293
48391
48294
48392
48295
48393
48296
48394
48297
48395
48298
48396
48299
48397
48300
48398
48301
48399
48302
48400
48303
48401
48304
48402
48305
48403
48306
48404
48307
48405
48308
48406
48309
48407
48310
48408
48311
48409
48312
48410
48313
48411
48314
48412
48315
48413
48316
48414
48317
48415
48318
48416
48319
48417
48320
48418
48321
48419
48322
48420
48323
48421
48324
48422
48325
48423
48326
48424
48327
48425
48328
48426
48329
48427
48330
48428
48331
48429
48332
48430
48431
48334
48432
48335
48433
48336
48434
48337
48435
48338
48436
48339
48437
48340
48438
48341
48439
48342
48440
48343
48441
48344
48442
48345
48443
48346
48444
48347
48445
48348
48446
48349
48447
48350
48448
48351
48449
48352
48450
48353
48451
48354
48452
48355
48453
48356
48454
48357
48455
48358
48456
48359
48457
48360
48458
48361
48459
48362
48460
48363
48461
48364
48462
48365
48463
48366
48464
48367
48465
48368
48466
48369
48467
48370
48468
48371
48469
48372
48470
48373
48471
48374
48472
48375
48473
48376
48474
48377
48475
48378
48476
48379
48477
48380
48478
48381
48479
48382
48480
48383
48481
48384
48482
48385
48483
48386
48484
48387
48485
48388
48486
48389
48487
48390
48488
48391
48489
48392
48490
48393
48491
48394
48492
48395
48493
48396
48494
48397
48495
48398
48496
48399
48497
48400
48498
48401
48499
48402
48500
48403
48501
48404
48502
48405
48503
48406
48504
48407
48505
48408
48506
48409
48507
48410
48508
48411
48509
48412
48510
48413
48511
48414
48512
48415
48513
48416
48514
48417
48515
48418
48516
48419
48517
48420
48518
48421
48519
48422
48520
48423
48521
48424
48522
48425
48523
48426
48524
48427
48525
48428
48526
48429
48527
48430
48528
48431
48529
48530
48433
48531
48434
48532
48435
48533
48436
48534
48437
48535
48438
48536
48439
48537
48440
48538
48441
48539
48442
48540
48443
48541
48444
48542
48445
48543
48446
48544
48447
48545
48448
48546
48449
48547
48450
48548
48451
48549
48452
48550
48453
48551
48454
48552
48455
48553
48456
48554
48457
48555
48458
48556
48459
48557
48460
48558
48461
48559
48462
48560
48463
48561
48464
48562
48465
48563
48466
48564
48467
48565
48468
48566
48469
48567
48470
48568
48471
48569
48472
48570
48473
48571
48474
48572
48475
48573
48476
48574
48477
48575
48478
48576
48479
48577
48480
48578
48481
48579
48482
48580
48483
48581
48484
48582
48485
48583
48486
48584
48487
48585
48488
48586
48489
48587
48490
48588
48491
48589
48492
48590
48493
48591
48494
48592
48495
48593
48496
48594
48497
48595
48498
48596
48499
48597
48500
48598
48501
48599
48502
48600
48503
48601
48504
48602
48505
48603
48506
48604
48507
48605
48508
48606
48509
48607
48510
48608
48511
48609
48512
48610
48513
48611
48514
48612
48515
48613
48516
48614
48517
48615
48518
48616
48519
48617
48520
48618
48521
48619
48522
48620
48523
48621
48524
48622
48525
48623
48526
48624
48527
48625
48528
48626
48529
48627
48530
48628
48629
48532
48630
48533
48631
48534
48632
48535
48633
48536
48634
48537
48635
48538
48636
48539
48637
48540
48638
48541
48639
48542
48640
48543
48641
48544
48642
48545
48643
48546
48644
48547
48645
48548
48646
48549
48647
48550
48648
48551
48649
48552
48650
48553
48651
48554
48652
48555
48653
48556
48654
48557
48655
48558
48656
48559
48657
48560
48658
48561
48659
48562
48660
48563
48661
48564
48662
48565
48663
48566
48664
48567
48665
48568
48666
48569
48667
48570
48668
48571
48669
48572
48670
48573
48671
48574
48672
48575
48673
48576
48674
48577
48675
48578
48676
48579
48677
48580
48678
48581
48679
48582
48680
48583
48681
48584
48682
48585
48683
48586
48684
48587
48685
48588
48686
48589
48687
48590
48688
48591
48689
48592
48690
48593
48691
48594
48692
48595
48693
48596
48694
48597
48695
48598
48696
48599
48697
48600
48698
48601
48699
48602
48700
48603
48701
48604
48702
48605
48703
48606
48704
48607
48705
48608
48706
48609
48707
48610
48708
48611
48709
48612
48710
48613
48711
48614
48712
48615
48713
48616
48714
48617
48715
48618
48716
48619
48717
48620
48718
48621
48719
48622
48720
48623
48721
48624
48722
48625
48723
48626
48724
48627
48725
48628
48726
48629
48727
48728
48631
48729
48632
48730
48633
48731
48634
48732
48635
48733
48636
48734
48637
48735
48638
48736
48639
48737
48640
48738
48641
48739
48642
48740
48643
48741
48644
48742
48645
48743
48646
48744
48647
48745
48648
48746
48649
48747
48650
48748
48651
48749
48652
48750
48653
48751
48654
48752
48655
48753
48656
48754
48657
48755
48658
48756
48659
48757
48660
48758
48661
48759
48662
48760
48663
48761
48664
48762
48665
48763
48666
48764
48667
48765
48668
48766
48669
48767
48670
48768
48671
48769
48672
48770
48673
48771
48674
48772
48675
48773
48676
48774
48677
48775
48678
48776
48679
48777
48680
48778
48681
48779
48682
48780
48683
48781
48684
48782
48685
48783
48686
48784
48687
48785
48688
48786
48689
48787
48690
48788
48691
48789
48692
48790
48693
48791
48694
48792
48695
48793
48696
48794
48697
48795
48698
48796
48699
48797
48700
48798
48701
48799
48702
48800
48703
48801
48704
48802
48705
48803
48706
48804
48707
48805
48708
48806
48709
48807
48710
48808
48711
48809
48712
48810
48713
48811
48714
48812
48715
48813
48716
48814
48717
48815
48718
48816
48719
48817
48720
48818
48721
48819
48722
48820
48723
48821
48724
48822
48725
48823
48726
48824
48727
48825
48728
48826
48827
48730
48828
48731
48829
48732
48830
48733
48831
48734
48832
48735
48833
48736
48834
48737
48835
48738
48836
48739
48837
48740
48838
48741
48839
48742
48840
48743
48841
48744
48842
48745
48843
48746
48844
48747
48845
48748
48846
48749
48847
48750
48848
48751
48849
48752
48850
48753
48851
48754
48852
48755
48853
48756
48854
48757
48855
48758
48856
48759
48857
48760
48858
48761
48859
48762
48860
48763
48861
48764
48862
48765
48863
48766
48864
48767
48865
48768
48866
48769
48867
48770
48868
48771
48869
48772
48870
48773
48871
48774
48872
48775
48873
48776
48874
48777
48875
48778
48876
48779
48877
48780
48878
48781
48879
48782
48880
48783
48881
48784
48882
48785
48883
48786
48884
48787
48885
48788
48886
48789
48887
48790
48888
48791
48889
48792
48890
48793
48891
48794
48892
48795
48893
48796
48894
48797
48895
48798
48896
48799
48897
48800
48898
48801
48899
48802
48900
48803
48901
48804
48902
48805
48903
48806
48904
48807
48905
48808
48906
48809
48907
48810
48908
48811
48909
48812
48910
48813
48911
48814
48912
48815
48913
48816
48914
48817
48915
48818
48916
48819
48917
48820
48918
48821
48919
48822
48920
48823
48921
48824
48922
48825
48923
48826
48924
48827
48925
48926
48829
48927
48830
48928
48831
48929
48832
48930
48833
48931
48834
48932
48835
48933
48836
48934
48837
48935
48838
48936
48839
48937
48840
48938
48841
48939
48842
48940
48843
48941
48844
48942
48845
48943
48846
48944
48847
48945
48848
48946
48849
48947
48850
48948
48851
48949
48852
48950
48853
48951
48854
48952
48855
48953
48856
48954
48857
48955
48858
48956
48859
48957
48860
48958
48861
48959
48862
48960
48863
48961
48864
48962
48865
48963
48866
48964
48867
48965
48868
48966
48869
48967
48870
48968
48871
48969
48872
48970
48873
48971
48874
48972
48875
48973
48876
48974
48877
48975
48878
48976
48879
48977
48880
48978
48881
48979
48882
48980
48883
48981
48884
48982
48885
48983
48886
48984
48887
48985
48888
48986
48889
48987
48890
48988
48891
48989
48892
48990
48893
48991
48894
48992
48895
48993
48896
48994
48897
48995
48898
48996
48899
48997
48900
48998
48901
48999
48902
49000
48903
49001
48904
49002
48905
49003
48906
49004
48907
49005
48908
49006
48909
49007
48910
49008
48911
49009
48912
49010
48913
49011
48914
49012
48915
49013
48916
49014
48917
49015
48918
49016
48919
49017
48920
49018
48921
49019
48922
49020
48923
49021
48924
49022
48925
49023
48926
49024
49025
48928
49026
48929
49027
48930
49028
48931
49029
48932
49030
48933
49031
48934
49032
48935
49033
48936
49034
48937
49035
48938
49036
48939
49037
48940
49038
48941
49039
48942
49040
48943
49041
48944
49042
48945
49043
48946
49044
48947
49045
48948
49046
48949
49047
48950
49048
48951
49049
48952
49050
48953
49051
48954
49052
48955
49053
48956
49054
48957
49055
48958
49056
48959
49057
48960
49058
48961
49059
48962
49060
48963
49061
48964
49062
48965
49063
48966
49064
48967
49065
48968
49066
48969
49067
48970
49068
48971
49069
48972
49070
48973
49071
48974
49072
48975
49073
48976
49074
48977
49075
48978
49076
48979
49077
48980
49078
48981
49079
48982
49080
48983
49081
48984
49082
48985
49083
48986
49084
48987
49085
48988
49086
48989
49087
48990
49088
48991
49089
48992
49090
48993
49091
48994
49092
48995
49093
48996
49094
48997
49095
48998
49096
48999
49097
49000
49098
49001
49099
49002
49100
49003
49101
49004
49102
49005
49103
49006
49104
49007
49105
49008
49106
49009
49107
49010
49108
49011
49109
49012
49110
49013
49111
49014
49112
49015
49113
49016
49114
49017
49115
49018
49116
49019
49117
49020
49118
49021
49119
49022
49120
49023
49121
49024
49122
49025
49123
49124
49027
49125
49028
49126
49029
49127
49030
49128
49031
49129
49032
49130
49033
49131
49034
49132
49035
49133
49036
49134
49037
49135
49038
49136
49039
49137
49040
49138
49041
49139
49042
49140
49043
49141
49044
49142
49045
49143
49046
49144
49047
49145
49048
49146
49049
49147
49050
49148
49051
49149
49052
49150
49053
49151
49054
49152
49055
49153
49056
49154
49057
49155
49058
49156
49059
49157
49060
49158
49061
49159
49062
49160
49063
49161
49064
49162
49065
49163
49066
49164
49067
49165
49068
49166
49069
49167
49070
49168
49071
49169
49072
49170
49073
49171
49074
49172
49075
49173
49076
49174
49077
49175
49078
49176
49079
49177
49080
49178
49081
49179
49082
49180
49083
49181
49084
49182
49085
49183
49086
49184
49087
49185
49088
49186
49089
49187
49090
49188
49091
49189
49092
49190
49093
49191
49094
49192
49095
49193
49096
49194
49097
49195
49098
49196
49099
49197
49100
49198
49101
49199
49102
49200
49103
49201
49104
49202
49105
49203
49106
49204
49107
49205
49108
49206
49109
49207
49110
49208
49111
49209
49112
49210
49113
49211
49114
49212
49115
49213
49116
49214
49117
49215
49118
49216
49119
49217
49120
49218
49121
49219
49122
49220
49123
49221
49124
49222
49223
49126
49224
49127
49225
49128
49226
49129
49227
49130
49228
49131
49229
49132
49230
49133
49231
49134
49232
49135
49233
49136
49234
49137
49235
49138
49236
49139
49237
49140
49238
49141
49239
49142
49240
49143
49241
49144
49242
49145
49243
49146
49244
49147
49245
49148
49246
49149
49247
49150
49248
49151
49249
49152
49250
49153
49251
49154
49252
49155
49253
49156
49254
49157
49255
49158
49256
49159
49257
49160
49258
49161
49259
49162
49260
49163
49261
49164
49262
49165
49263
49166
49264
49167
49265
49168
49266
49169
49267
49170
49268
49171
49269
49172
49270
49173
49271
49174
49272
49175
49273
49176
49274
49177
49275
49178
49276
49179
49277
49180
49278
49181
49279
49182
49280
49183
49281
49184
49282
49185
49283
49186
49284
49187
49285
49188
49286
49189
49287
49190
49288
49191
49289
49192
49290
49193
49291
49194
49292
49195
49293
49196
49294
49197
49295
49198
49296
49199
49297
49200
49298
49201
49299
49202
49300
49203
49301
49204
49302
49205
49303
49206
49304
49207
49305
49208
49306
49209
49307
49210
49308
49211
49309
49212
49310
49213
49311
49214
49312
49215
49313
49216
49314
49217
49315
49218
49316
49219
49317
49220
49318
49221
49319
49222
49320
49223
49321
49322
49225
49323
49226
49324
49227
49325
49228
49326
49229
49327
49230
49328
49231
49329
49232
49330
49233
49331
49234
49332
49235
49333
49236
49334
49237
49335
49238
49336
49239
49337
49240
49338
49241
49339
49242
49340
49243
49341
49244
49342
49245
49343
49246
49344
49247
49345
49248
49346
49249
49347
49250
49348
49251
49349
49252
49350
49253
49351
49254
49352
49255
49353
49256
49354
49257
49355
49258
49356
49259
49357
49260
49358
49261
49359
49262
49360
49263
49361
49264
49362
49265
49363
49266
49364
49267
49365
49268
49366
49269
49367
49270
49368
49271
49369
49272
49370
49273
49371
49274
49372
49275
49373
49276
49374
49277
49375
49278
49376
49279
49377
49280
49378
49281
49379
49282
49380
49283
49381
49284
49382
49285
49383
49286
49384
49287
49385
49288
49386
49289
49387
49290
49388
49291
49389
49292
49390
49293
49391
49294
49392
49295
49393
49296
49394
49297
49395
49298
49396
49299
49397
49300
49398
49301
49399
49302
49400
49303
49401
49304
49402
49305
49403
49306
49404
49307
49405
49308
49406
49309
49407
49310
49408
49311
49409
49312
49410
49313
49411
49314
49412
49315
49413
49316
49414
49317
49415
49318
49416
49319
49417
49320
49418
49321
49419
49322
49420
49421
49324
49422
49325
49423
49326
49424
49327
49425
49328
49426
49329
49427
49330
49428
49331
49429
49332
49430
49333
49431
49334
49432
49335
49433
49336
49434
49337
49435
49338
49436
49339
49437
49340
49438
49341
49439
49342
49440
49343
49441
49344
49442
49345
49443
49346
49444
49347
49445
49348
49446
49349
49447
49350
49448
49351
49449
49352
49450
49353
49451
49354
49452
49355
49453
49356
49454
49357
49455
49358
49456
49359
49457
49360
49458
49361
49459
49362
49460
49363
49461
49364
49462
49365
49463
49366
49464
49367
49465
49368
49466
49369
49467
49370
49468
49371
49469
49372
49470
49373
49471
49374
49472
49375
49473
49376
49474
49377
49475
49378
49476
49379
49477
49380
49478
49381
49479
49382
49480
49383
49481
49384
49482
49385
49483
49386
49484
49387
49485
49388
49486
49389
49487
49390
49488
49391
49489
49392
49490
49393
49491
49394
49492
49395
49493
49396
49494
49397
49495
49398
49496
49399
49497
49400
49498
49401
49499
49402
49500
49403
49501
49404
49502
49405
49503
49406
49504
49407
49505
49408
49506
49409
49507
49410
49508
49411
49509
49412
49510
49413
49511
49414
49512
49415
49513
49416
49514
49417
49515
49418
49516
49419
49517
49420
49518
49421
49519
49520
49423
49521
49424
49522
49425
49523
49426
49524
49427
49525
49428
49526
49429
49527
49430
49528
49431
49529
49432
49530
49433
49531
49434
49532
49435
49533
49436
49534
49437
49535
49438
49536
49439
49537
49440
49538
49441
49539
49442
49540
49443
49541
49444
49542
49445
49543
49446
49544
49447
49545
49448
49546
49449
49547
49450
49548
49451
49549
49452
49550
49453
49551
49454
49552
49455
49553
49456
49554
49457
49555
49458
49556
49459
49557
49460
49558
49461
49559
49462
49560
49463
49561
49464
49562
49465
49563
49466
49564
49467
49565
49468
49566
49469
49567
49470
49568
49471
49569
49472
49570
49473
49571
49474
49572
49475
49573
49476
49574
49477
49575
49478
49576
49479
49577
49480
49578
49481
49579
49482
49580
49483
49581
49484
49582
49485
49583
49486
49584
49487
49585
49488
49586
49489
49587
49490
49588
49491
49589
49492
49590
49493
49591
49494
49592
49495
49593
49496
49594
49497
49595
49498
49596
49499
49597
49500
49598
49501
49599
49502
49600
49503
49601
49504
49602
49505
49603
49506
49604
49507
49605
49508
49606
49509
49607
49510
49608
49511
49609
49512
49610
49513
49611
49514
49612
49515
49613
49516
49614
49517
49615
49518
49616
49519
49617
49520
49618
49619
49522
49620
49523
49621
49524
49622
49525
49623
49526
49624
49527
49625
49528
49626
49529
49627
49530
49628
49531
49629
49532
49630
49533
49631
49534
49632
49535
49633
49536
49634
49537
49635
49538
49636
49539
49637
49540
49638
49541
49639
49542
49640
49543
49641
49544
49642
49545
49643
49546
49644
49547
49645
49548
49646
49549
49647
49550
49648
49551
49649
49552
49650
49553
49651
49554
49652
49555
49653
49556
49654
49557
49655
49558
49656
49559
49657
49560
49658
49561
49659
49562
49660
49563
49661
49564
49662
49565
49663
49566
49664
49567
49665
49568
49666
49569
49667
49570
49668
49571
49669
49572
49670
49573
49671
49574
49672
49575
49673
49576
49674
49577
49675
49578
49676
49579
49677
49580
49678
49581
49679
49582
49680
49583
49681
49584
49682
49585
49683
49586
49684
49587
49685
49588
49686
49589
49687
49590
49688
49591
49689
49592
49690
49593
49691
49594
49692
49595
49693
49596
49694
49597
49695
49598
49696
49599
49697
49600
49698
49601
49699
49602
49700
49603
49701
49604
49702
49605
49703
49606
49704
49607
49705
49608
49706
49609
49707
49610
49708
49611
49709
49612
49710
49613
49711
49614
49712
49615
49713
49616
49714
49617
49715
49618
49716
49619
49717
49718
49621
49719
49622
49720
49623
49721
49624
49722
49625
49723
49626
49724
49627
49725
49628
49726
49629
49727
49630
49728
49631
49729
49632
49730
49633
49731
49634
49732
49635
49733
49636
49734
49637
49735
49638
49736
49639
49737
49640
49738
49641
49739
49642
49740
49643
49741
49644
49742
49645
49743
49646
49744
49647
49745
49648
49746
49649
49747
49650
49748
49651
49749
49652
49750
49653
49751
49654
49752
49655
49753
49656
49754
49657
49755
49658
49756
49659
49757
49660
49758
49661
49759
49662
49760
49663
49761
49664
49762
49665
49763
49666
49764
49667
49765
49668
49766
49669
49767
49670
49768
49671
49769
49672
49770
49673
49771
49674
49772
49675
49773
49676
49774
49677
49775
49678
49776
49679
49777
49680
49778
49681
49779
49682
49780
49683
49781
49684
49782
49685
49783
49686
49784
49687
49785
49688
49786
49689
49787
49690
49788
49691
49789
49692
49790
49693
49791
49694
49792
49695
49793
49696
49794
49697
49795
49698
49796
49699
49797
49700
49798
49701
49799
49702
49800
49703
49801
49704
49802
49705
49803
49706
49804
49707
49805
49708
49806
49709
49807
49710
49808
49711
49809
49712
49810
49713
49811
49714
49812
49715
49813
49716
49814
49717
49815
49718
49816
49817
49720
49818
49721
49819
49722
49820
49723
49821
49724
49822
49725
49823
49726
49824
49727
49825
49728
49826
49729
49827
49730
49828
49731
49829
49732
49830
49733
49831
49734
49832
49735
49833
49736
49834
49737
49835
49738
49836
49739
49837
49740
49838
49741
49839
49742
49840
49743
49841
49744
49842
49745
49843
49746
49844
49747
49845
49748
49846
49749
49847
49750
49848
49751
49849
49752
49850
49753
49851
49754
49852
49755
49853
49756
49854
49757
49855
49758
49856
49759
49857
49760
49858
49761
49859
49762
49860
49763
49861
49764
49862
49765
49863
49766
49864
49767
49865
49768
49866
49769
49867
49770
49868
49771
49869
49772
49870
49773
49871
49774
49872
49775
49873
49776
49874
49777
49875
49778
49876
49779
49877
49780
49878
49781
49879
49782
49880
49783
49881
49784
49882
49785
49883
49786
49884
49787
49885
49788
49886
49789
49887
49790
49888
49791
49889
49792
49890
49793
49891
49794
49892
49795
49893
49796
49894
49797
49895
49798
49896
49799
49897
49800
49898
49801
49899
49802
49900
49803
49901
49804
49902
49805
49903
49806
49904
49807
49905
49808
49906
49809
49907
49810
49908
49811
49909
49812
49910
49813
49911
49814
49912
49815
49913
49816
49914
49817
49915
49916
49819
49917
49820
49918
49821
49919
49822
49920
49823
49921
49824
49922
49825
49923
49826
49924
49827
49925
49828
49926
49829
49927
49830
49928
49831
49929
49832
49930
49833
49931
49834
49932
49835
49933
49836
49934
49837
49935
49838
49936
49839
49937
49840
49938
49841
49939
49842
49940
49843
49941
49844
49942
49845
49943
49846
49944
49847
49945
49848
49946
49849
49947
49850
49948
49851
49949
49852
49950
49853
49951
49854
49952
49855
49953
49856
49954
49857
49955
49858
49956
49859
49957
49860
49958
49861
49959
49862
49960
49863
49961
49864
49962
49865
49963
49866
49964
49867
49965
49868
49966
49869
49967
49870
49968
49871
49969
49872
49970
49873
49971
49874
49972
49875
49973
49876
49974
49877
49975
49878
49976
49879
49977
49880
49978
49881
49979
49882
49980
49883
49981
49884
49982
49885
49983
49886
49984
49887
49985
49888
49986
49889
49987
49890
49988
49891
49989
49892
49990
49893
49991
49894
49992
49895
49993
49896
49994
49897
49995
49898
49996
49899
49997
49900
49998
49901
49999
49902
50000
49903
50001
49904
50002
49905
50003
49906
50004
49907
50005
49908
50006
49909
50007
49910
50008
49911
50009
49912
50010
49913
50011
49914
50012
49915
50013
49916
50014
50015
49918
50016
49919
50017
49920
50018
49921
50019
49922
50020
49923
50021
49924
50022
49925
50023
49926
50024
49927
50025
49928
50026
49929
50027
49930
50028
49931
50029
49932
50030
49933
50031
49934
50032
49935
50033
49936
50034
49937
50035
49938
50036
49939
50037
49940
50038
49941
50039
49942
50040
49943
50041
49944
50042
49945
50043
49946
50044
49947
50045
49948
50046
49949
50047
49950
50048
49951
50049
49952
50050
49953
50051
49954
50052
49955
50053
49956
50054
49957
50055
49958
50056
49959
50057
49960
50058
49961
50059
49962
50060
49963
50061
49964
50062
49965
50063
49966
50064
49967
50065
49968
50066
49969
50067
49970
50068
49971
50069
49972
50070
49973
50071
49974
50072
49975
50073
49976
50074
49977
50075
49978
50076
49979
50077
49980
50078
49981
50079
49982
50080
49983
50081
49984
50082
49985
50083
49986
50084
49987
50085
49988
50086
49989
50087
49990
50088
49991
50089
49992
50090
49993
50091
49994
50092
49995
50093
49996
50094
49997
50095
49998
50096
49999
50097
50000
50098
50001
50099
50002
50100
50003
50101
50004
50102
50005
50103
50006
50104
50007
50105
50008
50106
50009
50107
50010
50108
50011
50109
50012
50110
50013
50111
50014
50112
50015
50113
50114
50017
50115
50018
50116
50019
50117
50020
50118
50021
50119
50022
50120
50023
50121
50024
50122
50025
50123
50026
50124
50027
50125
50028
50126
50029
50127
50030
50128
50031
50129
50032
50130
50033
50131
50034
50132
50035
50133
50036
50134
50037
50135
50038
50136
50039
50137
50040
50138
50041
50139
50042
50140
50043
50141
50044
50142
50045
50143
50046
50144
50047
50145
50048
50146
50049
50147
50050
50148
50051
50149
50052
50150
50053
50151
50054
50152
50055
50153
50056
50154
50057
50155
50058
50156
50059
50157
50060
50158
50061
50159
50062
50160
50063
50161
50064
50162
50065
50163
50066
50164
50067
50165
50068
50166
50069
50167
50070
50168
50071
50169
50072
50170
50073
50171
50074
50172
50075
50173
50076
50174
50077
50175
50078
50176
50079
50177
50080
50178
50081
50179
50082
50180
50083
50181
50084
50182
50085
50183
50086
50184
50087
50185
50088
50186
50089
50187
50090
50188
50091
50189
50092
50190
50093
50191
50094
50192
50095
50193
50096
50194
50097
50195
50098
50196
50099
50197
50100
50198
50101
50199
50102
50200
50103
50201
50104
50202
50105
50203
50106
50204
50107
50205
50108
50206
50109
50207
50110
50208
50111
50209
50112
50210
50113
50211
50114
50212
50213
50116
50214
50117
50215
50118
50216
50119
50217
50120
50218
50121
50219
50122
50220
50123
50221
50124
50222
50125
50223
50126
50224
50127
50225
50128
50226
50129
50227
50130
50228
50131
50229
50132
50230
50133
50231
50134
50232
50135
50233
50136
50234
50137
50235
50138
50236
50139
50237
50140
50238
50141
50239
50142
50240
50143
50241
50144
50242
50145
50243
50146
50244
50147
50245
50148
50246
50149
50247
50150
50248
50151
50249
50152
50250
50153
50251
50154
50252
50155
50253
50156
50254
50157
50255
50158
50256
50159
50257
50160
50258
50161
50259
50162
50260
50163
50261
50164
50262
50165
50263
50166
50264
50167
50265
50168
50266
50169
50267
50170
50268
50171
50269
50172
50270
50173
50271
50174
50272
50175
50273
50176
50274
50177
50275
50178
50276
50179
50277
50180
50278
50181
50279
50182
50280
50183
50281
50184
50282
50185
50283
50186
50284
50187
50285
50188
50286
50189
50287
50190
50288
50191
50289
50192
50290
50193
50291
50194
50292
50195
50293
50196
50294
50197
50295
50198
50296
50199
50297
50200
50298
50201
50299
50202
50300
50203
50301
50204
50302
50205
50303
50206
50304
50207
50305
50208
50306
50209
50307
50210
50308
50211
50309
50212
50310
50213
50311
50312
50215
50313
50216
50314
50217
50315
50218
50316
50219
50317
50220
50318
50221
50319
50222
50320
50223
50321
50224
50322
50225
50323
50226
50324
50227
50325
50228
50326
50229
50327
50230
50328
50231
50329
50232
50330
50233
50331
50234
50332
50235
50333
50236
50334
50237
50335
50238
50336
50239
50337
50240
50338
50241
50339
50242
50340
50243
50341
50244
50342
50245
50343
50246
50344
50247
50345
50248
50346
50249
50347
50250
50348
50251
50349
50252
50350
50253
50351
50254
50352
50255
50353
50256
50354
50257
50355
50258
50356
50259
50357
50260
50358
50261
50359
50262
50360
50263
50361
50264
50362
50265
50363
50266
50364
50267
50365
50268
50366
50269
50367
50270
50368
50271
50369
50272
50370
50273
50371
50274
50372
50275
50373
50276
50374
50277
50375
50278
50376
50279
50377
50280
50378
50281
50379
50282
50380
50283
50381
50284
50382
50285
50383
50286
50384
50287
50385
50288
50386
50289
50387
50290
50388
50291
50389
50292
50390
50293
50391
50294
50392
50295
50393
50296
50394
50297
50395
50298
50396
50299
50397
50300
50398
50301
50399
50302
50400
50303
50401
50304
50402
50305
50403
50306
50404
50307
50405
50308
50406
50309
50407
50310
50408
50311
50409
50312
50410
50411
50314
50412
50315
50413
50316
50414
50317
50415
50318
50416
50319
50417
50320
50418
50321
50419
50322
50420
50323
50421
50324
50422
50325
50423
50326
50424
50327
50425
50328
50426
50329
50427
50330
50428
50331
50429
50332
50430
50333
50431
50334
50432
50335
50433
50336
50434
50337
50435
50338
50436
50339
50437
50340
50438
50341
50439
50342
50440
50343
50441
50344
50442
50345
50443
50346
50444
50347
50445
50348
50446
50349
50447
50350
50448
50351
50449
50352
50450
50353
50451
50354
50452
50355
50453
50356
50454
50357
50455
50358
50456
50359
50457
50360
50458
50361
50459
50362
50460
50363
50461
50364
50462
50365
50463
50366
50464
50367
50465
50368
50466
50369
50467
50370
50468
50371
50469
50372
50470
50373
50471
50374
50472
50375
50473
50376
50474
50377
50475
50378
50476
50379
50477
50380
50478
50381
50479
50382
50480
50383
50481
50384
50482
50385
50483
50386
50484
50387
50485
50388
50486
50389
50487
50390
50488
50391
50489
50392
50490
50393
50491
50394
50492
50395
50493
50396
50494
50397
50495
50398
50496
50399
50497
50400
50498
50401
50499
50402
50500
50403
50501
50404
50502
50405
50503
50406
50504
50407
50505
50408
50506
50409
50507
50410
50508
50411
50509
50510
50413
50511
50414
50512
50415
50513
50416
50514
50417
50515
50418
50516
50419
50517
50420
50518
50421
50519
50422
50520
50423
50521
50424
50522
50425
50523
50426
50524
50427
50525
50428
50526
50429
50527
50430
50528
50431
50529
50432
50530
50433
50531
50434
50532
50435
50533
50436
50534
50437
50535
50438
50536
50439
50537
50440
50538
50441
50539
50442
50540
50443
50541
50444
50542
50445
50543
50446
50544
50447
50545
50448
50546
50449
50547
50450
50548
50451
50549
50452
50550
50453
50551
50454
50552
50455
50553
50456
50554
50457
50555
50458
50556
50459
50557
50460
50558
50461
50559
50462
50560
50463
50561
50464
50562
50465
50563
50466
50564
50467
50565
50468
50566
50469
50567
50470
50568
50471
50569
50472
50570
50473
50571
50474
50572
50475
50573
50476
50574
50477
50575
50478
50576
50479
50577
50480
50578
50481
50579
50482
50580
50483
50581
50484
50582
50485
50583
50486
50584
50487
50585
50488
50586
50489
50587
50490
50588
50491
50589
50492
50590
50493
50591
50494
50592
50495
50593
50496
50594
50497
50595
50498
50596
50499
50597
50500
50598
50501
50599
50502
50600
50503
50601
50504
50602
50505
50603
50506
50604
50507
50605
50508
50606
50509
50607
50510
50608
50609
50512
50610
50513
50611
50514
50612
50515
50613
50516
50614
50517
50615
50518
50616
50519
50617
50520
50618
50521
50619
50522
50620
50523
50621
50524
50622
50525
50623
50526
50624
50527
50625
50528
50626
50529
50627
50530
50628
50531
50629
50532
50630
50533
50631
50534
50632
50535
50633
50536
50634
50537
50635
50538
50636
50539
50637
50540
50638
50541
50639
50542
50640
50543
50641
50544
50642
50545
50643
50546
50644
50547
50645
50548
50646
50549
50647
50550
50648
50551
50649
50552
50650
50553
50651
50554
50652
50555
50653
50556
50654
50557
50655
50558
50656
50559
50657
50560
50658
50561
50659
50562
50660
50563
50661
50564
50662
50565
50663
50566
50664
50567
50665
50568
50666
50569
50667
50570
50668
50571
50669
50572
50670
50573
50671
50574
50672
50575
50673
50576
50674
50577
50675
50578
50676
50579
50677
50580
50678
50581
50679
50582
50680
50583
50681
50584
50682
50585
50683
50586
50684
50587
50685
50588
50686
50589
50687
50590
50688
50591
50689
50592
50690
50593
50691
50594
50692
50595
50693
50596
50694
50597
50695
50598
50696
50599
50697
50600
50698
50601
50699
50602
50700
50603
50701
50604
50702
50605
50703
50606
50704
50607
50705
50608
50706
50609
50707
50708
50611
50709
50612
50710
50613
50711
50614
50712
50615
50713
50616
50714
50617
50715
50618
50716
50619
50717
50620
50718
50621
50719
50622
50720
50623
50721
50624
50722
50625
50723
50626
50724
50627
50725
50628
50726
50629
50727
50630
50728
50631
50729
50632
50730
50633
50731
50634
50732
50635
50733
50636
50734
50637
50735
50638
50736
50639
50737
50640
50738
50641
50739
50642
50740
50643
50741
50644
50742
50645
50743
50646
50744
50647
50745
50648
50746
50649
50747
50650
50748
50651
50749
50652
50750
50653
50751
50654
50752
50655
50753
50656
50754
50657
50755
50658
50756
50659
50757
50660
50758
50661
50759
50662
50760
50663
50761
50664
50762
50665
50763
50666
50764
50667
50765
50668
50766
50669
50767
50670
50768
50671
50769
50672
50770
50673
50771
50674
50772
50675
50773
50676
50774
50677
50775
50678
50776
50679
50777
50680
50778
50681
50779
50682
50780
50683
50781
50684
50782
50685
50783
50686
50784
50687
50785
50688
50786
50689
50787
50690
50788
50691
50789
50692
50790
50693
50791
50694
50792
50695
50793
50696
50794
50697
50795
50698
50796
50699
50797
50700
50798
50701
50799
50702
50800
50703
50801
50704
50802
50705
50803
50706
50804
50707
50805
50708
50806
50807
50710
50808
50711
50809
50712
50810
50713
50811
50714
50812
50715
50813
50716
50814
50717
50815
50718
50816
50719
50817
50720
50818
50721
50819
50722
50820
50723
50821
50724
50822
50725
50823
50726
50824
50727
50825
50728
50826
50729
50827
50730
50828
50731
50829
50732
50830
50733
50831
50734
50832
50735
50833
50736
50834
50737
50835
50738
50836
50739
50837
50740
50838
50741
50839
50742
50840
50743
50841
50744
50842
50745
50843
50746
50844
50747
50845
50748
50846
50749
50847
50750
50848
50751
50849
50752
50850
50753
50851
50754
50852
50755
50853
50756
50854
50757
50855
50758
50856
50759
50857
50760
50858
50761
50859
50762
50860
50763
50861
50764
50862
50765
50863
50766
50864
50767
50865
50768
50866
50769
50867
50770
50868
50771
50869
50772
50870
50773
50871
50774
50872
50775
50873
50776
50874
50777
50875
50778
50876
50779
50877
50780
50878
50781
50879
50782
50880
50783
50881
50784
50882
50785
50883
50786
50884
50787
50885
50788
50886
50789
50887
50790
50888
50791
50889
50792
50890
50793
50891
50794
50892
50795
50893
50796
50894
50797
50895
50798
50896
50799
50897
50800
50898
50801
50899
50802
50900
50803
50901
50804
50902
50805
50903
50806
50904
50807
50905
50906
50809
50907
50810
50908
50811
50909
50812
50910
50813
50911
50814
50912
50815
50913
50816
50914
50817
50915
50818
50916
50819
50917
50820
50918
50821
50919
50822
50920
50823
50921
50824
50922
50825
50923
50826
50924
50827
50925
50828
50926
50829
50927
50830
50928
50831
50929
50832
50930
50833
50931
50834
50932
50835
50933
50836
50934
50837
50935
50838
50936
50839
50937
50840
50938
50841
50939
50842
50940
50843
50941
50844
50942
50845
50943
50846
50944
50847
50945
50848
50946
50849
50947
50850
50948
50851
50949
50852
50950
50853
50951
50854
50952
50855
50953
50856
50954
50857
50955
50858
50956
50859
50957
50860
50958
50861
50959
50862
50960
50863
50961
50864
50962
50865
50963
50866
50964
50867
50965
50868
50966
50869
50967
50870
50968
50871
50969
50872
50970
50873
50971
50874
50972
50875
50973
50876
50974
50877
50975
50878
50976
50879
50977
50880
50978
50881
50979
50882
50980
50883
50981
50884
50982
50885
50983
50886
50984
50887
50985
50888
50986
50889
50987
50890
50988
50891
50989
50892
50990
50893
50991
50894
50992
50895
50993
50896
50994
50897
50995
50898
50996
50899
50997
50900
50998
50901
50999
50902
51000
50903
51001
50904
51002
50905
51003
50906
51004
51005
50908
51006
50909
51007
50910
51008
50911
51009
50912
51010
50913
51011
50914
51012
50915
51013
50916
51014
50917
51015
50918
51016
50919
51017
50920
51018
50921
51019
50922
51020
50923
51021
50924
51022
50925
51023
50926
51024
50927
51025
50928
51026
50929
51027
50930
51028
50931
51029
50932
51030
50933
51031
50934
51032
50935
51033
50936
51034
50937
51035
50938
51036
50939
51037
50940
51038
50941
51039
50942
51040
50943
51041
50944
51042
50945
51043
50946
51044
50947
51045
50948
51046
50949
51047
50950
51048
50951
51049
50952
51050
50953
51051
50954
51052
50955
51053
50956
51054
50957
51055
50958
51056
50959
51057
50960
51058
50961
51059
50962
51060
50963
51061
50964
51062
50965
51063
50966
51064
50967
51065
50968
51066
50969
51067
50970
51068
50971
51069
50972
51070
50973
51071
50974
51072
50975
51073
50976
51074
50977
51075
50978
51076
50979
51077
50980
51078
50981
51079
50982
51080
50983
51081
50984
51082
50985
51083
50986
51084
50987
51085
50988
51086
50989
51087
50990
51088
50991
51089
50992
51090
50993
51091
50994
51092
50995
51093
50996
51094
50997
51095
50998
51096
50999
51097
51000
51098
51001
51099
51002
51100
51003
51101
51004
51102
51005
51103
51104
51007
51105
51008
51106
51009
51107
51010
51108
51011
51109
51012
51110
51013
51111
51014
51112
51015
51113
51016
51114
51017
51115
51018
51116
51019
51117
51020
51118
51021
51119
51022
51120
51023
51121
51024
51122
51025
51123
51026
51124
51027
51125
51028
51126
51029
51127
51030
51128
51031
51129
51032
51130
51033
51131
51034
51132
51035
51133
51036
51134
51037
51135
51038
51136
51039
51137
51040
51138
51041
51139
51042
51140
51043
51141
51044
51142
51045
51143
51046
51144
51047
51145
51048
51146
51049
51147
51050
51148
51051
51149
51052
51150
51053
51151
51054
51152
51055
51153
51056
51154
51057
51155
51058
51156
51059
51157
51060
51158
51061
51159
51062
51160
51063
51161
51064
51162
51065
51163
51066
51164
51067
51165
51068
51166
51069
51167
51070
51168
51071
51169
51072
51170
51073
51171
51074
51172
51075
51173
51076
51174
51077
51175
51078
51176
51079
51177
51080
51178
51081
51179
51082
51180
51083
51181
51084
51182
51085
51183
51086
51184
51087
51185
51088
51186
51089
51187
51090
51188
51091
51189
51092
51190
51093
51191
51094
51192
51095
51193
51096
51194
51097
51195
51098
51196
51099
51197
51100
51198
51101
51199
51102
51200
51103
51201
51104
51202
51203
51106
51204
51107
51205
51108
51206
51109
51207
51110
51208
51111
51209
51112
51210
51113
51211
51114
51212
51115
51213
51116
51214
51117
51215
51118
51216
51119
51217
51120
51218
51121
51219
51122
51220
51123
51221
51124
51222
51125
51223
51126
51224
51127
51225
51128
51226
51129
51227
51130
51228
51131
51229
51132
51230
51133
51231
51134
51232
51135
51233
51136
51234
51137
51235
51138
51236
51139
51237
51140
51238
51141
51239
51142
51240
51143
51241
51144
51242
51145
51243
51146
51244
51147
51245
51148
51246
51149
51247
51150
51248
51151
51249
51152
51250
51153
51251
51154
51252
51155
51253
51156
51254
51157
51255
51158
51256
51159
51257
51160
51258
51161
51259
51162
51260
51163
51261
51164
51262
51165
51263
51166
51264
51167
51265
51168
51266
51169
51267
51170
51268
51171
51269
51172
51270
51173
51271
51174
51272
51175
51273
51176
51274
51177
51275
51178
51276
51179
51277
51180
51278
51181
51279
51182
51280
51183
51281
51184
51282
51185
51283
51186
51284
51187
51285
51188
51286
51189
51287
51190
51288
51191
51289
51192
51290
51193
51291
51194
51292
51195
51293
51196
51294
51197
51295
51198
51296
51199
51297
51200
51298
51201
51299
51202
51300
51203
51301
51302
51205
51303
51206
51304
51207
51305
51208
51306
51209
51307
51210
51308
51211
51309
51212
51310
51213
51311
51214
51312
51215
51313
51216
51314
51217
51315
51218
51316
51219
51317
51220
51318
51221
51319
51222
51320
51223
51321
51224
51322
51225
51323
51226
51324
51227
51325
51228
51326
51229
51327
51230
51328
51231
51329
51232
51330
51233
51331
51234
51332
51235
51333
51236
51334
51237
51335
51238
51336
51239
51337
51240
51338
51241
51339
51242
51340
51243
51341
51244
51342
51245
51343
51246
51344
51247
51345
51248
51346
51249
51347
51250
51348
51251
51349
51252
51350
51253
51351
51254
51352
51255
51353
51256
51354
51257
51355
51258
51356
51259
51357
51260
51358
51261
51359
51262
51360
51263
51361
51264
51362
51265
51363
51266
51364
51267
51365
51268
51366
51269
51367
51270
51368
51271
51369
51272
51370
51273
51371
51274
51372
51275
51373
51276
51374
51277
51375
51278
51376
51279
51377
51280
51378
51281
51379
51282
51380
51283
51381
51284
51382
51285
51383
51286
51384
51287
51385
51288
51386
51289
51387
51290
51388
51291
51389
51292
51390
51293
51391
51294
51392
51295
51393
51296
51394
51297
51395
51298
51396
51299
51397
51300
51398
51301
51399
51302
51400
51401
51304
51402
51305
51403
51306
51404
51307
51405
51308
51406
51309
51407
51310
51408
51311
51409
51312
51410
51313
51411
51314
51412
51315
51413
51316
51414
51317
51415
51318
51416
51319
51417
51320
51418
51321
51419
51322
51420
51323
51421
51324
51422
51325
51423
51326
51424
51327
51425
51328
51426
51329
51427
51330
51428
51331
51429
51332
51430
51333
51431
51334
51432
51335
51433
51336
51434
51337
51435
51338
51436
51339
51437
51340
51438
51341
51439
51342
51440
51343
51441
51344
51442
51345
51443
51346
51444
51347
51445
51348
51446
51349
51447
51350
51448
51351
51449
51352
51450
51353
51451
51354
51452
51355
51453
51356
51454
51357
51455
51358
51456
51359
51457
51360
51458
51361
51459
51362
51460
51363
51461
51364
51462
51365
51463
51366
51464
51367
51465
51368
51466
51369
51467
51370
51468
51371
51469
51372
51470
51373
51471
51374
51472
51375
51473
51376
51474
51377
51475
51378
51476
51379
51477
51380
51478
51381
51479
51382
51480
51383
51481
51384
51482
51385
51483
51386
51484
51387
51485
51388
51486
51389
51487
51390
51488
51391
51489
51392
51490
51393
51491
51394
51492
51395
51493
51396
51494
51397
51495
51398
51496
51399
51497
51400
51498
51401
51499
51500
51403
51501
51404
51502
51405
51503
51406
51504
51407
51505
51408
51506
51409
51507
51410
51508
51411
51509
51412
51510
51413
51511
51414
51512
51415
51513
51416
51514
51417
51515
51418
51516
51419
51517
51420
51518
51421
51519
51422
51520
51423
51521
51424
51522
51425
51523
51426
51524
51427
51525
51428
51526
51429
51527
51430
51528
51431
51529
51432
51530
51433
51531
51434
51532
51435
51533
51436
51534
51437
51535
51438
51536
51439
51537
51440
51538
51441
51539
51442
51540
51443
51541
51444
51542
51445
51543
51446
51544
51447
51545
51448
51546
51449
51547
51450
51548
51451
51549
51452
51550
51453
51551
51454
51552
51455
51553
51456
51554
51457
51555
51458
51556
51459
51557
51460
51558
51461
51559
51462
51560
51463
51561
51464
51562
51465
51563
51466
51564
51467
51565
51468
51566
51469
51567
51470
51568
51471
51569
51472
51570
51473
51571
51474
51572
51475
51573
51476
51574
51477
51575
51478
51576
51479
51577
51480
51578
51481
51579
51482
51580
51483
51581
51484
51582
51485
51583
51486
51584
51487
51585
51488
51586
51489
51587
51490
51588
51491
51589
51492
51590
51493
51591
51494
51592
51495
51593
51496
51594
51497
51595
51498
51596
51499
51597
51500
51598
51599
51502
51600
51503
51601
51504
51602
51505
51603
51506
51604
51507
51605
51508
51606
51509
51607
51510
51608
51511
51609
51512
51610
51513
51611
51514
51612
51515
51613
51516
51614
51517
51615
51518
51616
51519
51617
51520
51618
51521
51619
51522
51620
51523
51621
51524
51622
51525
51623
51526
51624
51527
51625
51528
51626
51529
51627
51530
51628
51531
51629
51532
51630
51533
51631
51534
51632
51535
51633
51536
51634
51537
51635
51538
51636
51539
51637
51540
51638
51541
51639
51542
51640
51543
51641
51544
51642
51545
51643
51546
51644
51547
51645
51548
51646
51549
51647
51550
51648
51551
51649
51552
51650
51553
51651
51554
51652
51555
51653
51556
51654
51557
51655
51558
51656
51559
51657
51560
51658
51561
51659
51562
51660
51563
51661
51564
51662
51565
51663
51566
51664
51567
51665
51568
51666
51569
51667
51570
51668
51571
51669
51572
51670
51573
51671
51574
51672
51575
51673
51576
51674
51577
51675
51578
51676
51579
51677
51580
51678
51581
51679
51582
51680
51583
51681
51584
51682
51585
51683
51586
51684
51587
51685
51588
51686
51589
51687
51590
51688
51591
51689
51592
51690
51593
51691
51594
51692
51595
51693
51596
51694
51597
51695
51598
51696
51599
51697
51698
51601
51699
51602
51700
51603
51701
51604
51702
51605
51703
51606
51704
51607
51705
51608
51706
51609
51707
51610
51708
51611
51709
51612
51710
51613
51711
51614
51712
51615
51713
51616
51714
51617
51715
51618
51716
51619
51717
51620
51718
51621
51719
51622
51720
51623
51721
51624
51722
51625
51723
51626
51724
51627
51725
51628
51726
51629
51727
51630
51728
51631
51729
51632
51730
51633
51731
51634
51732
51635
51733
51636
51734
51637
51735
51638
51736
51639
51737
51640
51738
51641
51739
51642
51740
51643
51741
51644
51742
51645
51743
51646
51744
51647
51745
51648
51746
51649
51747
51650
51748
51651
51749
51652
51750
51653
51751
51654
51752
51655
51753
51656
51754
51657
51755
51658
51756
51659
51757
51660
51758
51661
51759
51662
51760
51663
51761
51664
51762
51665
51763
51666
51764
51667
51765
51668
51766
51669
51767
51670
51768
51671
51769
51672
51770
51673
51771
51674
51772
51675
51773
51676
51774
51677
51775
51678
51776
51679
51777
51680
51778
51681
51779
51682
51780
51683
51781
51684
51782
51685
51783
51686
51784
51687
51785
51688
51786
51689
51787
51690
51788
51691
51789
51692
51790
51693
51791
51694
51792
51695
51793
51696
51794
51697
51795
51698
51796
51797
51700
51798
51701
51799
51702
51800
51703
51801
51704
51802
51705
51803
51706
51804
51707
51805
51708
51806
51709
51807
51710
51808
51711
51809
51712
51810
51713
51811
51714
51812
51715
51813
51716
51814
51717
51815
51718
51816
51719
51817
51720
51818
51721
51819
51722
51820
51723
51821
51724
51822
51725
51823
51726
51824
51727
51825
51728
51826
51729
51827
51730
51828
51731
51829
51732
51830
51733
51831
51734
51832
51735
51833
51736
51834
51737
51835
51738
51836
51739
51837
51740
51838
51741
51839
51742
51840
51743
51841
51744
51842
51745
51843
51746
51844
51747
51845
51748
51846
51749
51847
51750
51848
51751
51849
51752
51850
51753
51851
51754
51852
51755
51853
51756
51854
51757
51855
51758
51856
51759
51857
51760
51858
51761
51859
51762
51860
51763
51861
51764
51862
51765
51863
51766
51864
51767
51865
51768
51866
51769
51867
51770
51868
51771
51869
51772
51870
51773
51871
51774
51872
51775
51873
51776
51874
51777
51875
51778
51876
51779
51877
51780
51878
51781
51879
51782
51880
51783
51881
51784
51882
51785
51883
51786
51884
51787
51885
51788
51886
51789
51887
51790
51888
51791
51889
51792
51890
51793
51891
51794
51892
51795
51893
51796
51894
51797
51895
51896
51799
51897
51800
51898
51801
51899
51802
51900
51803
51901
51804
51902
51805
51903
51806
51904
51807
51905
51808
51906
51809
51907
51810
51908
51811
51909
51812
51910
51813
51911
51814
51912
51815
51913
51816
51914
51817
51915
51818
51916
51819
51917
51820
51918
51821
51919
51822
51920
51823
51921
51824
51922
51825
51923
51826
51924
51827
51925
51828
51926
51829
51927
51830
51928
51831
51929
51832
51930
51833
51931
51834
51932
51835
51933
51836
51934
51837
51935
51838
51936
51839
51937
51840
51938
51841
51939
51842
51940
51843
51941
51844
51942
51845
51943
51846
51944
51847
51945
51848
51946
51849
51947
51850
51948
51851
51949
51852
51950
51853
51951
51854
51952
51855
51953
51856
51954
51857
51955
51858
51956
51859
51957
51860
51958
51861
51959
51862
51960
51863
51961
51864
51962
51865
51963
51866
51964
51867
51965
51868
51966
51869
51967
51870
51968
51871
51969
51872
51970
51873
51971
51874
51972
51875
51973
51876
51974
51877
51975
51878
51976
51879
51977
51880
51978
51881
51979
51882
51980
51883
51981
51884
51982
51885
51983
51886
51984
51887
51985
51888
51986
51889
51987
51890
51988
51891
51989
51892
51990
51893
51991
51894
51992
51895
51993
51896
51994
51995
51898
51996
51899
51997
51900
51998
51901
51999
51902
52000
51903
52001
51904
52002
51905
52003
51906
52004
51907
52005
51908
52006
51909
52007
51910
52008
51911
52009
51912
52010
51913
52011
51914
52012
51915
52013
51916
52014
51917
52015
51918
52016
51919
52017
51920
52018
51921
52019
51922
52020
51923
52021
51924
52022
51925
52023
51926
52024
51927
52025
51928
52026
51929
52027
51930
52028
51931
52029
51932
52030
51933
52031
51934
52032
51935
52033
51936
52034
51937
52035
51938
52036
51939
52037
51940
52038
51941
52039
51942
52040
51943
52041
51944
52042
51945
52043
51946
52044
51947
52045
51948
52046
51949
52047
51950
52048
51951
52049
51952
52050
51953
52051
51954
52052
51955
52053
51956
52054
51957
52055
51958
52056
51959
52057
51960
52058
51961
52059
51962
52060
51963
52061
51964
52062
51965
52063
51966
52064
51967
52065
51968
52066
51969
52067
51970
52068
51971
52069
51972
52070
51973
52071
51974
52072
51975
52073
51976
52074
51977
52075
51978
52076
51979
52077
51980
52078
51981
52079
51982
52080
51983
52081
51984
52082
51985
52083
51986
52084
51987
52085
51988
52086
51989
52087
51990
52088
51991
52089
51992
52090
51993
52091
51994
52092
51995
52093
52094
51997
52095
51998
52096
51999
52097
52000
52098
52001
52099
52002
52100
52003
52101
52004
52102
52005
52103
52006
52104
52007
52105
52008
52106
52009
52107
52010
52108
52011
52109
52012
52110
52013
52111
52014
52112
52015
52113
52016
52114
52017
52115
52018
52116
52019
52117
52020
52118
52021
52119
52022
52120
52023
52121
52024
52122
52025
52123
52026
52124
52027
52125
52028
52126
52029
52127
52030
52128
52031
52129
52032
52130
52033
52131
52034
52132
52035
52133
52036
52134
52037
52135
52038
52136
52039
52137
52040
52138
52041
52139
52042
52140
52043
52141
52044
52142
52045
52143
52046
52144
52047
52145
52048
52146
52049
52147
52050
52148
52051
52149
52052
52150
52053
52151
52054
52152
52055
52153
52056
52154
52057
52155
52058
52156
52059
52157
52060
52158
52061
52159
52062
52160
52063
52161
52064
52162
52065
52163
52066
52164
52067
52165
52068
52166
52069
52167
52070
52168
52071
52169
52072
52170
52073
52171
52074
52172
52075
52173
52076
52174
52077
52175
52078
52176
52079
52177
52080
52178
52081
52179
52082
52180
52083
52181
52084
52182
52085
52183
52086
52184
52087
52185
52088
52186
52089
52187
52090
52188
52091
52189
52092
52190
52093
52191
52094
52192
52193
52096
52194
52097
52195
52098
52196
52099
52197
52100
52198
52101
52199
52102
52200
52103
52201
52104
52202
52105
52203
52106
52204
52107
52205
52108
52206
52109
52207
52110
52208
52111
52209
52112
52210
52113
52211
52114
52212
52115
52213
52116
52214
52117
52215
52118
52216
52119
52217
52120
52218
52121
52219
52122
52220
52123
52221
52124
52222
52125
52223
52126
52224
52127
52225
52128
52226
52129
52227
52130
52228
52131
52229
52132
52230
52133
52231
52134
52232
52135
52233
52136
52234
52137
52235
52138
52236
52139
52237
52140
52238
52141
52239
52142
52240
52143
52241
52144
52242
52145
52243
52146
52244
52147
52245
52148
52246
52149
52247
52150
52248
52151
52249
52152
52250
52153
52251
52154
52252
52155
52253
52156
52254
52157
52255
52158
52256
52159
52257
52160
52258
52161
52259
52162
52260
52163
52261
52164
52262
52165
52263
52166
52264
52167
52265
52168
52266
52169
52267
52170
52268
52171
52269
52172
52270
52173
52271
52174
52272
52175
52273
52176
52274
52177
52275
52178
52276
52179
52277
52180
52278
52181
52279
52182
52280
52183
52281
52184
52282
52185
52283
52186
52284
52187
52285
52188
52286
52189
52287
52190
52288
52191
52289
52192
52290
52193
52291
52292
52195
52293
52196
52294
52197
52295
52198
52296
52199
52297
52200
52298
52201
52299
52202
52300
52203
52301
52204
52302
52205
52303
52206
52304
52207
52305
52208
52306
52209
52307
52210
52308
52211
52309
52212
52310
52213
52311
52214
52312
52215
52313
52216
52314
52217
52315
52218
52316
52219
52317
52220
52318
52221
52319
52222
52320
52223
52321
52224
52322
52225
52323
52226
52324
52227
52325
52228
52326
52229
52327
52230
52328
52231
52329
52232
52330
52233
52331
52234
52332
52235
52333
52236
52334
52237
52335
52238
52336
52239
52337
52240
52338
52241
52339
52242
52340
52243
52341
52244
52342
52245
52343
52246
52344
52247
52345
52248
52346
52249
52347
52250
52348
52251
52349
52252
52350
52253
52351
52254
52352
52255
52353
52256
52354
52257
52355
52258
52356
52259
52357
52260
52358
52261
52359
52262
52360
52263
52361
52264
52362
52265
52363
52266
52364
52267
52365
52268
52366
52269
52367
52270
52368
52271
52369
52272
52370
52273
52371
52274
52372
52275
52373
52276
52374
52277
52375
52278
52376
52279
52377
52280
52378
52281
52379
52282
52380
52283
52381
52284
52382
52285
52383
52286
52384
52287
52385
52288
52386
52289
52387
52290
52388
52291
52389
52292
52390
52391
52294
52392
52295
52393
52296
52394
52297
52395
52298
52396
52299
52397
52300
52398
52301
52399
52302
52400
52303
52401
52304
52402
52305
52403
52306
52404
52307
52405
52308
52406
52309
52407
52310
52408
52311
52409
52312
52410
52313
52411
52314
52412
52315
52413
52316
52414
52317
52415
52318
52416
52319
52417
52320
52418
52321
52419
52322
52420
52323
52421
52324
52422
52325
52423
52326
52424
52327
52425
52328
52426
52329
52427
52330
52428
52331
52429
52332
52430
52333
52431
52334
52432
52335
52433
52336
52434
52337
52435
52338
52436
52339
52437
52340
52438
52341
52439
52342
52440
52343
52441
52344
52442
52345
52443
52346
52444
52347
52445
52348
52446
52349
52447
52350
52448
52351
52449
52352
52450
52353
52451
52354
52452
52355
52453
52356
52454
52357
52455
52358
52456
52359
52457
52360
52458
52361
52459
52362
52460
52363
52461
52364
52462
52365
52463
52366
52464
52367
52465
52368
52466
52369
52467
52370
52468
52371
52469
52372
52470
52373
52471
52374
52472
52375
52473
52376
52474
52377
52475
52378
52476
52379
52477
52380
52478
52381
52479
52382
52480
52383
52481
52384
52482
52385
52483
52386
52484
52387
52485
52388
52486
52389
52487
52390
52488
52391
52489
52490
52393
52491
52394
52492
52395
52493
52396
52494
52397
52495
52398
52496
52399
52497
52400
52498
52401
52499
52402
52500
52403
52501
52404
52502
52405
52503
52406
52504
52407
52505
52408
52506
52409
52507
52410
52508
52411
52509
52412
52510
52413
52511
52414
52512
52415
52513
52416
52514
52417
52515
52418
52516
52419
52517
52420
52518
52421
52519
52422
52520
52423
52521
52424
52522
52425
52523
52426
52524
52427
52525
52428
52526
52429
52527
52430
52528
52431
52529
52432
52530
52433
52531
52434
52532
52435
52533
52436
52534
52437
52535
52438
52536
52439
52537
52440
52538
52441
52539
52442
52540
52443
52541
52444
52542
52445
52543
52446
52544
52447
52545
52448
52546
52449
52547
52450
52548
52451
52549
52452
52550
52453
52551
52454
52552
52455
52553
52456
52554
52457
52555
52458
52556
52459
52557
52460
52558
52461
52559
52462
52560
52463
52561
52464
52562
52465
52563
52466
52564
52467
52565
52468
52566
52469
52567
52470
52568
52471
52569
52472
52570
52473
52571
52474
52572
52475
52573
52476
52574
52477
52575
52478
52576
52479
52577
52480
52578
52481
52579
52482
52580
52483
52581
52484
52582
52485
52583
52486
52584
52487
52585
52488
52586
52489
52587
52490
52588
52589
52492
52590
52493
52591
52494
52592
52495
52593
52496
52594
52497
52595
52498
52596
52499
52597
52500
52598
52501
52599
52502
52600
52503
52601
52504
52602
52505
52603
52506
52604
52507
52605
52508
52606
52509
52607
52510
52608
52511
52609
52512
52610
52513
52611
52514
52612
52515
52613
52516
52614
52517
52615
52518
52616
52519
52617
52520
52618
52521
52619
52522
52620
52523
52621
52524
52622
52525
52623
52526
52624
52527
52625
52528
52626
52529
52627
52530
52628
52531
52629
52532
52630
52533
52631
52534
52632
52535
52633
52536
52634
52537
52635
52538
52636
52539
52637
52540
52638
52541
52639
52542
52640
52543
52641
52544
52642
52545
52643
52546
52644
52547
52645
52548
52646
52549
52647
52550
52648
52551
52649
52552
52650
52553
52651
52554
52652
52555
52653
52556
52654
52557
52655
52558
52656
52559
52657
52560
52658
52561
52659
52562
52660
52563
52661
52564
52662
52565
52663
52566
52664
52567
52665
52568
52666
52569
52667
52570
52668
52571
52669
52572
52670
52573
52671
52574
52672
52575
52673
52576
52674
52577
52675
52578
52676
52579
52677
52580
52678
52581
52679
52582
52680
52583
52681
52584
52682
52585
52683
52586
52684
52587
52685
52588
52686
52589
52687
52688
52591
52689
52592
52690
52593
52691
52594
52692
52595
52693
52596
52694
52597
52695
52598
52696
52599
52697
52600
52698
52601
52699
52602
52700
52603
52701
52604
52702
52605
52703
52606
52704
52607
52705
52608
52706
52609
52707
52610
52708
52611
52709
52612
52710
52613
52711
52614
52712
52615
52713
52616
52714
52617
52715
52618
52716
52619
52717
52620
52718
52621
52719
52622
52720
52623
52721
52624
52722
52625
52723
52626
52724
52627
52725
52628
52726
52629
52727
52630
52728
52631
52729
52632
52730
52633
52731
52634
52732
52635
52733
52636
52734
52637
52735
52638
52736
52639
52737
52640
52738
52641
52739
52642
52740
52643
52741
52644
52742
52645
52743
52646
52744
52647
52745
52648
52746
52649
52747
52650
52748
52651
52749
52652
52750
52653
52751
52654
52752
52655
52753
52656
52754
52657
52755
52658
52756
52659
52757
52660
52758
52661
52759
52662
52760
52663
52761
52664
52762
52665
52763
52666
52764
52667
52765
52668
52766
52669
52767
52670
52768
52671
52769
52672
52770
52673
52771
52674
52772
52675
52773
52676
52774
52677
52775
52678
52776
52679
52777
52680
52778
52681
52779
52682
52780
52683
52781
52684
52782
52685
52783
52686
52784
52687
52785
52688
52786
52787
52690
52788
52691
52789
52692
52790
52693
52791
52694
52792
52695
52793
52696
52794
52697
52795
52698
52796
52699
52797
52700
52798
52701
52799
52702
52800
52703
52801
52704
52802
52705
52803
52706
52804
52707
52805
52708
52806
52709
52807
52710
52808
52711
52809
52712
52810
52713
52811
52714
52812
52715
52813
52716
52814
52717
52815
52718
52816
52719
52817
52720
52818
52721
52819
52722
52820
52723
52821
52724
52822
52725
52823
52726
52824
52727
52825
52728
52826
52729
52827
52730
52828
52731
52829
52732
52830
52733
52831
52734
52832
52735
52833
52736
52834
52737
52835
52738
52836
52739
52837
52740
52838
52741
52839
52742
52840
52743
52841
52744
52842
52745
52843
52746
52844
52747
52845
52748
52846
52749
52847
52750
52848
52751
52849
52752
52850
52753
52851
52754
52852
52755
52853
52756
52854
52757
52855
52758
52856
52759
52857
52760
52858
52761
52859
52762
52860
52763
52861
52764
52862
52765
52863
52766
52864
52767
52865
52768
52866
52769
52867
52770
52868
52771
52869
52772
52870
52773
52871
52774
52872
52775
52873
52776
52874
52777
52875
52778
52876
52779
52877
52780
52878
52781
52879
52782
52880
52783
52881
52784
52882
52785
52883
52786
52884
52787
52885
52886
52789
52887
52790
52888
52791
52889
52792
52890
52793
52891
52794
52892
52795
52893
52796
52894
52797
52895
52798
52896
52799
52897
52800
52898
52801
52899
52802
52900
52803
52901
52804
52902
52805
52903
52806
52904
52807
52905
52808
52906
52809
52907
52810
52908
52811
52909
52812
52910
52813
52911
52814
52912
52815
52913
52816
52914
52817
52915
52818
52916
52819
52917
52820
52918
52821
52919
52822
52920
52823
52921
52824
52922
52825
52923
52826
52924
52827
52925
52828
52926
52829
52927
52830
52928
52831
52929
52832
52930
52833
52931
52834
52932
52835
52933
52836
52934
52837
52935
52838
52936
52839
52937
52840
52938
52841
52939
52842
52940
52843
52941
52844
52942
52845
52943
52846
52944
52847
52945
52848
52946
52849
52947
52850
52948
52851
52949
52852
52950
52853
52951
52854
52952
52855
52953
52856
52954
52857
52955
52858
52956
52859
52957
52860
52958
52861
52959
52862
52960
52863
52961
52864
52962
52865
52963
52866
52964
52867
52965
52868
52966
52869
52967
52870
52968
52871
52969
52872
52970
52873
52971
52874
52972
52875
52973
52876
52974
52877
52975
52878
52976
52879
52977
52880
52978
52881
52979
52882
52980
52883
52981
52884
52982
52885
52983
52886
52984
52985
52888
52986
52889
52987
52890
52988
52891
52989
52892
52990
52893
52991
52894
52992
52895
52993
52896
52994
52897
52995
52898
52996
52899
52997
52900
52998
52901
52999
52902
53000
52903
53001
52904
53002
52905
53003
52906
53004
52907
53005
52908
53006
52909
53007
52910
53008
52911
53009
52912
53010
52913
53011
52914
53012
52915
53013
52916
53014
52917
53015
52918
53016
52919
53017
52920
53018
52921
53019
52922
53020
52923
53021
52924
53022
52925
53023
52926
53024
52927
53025
52928
53026
52929
53027
52930
53028
52931
53029
52932
53030
52933
53031
52934
53032
52935
53033
52936
53034
52937
53035
52938
53036
52939
53037
52940
53038
52941
53039
52942
53040
52943
53041
52944
53042
52945
53043
52946
53044
52947
53045
52948
53046
52949
53047
52950
53048
52951
53049
52952
53050
52953
53051
52954
53052
52955
53053
52956
53054
52957
53055
52958
53056
52959
53057
52960
53058
52961
53059
52962
53060
52963
53061
52964
53062
52965
53063
52966
53064
52967
53065
52968
53066
52969
53067
52970
53068
52971
53069
52972
53070
52973
53071
52974
53072
52975
53073
52976
53074
52977
53075
52978
53076
52979
53077
52980
53078
52981
53079
52982
53080
52983
53081
52984
53082
52985
53083
53084
52987
53085
52988
53086
52989
53087
52990
53088
52991
53089
52992
53090
52993
53091
52994
53092
52995
53093
52996
53094
52997
53095
52998
53096
52999
53097
53000
53098
53001
53099
53002
53100
53003
53101
53004
53102
53005
53103
53006
53104
53007
53105
53008
53106
53009
53107
53010
53108
53011
53109
53012
53110
53013
53111
53014
53112
53015
53113
53016
53114
53017
53115
53018
53116
53019
53117
53020
53118
53021
53119
53022
53120
53023
53121
53024
53122
53025
53123
53026
53124
53027
53125
53028
53126
53029
53127
53030
53128
53031
53129
53032
53130
53033
53131
53034
53132
53035
53133
53036
53134
53037
53135
53038
53136
53039
53137
53040
53138
53041
53139
53042
53140
53043
53141
53044
53142
53045
53143
53046
53144
53047
53145
53048
53146
53049
53147
53050
53148
53051
53149
53052
53150
53053
53151
53054
53152
53055
53153
53056
53154
53057
53155
53058
53156
53059
53157
53060
53158
53061
53159
53062
53160
53063
53161
53064
53162
53065
53163
53066
53164
53067
53165
53068
53166
53069
53167
53070
53168
53071
53169
53072
53170
53073
53171
53074
53172
53075
53173
53076
53174
53077
53175
53078
53176
53079
53177
53080
53178
53081
53179
53082
53180
53083
53181
53084
53182
53183
53086
53184
53087
53185
53088
53186
53089
53187
53090
53188
53091
53189
53092
53190
53093
53191
53094
53192
53095
53193
53096
53194
53097
53195
53098
53196
53099
53197
53100
53198
53101
53199
53102
53200
53103
53201
53104
53202
53105
53203
53106
53204
53107
53205
53108
53206
53109
53207
53110
53208
53111
53209
53112
53210
53113
53211
53114
53212
53115
53213
53116
53214
53117
53215
53118
53216
53119
53217
53120
53218
53121
53219
53122
53220
53123
53221
53124
53222
53125
53223
53126
53224
53127
53225
53128
53226
53129
53227
53130
53228
53131
53229
53132
53230
53133
53231
53134
53232
53135
53233
53136
53234
53137
53235
53138
53236
53139
53237
53140
53238
53141
53239
53142
53240
53143
53241
53144
53242
53145
53243
53146
53244
53147
53245
53148
53246
53149
53247
53150
53248
53151
53249
53152
53250
53153
53251
53154
53252
53155
53253
53156
53254
53157
53255
53158
53256
53159
53257
53160
53258
53161
53259
53162
53260
53163
53261
53164
53262
53165
53263
53166
53264
53167
53265
53168
53266
53169
53267
53170
53268
53171
53269
53172
53270
53173
53271
53174
53272
53175
53273
53176
53274
53177
53275
53178
53276
53179
53277
53180
53278
53181
53279
53182
53280
53183
53281
53282
53185
53283
53186
53284
53187
53285
53188
53286
53189
53287
53190
53288
53191
53289
53192
53290
53193
53291
53194
53292
53195
53293
53196
53294
53197
53295
53198
53296
53199
53297
53200
53298
53201
53299
53202
53300
53203
53301
53204
53302
53205
53303
53206
53304
53207
53305
53208
53306
53209
53307
53210
53308
53211
53309
53212
53310
53213
53311
53214
53312
53215
53313
53216
53314
53217
53315
53218
53316
53219
53317
53220
53318
53221
53319
53222
53320
53223
53321
53224
53322
53225
53323
53226
53324
53227
53325
53228
53326
53229
53327
53230
53328
53231
53329
53232
53330
53233
53331
53234
53332
53235
53333
53236
53334
53237
53335
53238
53336
53239
53337
53240
53338
53241
53339
53242
53340
53243
53341
53244
53342
53245
53343
53246
53344
53247
53345
53248
53346
53249
53347
53250
53348
53251
53349
53252
53350
53253
53351
53254
53352
53255
53353
53256
53354
53257
53355
53258
53356
53259
53357
53260
53358
53261
53359
53262
53360
53263
53361
53264
53362
53265
53363
53266
53364
53267
53365
53268
53366
53269
53367
53270
53368
53271
53369
53272
53370
53273
53371
53274
53372
53275
53373
53276
53374
53277
53375
53278
53376
53279
53377
53280
53378
53281
53379
53282
53380
53381
53284
53382
53285
53383
53286
53384
53287
53385
53288
53386
53289
53387
53290
53388
53291
53389
53292
53390
53293
53391
53294
53392
53295
53393
53296
53394
53297
53395
53298
53396
53299
53397
53300
53398
53301
53399
53302
53400
53303
53401
53304
53402
53305
53403
53306
53404
53307
53405
53308
53406
53309
53407
53310
53408
53311
53409
53312
53410
53313
53411
53314
53412
53315
53413
53316
53414
53317
53415
53318
53416
53319
53417
53320
53418
53321
53419
53322
53420
53323
53421
53324
53422
53325
53423
53326
53424
53327
53425
53328
53426
53329
53427
53330
53428
53331
53429
53332
53430
53333
53431
53334
53432
53335
53433
53336
53434
53337
53435
53338
53436
53339
53437
53340
53438
53341
53439
53342
53440
53343
53441
53344
53442
53345
53443
53346
53444
53347
53445
53348
53446
53349
53447
53350
53448
53351
53449
53352
53450
53353
53451
53354
53452
53355
53453
53356
53454
53357
53455
53358
53456
53359
53457
53360
53458
53361
53459
53362
53460
53363
53461
53364
53462
53365
53463
53366
53464
53367
53465
53368
53466
53369
53467
53370
53468
53371
53469
53372
53470
53373
53471
53374
53472
53375
53473
53376
53474
53377
53475
53378
53476
53379
53477
53380
53478
53381
53479
53480
53383
53481
53384
53482
53385
53483
53386
53484
53387
53485
53388
53486
53389
53487
53390
53488
53391
53489
53392
53490
53393
53491
53394
53492
53395
53493
53396
53494
53397
53495
53398
53496
53399
53497
53400
53498
53401
53499
53402
53500
53403
53501
53404
53502
53405
53503
53406
53504
53407
53505
53408
53506
53409
53507
53410
53508
53411
53509
53412
53510
53413
53511
53414
53512
53415
53513
53416
53514
53417
53515
53418
53516
53419
53517
53420
53518
53421
53519
53422
53520
53423
53521
53424
53522
53425
53523
53426
53524
53427
53525
53428
53526
53429
53527
53430
53528
53431
53529
53432
53530
53433
53531
53434
53532
53435
53533
53436
53534
53437
53535
53438
53536
53439
53537
53440
53538
53441
53539
53442
53540
53443
53541
53444
53542
53445
53543
53446
53544
53447
53545
53448
53546
53449
53547
53450
53548
53451
53549
53452
53550
53453
53551
53454
53552
53455
53553
53456
53554
53457
53555
53458
53556
53459
53557
53460
53558
53461
53559
53462
53560
53463
53561
53464
53562
53465
53563
53466
53564
53467
53565
53468
53566
53469
53567
53470
53568
53471
53569
53472
53570
53473
53571
53474
53572
53475
53573
53476
53574
53477
53575
53478
53576
53479
53577
53480
53578
53579
53482
53580
53483
53581
53484
53582
53485
53583
53486
53584
53487
53585
53488
53586
53489
53587
53490
53588
53491
53589
53492
53590
53493
53591
53494
53592
53495
53593
53496
53594
53497
53595
53498
53596
53499
53597
53500
53598
53501
53599
53502
53600
53503
53601
53504
53602
53505
53603
53506
53604
53507
53605
53508
53606
53509
53607
53510
53608
53511
53609
53512
53610
53513
53611
53514
53612
53515
53613
53516
53614
53517
53615
53518
53616
53519
53617
53520
53618
53521
53619
53522
53620
53523
53621
53524
53622
53525
53623
53526
53624
53527
53625
53528
53626
53529
53627
53530
53628
53531
53629
53532
53630
53533
53631
53534
53632
53535
53633
53536
53634
53537
53635
53538
53636
53539
53637
53540
53638
53541
53639
53542
53640
53543
53641
53544
53642
53545
53643
53546
53644
53547
53645
53548
53646
53549
53647
53550
53648
53551
53649
53552
53650
53553
53651
53554
53652
53555
53653
53556
53654
53557
53655
53558
53656
53559
53657
53560
53658
53561
53659
53562
53660
53563
53661
53564
53662
53565
53663
53566
53664
53567
53665
53568
53666
53569
53667
53570
53668
53571
53669
53572
53670
53573
53671
53574
53672
53575
53673
53576
53674
53577
53675
53578
53676
53579
53677
53678
53581
53679
53582
53680
53583
53681
53584
53682
53585
53683
53586
53684
53587
53685
53588
53686
53589
53687
53590
53688
53591
53689
53592
53690
53593
53691
53594
53692
53595
53693
53596
53694
53597
53695
53598
53696
53599
53697
53600
53698
53601
53699
53602
53700
53603
53701
53604
53702
53605
53703
53606
53704
53607
53705
53608
53706
53609
53707
53610
53708
53611
53709
53612
53710
53613
53711
53614
53712
53615
53713
53616
53714
53617
53715
53618
53716
53619
53717
53620
53718
53621
53719
53622
53720
53623
53721
53624
53722
53625
53723
53626
53724
53627
53725
53628
53726
53629
53727
53630
53728
53631
53729
53632
53730
53633
53731
53634
53732
53635
53733
53636
53734
53637
53735
53638
53736
53639
53737
53640
53738
53641
53739
53642
53740
53643
53741
53644
53742
53645
53743
53646
53744
53647
53745
53648
53746
53649
53747
53650
53748
53651
53749
53652
53750
53653
53751
53654
53752
53655
53753
53656
53754
53657
53755
53658
53756
53659
53757
53660
53758
53661
53759
53662
53760
53663
53761
53664
53762
53665
53763
53666
53764
53667
53765
53668
53766
53669
53767
53670
53768
53671
53769
53672
53770
53673
53771
53674
53772
53675
53773
53676
53774
53677
53775
53678
53776
53777
53680
53778
53681
53779
53682
53780
53683
53781
53684
53782
53685
53783
53686
53784
53687
53785
53688
53786
53689
53787
53690
53788
53691
53789
53692
53790
53693
53791
53694
53792
53695
53793
53696
53794
53697
53795
53698
53796
53699
53797
53700
53798
53701
53799
53702
53800
53703
53801
53704
53802
53705
53803
53706
53804
53707
53805
53708
53806
53709
53807
53710
53808
53711
53809
53712
53810
53713
53811
53714
53812
53715
53813
53716
53814
53717
53815
53718
53816
53719
53817
53720
53818
53721
53819
53722
53820
53723
53821
53724
53822
53725
53823
53726
53824
53727
53825
53728
53826
53729
53827
53730
53828
53731
53829
53732
53830
53733
53831
53734
53832
53735
53833
53736
53834
53737
53835
53738
53836
53739
53837
53740
53838
53741
53839
53742
53840
53743
53841
53744
53842
53745
53843
53746
53844
53747
53845
53748
53846
53749
53847
53750
53848
53751
53849
53752
53850
53753
53851
53754
53852
53755
53853
53756
53854
53757
53855
53758
53856
53759
53857
53760
53858
53761
53859
53762
53860
53763
53861
53764
53862
53765
53863
53766
53864
53767
53865
53768
53866
53769
53867
53770
53868
53771
53869
53772
53870
53773
53871
53774
53872
53775
53873
53776
53874
53777
53875
53876
53779
53877
53780
53878
53781
53879
53782
53880
53783
53881
53784
53882
53785
53883
53786
53884
53787
53885
53788
53886
53789
53887
53790
53888
53791
53889
53792
53890
53793
53891
53794
53892
53795
53893
53796
53894
53797
53895
53798
53896
53799
53897
53800
53898
53801
53899
53802
53900
53803
53901
53804
53902
53805
53903
53806
53904
53807
53905
53808
53906
53809
53907
53810
53908
53811
53909
53812
53910
53813
53911
53814
53912
53815
53913
53816
53914
53817
53915
53818
53916
53819
53917
53820
53918
53821
53919
53822
53920
53823
53921
53824
53922
53825
53923
53826
53924
53827
53925
53828
53926
53829
53927
53830
53928
53831
53929
53832
53930
53833
53931
53834
53932
53835
53933
53836
53934
53837
53935
53838
53936
53839
53937
53840
53938
53841
53939
53842
53940
53843
53941
53844
53942
53845
53943
53846
53944
53847
53945
53848
53946
53849
53947
53850
53948
53851
53949
53852
53950
53853
53951
53854
53952
53855
53953
53856
53954
53857
53955
53858
53956
53859
53957
53860
53958
53861
53959
53862
53960
53863
53961
53864
53962
53865
53963
53866
53964
53867
53965
53868
53966
53869
53967
53870
53968
53871
53969
53872
53970
53873
53971
53874
53972
53875
53973
53876
53974
53975
53878
53976
53879
53977
53880
53978
53881
53979
53882
53980
53883
53981
53884
53982
53885
53983
53886
53984
53887
53985
53888
53986
53889
53987
53890
53988
53891
53989
53892
53990
53893
53991
53894
53992
53895
53993
53896
53994
53897
53995
53898
53996
53899
53997
53900
53998
53901
53999
53902
54000
53903
54001
53904
54002
53905
54003
53906
54004
53907
54005
53908
54006
53909
54007
53910
54008
53911
54009
53912
54010
53913
54011
53914
54012
53915
54013
53916
54014
53917
54015
53918
54016
53919
54017
53920
54018
53921
54019
53922
54020
53923
54021
53924
54022
53925
54023
53926
54024
53927
54025
53928
54026
53929
54027
53930
54028
53931
54029
53932
54030
53933
54031
53934
54032
53935
54033
53936
54034
53937
54035
53938
54036
53939
54037
53940
54038
53941
54039
53942
54040
53943
54041
53944
54042
53945
54043
53946
54044
53947
54045
53948
54046
53949
54047
53950
54048
53951
54049
53952
54050
53953
54051
53954
54052
53955
54053
53956
54054
53957
54055
53958
54056
53959
54057
53960
54058
53961
54059
53962
54060
53963
54061
53964
54062
53965
54063
53966
54064
53967
54065
53968
54066
53969
54067
53970
54068
53971
54069
53972
54070
53973
54071
53974
54072
53975
54073
54074
53977
54075
53978
54076
53979
54077
53980
54078
53981
54079
53982
54080
53983
54081
53984
54082
53985
54083
53986
54084
53987
54085
53988
54086
53989
54087
53990
54088
53991
54089
53992
54090
53993
54091
53994
54092
53995
54093
53996
54094
53997
54095
53998
54096
53999
54097
54000
54098
54001
54099
54002
54100
54003
54101
54004
54102
54005
54103
54006
54104
54007
54105
54008
54106
54009
54107
54010
54108
54011
54109
54012
54110
54013
54111
54014
54112
54015
54113
54016
54114
54017
54115
54018
54116
54019
54117
54020
54118
54021
54119
54022
54120
54023
54121
54024
54122
54025
54123
54026
54124
54027
54125
54028
54126
54029
54127
54030
54128
54031
54129
54032
54130
54033
54131
54034
54132
54035
54133
54036
54134
54037
54135
54038
54136
54039
54137
54040
54138
54041
54139
54042
54140
54043
54141
54044
54142
54045
54143
54046
54144
54047
54145
54048
54146
54049
54147
54050
54148
54051
54149
54052
54150
54053
54151
54054
54152
54055
54153
54056
54154
54057
54155
54058
54156
54059
54157
54060
54158
54061
54159
54062
54160
54063
54161
54064
54162
54065
54163
54066
54164
54067
54165
54068
54166
54069
54167
54070
54168
54071
54169
54072
54170
54073
54171
54074
54172
54173
54076
54174
54077
54175
54078
54176
54079
54177
54080
54178
54081
54179
54082
54180
54083
54181
54084
54182
54085
54183
54086
54184
54087
54185
54088
54186
54089
54187
54090
54188
54091
54189
54092
54190
54093
54191
54094
54192
54095
54193
54096
54194
54097
54195
54098
54196
54099
54197
54100
54198
54101
54199
54102
54200
54103
54201
54104
54202
54105
54203
54106
54204
54107
54205
54108
54206
54109
54207
54110
54208
54111
54209
54112
54210
54113
54211
54114
54212
54115
54213
54116
54214
54117
54215
54118
54216
54119
54217
54120
54218
54121
54219
54122
54220
54123
54221
54124
54222
54125
54223
54126
54224
54127
54225
54128
54226
54129
54227
54130
54228
54131
54229
54132
54230
54133
54231
54134
54232
54135
54233
54136
54234
54137
54235
54138
54236
54139
54237
54140
54238
54141
54239
54142
54240
54143
54241
54144
54242
54145
54243
54146
54244
54147
54245
54148
54246
54149
54247
54150
54248
54151
54249
54152
54250
54153
54251
54154
54252
54155
54253
54156
54254
54157
54255
54158
54256
54159
54257
54160
54258
54161
54259
54162
54260
54163
54261
54164
54262
54165
54263
54166
54264
54167
54265
54168
54266
54169
54267
54170
54268
54171
54269
54172
54270
54173
54271
54272
54175
54273
54176
54274
54177
54275
54178
54276
54179
54277
54180
54278
54181
54279
54182
54280
54183
54281
54184
54282
54185
54283
54186
54284
54187
54285
54188
54286
54189
54287
54190
54288
54191
54289
54192
54290
54193
54291
54194
54292
54195
54293
54196
54294
54197
54295
54198
54296
54199
54297
54200
54298
54201
54299
54202
54300
54203
54301
54204
54302
54205
54303
54206
54304
54207
54305
54208
54306
54209
54307
54210
54308
54211
54309
54212
54310
54213
54311
54214
54312
54215
54313
54216
54314
54217
54315
54218
54316
54219
54317
54220
54318
54221
54319
54222
54320
54223
54321
54224
54322
54225
54323
54226
54324
54227
54325
54228
54326
54229
54327
54230
54328
54231
54329
54232
54330
54233
54331
54234
54332
54235
54333
54236
54334
54237
54335
54238
54336
54239
54337
54240
54338
54241
54339
54242
54340
54243
54341
54244
54342
54245
54343
54246
54344
54247
54345
54248
54346
54249
54347
54250
54348
54251
54349
54252
54350
54253
54351
54254
54352
54255
54353
54256
54354
54257
54355
54258
54356
54259
54357
54260
54358
54261
54359
54262
54360
54263
54361
54264
54362
54265
54363
54266
54364
54267
54365
54268
54366
54269
54367
54270
54368
54271
54369
54272
54370
54371
54274
54372
54275
54373
54276
54374
54277
54375
54278
54376
54279
54377
54280
54378
54281
54379
54282
54380
54283
54381
54284
54382
54285
54383
54286
54384
54287
54385
54288
54386
54289
54387
54290
54388
54291
54389
54292
54390
54293
54391
54294
54392
54295
54393
54296
54394
54297
54395
54298
54396
54299
54397
54300
54398
54301
54399
54302
54400
54303
54401
54304
54402
54305
54403
54306
54404
54307
54405
54308
54406
54309
54407
54310
54408
54311
54409
54312
54410
54313
54411
54314
54412
54315
54413
54316
54414
54317
54415
54318
54416
54319
54417
54320
54418
54321
54419
54322
54420
54323
54421
54324
54422
54325
54423
54326
54424
54327
54425
54328
54426
54329
54427
54330
54428
54331
54429
54332
54430
54333
54431
54334
54432
54335
54433
54336
54434
54337
54435
54338
54436
54339
54437
54340
54438
54341
54439
54342
54440
54343
54441
54344
54442
54345
54443
54346
54444
54347
54445
54348
54446
54349
54447
54350
54448
54351
54449
54352
54450
54353
54451
54354
54452
54355
54453
54356
54454
54357
54455
54358
54456
54359
54457
54360
54458
54361
54459
54362
54460
54363
54461
54364
54462
54365
54463
54366
54464
54367
54465
54368
54466
54369
54467
54370
54468
54371
54469
54470
54373
54471
54374
54472
54375
54473
54376
54474
54377
54475
54378
54476
54379
54477
54380
54478
54381
54479
54382
54480
54383
54481
54384
54482
54385
54483
54386
54484
54387
54485
54388
54486
54389
54487
54390
54488
54391
54489
54392
54490
54393
54491
54394
54492
54395
54493
54396
54494
54397
54495
54398
54496
54399
54497
54400
54498
54401
54499
54402
54500
54403
54501
54404
54502
54405
54503
54406
54504
54407
54505
54408
54506
54409
54507
54410
54508
54411
54509
54412
54510
54413
54511
54414
54512
54415
54513
54416
54514
54417
54515
54418
54516
54419
54517
54420
54518
54421
54519
54422
54520
54423
54521
54424
54522
54425
54523
54426
54524
54427
54525
54428
54526
54429
54527
54430
54528
54431
54529
54432
54530
54433
54531
54434
54532
54435
54533
54436
54534
54437
54535
54438
54536
54439
54537
54440
54538
54441
54539
54442
54540
54443
54541
54444
54542
54445
54543
54446
54544
54447
54545
54448
54546
54449
54547
54450
54548
54451
54549
54452
54550
54453
54551
54454
54552
54455
54553
54456
54554
54457
54555
54458
54556
54459
54557
54460
54558
54461
54559
54462
54560
54463
54561
54464
54562
54465
54563
54466
54564
54467
54565
54468
54566
54469
54567
54470
54568
54569
54472
54570
54473
54571
54474
54572
54475
54573
54476
54574
54477
54575
54478
54576
54479
54577
54480
54578
54481
54579
54482
54580
54483
54581
54484
54582
54485
54583
54486
54584
54487
54585
54488
54586
54489
54587
54490
54588
54491
54589
54492
54590
54493
54591
54494
54592
54495
54593
54496
54594
54497
54595
54498
54596
54499
54597
54500
54598
54501
54599
54502
54600
54503
54601
54504
54602
54505
54603
54506
54604
54507
54605
54508
54606
54509
54607
54510
54608
54511
54609
54512
54610
54513
54611
54514
54612
54515
54613
54516
54614
54517
54615
54518
54616
54519
54617
54520
54618
54521
54619
54522
54620
54523
54621
54524
54622
54525
54623
54526
54624
54527
54625
54528
54626
54529
54627
54530
54628
54531
54629
54532
54630
54533
54631
54534
54632
54535
54633
54536
54634
54537
54635
54538
54636
54539
54637
54540
54638
54541
54639
54542
54640
54543
54641
54544
54642
54545
54643
54546
54644
54547
54645
54548
54646
54549
54647
54550
54648
54551
54649
54552
54650
54553
54651
54554
54652
54555
54653
54556
54654
54557
54655
54558
54656
54559
54657
54560
54658
54561
54659
54562
54660
54563
54661
54564
54662
54565
54663
54566
54664
54567
54665
54568
54666
54569
54667
54668
54571
54669
54572
54670
54573
54671
54574
54672
54575
54673
54576
54674
54577
54675
54578
54676
54579
54677
54580
54678
54581
54679
54582
54680
54583
54681
54584
54682
54585
54683
54586
54684
54587
54685
54588
54686
54589
54687
54590
54688
54591
54689
54592
54690
54593
54691
54594
54692
54595
54693
54596
54694
54597
54695
54598
54696
54599
54697
54600
54698
54601
54699
54602
54700
54603
54701
54604
54702
54605
54703
54606
54704
54607
54705
54608
54706
54609
54707
54610
54708
54611
54709
54612
54710
54613
54711
54614
54712
54615
54713
54616
54714
54617
54715
54618
54716
54619
54717
54620
54718
54621
54719
54622
54720
54623
54721
54624
54722
54625
54723
54626
54724
54627
54725
54628
54726
54629
54727
54630
54728
54631
54729
54632
54730
54633
54731
54634
54732
54635
54733
54636
54734
54637
54735
54638
54736
54639
54737
54640
54738
54641
54739
54642
54740
54643
54741
54644
54742
54645
54743
54646
54744
54647
54745
54648
54746
54649
54747
54650
54748
54651
54749
54652
54750
54653
54751
54654
54752
54655
54753
54656
54754
54657
54755
54658
54756
54659
54757
54660
54758
54661
54759
54662
54760
54663
54761
54664
54762
54665
54763
54666
54764
54667
54765
54668
54766
54767
54670
54768
54671
54769
54672
54770
54673
54771
54674
54772
54675
54773
54676
54774
54677
54775
54678
54776
54679
54777
54680
54778
54681
54779
54682
54780
54683
54781
54684
54782
54685
54783
54686
54784
54687
54785
54688
54786
54689
54787
54690
54788
54691
54789
54692
54790
54693
54791
54694
54792
54695
54793
54696
54794
54697
54795
54698
54796
54699
54797
54700
54798
54701
54799
54702
54800
54703
54801
54704
54802
54705
54803
54706
54804
54707
54805
54708
54806
54709
54807
54710
54808
54711
54809
54712
54810
54713
54811
54714
54812
54715
54813
54716
54814
54717
54815
54718
54816
54719
54817
54720
54818
54721
54819
54722
54820
54723
54821
54724
54822
54725
54823
54726
54824
54727
54825
54728
54826
54729
54827
54730
54828
54731
54829
54732
54830
54733
54831
54734
54832
54735
54833
54736
54834
54737
54835
54738
54836
54739
54837
54740
54838
54741
54839
54742
54840
54743
54841
54744
54842
54745
54843
54746
54844
54747
54845
54748
54846
54749
54847
54750
54848
54751
54849
54752
54850
54753
54851
54754
54852
54755
54853
54756
54854
54757
54855
54758
54856
54759
54857
54760
54858
54761
54859
54762
54860
54763
54861
54764
54862
54765
54863
54766
54864
54767
54865
54866
54769
54867
54770
54868
54771
54869
54772
54870
54773
54871
54774
54872
54775
54873
54776
54874
54777
54875
54778
54876
54779
54877
54780
54878
54781
54879
54782
54880
54783
54881
54784
54882
54785
54883
54786
54884
54787
54885
54788
54886
54789
54887
54790
54888
54791
54889
54792
54890
54793
54891
54794
54892
54795
54893
54796
54894
54797
54895
54798
54896
54799
54897
54800
54898
54801
54899
54802
54900
54803
54901
54804
54902
54805
54903
54806
54904
54807
54905
54808
54906
54809
54907
54810
54908
54811
54909
54812
54910
54813
54911
54814
54912
54815
54913
54816
54914
54817
54915
54818
54916
54819
54917
54820
54918
54821
54919
54822
54920
54823
54921
54824
54922
54825
54923
54826
54924
54827
54925
54828
54926
54829
54927
54830
54928
54831
54929
54832
54930
54833
54931
54834
54932
54835
54933
54836
54934
54837
54935
54838
54936
54839
54937
54840
54938
54841
54939
54842
54940
54843
54941
54844
54942
54845
54943
54846
54944
54847
54945
54848
54946
54849
54947
54850
54948
54851
54949
54852
54950
54853
54951
54854
54952
54855
54953
54856
54954
54857
54955
54858
54956
54859
54957
54860
54958
54861
54959
54862
54960
54863
54961
54864
54962
54865
54963
54866
54964
54965
54868
54966
54869
54967
54870
54968
54871
54969
54872
54970
54873
54971
54874
54972
54875
54973
54876
54974
54877
54975
54878
54976
54879
54977
54880
54978
54881
54979
54882
54980
54883
54981
54884
54982
54885
54983
54886
54984
54887
54985
54888
54986
54889
54987
54890
54988
54891
54989
54892
54990
54893
54991
54894
54992
54895
54993
54896
54994
54897
54995
54898
54996
54899
54997
54900
54998
54901
54999
54902
55000
54903
55001
54904
55002
54905
55003
54906
55004
54907
55005
54908
55006
54909
55007
54910
55008
54911
55009
54912
55010
54913
55011
54914
55012
54915
55013
54916
55014
54917
55015
54918
55016
54919
55017
54920
55018
54921
55019
54922
55020
54923
55021
54924
55022
54925
55023
54926
55024
54927
55025
54928
55026
54929
55027
54930
55028
54931
55029
54932
55030
54933
55031
54934
55032
54935
55033
54936
55034
54937
55035
54938
55036
54939
55037
54940
55038
54941
55039
54942
55040
54943
55041
54944
55042
54945
55043
54946
55044
54947
55045
54948
55046
54949
55047
54950
55048
54951
55049
54952
55050
54953
55051
54954
55052
54955
55053
54956
55054
54957
55055
54958
55056
54959
55057
54960
55058
54961
55059
54962
55060
54963
55061
54964
55062
54965
55063
55064
54967
55065
54968
55066
54969
55067
54970
55068
54971
55069
54972
55070
54973
55071
54974
55072
54975
55073
54976
55074
54977
55075
54978
55076
54979
55077
54980
55078
54981
55079
54982
55080
54983
55081
54984
55082
54985
55083
54986
55084
54987
55085
54988
55086
54989
55087
54990
55088
54991
55089
54992
55090
54993
55091
54994
55092
54995
55093
54996
55094
54997
55095
54998
55096
54999
55097
55000
55098
55001
55099
55002
55100
55003
55101
55004
55102
55005
55103
55006
55104
55007
55105
55008
55106
55009
55107
55010
55108
55011
55109
55012
55110
55013
55111
55014
55112
55015
55113
55016
55114
55017
55115
55018
55116
55019
55117
55020
55118
55021
55119
55022
55120
55023
55121
55024
55122
55025
55123
55026
55124
55027
55125
55028
55126
55029
55127
55030
55128
55031
55129
55032
55130
55033
55131
55034
55132
55035
55133
55036
55134
55037
55135
55038
55136
55039
55137
55040
55138
55041
55139
55042
55140
55043
55141
55044
55142
55045
55143
55046
55144
55047
55145
55048
55146
55049
55147
55050
55148
55051
55149
55052
55150
55053
55151
55054
55152
55055
55153
55056
55154
55057
55155
55058
55156
55059
55157
55060
55158
55061
55159
55062
55160
55063
55161
55064
55162
55163
55066
55164
55067
55165
55068
55166
55069
55167
55070
55168
55071
55169
55072
55170
55073
55171
55074
55172
55075
55173
55076
55174
55077
55175
55078
55176
55079
55177
55080
55178
55081
55179
55082
55180
55083
55181
55084
55182
55085
55183
55086
55184
55087
55185
55088
55186
55089
55187
55090
55188
55091
55189
55092
55190
55093
55191
55094
55192
55095
55193
55096
55194
55097
55195
55098
55196
55099
55197
55100
55198
55101
55199
55102
55200
55103
55201
55104
55202
55105
55203
55106
55204
55107
55205
55108
55206
55109
55207
55110
55208
55111
55209
55112
55210
55113
55211
55114
55212
55115
55213
55116
55214
55117
55215
55118
55216
55119
55217
55120
55218
55121
55219
55122
55220
55123
55221
55124
55222
55125
55223
55126
55224
55127
55225
55128
55226
55129
55227
55130
55228
55131
55229
55132
55230
55133
55231
55134
55232
55135
55233
55136
55234
55137
55235
55138
55236
55139
55237
55140
55238
55141
55239
55142
55240
55143
55241
55144
55242
55145
55243
55146
55244
55147
55245
55148
55246
55149
55247
55150
55248
55151
55249
55152
55250
55153
55251
55154
55252
55155
55253
55156
55254
55157
55255
55158
55256
55159
55257
55160
55258
55161
55259
55162
55260
55163
55261
55262
55165
55263
55166
55264
55167
55265
55168
55266
55169
55267
55170
55268
55171
55269
55172
55270
55173
55271
55174
55272
55175
55273
55176
55274
55177
55275
55178
55276
55179
55277
55180
55278
55181
55279
55182
55280
55183
55281
55184
55282
55185
55283
55186
55284
55187
55285
55188
55286
55189
55287
55190
55288
55191
55289
55192
55290
55193
55291
55194
55292
55195
55293
55196
55294
55197
55295
55198
55296
55199
55297
55200
55298
55201
55299
55202
55300
55203
55301
55204
55302
55205
55303
55206
55304
55207
55305
55208
55306
55209
55307
55210
55308
55211
55309
55212
55310
55213
55311
55214
55312
55215
55313
55216
55314
55217
55315
55218
55316
55219
55317
55220
55318
55221
55319
55222
55320
55223
55321
55224
55322
55225
55323
55226
55324
55227
55325
55228
55326
55229
55327
55230
55328
55231
55329
55232
55330
55233
55331
55234
55332
55235
55333
55236
55334
55237
55335
55238
55336
55239
55337
55240
55338
55241
55339
55242
55340
55243
55341
55244
55342
55245
55343
55246
55344
55247
55345
55248
55346
55249
55347
55250
55348
55251
55349
55252
55350
55253
55351
55254
55352
55255
55353
55256
55354
55257
55355
55258
55356
55259
55357
55260
55358
55261
55359
55262
55360
55361
55264
55362
55265
55363
55266
55364
55267
55365
55268
55366
55269
55367
55270
55368
55271
55369
55272
55370
55273
55371
55274
55372
55275
55373
55276
55374
55277
55375
55278
55376
55279
55377
55280
55378
55281
55379
55282
55380
55283
55381
55284
55382
55285
55383
55286
55384
55287
55385
55288
55386
55289
55387
55290
55388
55291
55389
55292
55390
55293
55391
55294
55392
55295
55393
55296
55394
55297
55395
55298
55396
55299
55397
55300
55398
55301
55399
55302
55400
55303
55401
55304
55402
55305
55403
55306
55404
55307
55405
55308
55406
55309
55407
55310
55408
55311
55409
55312
55410
55313
55411
55314
55412
55315
55413
55316
55414
55317
55415
55318
55416
55319
55417
55320
55418
55321
55419
55322
55420
55323
55421
55324
55422
55325
55423
55326
55424
55327
55425
55328
55426
55329
55427
55330
55428
55331
55429
55332
55430
55333
55431
55334
55432
55335
55433
55336
55434
55337
55435
55338
55436
55339
55437
55340
55438
55341
55439
55342
55440
55343
55441
55344
55442
55345
55443
55346
55444
55347
55445
55348
55446
55349
55447
55350
55448
55351
55449
55352
55450
55353
55451
55354
55452
55355
55453
55356
55454
55357
55455
55358
55456
55359
55457
55360
55458
55361
55459
55460
55363
55461
55364
55462
55365
55463
55366
55464
55367
55465
55368
55466
55369
55467
55370
55468
55371
55469
55372
55470
55373
55471
55374
55472
55375
55473
55376
55474
55377
55475
55378
55476
55379
55477
55380
55478
55381
55479
55382
55480
55383
55481
55384
55482
55385
55483
55386
55484
55387
55485
55388
55486
55389
55487
55390
55488
55391
55489
55392
55490
55393
55491
55394
55492
55395
55493
55396
55494
55397
55495
55398
55496
55399
55497
55400
55498
55401
55499
55402
55500
55403
55501
55404
55502
55405
55503
55406
55504
55407
55505
55408
55506
55409
55507
55410
55508
55411
55509
55412
55510
55413
55511
55414
55512
55415
55513
55416
55514
55417
55515
55418
55516
55419
55517
55420
55518
55421
55519
55422
55520
55423
55521
55424
55522
55425
55523
55426
55524
55427
55525
55428
55526
55429
55527
55430
55528
55431
55529
55432
55530
55433
55531
55434
55532
55435
55533
55436
55534
55437
55535
55438
55536
55439
55537
55440
55538
55441
55539
55442
55540
55443
55541
55444
55542
55445
55543
55446
55544
55447
55545
55448
55546
55449
55547
55450
55548
55451
55549
55452
55550
55453
55551
55454
55552
55455
55553
55456
55554
55457
55555
55458
55556
55459
55557
55460
55558
55559
55462
55560
55463
55561
55464
55562
55465
55563
55466
55564
55467
55565
55468
55566
55469
55567
55470
55568
55471
55569
55472
55570
55473
55571
55474
55572
55475
55573
55476
55574
55477
55575
55478
55576
55479
55577
55480
55578
55481
55579
55482
55580
55483
55581
55484
55582
55485
55583
55486
55584
55487
55585
55488
55586
55489
55587
55490
55588
55491
55589
55492
55590
55493
55591
55494
55592
55495
55593
55496
55594
55497
55595
55498
55596
55499
55597
55500
55598
55501
55599
55502
55600
55503
55601
55504
55602
55505
55603
55506
55604
55507
55605
55508
55606
55509
55607
55510
55608
55511
55609
55512
55610
55513
55611
55514
55612
55515
55613
55516
55614
55517
55615
55518
55616
55519
55617
55520
55618
55521
55619
55522
55620
55523
55621
55524
55622
55525
55623
55526
55624
55527
55625
55528
55626
55529
55627
55530
55628
55531
55629
55532
55630
55533
55631
55534
55632
55535
55633
55536
55634
55537
55635
55538
55636
55539
55637
55540
55638
55541
55639
55542
55640
55543
55641
55544
55642
55545
55643
55546
55644
55547
55645
55548
55646
55549
55647
55550
55648
55551
55649
55552
55650
55553
55651
55554
55652
55555
55653
55556
55654
55557
55655
55558
55656
55559
55657
55658
55561
55659
55562
55660
55563
55661
55564
55662
55565
55663
55566
55664
55567
55665
55568
55666
55569
55667
55570
55668
55571
55669
55572
55670
55573
55671
55574
55672
55575
55673
55576
55674
55577
55675
55578
55676
55579
55677
55580
55678
55581
55679
55582
55680
55583
55681
55584
55682
55585
55683
55586
55684
55587
55685
55588
55686
55589
55687
55590
55688
55591
55689
55592
55690
55593
55691
55594
55692
55595
55693
55596
55694
55597
55695
55598
55696
55599
55697
55600
55698
55601
55699
55602
55700
55603
55701
55604
55702
55605
55703
55606
55704
55607
55705
55608
55706
55609
55707
55610
55708
55611
55709
55612
55710
55613
55711
55614
55712
55615
55713
55616
55714
55617
55715
55618
55716
55619
55717
55620
55718
55621
55719
55622
55720
55623
55721
55624
55722
55625
55723
55626
55724
55627
55725
55628
55726
55629
55727
55630
55728
55631
55729
55632
55730
55633
55731
55634
55732
55635
55733
55636
55734
55637
55735
55638
55736
55639
55737
55640
55738
55641
55739
55642
55740
55643
55741
55644
55742
55645
55743
55646
55744
55647
55745
55648
55746
55649
55747
55650
55748
55651
55749
55652
55750
55653
55751
55654
55752
55655
55753
55656
55754
55657
55755
55658
55756
55757
55660
55758
55661
55759
55662
55760
55663
55761
55664
55762
55665
55763
55666
55764
55667
55765
55668
55766
55669
55767
55670
55768
55671
55769
55672
55770
55673
55771
55674
55772
55675
55773
55676
55774
55677
55775
55678
55776
55679
55777
55680
55778
55681
55779
55682
55780
55683
55781
55684
55782
55685
55783
55686
55784
55687
55785
55688
55786
55689
55787
55690
55788
55691
55789
55692
55790
55693
55791
55694
55792
55695
55793
55696
55794
55697
55795
55698
55796
55699
55797
55700
55798
55701
55799
55702
55800
55703
55801
55704
55802
55705
55803
55706
55804
55707
55805
55708
55806
55709
55807
55710
55808
55711
55809
55712
55810
55713
55811
55714
55812
55715
55813
55716
55814
55717
55815
55718
55816
55719
55817
55720
55818
55721
55819
55722
55820
55723
55821
55724
55822
55725
55823
55726
55824
55727
55825
55728
55826
55729
55827
55730
55828
55731
55829
55732
55830
55733
55831
55734
55832
55735
55833
55736
55834
55737
55835
55738
55836
55739
55837
55740
55838
55741
55839
55742
55840
55743
55841
55744
55842
55745
55843
55746
55844
55747
55845
55748
55846
55749
55847
55750
55848
55751
55849
55752
55850
55753
55851
55754
55852
55755
55853
55756
55854
55757
55855
55856
55759
55857
55760
55858
55761
55859
55762
55860
55763
55861
55764
55862
55765
55863
55766
55864
55767
55865
55768
55866
55769
55867
55770
55868
55771
55869
55772
55870
55773
55871
55774
55872
55775
55873
55776
55874
55777
55875
55778
55876
55779
55877
55780
55878
55781
55879
55782
55880
55783
55881
55784
55882
55785
55883
55786
55884
55787
55885
55788
55886
55789
55887
55790
55888
55791
55889
55792
55890
55793
55891
55794
55892
55795
55893
55796
55894
55797
55895
55798
55896
55799
55897
55800
55898
55801
55899
55802
55900
55803
55901
55804
55902
55805
55903
55806
55904
55807
55905
55808
55906
55809
55907
55810
55908
55811
55909
55812
55910
55813
55911
55814
55912
55815
55913
55816
55914
55817
55915
55818
55916
55819
55917
55820
55918
55821
55919
55822
55920
55823
55921
55824
55922
55825
55923
55826
55924
55827
55925
55828
55926
55829
55927
55830
55928
55831
55929
55832
55930
55833
55931
55834
55932
55835
55933
55836
55934
55837
55935
55838
55936
55839
55937
55840
55938
55841
55939
55842
55940
55843
55941
55844
55942
55845
55943
55846
55944
55847
55945
55848
55946
55849
55947
55850
55948
55851
55949
55852
55950
55853
55951
55854
55952
55855
55953
55856
55954
55955
55858
55956
55859
55957
55860
55958
55861
55959
55862
55960
55863
55961
55864
55962
55865
55963
55866
55964
55867
55965
55868
55966
55869
55967
55870
55968
55871
55969
55872
55970
55873
55971
55874
55972
55875
55973
55876
55974
55877
55975
55878
55976
55879
55977
55880
55978
55881
55979
55882
55980
55883
55981
55884
55982
55885
55983
55886
55984
55887
55985
55888
55986
55889
55987
55890
55988
55891
55989
55892
55990
55893
55991
55894
55992
55895
55993
55896
55994
55897
55995
55898
55996
55899
55997
55900
55998
55901
55999
55902
56000
55903
56001
55904
56002
55905
56003
55906
56004
55907
56005
55908
56006
55909
56007
55910
56008
55911
56009
55912
56010
55913
56011
55914
56012
55915
56013
55916
56014
55917
56015
55918
56016
55919
56017
55920
56018
55921
56019
55922
56020
55923
56021
55924
56022
55925
56023
55926
56024
55927
56025
55928
56026
55929
56027
55930
56028
55931
56029
55932
56030
55933
56031
55934
56032
55935
56033
55936
56034
55937
56035
55938
56036
55939
56037
55940
56038
55941
56039
55942
56040
55943
56041
55944
56042
55945
56043
55946
56044
55947
56045
55948
56046
55949
56047
55950
56048
55951
56049
55952
56050
55953
56051
55954
56052
55955
56053
56054
55957
56055
55958
56056
55959
56057
55960
56058
55961
56059
55962
56060
55963
56061
55964
56062
55965
56063
55966
56064
55967
56065
55968
56066
55969
56067
55970
56068
55971
56069
55972
56070
55973
56071
55974
56072
55975
56073
55976
56074
55977
56075
55978
56076
55979
56077
55980
56078
55981
56079
55982
56080
55983
56081
55984
56082
55985
56083
55986
56084
55987
56085
55988
56086
55989
56087
55990
56088
55991
56089
55992
56090
55993
56091
55994
56092
55995
56093
55996
56094
55997
56095
55998
56096
55999
56097
56000
56098
56001
56099
56002
56100
56003
56101
56004
56102
56005
56103
56006
56104
56007
56105
56008
56106
56009
56107
56010
56108
56011
56109
56012
56110
56013
56111
56014
56112
56015
56113
56016
56114
56017
56115
56018
56116
56019
56117
56020
56118
56021
56119
56022
56120
56023
56121
56024
56122
56025
56123
56026
56124
56027
56125
56028
56126
56029
56127
56030
56128
56031
56129
56032
56130
56033
56131
56034
56132
56035
56133
56036
56134
56037
56135
56038
56136
56039
56137
56040
56138
56041
56139
56042
56140
56043
56141
56044
56142
56045
56143
56046
56144
56047
56145
56048
56146
56049
56147
56050
56148
56051
56149
56052
56150
56053
56151
56054
56152
56153
56056
56154
56057
56155
56058
56156
56059
56157
56060
56158
56061
56159
56062
56160
56063
56161
56064
56162
56065
56163
56066
56164
56067
56165
56068
56166
56069
56167
56070
56168
56071
56169
56072
56170
56073
56171
56074
56172
56075
56173
56076
56174
56077
56175
56078
56176
56079
56177
56080
56178
56081
56179
56082
56180
56083
56181
56084
56182
56085
56183
56086
56184
56087
56185
56088
56186
56089
56187
56090
56188
56091
56189
56092
56190
56093
56191
56094
56192
56095
56193
56096
56194
56097
56195
56098
56196
56099
56197
56100
56198
56101
56199
56102
56200
56103
56201
56104
56202
56105
56203
56106
56204
56107
56205
56108
56206
56109
56207
56110
56208
56111
56209
56112
56210
56113
56211
56114
56212
56115
56213
56116
56214
56117
56215
56118
56216
56119
56217
56120
56218
56121
56219
56122
56220
56123
56221
56124
56222
56125
56223
56126
56224
56127
56225
56128
56226
56129
56227
56130
56228
56131
56229
56132
56230
56133
56231
56134
56232
56135
56233
56136
56234
56137
56235
56138
56236
56139
56237
56140
56238
56141
56239
56142
56240
56143
56241
56144
56242
56145
56243
56146
56244
56147
56245
56148
56246
56149
56247
56150
56248
56151
56249
56152
56250
56153
56251
56252
56155
56253
56156
56254
56157
56255
56158
56256
56159
56257
56160
56258
56161
56259
56162
56260
56163
56261
56164
56262
56165
56263
56166
56264
56167
56265
56168
56266
56169
56267
56170
56268
56171
56269
56172
56270
56173
56271
56174
56272
56175
56273
56176
56274
56177
56275
56178
56276
56179
56277
56180
56278
56181
56279
56182
56280
56183
56281
56184
56282
56185
56283
56186
56284
56187
56285
56188
56286
56189
56287
56190
56288
56191
56289
56192
56290
56193
56291
56194
56292
56195
56293
56196
56294
56197
56295
56198
56296
56199
56297
56200
56298
56201
56299
56202
56300
56203
56301
56204
56302
56205
56303
56206
56304
56207
56305
56208
56306
56209
56307
56210
56308
56211
56309
56212
56310
56213
56311
56214
56312
56215
56313
56216
56314
56217
56315
56218
56316
56219
56317
56220
56318
56221
56319
56222
56320
56223
56321
56224
56322
56225
56323
56226
56324
56227
56325
56228
56326
56229
56327
56230
56328
56231
56329
56232
56330
56233
56331
56234
56332
56235
56333
56236
56334
56237
56335
56238
56336
56239
56337
56240
56338
56241
56339
56242
56340
56243
56341
56244
56342
56245
56343
56246
56344
56247
56345
56248
56346
56249
56347
56250
56348
56251
56349
56252
56350
56351
56254
56352
56255
56353
56256
56354
56257
56355
56258
56356
56259
56357
56260
56358
56261
56359
56262
56360
56263
56361
56264
56362
56265
56363
56266
56364
56267
56365
56268
56366
56269
56367
56270
56368
56271
56369
56272
56370
56273
56371
56274
56372
56275
56373
56276
56374
56277
56375
56278
56376
56279
56377
56280
56378
56281
56379
56282
56380
56283
56381
56284
56382
56285
56383
56286
56384
56287
56385
56288
56386
56289
56387
56290
56388
56291
56389
56292
56390
56293
56391
56294
56392
56295
56393
56296
56394
56297
56395
56298
56396
56299
56397
56300
56398
56301
56399
56302
56400
56303
56401
56304
56402
56305
56403
56306
56404
56307
56405
56308
56406
56309
56407
56310
56408
56311
56409
56312
56410
56313
56411
56314
56412
56315
56413
56316
56414
56317
56415
56318
56416
56319
56417
56320
56418
56321
56419
56322
56420
56323
56421
56324
56422
56325
56423
56326
56424
56327
56425
56328
56426
56329
56427
56330
56428
56331
56429
56332
56430
56333
56431
56334
56432
56335
56433
56336
56434
56337
56435
56338
56436
56339
56437
56340
56438
56341
56439
56342
56440
56343
56441
56344
56442
56345
56443
56346
56444
56347
56445
56348
56446
56349
56447
56350
56448
56351
56449
56450
56353
56451
56354
56452
56355
56453
56356
56454
56357
56455
56358
56456
56359
56457
56360
56458
56361
56459
56362
56460
56363
56461
56364
56462
56365
56463
56366
56464
56367
56465
56368
56466
56369
56467
56370
56468
56371
56469
56372
56470
56373
56471
56374
56472
56375
56473
56376
56474
56377
56475
56378
56476
56379
56477
56380
56478
56381
56479
56382
56480
56383
56481
56384
56482
56385
56483
56386
56484
56387
56485
56388
56486
56389
56487
56390
56488
56391
56489
56392
56490
56393
56491
56394
56492
56395
56493
56396
56494
56397
56495
56398
56496
56399
56497
56400
56498
56401
56499
56402
56500
56403
56501
56404
56502
56405
56503
56406
56504
56407
56505
56408
56506
56409
56507
56410
56508
56411
56509
56412
56510
56413
56511
56414
56512
56415
56513
56416
56514
56417
56515
56418
56516
56419
56517
56420
56518
56421
56519
56422
56520
56423
56521
56424
56522
56425
56523
56426
56524
56427
56525
56428
56526
56429
56527
56430
56528
56431
56529
56432
56530
56433
56531
56434
56532
56435
56533
56436
56534
56437
56535
56438
56536
56439
56537
56440
56538
56441
56539
56442
56540
56443
56541
56444
56542
56445
56543
56446
56544
56447
56545
56448
56546
56449
56547
56450
56548
56549
56452
56550
56453
56551
56454
56552
56455
56553
56456
56554
56457
56555
56458
56556
56459
56557
56460
56558
56461
56559
56462
56560
56463
56561
56464
56562
56465
56563
56466
56564
56467
56565
56468
56566
56469
56567
56470
56568
56471
56569
56472
56570
56473
56571
56474
56572
56475
56573
56476
56574
56477
56575
56478
56576
56479
56577
56480
56578
56481
56579
56482
56580
56483
56581
56484
56582
56485
56583
56486
56584
56487
56585
56488
56586
56489
56587
56490
56588
56491
56589
56492
56590
56493
56591
56494
56592
56495
56593
56496
56594
56497
56595
56498
56596
56499
56597
56500
56598
56501
56599
56502
56600
56503
56601
56504
56602
56505
56603
56506
56604
56507
56605
56508
56606
56509
56607
56510
56608
56511
56609
56512
56610
56513
56611
56514
56612
56515
56613
56516
56614
56517
56615
56518
56616
56519
56617
56520
56618
56521
56619
56522
56620
56523
56621
56524
56622
56525
56623
56526
56624
56527
56625
56528
56626
56529
56627
56530
56628
56531
56629
56532
56630
56533
56631
56534
56632
56535
56633
56536
56634
56537
56635
56538
56636
56539
56637
56540
56638
56541
56639
56542
56640
56543
56641
56544
56642
56545
56643
56546
56644
56547
56645
56548
56646
56549
56647
56648
56551
56649
56552
56650
56553
56651
56554
56652
56555
56653
56556
56654
56557
56655
56558
56656
56559
56657
56560
56658
56561
56659
56562
56660
56563
56661
56564
56662
56565
56663
56566
56664
56567
56665
56568
56666
56569
56667
56570
56668
56571
56669
56572
56670
56573
56671
56574
56672
56575
56673
56576
56674
56577
56675
56578
56676
56579
56677
56580
56678
56581
56679
56582
56680
56583
56681
56584
56682
56585
56683
56586
56684
56587
56685
56588
56686
56589
56687
56590
56688
56591
56689
56592
56690
56593
56691
56594
56692
56595
56693
56596
56694
56597
56695
56598
56696
56599
56697
56600
56698
56601
56699
56602
56700
56603
56701
56604
56702
56605
56703
56606
56704
56607
56705
56608
56706
56609
56707
56610
56708
56611
56709
56612
56710
56613
56711
56614
56712
56615
56713
56616
56714
56617
56715
56618
56716
56619
56717
56620
56718
56621
56719
56622
56720
56623
56721
56624
56722
56625
56723
56626
56724
56627
56725
56628
56726
56629
56727
56630
56728
56631
56729
56632
56730
56633
56731
56634
56732
56635
56733
56636
56734
56637
56735
56638
56736
56639
56737
56640
56738
56641
56739
56642
56740
56643
56741
56644
56742
56645
56743
56646
56744
56647
56745
56648
56746
56747
56650
56748
56651
56749
56652
56750
56653
56751
56654
56752
56655
56753
56656
56754
56657
56755
56658
56756
56659
56757
56660
56758
56661
56759
56662
56760
56663
56761
56664
56762
56665
56763
56666
56764
56667
56765
56668
56766
56669
56767
56670
56768
56671
56769
56672
56770
56673
56771
56674
56772
56675
56773
56676
56774
56677
56775
56678
56776
56679
56777
56680
56778
56681
56779
56682
56780
56683
56781
56684
56782
56685
56783
56686
56784
56687
56785
56688
56786
56689
56787
56690
56788
56691
56789
56692
56790
56693
56791
56694
56792
56695
56793
56696
56794
56697
56795
56698
56796
56699
56797
56700
56798
56701
56799
56702
56800
56703
56801
56704
56802
56705
56803
56706
56804
56707
56805
56708
56806
56709
56807
56710
56808
56711
56809
56712
56810
56713
56811
56714
56812
56715
56813
56716
56814
56717
56815
56718
56816
56719
56817
56720
56818
56721
56819
56722
56820
56723
56821
56724
56822
56725
56823
56726
56824
56727
56825
56728
56826
56729
56827
56730
56828
56731
56829
56732
56830
56733
56831
56734
56832
56735
56833
56736
56834
56737
56835
56738
56836
56739
56837
56740
56838
56741
56839
56742
56840
56743
56841
56744
56842
56745
56843
56746
56844
56747
56845
56846
56749
56847
56750
56848
56751
56849
56752
56850
56753
56851
56754
56852
56755
56853
56756
56854
56757
56855
56758
56856
56759
56857
56760
56858
56761
56859
56762
56860
56763
56861
56764
56862
56765
56863
56766
56864
56767
56865
56768
56866
56769
56867
56770
56868
56771
56869
56772
56870
56773
56871
56774
56872
56775
56873
56776
56874
56777
56875
56778
56876
56779
56877
56780
56878
56781
56879
56782
56880
56783
56881
56784
56882
56785
56883
56786
56884
56787
56885
56788
56886
56789
56887
56790
56888
56791
56889
56792
56890
56793
56891
56794
56892
56795
56893
56796
56894
56797
56895
56798
56896
56799
56897
56800
56898
56801
56899
56802
56900
56803
56901
56804
56902
56805
56903
56806
56904
56807
56905
56808
56906
56809
56907
56810
56908
56811
56909
56812
56910
56813
56911
56814
56912
56815
56913
56816
56914
56817
56915
56818
56916
56819
56917
56820
56918
56821
56919
56822
56920
56823
56921
56824
56922
56825
56923
56826
56924
56827
56925
56828
56926
56829
56927
56830
56928
56831
56929
56832
56930
56833
56931
56834
56932
56835
56933
56836
56934
56837
56935
56838
56936
56839
56937
56840
56938
56841
56939
56842
56940
56843
56941
56844
56942
56845
56943
56846
56944
56945
56848
56946
56849
56947
56850
56948
56851
56949
56852
56950
56853
56951
56854
56952
56855
56953
56856
56954
56857
56955
56858
56956
56859
56957
56860
56958
56861
56959
56862
56960
56863
56961
56864
56962
56865
56963
56866
56964
56867
56965
56868
56966
56869
56967
56870
56968
56871
56969
56872
56970
56873
56971
56874
56972
56875
56973
56876
56974
56877
56975
56878
56976
56879
56977
56880
56978
56881
56979
56882
56980
56883
56981
56884
56982
56885
56983
56886
56984
56887
56985
56888
56986
56889
56987
56890
56988
56891
56989
56892
56990
56893
56991
56894
56992
56895
56993
56896
56994
56897
56995
56898
56996
56899
56997
56900
56998
56901
56999
56902
57000
56903
57001
56904
57002
56905
57003
56906
57004
56907
57005
56908
57006
56909
57007
56910
57008
56911
57009
56912
57010
56913
57011
56914
57012
56915
57013
56916
57014
56917
57015
56918
57016
56919
57017
56920
57018
56921
57019
56922
57020
56923
57021
56924
57022
56925
57023
56926
57024
56927
57025
56928
57026
56929
57027
56930
57028
56931
57029
56932
57030
56933
57031
56934
57032
56935
57033
56936
57034
56937
57035
56938
57036
56939
57037
56940
57038
56941
57039
56942
57040
56943
57041
56944
57042
56945
57043
57044
56947
57045
56948
57046
56949
57047
56950
57048
56951
57049
56952
57050
56953
57051
56954
57052
56955
57053
56956
57054
56957
57055
56958
57056
56959
57057
56960
57058
56961
57059
56962
57060
56963
57061
56964
57062
56965
57063
56966
57064
56967
57065
56968
57066
56969
57067
56970
57068
56971
57069
56972
57070
56973
57071
56974
57072
56975
57073
56976
57074
56977
57075
56978
57076
56979
57077
56980
57078
56981
57079
56982
57080
56983
57081
56984
57082
56985
57083
56986
57084
56987
57085
56988
57086
56989
57087
56990
57088
56991
57089
56992
57090
56993
57091
56994
57092
56995
57093
56996
57094
56997
57095
56998
57096
56999
57097
57000
57098
57001
57099
57002
57100
57003
57101
57004
57102
57005
57103
57006
57104
57007
57105
57008
57106
57009
57107
57010
57108
57011
57109
57012
57110
57013
57111
57014
57112
57015
57113
57016
57114
57017
57115
57018
57116
57019
57117
57020
57118
57021
57119
57022
57120
57023
57121
57024
57122
57025
57123
57026
57124
57027
57125
57028
57126
57029
57127
57030
57128
57031
57129
57032
57130
57033
57131
57034
57132
57035
57133
57036
57134
57037
57135
57038
57136
57039
57137
57040
57138
57041
57139
57042
57140
57043
57141
57044
57142
57143
57046
57144
57047
57145
57048
57146
57049
57147
57050
57148
57051
57149
57052
57150
57053
57151
57054
57152
57055
57153
57056
57154
57057
57155
57058
57156
57059
57157
57060
57158
57061
57159
57062
57160
57063
57161
57064
57162
57065
57163
57066
57164
57067
57165
57068
57166
57069
57167
57070
57168
57071
57169
57072
57170
57073
57171
57074
57172
57075
57173
57076
57174
57077
57175
57078
57176
57079
57177
57080
57178
57081
57179
57082
57180
57083
57181
57084
57182
57085
57183
57086
57184
57087
57185
57088
57186
57089
57187
57090
57188
57091
57189
57092
57190
57093
57191
57094
57192
57095
57193
57096
57194
57097
57195
57098
57196
57099
57197
57100
57198
57101
57199
57102
57200
57103
57201
57104
57202
57105
57203
57106
57204
57107
57205
57108
57206
57109
57207
57110
57208
57111
57209
57112
57210
57113
57211
57114
57212
57115
57213
57116
57214
57117
57215
57118
57216
57119
57217
57120
57218
57121
57219
57122
57220
57123
57221
57124
57222
57125
57223
57126
57224
57127
57225
57128
57226
57129
57227
57130
57228
57131
57229
57132
57230
57133
57231
57134
57232
57135
57233
57136
57234
57137
57235
57138
57236
57139
57237
57140
57238
57141
57239
57142
57240
57143
57241
57242
57145
57243
57146
57244
57147
57245
57148
57246
57149
57247
57150
57248
57151
57249
57152
57250
57153
57251
57154
57252
57155
57253
57156
57254
57157
57255
57158
57256
57159
57257
57160
57258
57161
57259
57162
57260
57163
57261
57164
57262
57165
57263
57166
57264
57167
57265
57168
57266
57169
57267
57170
57268
57171
57269
57172
57270
57173
57271
57174
57272
57175
57273
57176
57274
57177
57275
57178
57276
57179
57277
57180
57278
57181
57279
57182
57280
57183
57281
57184
57282
57185
57283
57186
57284
57187
57285
57188
57286
57189
57287
57190
57288
57191
57289
57192
57290
57193
57291
57194
57292
57195
57293
57196
57294
57197
57295
57198
57296
57199
57297
57200
57298
57201
57299
57202
57300
57203
57301
57204
57302
57205
57303
57206
57304
57207
57305
57208
57306
57209
57307
57210
57308
57211
57309
57212
57310
57213
57311
57214
57312
57215
57313
57216
57314
57217
57315
57218
57316
57219
57317
57220
57318
57221
57319
57222
57320
57223
57321
57224
57322
57225
57323
57226
57324
57227
57325
57228
57326
57229
57327
57230
57328
57231
57329
57232
57330
57233
57331
57234
57332
57235
57333
57236
57334
57237
57335
57238
57336
57239
57337
57240
57338
57241
57339
57242
57340
57341
57244
57342
57245
57343
57246
57344
57247
57345
57248
57346
57249
57347
57250
57348
57251
57349
57252
57350
57253
57351
57254
57352
57255
57353
57256
57354
57257
57355
57258
57356
57259
57357
57260
57358
57261
57359
57262
57360
57263
57361
57264
57362
57265
57363
57266
57364
57267
57365
57268
57366
57269
57367
57270
57368
57271
57369
57272
57370
57273
57371
57274
57372
57275
57373
57276
57374
57277
57375
57278
57376
57279
57377
57280
57378
57281
57379
57282
57380
57283
57381
57284
57382
57285
57383
57286
57384
57287
57385
57288
57386
57289
57387
57290
57388
57291
57389
57292
57390
57293
57391
57294
57392
57295
57393
57296
57394
57297
57395
57298
57396
57299
57397
57300
57398
57301
57399
57302
57400
57303
57401
57304
57402
57305
57403
57306
57404
57307
57405
57308
57406
57309
57407
57310
57408
57311
57409
57312
57410
57313
57411
57314
57412
57315
57413
57316
57414
57317
57415
57318
57416
57319
57417
57320
57418
57321
57419
57322
57420
57323
57421
57324
57422
57325
57423
57326
57424
57327
57425
57328
57426
57329
57427
57330
57428
57331
57429
57332
57430
57333
57431
57334
57432
57335
57433
57336
57434
57337
57435
57338
57436
57339
57437
57340
57438
57341
57439
57440
57343
57441
57344
57442
57345
57443
57346
57444
57347
57445
57348
57446
57349
57447
57350
57448
57351
57449
57352
57450
57353
57451
57354
57452
57355
57453
57356
57454
57357
57455
57358
57456
57359
57457
57360
57458
57361
57459
57362
57460
57363
57461
57364
57462
57365
57463
57366
57464
57367
57465
57368
57466
57369
57467
57370
57468
57371
57469
57372
57470
57373
57471
57374
57472
57375
57473
57376
57474
57377
57475
57378
57476
57379
57477
57380
57478
57381
57479
57382
57480
57383
57481
57384
57482
57385
57483
57386
57484
57387
57485
57388
57486
57389
57487
57390
57488
57391
57489
57392
57490
57393
57491
57394
57492
57395
57493
57396
57494
57397
57495
57398
57496
57399
57497
57400
57498
57401
57499
57402
57500
57403
57501
57404
57502
57405
57503
57406
57504
57407
57505
57408
57506
57409
57507
57410
57508
57411
57509
57412
57510
57413
57511
57414
57512
57415
57513
57416
57514
57417
57515
57418
57516
57419
57517
57420
57518
57421
57519
57422
57520
57423
57521
57424
57522
57425
57523
57426
57524
57427
57525
57428
57526
57429
57527
57430
57528
57431
57529
57432
57530
57433
57531
57434
57532
57435
57533
57436
57534
57437
57535
57438
57536
57439
57537
57440
57538
57539
57442
57443
57444
57445
57446
57447
57448
57449
57450
57451
57452
57453
57454
57455
57456
57457
57458
57459
57460
57461
57462
57463
57464
57465
57466
57467
57468
57469
57470
57471
57472
57473
57474
57475
57476
57477
57478
57479
57480
57481
57482
57483
57484
57485
57486
57487
57488
57489
57490
57491
57492
57493
57494
57495
57496
57497
57498
57499
57500
57501
57502
57503
57504
57505
57506
57507
57508
57509
57510
57511
57512
57513
57514
57515
57516
57517
57518
57519
57520
57521
57522
57523
57524
57525
57526
57527
57528
57529
57530
57531
57532
57533
57534
57535
57536
57537
57538
57539
57541
57542
57543
57544
57545
57546
57547
57548
57549
57550
57551
57552
57553
57554
57555
57556
57557
57558
57559
57560
57561
57562
57563
57564
57565
57566
57567
57568
57569
57570
57571
57572
57573
57574
57575
57576
57577
57578
57579
57580
57581
57582
57583
57584
57585
57586
57587
57588
57589
57590
57591
57592
57593
57594
57595
57596
57597
57598
57599
57600
57601
57602
57603
57604
57605
57606
57607
57608
57609
57610
57611
57612
57613
57614
57615
57616
57617
57618
57619
57620
57621
57622
57623
57624
57625
57626
57627
57628
57629
57630
57631
57632
57633
57634
57635
57636
57637
57638
57639
57640
57641
57642
57643
57644
57645
57646
57647
57648
57649
57650
57651
57652
57653
57654
57655
57656
57657
57658
57659
57660
57661
57662
57663
57664
57665
57666
57667
57668
57669
57670
57671
57672
57673
57674
57675
57676
57677
57678
57679
57680
57681
57682
57683
57684
57685
57686
57687
57688
57689
57690
57691
57692
57693
57694
57695
57696
57697
57698
57699
57700
57701
57702
57703
57704
57705
57706
57707
57708
57709
57710
57711
57712
57713
57714
57715
57716
57717
57718
57719
57720
57721
57722
57723
57724
57725
57726
57727
57728
57729
57730
57731
57732
57733
57734
57735
57736
57737
57738
57739
57740
57741
57742
57743
57744
57745
57746
57747
57748
57749
57750
57751
57752
57753
57754
57755
57756
57757
57758
57759
57760
57761
57762
57763
57764
57765
57766
57767
57768
57769
57770
57771
57772
57773
57774
57775
57776
57777
57778
57779
57780
57781
57782
57783
57784
57785
57786
57787
57788
57789
57790
57791
57792
57793
57794
57795
57796
57797
57798
57799
57800
57801
57802
57803
57804
57805
57806
57807
57808
57809
57810
57811
57812
57813
57814
57815
57816
57817
57818
57819
57820
57821
57822
57823
57824
57825
57826
57827
57828
57829
57830
57831
57832
57833
57834
57835
57836
57837
57838
57839
57840
57841
57842
57843
57844
57845
57846
57847
57848
57849
57850
57851
57852
57853
57854
57855
57856
57857
57858
57859
57860
57861
57862
57863
57864
57865
57866
57867
57868
57869
57870
57871
57872
57873
57874
57875
57876
57877
57878
57879
57880
57881
57882
57883
57884
57885
57886
57887
57888
57889
57890
57891
57892
57893
57894
57895
57896
57897
57898
57899
57900
57901
57902
57903
57904
57905
57906
57907
57908
57909
57910
57911
57912
57913
57914
57915
57916
57917
57918
57919
57920
57921
57922
57923
57924
57925
57926
57927
57928
57929
57930
57931
57932
57933
57934
57935
57936
57937
57938
57939
57940
57941
57942
57943
57944
57945
57946
57947
57948
57949
57950
57951
57952
57953
57954
57955
57956
57957
57958
57959
)


// ************************************************************************* //
