/*--------------------------------*- C++ -*----------------------------------*\
  =========                 |
  \\      /  F ield         | OpenFOAM: The Open Source CFD Toolbox
   \\    /   O peration     | Website:  https://openfoam.org
    \\  /    A nd           | Version:  9
     \\/     M anipulation  |
\*---------------------------------------------------------------------------*/
FoamFile
{
    version     2.0;
    format      ascii;
    class       labelList;
    note        "nPoints:128128  nCells:63492  nFaces:254540  nInternalFaces:126412";
    location    "constant/polyMesh";
    object      neighbour;
}
// * * * * * * * * * * * * * * * * * * * * * * * * * * * * * * * * * * * * * //


126412
(
1
51
7293
2
52
7294
3
53
7295
4
54
7296
5
55
7297
6
56
7298
7
57
7299
8
58
7300
9
59
7301
10
60
7302
11
61
7303
12
62
7304
13
63
7305
14
64
7306
15
65
7307
16
66
7308
17
67
7309
18
68
7310
19
69
7311
20
70
7312
21
71
7313
22
72
7314
23
73
7315
24
74
7316
25
75
7317
26
76
7318
27
77
7319
28
78
7320
29
79
7321
30
80
7322
31
81
7323
32
82
7324
33
83
7325
34
84
7326
35
85
7327
36
86
7328
37
87
7329
38
88
7330
39
89
7331
40
90
7332
41
91
7333
42
92
7334
43
93
7335
44
94
7336
45
95
7337
46
96
7338
47
97
7339
48
98
7340
49
99
7341
50
100
7342
101
7343
22964
52
102
53
103
54
104
55
105
56
106
57
107
58
108
59
109
60
110
61
111
62
112
63
113
64
114
65
115
66
116
67
117
68
118
69
119
70
120
71
121
72
122
73
123
74
124
75
125
76
126
77
127
78
128
79
129
80
130
81
131
82
132
83
133
84
134
85
135
86
136
87
137
88
138
89
139
90
140
91
141
92
142
93
143
94
144
95
145
96
146
97
147
98
148
99
149
100
150
101
151
152
22905
103
153
104
154
105
155
106
156
107
157
108
158
109
159
110
160
111
161
112
162
113
163
114
164
115
165
116
166
117
167
118
168
119
169
120
170
121
171
122
172
123
173
124
174
125
175
126
176
127
177
128
178
129
179
130
180
131
181
132
182
133
183
134
184
135
185
136
186
137
187
138
188
139
189
140
190
141
191
142
192
143
193
144
194
145
195
146
196
147
197
148
198
149
199
150
200
151
201
152
202
203
22846
154
204
155
205
156
206
157
207
158
208
159
209
160
210
161
211
162
212
163
213
164
214
165
215
166
216
167
217
168
218
169
219
170
220
171
221
172
222
173
223
174
224
175
225
176
226
177
227
178
228
179
229
180
230
181
231
182
232
183
233
184
234
185
235
186
236
187
237
188
238
189
239
190
240
191
241
192
242
193
243
194
244
195
245
196
246
197
247
198
248
199
249
200
250
201
251
202
252
203
253
254
22787
205
255
206
256
207
257
208
258
209
259
210
260
211
261
212
262
213
263
214
264
215
265
216
266
217
267
218
268
219
269
220
270
221
271
222
272
223
273
224
274
225
275
226
276
227
277
228
278
229
279
230
280
231
281
232
282
233
283
234
284
235
285
236
286
237
287
238
288
239
289
240
290
241
291
242
292
243
293
244
294
245
295
246
296
247
297
248
298
249
299
250
300
251
301
252
302
253
303
254
304
305
22728
256
306
257
307
258
308
259
309
260
310
261
311
262
312
263
313
264
314
265
315
266
316
267
317
268
318
269
319
270
320
271
321
272
322
273
323
274
324
275
325
276
326
277
327
278
328
279
329
280
330
281
331
282
332
283
333
284
334
285
335
286
336
287
337
288
338
289
339
290
340
291
341
292
342
293
343
294
344
295
345
296
346
297
347
298
348
299
349
300
350
301
351
302
352
303
353
304
354
305
355
356
22669
307
357
308
358
309
359
310
360
311
361
312
362
313
363
314
364
315
365
316
366
317
367
318
368
319
369
320
370
321
371
322
372
323
373
324
374
325
375
326
376
327
377
328
378
329
379
330
380
331
381
332
382
333
383
334
384
335
385
336
386
337
387
338
388
339
389
340
390
341
391
342
392
343
393
344
394
345
395
346
396
347
397
348
398
349
399
350
400
351
401
352
402
353
403
354
404
355
405
356
406
407
22610
358
408
359
409
360
410
361
411
362
412
363
413
364
414
365
415
366
416
367
417
368
418
369
419
370
420
371
421
372
422
373
423
374
424
375
425
376
426
377
427
378
428
379
429
380
430
381
431
382
432
383
433
384
434
385
435
386
436
387
437
388
438
389
439
390
440
391
441
392
442
393
443
394
444
395
445
396
446
397
447
398
448
399
449
400
450
401
451
402
452
403
453
404
454
405
455
406
456
407
457
458
22551
409
459
410
460
411
461
412
462
413
463
414
464
415
465
416
466
417
467
418
468
419
469
420
470
421
471
422
472
423
473
424
474
425
475
426
476
427
477
428
478
429
479
430
480
431
481
432
482
433
483
434
484
435
485
436
486
437
487
438
488
439
489
440
490
441
491
442
492
443
493
444
494
445
495
446
496
447
497
448
498
449
499
450
500
451
501
452
502
453
503
454
504
455
505
456
506
457
507
458
508
509
22492
460
510
461
511
462
512
463
513
464
514
465
515
466
516
467
517
468
518
469
519
470
520
471
521
472
522
473
523
474
524
475
525
476
526
477
527
478
528
479
529
480
530
481
531
482
532
483
533
484
534
485
535
486
536
487
537
488
538
489
539
490
540
491
541
492
542
493
543
494
544
495
545
496
546
497
547
498
548
499
549
500
550
501
551
502
552
503
553
504
554
505
555
506
556
507
557
508
558
509
559
560
22433
511
561
512
562
513
563
514
564
515
565
516
566
517
567
518
568
519
569
520
570
521
571
522
572
523
573
524
574
525
575
526
576
527
577
528
578
529
579
530
580
531
581
532
582
533
583
534
584
535
585
536
586
537
587
538
588
539
589
540
590
541
591
542
592
543
593
544
594
545
595
546
596
547
597
548
598
549
599
550
600
551
601
552
602
553
603
554
604
555
605
556
606
557
607
558
608
559
609
560
610
611
22374
562
612
563
613
564
614
565
615
566
616
567
617
568
618
569
619
570
620
571
621
572
622
573
623
574
624
575
625
576
626
577
627
578
628
579
629
580
630
581
631
582
632
583
633
584
634
585
635
586
636
587
637
588
638
589
639
590
640
591
641
592
642
593
643
594
644
595
645
596
646
597
647
598
648
599
649
600
650
601
651
602
652
603
653
604
654
605
655
606
656
607
657
608
658
609
659
610
660
611
661
662
22315
613
663
614
664
615
665
616
666
617
667
618
668
619
669
620
670
621
671
622
672
623
673
624
674
625
675
626
676
627
677
628
678
629
679
630
680
631
681
632
682
633
683
634
684
635
685
636
686
637
687
638
688
639
689
640
690
641
691
642
692
643
693
644
694
645
695
646
696
647
697
648
698
649
699
650
700
651
701
652
702
653
703
654
704
655
705
656
706
657
707
658
708
659
709
660
710
661
711
662
712
713
22256
664
714
665
715
666
716
667
717
668
718
669
719
670
720
671
721
672
722
673
723
674
724
675
725
676
726
677
727
678
728
679
729
680
730
681
731
682
732
683
733
684
734
685
735
686
736
687
737
688
738
689
739
690
740
691
741
692
742
693
743
694
744
695
745
696
746
697
747
698
748
699
749
700
750
701
751
702
752
703
753
704
754
705
755
706
756
707
757
708
758
709
759
710
760
711
761
712
762
713
763
764
22197
715
765
716
766
717
767
718
768
719
769
720
770
721
771
722
772
723
773
724
774
725
775
726
776
727
777
728
778
729
779
730
780
731
781
732
782
733
783
734
784
735
785
736
786
737
787
738
788
739
789
740
790
741
791
742
792
743
793
744
794
745
795
746
796
747
797
748
798
749
799
750
800
751
801
752
802
753
803
754
804
755
805
756
806
757
807
758
808
759
809
760
810
761
811
762
812
763
813
764
814
815
22138
766
816
767
817
768
818
769
819
770
820
771
821
772
822
773
823
774
824
775
825
776
826
777
827
778
828
779
829
780
830
781
831
782
832
783
833
784
834
785
835
786
836
787
837
788
838
789
839
790
840
791
841
792
842
793
843
794
844
795
845
796
846
797
847
798
848
799
849
800
850
801
851
802
852
803
853
804
854
805
855
806
856
807
857
808
858
809
859
810
860
811
861
812
862
813
863
814
864
815
865
866
22079
817
867
818
868
819
869
820
870
821
871
822
872
823
873
824
874
825
875
826
876
827
877
828
878
829
879
830
880
831
881
832
882
833
883
834
884
835
885
836
886
837
887
838
888
839
889
840
890
841
891
842
892
843
893
844
894
845
895
846
896
847
897
848
898
849
899
850
900
851
901
852
902
853
903
854
904
855
905
856
906
857
907
858
908
859
909
860
910
861
911
862
912
863
913
864
914
865
915
866
916
917
22020
868
918
869
919
870
920
871
921
872
922
873
923
874
924
875
925
876
926
877
927
878
928
879
929
880
930
881
931
882
932
883
933
884
934
885
935
886
936
887
937
888
938
889
939
890
940
891
941
892
942
893
943
894
944
895
945
896
946
897
947
898
948
899
949
900
950
901
951
902
952
903
953
904
954
905
955
906
956
907
957
908
958
909
959
910
960
911
961
912
962
913
963
914
964
915
965
916
966
917
967
968
21961
919
969
920
970
921
971
922
972
923
973
924
974
925
975
926
976
927
977
928
978
929
979
930
980
931
981
932
982
933
983
934
984
935
985
936
986
937
987
938
988
939
989
940
990
941
991
942
992
943
993
944
994
945
995
946
996
947
997
948
998
949
999
950
1000
951
1001
952
1002
953
1003
954
1004
955
1005
956
1006
957
1007
958
1008
959
1009
960
1010
961
1011
962
1012
963
1013
964
1014
965
1015
966
1016
967
1017
968
1018
1019
21902
970
1020
971
1021
972
1022
973
1023
974
1024
975
1025
976
1026
977
1027
978
1028
979
1029
980
1030
981
1031
982
1032
983
1033
984
1034
985
1035
986
1036
987
1037
988
1038
989
1039
990
1040
991
1041
992
1042
993
1043
994
1044
995
1045
996
1046
997
1047
998
1048
999
1049
1000
1050
1001
1051
1002
1052
1003
1053
1004
1054
1005
1055
1006
1056
1007
1057
1008
1058
1009
1059
1010
1060
1011
1061
1012
1062
1013
1063
1014
1064
1015
1065
1016
1066
1017
1067
1018
1068
1019
1069
1070
21843
1021
1071
1022
1072
1023
1073
1024
1074
1025
1075
1026
1076
1027
1077
1028
1078
1029
1079
1030
1080
1031
1081
1032
1082
1033
1083
1034
1084
1035
1085
1036
1086
1037
1087
1038
1088
1039
1089
1040
1090
1041
1091
1042
1092
1043
1093
1044
1094
1045
1095
1046
1096
1047
1097
1048
1098
1049
1099
1050
1100
1051
1101
1052
1102
1053
1103
1054
1104
1055
1105
1056
1106
1057
1107
1058
1108
1059
1109
1060
1110
1061
1111
1062
1112
1063
1113
1064
1114
1065
1115
1066
1116
1067
1117
1068
1118
1069
1119
1070
1120
1121
21784
1072
1122
1073
1123
1074
1124
1075
1125
1076
1126
1077
1127
1078
1128
1079
1129
1080
1130
1081
1131
1082
1132
1083
1133
1084
1134
1085
1135
1086
1136
1087
1137
1088
1138
1089
1139
1090
1140
1091
1141
1092
1142
1093
1143
1094
1144
1095
1145
1096
1146
1097
1147
1098
1148
1099
1149
1100
1150
1101
1151
1102
1152
1103
1153
1104
1154
1105
1155
1106
1156
1107
1157
1108
1158
1109
1159
1110
1160
1111
1161
1112
1162
1113
1163
1114
1164
1115
1165
1116
1166
1117
1167
1118
1168
1119
1169
1120
1170
1121
1171
1172
21725
1123
1173
1124
1174
1125
1175
1126
1176
1127
1177
1128
1178
1129
1179
1130
1180
1131
1181
1132
1182
1133
1183
1134
1184
1135
1185
1136
1186
1137
1187
1138
1188
1139
1189
1140
1190
1141
1191
1142
1192
1143
1193
1144
1194
1145
1195
1146
1196
1147
1197
1148
1198
1149
1199
1150
1200
1151
1201
1152
1202
1153
1203
1154
1204
1155
1205
1156
1206
1157
1207
1158
1208
1159
1209
1160
1210
1161
1211
1162
1212
1163
1213
1164
1214
1165
1215
1166
1216
1167
1217
1168
1218
1169
1219
1170
1220
1171
1221
1172
1222
1223
21666
1174
1224
1175
1225
1176
1226
1177
1227
1178
1228
1179
1229
1180
1230
1181
1231
1182
1232
1183
1233
1184
1234
1185
1235
1186
1236
1187
1237
1188
1238
1189
1239
1190
1240
1191
1241
1192
1242
1193
1243
1194
1244
1195
1245
1196
1246
1197
1247
1198
1248
1199
1249
1200
1250
1201
1251
1202
1252
1203
1253
1204
1254
1205
1255
1206
1256
1207
1257
1208
1258
1209
1259
1210
1260
1211
1261
1212
1262
1213
1263
1214
1264
1215
1265
1216
1266
1217
1267
1218
1268
1219
1269
1220
1270
1221
1271
1222
1272
1223
1273
1274
21607
1225
1275
1226
1276
1227
1277
1228
1278
1229
1279
1230
1280
1231
1281
1232
1282
1233
1283
1234
1284
1235
1285
1236
1286
1237
1287
1238
1288
1239
1289
1240
1290
1241
1291
1242
1292
1243
1293
1244
1294
1245
1295
1246
1296
1247
1297
1248
1298
1249
1299
1250
1300
1251
1301
1252
1302
1253
1303
1254
1304
1255
1305
1256
1306
1257
1307
1258
1308
1259
1309
1260
1310
1261
1311
1262
1312
1263
1313
1264
1314
1265
1315
1266
1316
1267
1317
1268
1318
1269
1319
1270
1320
1271
1321
1272
1322
1273
1323
1274
1324
1325
21548
1276
1326
1277
1327
1278
1328
1279
1329
1280
1330
1281
1331
1282
1332
1283
1333
1284
1334
1285
1335
1286
1336
1287
1337
1288
1338
1289
1339
1290
1340
1291
1341
1292
1342
1293
1343
1294
1344
1295
1345
1296
1346
1297
1347
1298
1348
1299
1349
1300
1350
1301
1351
1302
1352
1303
1353
1304
1354
1305
1355
1306
1356
1307
1357
1308
1358
1309
1359
1310
1360
1311
1361
1312
1362
1313
1363
1314
1364
1315
1365
1316
1366
1317
1367
1318
1368
1319
1369
1320
1370
1321
1371
1322
1372
1323
1373
1324
1374
1325
1375
1376
21489
1327
1377
1328
1378
1329
1379
1330
1380
1331
1381
1332
1382
1333
1383
1334
1384
1335
1385
1336
1386
1337
1387
1338
1388
1339
1389
1340
1390
1341
1391
1342
1392
1343
1393
1344
1394
1345
1395
1346
1396
1347
1397
1348
1398
1349
1399
1350
1400
1351
1401
1352
1402
1353
1403
1354
1404
1355
1405
1356
1406
1357
1407
1358
1408
1359
1409
1360
1410
1361
1411
1362
1412
1363
1413
1364
1414
1365
1415
1366
1416
1367
1417
1368
1418
1369
1419
1370
1420
1371
1421
1372
1422
1373
1423
1374
1424
1375
1425
1376
1426
1427
21430
1378
1428
1379
1429
1380
1430
1381
1431
1382
1432
1383
1433
1384
1434
1385
1435
1386
1436
1387
1437
1388
1438
1389
1439
1390
1440
1391
1441
1392
1442
1393
1443
1394
1444
1395
1445
1396
1446
1397
1447
1398
1448
1399
1449
1400
1450
1401
1451
1402
1452
1403
1453
1404
1454
1405
1455
1406
1456
1407
1457
1408
1458
1409
1459
1410
1460
1411
1461
1412
1462
1413
1463
1414
1464
1415
1465
1416
1466
1417
1467
1418
1468
1419
1469
1420
1470
1421
1471
1422
1472
1423
1473
1424
1474
1425
1475
1426
1476
1427
1477
1478
21371
1429
1479
1430
1480
1431
1481
1432
1482
1433
1483
1434
1484
1435
1485
1436
1486
1437
1487
1438
1488
1439
1489
1440
1490
1441
1491
1442
1492
1443
1493
1444
1494
1445
1495
1446
1496
1447
1497
1448
1498
1449
1499
1450
1500
1451
1501
1452
1502
1453
1503
1454
1504
1455
1505
1456
1506
1457
1507
1458
1508
1459
1509
1460
1510
1461
1511
1462
1512
1463
1513
1464
1514
1465
1515
1466
1516
1467
1517
1468
1518
1469
1519
1470
1520
1471
1521
1472
1522
1473
1523
1474
1524
1475
1525
1476
1526
1477
1527
1478
1528
1529
21312
1480
1530
1481
1531
1482
1532
1483
1533
1484
1534
1485
1535
1486
1536
1487
1537
1488
1538
1489
1539
1490
1540
1491
1541
1492
1542
1493
1543
1494
1544
1495
1545
1496
1546
1497
1547
1498
1548
1499
1549
1500
1550
1501
1551
1502
1552
1503
1553
1504
1554
1505
1555
1506
1556
1507
1557
1508
1558
1509
1559
1510
1560
1511
1561
1512
1562
1513
1563
1514
1564
1515
1565
1516
1566
1517
1567
1518
1568
1519
1569
1520
1570
1521
1571
1522
1572
1523
1573
1524
1574
1525
1575
1526
1576
1527
1577
1528
1578
1529
1579
1580
21253
1531
1581
1532
1582
1533
1583
1534
1584
1535
1585
1536
1586
1537
1587
1538
1588
1539
1589
1540
1590
1541
1591
1542
1592
1543
1593
1544
1594
1545
1595
1546
1596
1547
1597
1548
1598
1549
1599
1550
1600
1551
1601
1552
1602
1553
1603
1554
1604
1555
1605
1556
1606
1557
1607
1558
1608
1559
1609
1560
1610
1561
1611
1562
1612
1563
1613
1564
1614
1565
1615
1566
1616
1567
1617
1568
1618
1569
1619
1570
1620
1571
1621
1572
1622
1573
1623
1574
1624
1575
1625
1576
1626
1577
1627
1578
1628
1579
1629
1580
1630
1631
21194
1582
1632
1583
1633
1584
1634
1585
1635
1586
1636
1587
1637
1588
1638
1589
1639
1590
1640
1591
1641
1592
1642
1593
1643
1594
1644
1595
1645
1596
1646
1597
1647
1598
1648
1599
1649
1600
1650
1601
1651
1602
1652
1603
1653
1604
1654
1605
1655
1606
1656
1607
1657
1608
1658
1609
1659
1610
1660
1611
1661
1612
1662
1613
1663
1614
1664
1615
1665
1616
1666
1617
1667
1618
1668
1619
1669
1620
1670
1621
1671
1622
1672
1623
1673
1624
1674
1625
1675
1626
1676
1627
1677
1628
1678
1629
1679
1630
1680
1631
1681
1682
21135
1633
1683
1634
1684
1635
1685
1636
1686
1637
1687
1638
1688
1639
1689
1640
1690
1641
1691
1642
1692
1643
1693
1644
1694
1645
1695
1646
1696
1647
1697
1648
1698
1649
1699
1650
1700
1651
1701
1652
1702
1653
1703
1654
1704
1655
1705
1656
1706
1657
1707
1658
1708
1659
1709
1660
1710
1661
1711
1662
1712
1663
1713
1664
1714
1665
1715
1666
1716
1667
1717
1668
1718
1669
1719
1670
1720
1671
1721
1672
1722
1673
1723
1674
1724
1675
1725
1676
1726
1677
1727
1678
1728
1679
1729
1680
1730
1681
1731
1682
1732
1733
21076
1684
1734
1685
1735
1686
1736
1687
1737
1688
1738
1689
1739
1690
1740
1691
1741
1692
1742
1693
1743
1694
1744
1695
1745
1696
1746
1697
1747
1698
1748
1699
1749
1700
1750
1701
1751
1702
1752
1703
1753
1704
1754
1705
1755
1706
1756
1707
1757
1708
1758
1709
1759
1710
1760
1711
1761
1712
1762
1713
1763
1714
1764
1715
1765
1716
1766
1717
1767
1718
1768
1719
1769
1720
1770
1721
1771
1722
1772
1723
1773
1724
1774
1725
1775
1726
1776
1727
1777
1728
1778
1729
1779
1730
1780
1731
1781
1732
1782
1733
1783
1784
21017
1735
1785
1736
1786
1737
1787
1738
1788
1739
1789
1740
1790
1741
1791
1742
1792
1743
1793
1744
1794
1745
1795
1746
1796
1747
1797
1748
1798
1749
1799
1750
1800
1751
1801
1752
1802
1753
1803
1754
1804
1755
1805
1756
1806
1757
1807
1758
1808
1759
1809
1760
1810
1761
1811
1762
1812
1763
1813
1764
1814
1765
1815
1766
1816
1767
1817
1768
1818
1769
1819
1770
1820
1771
1821
1772
1822
1773
1823
1774
1824
1775
1825
1776
1826
1777
1827
1778
1828
1779
1829
1780
1830
1781
1831
1782
1832
1783
1833
1784
1834
1835
20958
1786
1836
1787
1837
1788
1838
1789
1839
1790
1840
1791
1841
1792
1842
1793
1843
1794
1844
1795
1845
1796
1846
1797
1847
1798
1848
1799
1849
1800
1850
1801
1851
1802
1852
1803
1853
1804
1854
1805
1855
1806
1856
1807
1857
1808
1858
1809
1859
1810
1860
1811
1861
1812
1862
1813
1863
1814
1864
1815
1865
1816
1866
1817
1867
1818
1868
1819
1869
1820
1870
1821
1871
1822
1872
1823
1873
1824
1874
1825
1875
1826
1876
1827
1877
1828
1878
1829
1879
1830
1880
1831
1881
1832
1882
1833
1883
1834
1884
1835
1885
1886
20899
1837
1887
1838
1888
1839
1889
1840
1890
1841
1891
1842
1892
1843
1893
1844
1894
1845
1895
1846
1896
1847
1897
1848
1898
1849
1899
1850
1900
1851
1901
1852
1902
1853
1903
1854
1904
1855
1905
1856
1906
1857
1907
1858
1908
1859
1909
1860
1910
1861
1911
1862
1912
1863
1913
1864
1914
1865
1915
1866
1916
1867
1917
1868
1918
1869
1919
1870
1920
1871
1921
1872
1922
1873
1923
1874
1924
1875
1925
1876
1926
1877
1927
1878
1928
1879
1929
1880
1930
1881
1931
1882
1932
1883
1933
1884
1934
1885
1935
1886
1936
1937
20840
1888
1938
1889
1939
1890
1940
1891
1941
1892
1942
1893
1943
1894
1944
1895
1945
1896
1946
1897
1947
1898
1948
1899
1949
1900
1950
1901
1951
1902
1952
1903
1953
1904
1954
1905
1955
1906
1956
1907
1957
1908
1958
1909
1959
1910
1960
1911
1961
1912
1962
1913
1963
1914
1964
1915
1965
1916
1966
1917
1967
1918
1968
1919
1969
1920
1970
1921
1971
1922
1972
1923
1973
1924
1974
1925
1975
1926
1976
1927
1977
1928
1978
1929
1979
1930
1980
1931
1981
1932
1982
1933
1983
1934
1984
1935
1985
1936
1986
1937
1987
1988
20781
1939
1989
1940
1990
1941
1991
1942
1992
1943
1993
1944
1994
1945
1995
1946
1996
1947
1997
1948
1998
1949
1999
1950
2000
1951
2001
1952
2002
1953
2003
1954
2004
1955
2005
1956
2006
1957
2007
1958
2008
1959
2009
1960
2010
1961
2011
1962
2012
1963
2013
1964
2014
1965
2015
1966
2016
1967
2017
1968
2018
1969
2019
1970
2020
1971
2021
1972
2022
1973
2023
1974
2024
1975
2025
1976
2026
1977
2027
1978
2028
1979
2029
1980
2030
1981
2031
1982
2032
1983
2033
1984
2034
1985
2035
1986
2036
1987
2037
1988
2038
2039
20722
1990
2040
1991
2041
1992
2042
1993
2043
1994
2044
1995
2045
1996
2046
1997
2047
1998
2048
1999
2049
2000
2050
2001
2051
2002
2052
2003
2053
2004
2054
2005
2055
2006
2056
2007
2057
2008
2058
2009
2059
2010
2060
2011
2061
2012
2062
2013
2063
2014
2064
2015
2065
2016
2066
2017
2067
2018
2068
2019
2069
2020
2070
2021
2071
2022
2072
2023
2073
2024
2074
2025
2075
2026
2076
2027
2077
2028
2078
2029
2079
2030
2080
2031
2081
2032
2082
2033
2083
2034
2084
2035
2085
2036
2086
2037
2087
2038
2088
2039
2089
2090
20663
2041
2091
2042
2092
2043
2093
2044
2094
2045
2095
2046
2096
2047
2097
2048
2098
2049
2099
2050
2100
2051
2101
2052
2102
2053
2103
2054
2104
2055
2105
2056
2106
2057
2107
2058
2108
2059
2109
2060
2110
2061
2111
2062
2112
2063
2113
2064
2114
2065
2115
2066
2116
2067
2117
2068
2118
2069
2119
2070
2120
2071
2121
2072
2122
2073
2123
2074
2124
2075
2125
2076
2126
2077
2127
2078
2128
2079
2129
2080
2130
2081
2131
2082
2132
2083
2133
2084
2134
2085
2135
2086
2136
2087
2137
2088
2138
2089
2139
2090
2140
2141
20604
2092
2142
2093
2143
2094
2144
2095
2145
2096
2146
2097
2147
2098
2148
2099
2149
2100
2150
2101
2151
2102
2152
2103
2153
2104
2154
2105
2155
2106
2156
2107
2157
2108
2158
2109
2159
2110
2160
2111
2161
2112
2162
2113
2163
2114
2164
2115
2165
2116
2166
2117
2167
2118
2168
2119
2169
2120
2170
2121
2171
2122
2172
2123
2173
2124
2174
2125
2175
2126
2176
2127
2177
2128
2178
2129
2179
2130
2180
2131
2181
2132
2182
2133
2183
2134
2184
2135
2185
2136
2186
2137
2187
2138
2188
2139
2189
2140
2190
2141
2191
2192
20545
2143
2193
2144
2194
2145
2195
2146
2196
2147
2197
2148
2198
2149
2199
2150
2200
2151
2201
2152
2202
2153
2203
2154
2204
2155
2205
2156
2206
2157
2207
2158
2208
2159
2209
2160
2210
2161
2211
2162
2212
2163
2213
2164
2214
2165
2215
2166
2216
2167
2217
2168
2218
2169
2219
2170
2220
2171
2221
2172
2222
2173
2223
2174
2224
2175
2225
2176
2226
2177
2227
2178
2228
2179
2229
2180
2230
2181
2231
2182
2232
2183
2233
2184
2234
2185
2235
2186
2236
2187
2237
2188
2238
2189
2239
2190
2240
2191
2241
2192
2242
2243
20486
2194
2244
2195
2245
2196
2246
2197
2247
2198
2248
2199
2249
2200
2250
2201
2251
2202
2252
2203
2253
2204
2254
2205
2255
2206
2256
2207
2257
2208
2258
2209
2259
2210
2260
2211
2261
2212
2262
2213
2263
2214
2264
2215
2265
2216
2266
2217
2267
2218
2268
2219
2269
2220
2270
2221
2271
2222
2272
2223
2273
2224
2274
2225
2275
2226
2276
2227
2277
2228
2278
2229
2279
2230
2280
2231
2281
2232
2282
2233
2283
2234
2284
2235
2285
2236
2286
2237
2287
2238
2288
2239
2289
2240
2290
2241
2291
2242
2292
2243
2293
2294
20427
2245
2295
2246
2296
2247
2297
2248
2298
2249
2299
2250
2300
2251
2301
2252
2302
2253
2303
2254
2304
2255
2305
2256
2306
2257
2307
2258
2308
2259
2309
2260
2310
2261
2311
2262
2312
2263
2313
2264
2314
2265
2315
2266
2316
2267
2317
2268
2318
2269
2319
2270
2320
2271
2321
2272
2322
2273
2323
2274
2324
2275
2325
2276
2326
2277
2327
2278
2328
2279
2329
2280
2330
2281
2331
2282
2332
2283
2333
2284
2334
2285
2335
2286
2336
2287
2337
2288
2338
2289
2339
2290
2340
2291
2341
2292
2342
2293
2343
2294
2344
2345
20368
2296
2346
2297
2347
2298
2348
2299
2349
2300
2350
2301
2351
2302
2352
2303
2353
2304
2354
2305
2355
2306
2356
2307
2357
2308
2358
2309
2359
2310
2360
2311
2361
2312
2362
2313
2363
2314
2364
2315
2365
2316
2366
2317
2367
2318
2368
2319
2369
2320
2370
2321
2371
2322
2372
2323
2373
2324
2374
2325
2375
2326
2376
2327
2377
2328
2378
2329
2379
2330
2380
2331
2381
2332
2382
2333
2383
2334
2384
2335
2385
2336
2386
2337
2387
2338
2388
2339
2389
2340
2390
2341
2391
2342
2392
2343
2393
2344
2394
2345
2395
2396
20309
2347
2397
2348
2398
2349
2399
2350
2400
2351
2401
2352
2402
2353
2403
2354
2404
2355
2405
2356
2406
2357
2407
2358
2408
2359
2409
2360
2410
2361
2411
2362
2412
2363
2413
2364
2414
2365
2415
2366
2416
2367
2417
2368
2418
2369
2419
2370
2420
2371
2421
2372
2422
2373
2423
2374
2424
2375
2425
2376
2426
2377
2427
2378
2428
2379
2429
2380
2430
2381
2431
2382
2432
2383
2433
2384
2434
2385
2435
2386
2436
2387
2437
2388
2438
2389
2439
2390
2440
2391
2441
2392
2442
2393
2443
2394
2444
2395
2445
2396
2446
2447
20250
2398
2448
2399
2449
2400
2450
2401
2451
2402
2452
2403
2453
2404
2454
2405
2455
2406
2456
2407
2457
2408
2458
2409
2459
2410
2460
2411
2461
2412
2462
2413
2463
2414
2464
2415
2465
2416
2466
2417
2467
2418
2468
2419
2469
2420
2470
2421
2471
2422
2472
2423
2473
2424
2474
2425
2475
2426
2476
2427
2477
2428
2478
2429
2479
2430
2480
2431
2481
2432
2482
2433
2483
2434
2484
2435
2485
2436
2486
2437
2487
2438
2488
2439
2489
2440
2490
2441
2491
2442
2492
2443
2493
2444
2494
2445
2495
2446
2496
2447
2497
2498
20191
2449
2499
2450
2500
2451
2501
2452
2502
2453
2503
2454
2504
2455
2505
2456
2506
2457
2507
2458
2508
2459
2509
2460
2510
2461
2511
2462
2512
2463
2513
2464
2514
2465
2515
2466
2516
2467
2517
2468
2518
2469
2519
2470
2520
2471
2521
2472
2522
2473
2523
2474
2524
2475
2525
2476
2526
2477
2527
2478
2528
2479
2529
2480
2530
2481
2531
2482
2532
2483
2533
2484
2534
2485
2535
2486
2536
2487
2537
2488
2538
2489
2539
2490
2540
2491
2541
2492
2542
2493
2543
2494
2544
2495
2545
2496
2546
2497
2547
2498
2548
2549
20132
2500
2550
2501
2551
2502
2552
2503
2553
2504
2554
2505
2555
2506
2556
2507
2557
2508
2558
2509
2559
2510
2560
2511
2561
2512
2562
2513
2563
2514
2564
2515
2565
2516
2566
2517
2567
2518
2568
2519
2569
2520
2570
2521
2571
2522
2572
2523
2573
2524
2574
2525
2575
2526
2576
2527
2577
2528
2578
2529
2579
2530
2580
2531
2581
2532
2582
2533
2583
2534
2584
2535
2585
2536
2586
2537
2587
2538
2588
2539
2589
2540
2590
2541
2591
2542
2592
2543
2593
2544
2594
2545
2595
2546
2596
2547
2597
2548
2598
2549
2599
2600
20073
2551
2601
2552
2602
2553
2603
2554
2604
2555
2605
2556
2606
2557
2607
2558
2608
2559
2609
2560
2610
2561
2611
2562
2612
2563
2613
2564
2614
2565
2615
2566
2616
2567
2617
2568
2618
2569
2619
2570
2620
2571
2621
2572
2622
2573
2623
2574
2624
2575
2625
2576
2626
2577
2627
2578
2628
2579
2629
2580
2630
2581
2631
2582
2632
2583
2633
2584
2634
2585
2635
2586
2636
2587
2637
2588
2638
2589
2639
2590
2640
2591
2641
2592
2642
2593
2643
2594
2644
2595
2645
2596
2646
2597
2647
2598
2648
2599
2649
2600
2650
2651
20014
2602
2652
2603
2653
2604
2654
2605
2655
2606
2656
2607
2657
2608
2658
2609
2659
2610
2660
2611
2661
2612
2662
2613
2663
2614
2664
2615
2665
2616
2666
2617
2667
2618
2668
2619
2669
2620
2670
2621
2671
2622
2672
2623
2673
2624
2674
2625
2675
2626
2676
2627
2677
2628
2678
2629
2679
2630
2680
2631
2681
2632
2682
2633
2683
2634
2684
2635
2685
2636
2686
2637
2687
2638
2688
2639
2689
2640
2690
2641
2691
2642
2692
2643
2693
2644
2694
2645
2695
2646
2696
2647
2697
2648
2698
2649
2699
2650
2700
2651
2701
2702
19955
2653
2703
2654
2704
2655
2705
2656
2706
2657
2707
2658
2708
2659
2709
2660
2710
2661
2711
2662
2712
2663
2713
2664
2714
2665
2715
2666
2716
2667
2717
2668
2718
2669
2719
2670
2720
2671
2721
2672
2722
2673
2723
2674
2724
2675
2725
2676
2726
2677
2727
2678
2728
2679
2729
2680
2730
2681
2731
2682
2732
2683
2733
2684
2734
2685
2735
2686
2736
2687
2737
2688
2738
2689
2739
2690
2740
2691
2741
2692
2742
2693
2743
2694
2744
2695
2745
2696
2746
2697
2747
2698
2748
2699
2749
2700
2750
2701
2751
2702
2752
2753
19896
2704
2754
2705
2755
2706
2756
2707
2757
2708
2758
2709
2759
2710
2760
2711
2761
2712
2762
2713
2763
2714
2764
2715
2765
2716
2766
2717
2767
2718
2768
2719
2769
2720
2770
2721
2771
2722
2772
2723
2773
2724
2774
2725
2775
2726
2776
2727
2777
2728
2778
2729
2779
2730
2780
2731
2781
2732
2782
2733
2783
2734
2784
2735
2785
2736
2786
2737
2787
2738
2788
2739
2789
2740
2790
2741
2791
2742
2792
2743
2793
2744
2794
2745
2795
2746
2796
2747
2797
2748
2798
2749
2799
2750
2800
2751
2801
2752
2802
2753
2803
2804
19837
2755
2805
2756
2806
2757
2807
2758
2808
2759
2809
2760
2810
2761
2811
2762
2812
2763
2813
2764
2814
2765
2815
2766
2816
2767
2817
2768
2818
2769
2819
2770
2820
2771
2821
2772
2822
2773
2823
2774
2824
2775
2825
2776
2826
2777
2827
2778
2828
2779
2829
2780
2830
2781
2831
2782
2832
2783
2833
2784
2834
2785
2835
2786
2836
2787
2837
2788
2838
2789
2839
2790
2840
2791
2841
2792
2842
2793
2843
2794
2844
2795
2845
2796
2846
2797
2847
2798
2848
2799
2849
2800
2850
2801
2851
2802
2852
2803
2853
2804
2854
2855
19778
2806
2856
2807
2857
2808
2858
2809
2859
2810
2860
2811
2861
2812
2862
2813
2863
2814
2864
2815
2865
2816
2866
2817
2867
2818
2868
2819
2869
2820
2870
2821
2871
2822
2872
2823
2873
2824
2874
2825
2875
2826
2876
2827
2877
2828
2878
2829
2879
2830
2880
2831
2881
2832
2882
2833
2883
2834
2884
2835
2885
2836
2886
2837
2887
2838
2888
2839
2889
2840
2890
2841
2891
2842
2892
2843
2893
2844
2894
2845
2895
2846
2896
2847
2897
2848
2898
2849
2899
2850
2900
2851
2901
2852
2902
2853
2903
2854
2904
2855
2905
2906
19719
2857
2907
2858
2908
2859
2909
2860
2910
2861
2911
2862
2912
2863
2913
2864
2914
2865
2915
2866
2916
2867
2917
2868
2918
2869
2919
2870
2920
2871
2921
2872
2922
2873
2923
2874
2924
2875
2925
2876
2926
2877
2927
2878
2928
2879
2929
2880
2930
2881
2931
2882
2932
2883
2933
2884
2934
2885
2935
2886
2936
2887
2937
2888
2938
2889
2939
2890
2940
2891
2941
2892
2942
2893
2943
2894
2944
2895
2945
2896
2946
2897
2947
2898
2948
2899
2949
2900
2950
2901
2951
2902
2952
2903
2953
2904
2954
2905
2955
2906
2956
2957
19660
2908
2958
2909
2959
2910
2960
2911
2961
2912
2962
2913
2963
2914
2964
2915
2965
2916
2966
2917
2967
2918
2968
2919
2969
2920
2970
2921
2971
2922
2972
2923
2973
2924
2974
2925
2975
2926
2976
2927
2977
2928
2978
2929
2979
2930
2980
2931
2981
2932
2982
2933
2983
2934
2984
2935
2985
2936
2986
2937
2987
2938
2988
2939
2989
2940
2990
2941
2991
2942
2992
2943
2993
2944
2994
2945
2995
2946
2996
2947
2997
2948
2998
2949
2999
2950
3000
2951
3001
2952
3002
2953
3003
2954
3004
2955
3005
2956
3006
2957
3007
3008
19601
2959
3009
2960
3010
2961
3011
2962
3012
2963
3013
2964
3014
2965
3015
2966
3016
2967
3017
2968
3018
2969
3019
2970
3020
2971
3021
2972
3022
2973
3023
2974
3024
2975
3025
2976
3026
2977
3027
2978
3028
2979
3029
2980
3030
2981
3031
2982
3032
2983
3033
2984
3034
2985
3035
2986
3036
2987
3037
2988
3038
2989
3039
2990
3040
2991
3041
2992
3042
2993
3043
2994
3044
2995
3045
2996
3046
2997
3047
2998
3048
2999
3049
3000
3050
3001
3051
3002
3052
3003
3053
3004
3054
3005
3055
3006
3056
3007
3057
3008
3058
3059
19542
3010
3060
3011
3061
3012
3062
3013
3063
3014
3064
3015
3065
3016
3066
3017
3067
3018
3068
3019
3069
3020
3070
3021
3071
3022
3072
3023
3073
3024
3074
3025
3075
3026
3076
3027
3077
3028
3078
3029
3079
3030
3080
3031
3081
3032
3082
3033
3083
3034
3084
3035
3085
3036
3086
3037
3087
3038
3088
3039
3089
3040
3090
3041
3091
3042
3092
3043
3093
3044
3094
3045
3095
3046
3096
3047
3097
3048
3098
3049
3099
3050
3100
3051
3101
3052
3102
3053
3103
3054
3104
3055
3105
3056
3106
3057
3107
3058
3108
3059
3109
3110
19483
3061
3111
3062
3112
3063
3113
3064
3114
3065
3115
3066
3116
3067
3117
3068
3118
3069
3119
3070
3120
3071
3121
3072
3122
3073
3123
3074
3124
3075
3125
3076
3126
3077
3127
3078
3128
3079
3129
3080
3130
3081
3131
3082
3132
3083
3133
3084
3134
3085
3135
3086
3136
3087
3137
3088
3138
3089
3139
3090
3140
3091
3141
3092
3142
3093
3143
3094
3144
3095
3145
3096
3146
3097
3147
3098
3148
3099
3149
3100
3150
3101
3151
3102
3152
3103
3153
3104
3154
3105
3155
3106
3156
3107
3157
3108
3158
3109
3159
3110
3160
3161
19424
3112
3162
3113
3163
3114
3164
3115
3165
3116
3166
3117
3167
3118
3168
3119
3169
3120
3170
3121
3171
3122
3172
3123
3173
3124
3174
3125
3175
3126
3176
3127
3177
3128
3178
3129
3179
3130
3180
3131
3181
3132
3182
3133
3183
3134
3184
3135
3185
3136
3186
3137
3187
3138
3188
3139
3189
3140
3190
3141
3191
3142
3192
3143
3193
3144
3194
3145
3195
3146
3196
3147
3197
3148
3198
3149
3199
3150
3200
3151
3201
3152
3202
3153
3203
3154
3204
3155
3205
3156
3206
3157
3207
3158
3208
3159
3209
3160
3210
3161
3211
3212
19365
3163
3213
3164
3214
3165
3215
3166
3216
3167
3217
3168
3218
3169
3219
3170
3220
3171
3221
3172
3222
3173
3223
3174
3224
3175
3225
3176
3226
3177
3227
3178
3228
3179
3229
3180
3230
3181
3231
3182
3232
3183
3233
3184
3234
3185
3235
3186
3236
3187
3237
3188
3238
3189
3239
3190
3240
3191
3241
3192
3242
3193
3243
3194
3244
3195
3245
3196
3246
3197
3247
3198
3248
3199
3249
3200
3250
3201
3251
3202
3252
3203
3253
3204
3254
3205
3255
3206
3256
3207
3257
3208
3258
3209
3259
3210
3260
3211
3261
3212
3262
3263
19306
3214
3264
3215
3265
3216
3266
3217
3267
3218
3268
3219
3269
3220
3270
3221
3271
3222
3272
3223
3273
3224
3274
3225
3275
3226
3276
3227
3277
3228
3278
3229
3279
3230
3280
3231
3281
3232
3282
3233
3283
3234
3284
3235
3285
3236
3286
3237
3287
3238
3288
3239
3289
3240
3290
3241
3291
3242
3292
3243
3293
3244
3294
3245
3295
3246
3296
3247
3297
3248
3298
3249
3299
3250
3300
3251
3301
3252
3302
3253
3303
3254
3304
3255
3305
3256
3306
3257
3307
3258
3308
3259
3309
3260
3310
3261
3311
3262
3312
3263
3313
3314
19247
3265
3315
3266
3316
3267
3317
3268
3318
3269
3319
3270
3320
3271
3321
3272
3322
3273
3323
3274
3324
3275
3325
3276
3326
3277
3327
3278
3328
3279
3329
3280
3330
3281
3331
3282
3332
3283
3333
3284
3334
3285
3335
3286
3336
3287
3337
3288
3338
3289
3339
3290
3340
3291
3341
3292
3342
3293
3343
3294
3344
3295
3345
3296
3346
3297
3347
3298
3348
3299
3349
3300
3350
3301
3351
3302
3352
3303
3353
3304
3354
3305
3355
3306
3356
3307
3357
3308
3358
3309
3359
3310
3360
3311
3361
3312
3362
3313
3363
3314
3364
3365
19188
3316
3366
3317
3367
3318
3368
3319
3369
3320
3370
3321
3371
3322
3372
3323
3373
3324
3374
3325
3375
3326
3376
3327
3377
3328
3378
3329
3379
3330
3380
3331
3381
3332
3382
3333
3383
3334
3384
3335
3385
3336
3386
3337
3387
3338
3388
3339
3389
3340
3390
3341
3391
3342
3392
3343
3393
3344
3394
3345
3395
3346
3396
3347
3397
3348
3398
3349
3399
3350
3400
3351
3401
3352
3402
3353
3403
3354
3404
3355
3405
3356
3406
3357
3407
3358
3408
3359
3409
3360
3410
3361
3411
3362
3412
3363
3413
3364
3414
3365
3415
3416
19129
3367
3417
3368
3418
3369
3419
3370
3420
3371
3421
3372
3422
3373
3423
3374
3424
3375
3425
3376
3426
3377
3427
3378
3428
3379
3429
3380
3430
3381
3431
3382
3432
3383
3433
3384
3434
3385
3435
3386
3436
3387
3437
3388
3438
3389
3439
3390
3440
3391
3441
3392
3442
3393
3443
3394
3444
3395
3445
3396
3446
3397
3447
3398
3448
3399
3449
3400
3450
3401
3451
3402
3452
3403
3453
3404
3454
3405
3455
3406
3456
3407
3457
3408
3458
3409
3459
3410
3460
3411
3461
3412
3462
3413
3463
3414
3464
3415
3465
3416
3466
3467
19070
3418
3468
3419
3469
3420
3470
3421
3471
3422
3472
3423
3473
3424
3474
3425
3475
3426
3476
3427
3477
3428
3478
3429
3479
3430
3480
3431
3481
3432
3482
3433
3483
3434
3484
3435
3485
3436
3486
3437
3487
3438
3488
3439
3489
3440
3490
3441
3491
3442
3492
3443
3493
3444
3494
3445
3495
3446
3496
3447
3497
3448
3498
3449
3499
3450
3500
3451
3501
3452
3502
3453
3503
3454
3504
3455
3505
3456
3506
3457
3507
3458
3508
3459
3509
3460
3510
3461
3511
3462
3512
3463
3513
3464
3514
3465
3515
3466
3516
3467
3517
3518
19011
3469
3519
3470
3520
3471
3521
3472
3522
3473
3523
3474
3524
3475
3525
3476
3526
3477
3527
3478
3528
3479
3529
3480
3530
3481
3531
3482
3532
3483
3533
3484
3534
3485
3535
3486
3536
3487
3537
3488
3538
3489
3539
3490
3540
3491
3541
3492
3542
3493
3543
3494
3544
3495
3545
3496
3546
3497
3547
3498
3548
3499
3549
3500
3550
3501
3551
3502
3552
3503
3553
3504
3554
3505
3555
3506
3556
3507
3557
3508
3558
3509
3559
3510
3560
3511
3561
3512
3562
3513
3563
3514
3564
3515
3565
3516
3566
3517
3567
3518
3568
3569
18952
3520
3570
3521
3571
3522
3572
3523
3573
3524
3574
3525
3575
3526
3576
3527
3577
3528
3578
3529
3579
3530
3580
3531
3581
3532
3582
3533
3583
3534
3584
3535
3585
3536
3586
3537
3587
3538
3588
3539
3589
3540
3590
3541
3591
3542
3592
3543
3593
3544
3594
3545
3595
3546
3596
3547
3597
3548
3598
3549
3599
3550
3600
3551
3601
3552
3602
3553
3603
3554
3604
3555
3605
3556
3606
3557
3607
3558
3608
3559
3609
3560
3610
3561
3611
3562
3612
3563
3613
3564
3614
3565
3615
3566
3616
3567
3617
3568
3618
3569
3619
3620
18893
3571
3621
3572
3622
3573
3623
3574
3624
3575
3625
3576
3626
3577
3627
3578
3628
3579
3629
3580
3630
3581
3631
3582
3632
3583
3633
3584
3634
3585
3635
3586
3636
3587
3637
3588
3638
3589
3639
3590
3640
3591
3641
3592
3642
3593
3643
3594
3644
3595
3645
3596
3646
3597
3647
3598
3648
3599
3649
3600
3650
3601
3651
3602
3652
3603
3653
3604
3654
3605
3655
3606
3656
3607
3657
3608
3658
3609
3659
3610
3660
3611
3661
3612
3662
3613
3663
3614
3664
3615
3665
3616
3666
3617
3667
3618
3668
3619
3669
3620
3670
3671
18834
3622
3672
3623
3673
3624
3674
3625
3675
3626
3676
3627
3677
3628
3678
3629
3679
3630
3680
3631
3681
3632
3682
3633
3683
3634
3684
3635
3685
3636
3686
3637
3687
3638
3688
3639
3689
3640
3690
3641
3691
3642
3692
3643
3693
3644
3694
3645
3695
3646
3696
3647
3697
3648
3698
3649
3699
3650
3700
3651
3701
3652
3702
3653
3703
3654
3704
3655
3705
3656
3706
3657
3707
3658
3708
3659
3709
3660
3710
3661
3711
3662
3712
3663
3713
3664
3714
3665
3715
3666
3716
3667
3717
3668
3718
3669
3719
3670
3720
3671
3721
3722
18775
3673
3723
3674
3724
3675
3725
3676
3726
3677
3727
3678
3728
3679
3729
3680
3730
3681
3731
3682
3732
3683
3733
3684
3734
3685
3735
3686
3736
3687
3737
3688
3738
3689
3739
3690
3740
3691
3741
3692
3742
3693
3743
3694
3744
3695
3745
3696
3746
3697
3747
3698
3748
3699
3749
3700
3750
3701
3751
3702
3752
3703
3753
3704
3754
3705
3755
3706
3756
3707
3757
3708
3758
3709
3759
3710
3760
3711
3761
3712
3762
3713
3763
3714
3764
3715
3765
3716
3766
3717
3767
3718
3768
3719
3769
3720
3770
3721
3771
3722
3772
3773
18716
3724
3774
3725
3775
3726
3776
3727
3777
3728
3778
3729
3779
3730
3780
3731
3781
3732
3782
3733
3783
3734
3784
3735
3785
3736
3786
3737
3787
3738
3788
3739
3789
3740
3790
3741
3791
3742
3792
3743
3793
3744
3794
3745
3795
3746
3796
3747
3797
3748
3798
3749
3799
3750
3800
3751
3801
3752
3802
3753
3803
3754
3804
3755
3805
3756
3806
3757
3807
3758
3808
3759
3809
3760
3810
3761
3811
3762
3812
3763
3813
3764
3814
3765
3815
3766
3816
3767
3817
3768
3818
3769
3819
3770
3820
3771
3821
3772
3822
3773
3823
3824
18657
3775
3825
3776
3826
3777
3827
3778
3828
3779
3829
3780
3830
3781
3831
3782
3832
3783
3833
3784
3834
3785
3835
3786
3836
3787
3837
3788
3838
3789
3839
3790
3840
3791
3841
3792
3842
3793
3843
3794
3844
3795
3845
3796
3846
3797
3847
3798
3848
3799
3849
3800
3850
3801
3851
3802
3852
3803
3853
3804
3854
3805
3855
3806
3856
3807
3857
3808
3858
3809
3859
3810
3860
3811
3861
3812
3862
3813
3863
3814
3864
3815
3865
3816
3866
3817
3867
3818
3868
3819
3869
3820
3870
3821
3871
3822
3872
3823
3873
3824
3874
3875
18598
3826
3876
3827
3877
3828
3878
3829
3879
3830
3880
3831
3881
3832
3882
3833
3883
3834
3884
3835
3885
3836
3886
3837
3887
3838
3888
3839
3889
3840
3890
3841
3891
3842
3892
3843
3893
3844
3894
3845
3895
3846
3896
3847
3897
3848
3898
3849
3899
3850
3900
3851
3901
3852
3902
3853
3903
3854
3904
3855
3905
3856
3906
3857
3907
3858
3908
3859
3909
3860
3910
3861
3911
3862
3912
3863
3913
3864
3914
3865
3915
3866
3916
3867
3917
3868
3918
3869
3919
3870
3920
3871
3921
3872
3922
3873
3923
3874
3924
3875
3925
3926
18539
3877
3927
3878
3928
3879
3929
3880
3930
3881
3931
3882
3932
3883
3933
3884
3934
3885
3935
3886
3936
3887
3937
3888
3938
3889
3939
3890
3940
3891
3941
3892
3942
3893
3943
3894
3944
3895
3945
3896
3946
3897
3947
3898
3948
3899
3949
3900
3950
3901
3951
3902
3952
3903
3953
3904
3954
3905
3955
3906
3956
3907
3957
3908
3958
3909
3959
3910
3960
3911
3961
3912
3962
3913
3963
3914
3964
3915
3965
3916
3966
3917
3967
3918
3968
3919
3969
3920
3970
3921
3971
3922
3972
3923
3973
3924
3974
3925
3975
3926
3976
3977
18480
3928
3978
3929
3979
3930
3980
3931
3981
3932
3982
3933
3983
3934
3984
3935
3985
3936
3986
3937
3987
3938
3988
3939
3989
3940
3990
3941
3991
3942
3992
3943
3993
3944
3994
3945
3995
3946
3996
3947
3997
3948
3998
3949
3999
3950
4000
3951
4001
3952
4002
3953
4003
3954
4004
3955
4005
3956
4006
3957
4007
3958
4008
3959
4009
3960
4010
3961
4011
3962
4012
3963
4013
3964
4014
3965
4015
3966
4016
3967
4017
3968
4018
3969
4019
3970
4020
3971
4021
3972
4022
3973
4023
3974
4024
3975
4025
3976
4026
3977
4027
4028
18421
3979
4029
3980
4030
3981
4031
3982
4032
3983
4033
3984
4034
3985
4035
3986
4036
3987
4037
3988
4038
3989
4039
3990
4040
3991
4041
3992
4042
3993
4043
3994
4044
3995
4045
3996
4046
3997
4047
3998
4048
3999
4049
4000
4050
4001
4051
4002
4052
4003
4053
4004
4054
4005
4055
4006
4056
4007
4057
4008
4058
4009
4059
4010
4060
4011
4061
4012
4062
4013
4063
4014
4064
4015
4065
4016
4066
4017
4067
4018
4068
4019
4069
4020
4070
4021
4071
4022
4072
4023
4073
4024
4074
4025
4075
4026
4076
4027
4077
4028
4078
4079
18362
4030
4080
4031
4081
4032
4082
4033
4083
4034
4084
4035
4085
4036
4086
4037
4087
4038
4088
4039
4089
4040
4090
4041
4091
4042
4092
4043
4093
4044
4094
4045
4095
4046
4096
4047
4097
4048
4098
4049
4099
4050
4100
4051
4101
4052
4102
4053
4103
4054
4104
4055
4105
4056
4106
4057
4107
4058
4108
4059
4109
4060
4110
4061
4111
4062
4112
4063
4113
4064
4114
4065
4115
4066
4116
4067
4117
4068
4118
4069
4119
4070
4120
4071
4121
4072
4122
4073
4123
4074
4124
4075
4125
4076
4126
4077
4127
4078
4128
4079
4129
4130
18303
4081
4131
4082
4132
4083
4133
4084
4134
4085
4135
4086
4136
4087
4137
4088
4138
4089
4139
4090
4140
4091
4141
4092
4142
4093
4143
4094
4144
4095
4145
4096
4146
4097
4147
4098
4148
4099
4149
4100
4150
4101
4151
4102
4152
4103
4153
4104
4154
4105
4155
4106
4156
4107
4157
4108
4158
4109
4159
4110
4160
4111
4161
4112
4162
4113
4163
4114
4164
4115
4165
4116
4166
4117
4167
4118
4168
4119
4169
4120
4170
4121
4171
4122
4172
4123
4173
4124
4174
4125
4175
4126
4176
4127
4177
4128
4178
4129
4179
4130
4180
4181
18244
4132
4182
4133
4183
4134
4184
4135
4185
4136
4186
4137
4187
4138
4188
4139
4189
4140
4190
4141
4191
4142
4192
4143
4193
4144
4194
4145
4195
4146
4196
4147
4197
4148
4198
4149
4199
4150
4200
4151
4201
4152
4202
4153
4203
4154
4204
4155
4205
4156
4206
4157
4207
4158
4208
4159
4209
4160
4210
4161
4211
4162
4212
4163
4213
4164
4214
4165
4215
4166
4216
4167
4217
4168
4218
4169
4219
4170
4220
4171
4221
4172
4222
4173
4223
4174
4224
4175
4225
4176
4226
4177
4227
4178
4228
4179
4229
4180
4230
4181
4231
4232
18185
4183
4233
4184
4234
4185
4235
4186
4236
4187
4237
4188
4238
4189
4239
4190
4240
4191
4241
4192
4242
4193
4243
4194
4244
4195
4245
4196
4246
4197
4247
4198
4248
4199
4249
4200
4250
4201
4251
4202
4252
4203
4253
4204
4254
4205
4255
4206
4256
4207
4257
4208
4258
4209
4259
4210
4260
4211
4261
4212
4262
4213
4263
4214
4264
4215
4265
4216
4266
4217
4267
4218
4268
4219
4269
4220
4270
4221
4271
4222
4272
4223
4273
4224
4274
4225
4275
4226
4276
4227
4277
4228
4278
4229
4279
4230
4280
4231
4281
4232
4282
4283
18126
4234
4284
4235
4285
4236
4286
4237
4287
4238
4288
4239
4289
4240
4290
4241
4291
4242
4292
4243
4293
4244
4294
4245
4295
4246
4296
4247
4297
4248
4298
4249
4299
4250
4300
4251
4301
4252
4302
4253
4303
4254
4304
4255
4305
4256
4306
4257
4307
4258
4308
4259
4309
4260
4310
4261
4311
4262
4312
4263
4313
4264
4314
4265
4315
4266
4316
4267
4317
4268
4318
4269
4319
4270
4320
4271
4321
4272
4322
4273
4323
4274
4324
4275
4325
4276
4326
4277
4327
4278
4328
4279
4329
4280
4330
4281
4331
4282
4332
4283
4333
4334
18067
4285
4335
4286
4336
4287
4337
4288
4338
4289
4339
4290
4340
4291
4341
4292
4342
4293
4343
4294
4344
4295
4345
4296
4346
4297
4347
4298
4348
4299
4349
4300
4350
4301
4351
4302
4352
4303
4353
4304
4354
4305
4355
4306
4356
4307
4357
4308
4358
4309
4359
4310
4360
4311
4361
4312
4362
4313
4363
4314
4364
4315
4365
4316
4366
4317
4367
4318
4368
4319
4369
4320
4370
4321
4371
4322
4372
4323
4373
4324
4374
4325
4375
4326
4376
4327
4377
4328
4378
4329
4379
4330
4380
4331
4381
4332
4382
4333
4383
4334
4384
4385
18008
4336
4386
4337
4387
4338
4388
4339
4389
4340
4390
4341
4391
4342
4392
4343
4393
4344
4394
4345
4395
4346
4396
4347
4397
4348
4398
4349
4399
4350
4400
4351
4401
4352
4402
4353
4403
4354
4404
4355
4405
4356
4406
4357
4407
4358
4408
4359
4409
4360
4410
4361
4411
4362
4412
4363
4413
4364
4414
4365
4415
4366
4416
4367
4417
4368
4418
4369
4419
4370
4420
4371
4421
4372
4422
4373
4423
4374
4424
4375
4425
4376
4426
4377
4427
4378
4428
4379
4429
4380
4430
4381
4431
4382
4432
4383
4433
4384
4434
4385
4435
4436
17949
4387
4437
4388
4438
4389
4439
4390
4440
4391
4441
4392
4442
4393
4443
4394
4444
4395
4445
4396
4446
4397
4447
4398
4448
4399
4449
4400
4450
4401
4451
4402
4452
4403
4453
4404
4454
4405
4455
4406
4456
4407
4457
4408
4458
4409
4459
4410
4460
4411
4461
4412
4462
4413
4463
4414
4464
4415
4465
4416
4466
4417
4467
4418
4468
4419
4469
4420
4470
4421
4471
4422
4472
4423
4473
4424
4474
4425
4475
4426
4476
4427
4477
4428
4478
4429
4479
4430
4480
4431
4481
4432
4482
4433
4483
4434
4484
4435
4485
4436
4486
4487
17890
4438
4488
4439
4489
4440
4490
4441
4491
4442
4492
4443
4493
4444
4494
4445
4495
4446
4496
4447
4497
4448
4498
4449
4499
4450
4500
4451
4501
4452
4502
4453
4503
4454
4504
4455
4505
4456
4506
4457
4507
4458
4508
4459
4509
4460
4510
4461
4511
4462
4512
4463
4513
4464
4514
4465
4515
4466
4516
4467
4517
4468
4518
4469
4519
4470
4520
4471
4521
4472
4522
4473
4523
4474
4524
4475
4525
4476
4526
4477
4527
4478
4528
4479
4529
4480
4530
4481
4531
4482
4532
4483
4533
4484
4534
4485
4535
4486
4536
4487
4537
4538
17831
4489
4539
4490
4540
4491
4541
4492
4542
4493
4543
4494
4544
4495
4545
4496
4546
4497
4547
4498
4548
4499
4549
4500
4550
4501
4551
4502
4552
4503
4553
4504
4554
4505
4555
4506
4556
4507
4557
4508
4558
4509
4559
4510
4560
4511
4561
4512
4562
4513
4563
4514
4564
4515
4565
4516
4566
4517
4567
4518
4568
4519
4569
4520
4570
4521
4571
4522
4572
4523
4573
4524
4574
4525
4575
4526
4576
4527
4577
4528
4578
4529
4579
4530
4580
4531
4581
4532
4582
4533
4583
4534
4584
4535
4585
4536
4586
4537
4587
4538
4588
4589
17772
4540
4590
4541
4591
4542
4592
4543
4593
4544
4594
4545
4595
4546
4596
4547
4597
4548
4598
4549
4599
4550
4600
4551
4601
4552
4602
4553
4603
4554
4604
4555
4605
4556
4606
4557
4607
4558
4608
4559
4609
4560
4610
4561
4611
4562
4612
4563
4613
4564
4614
4565
4615
4566
4616
4567
4617
4568
4618
4569
4619
4570
4620
4571
4621
4572
4622
4573
4623
4574
4624
4575
4625
4576
4626
4577
4627
4578
4628
4579
4629
4580
4630
4581
4631
4582
4632
4583
4633
4584
4634
4585
4635
4586
4636
4587
4637
4588
4638
4589
4639
4640
17713
4591
4641
4592
4642
4593
4643
4594
4644
4595
4645
4596
4646
4597
4647
4598
4648
4599
4649
4600
4650
4601
4651
4602
4652
4603
4653
4604
4654
4605
4655
4606
4656
4607
4657
4608
4658
4609
4659
4610
4660
4611
4661
4612
4662
4613
4663
4614
4664
4615
4665
4616
4666
4617
4667
4618
4668
4619
4669
4620
4670
4621
4671
4622
4672
4623
4673
4624
4674
4625
4675
4626
4676
4627
4677
4628
4678
4629
4679
4630
4680
4631
4681
4632
4682
4633
4683
4634
4684
4635
4685
4636
4686
4637
4687
4638
4688
4639
4689
4640
4690
4691
17654
4642
4692
4643
4693
4644
4694
4645
4695
4646
4696
4647
4697
4648
4698
4649
4699
4650
4700
4651
4701
4652
4702
4653
4703
4654
4704
4655
4705
4656
4706
4657
4707
4658
4708
4659
4709
4660
4710
4661
4711
4662
4712
4663
4713
4664
4714
4665
4715
4666
4716
4667
4717
4668
4718
4669
4719
4670
4720
4671
4721
4672
4722
4673
4723
4674
4724
4675
4725
4676
4726
4677
4727
4678
4728
4679
4729
4680
4730
4681
4731
4682
4732
4683
4733
4684
4734
4685
4735
4686
4736
4687
4737
4688
4738
4689
4739
4690
4740
4691
4741
4742
17595
4693
4743
4694
4744
4695
4745
4696
4746
4697
4747
4698
4748
4699
4749
4700
4750
4701
4751
4702
4752
4703
4753
4704
4754
4705
4755
4706
4756
4707
4757
4708
4758
4709
4759
4710
4760
4711
4761
4712
4762
4713
4763
4714
4764
4715
4765
4716
4766
4717
4767
4718
4768
4719
4769
4720
4770
4721
4771
4722
4772
4723
4773
4724
4774
4725
4775
4726
4776
4727
4777
4728
4778
4729
4779
4730
4780
4731
4781
4732
4782
4733
4783
4734
4784
4735
4785
4736
4786
4737
4787
4738
4788
4739
4789
4740
4790
4741
4791
4742
4792
4793
17536
4744
4794
4745
4795
4746
4796
4747
4797
4748
4798
4749
4799
4750
4800
4751
4801
4752
4802
4753
4803
4754
4804
4755
4805
4756
4806
4757
4807
4758
4808
4759
4809
4760
4810
4761
4811
4762
4812
4763
4813
4764
4814
4765
4815
4766
4816
4767
4817
4768
4818
4769
4819
4770
4820
4771
4821
4772
4822
4773
4823
4774
4824
4775
4825
4776
4826
4777
4827
4778
4828
4779
4829
4780
4830
4781
4831
4782
4832
4783
4833
4784
4834
4785
4835
4786
4836
4787
4837
4788
4838
4789
4839
4790
4840
4791
4841
4792
4842
4793
4843
4844
17477
4795
4845
4796
4846
4797
4847
4798
4848
4799
4849
4800
4850
4801
4851
4802
4852
4803
4853
4804
4854
4805
4855
4806
4856
4807
4857
4808
4858
4809
4859
4810
4860
4811
4861
4812
4862
4813
4863
4814
4864
4815
4865
4816
4866
4817
4867
4818
4868
4819
4869
4820
4870
4821
4871
4822
4872
4823
4873
4824
4874
4825
4875
4826
4876
4827
4877
4828
4878
4829
4879
4830
4880
4831
4881
4832
4882
4833
4883
4834
4884
4835
4885
4836
4886
4837
4887
4838
4888
4839
4889
4840
4890
4841
4891
4842
4892
4843
4893
4844
4894
4895
17418
4846
4896
4847
4897
4848
4898
4849
4899
4850
4900
4851
4901
4852
4902
4853
4903
4854
4904
4855
4905
4856
4906
4857
4907
4858
4908
4859
4909
4860
4910
4861
4911
4862
4912
4863
4913
4864
4914
4865
4915
4866
4916
4867
4917
4868
4918
4869
4919
4870
4920
4871
4921
4872
4922
4873
4923
4874
4924
4875
4925
4876
4926
4877
4927
4878
4928
4879
4929
4880
4930
4881
4931
4882
4932
4883
4933
4884
4934
4885
4935
4886
4936
4887
4937
4888
4938
4889
4939
4890
4940
4891
4941
4892
4942
4893
4943
4894
4944
4895
4945
4946
17359
4897
4947
4898
4948
4899
4949
4900
4950
4901
4951
4902
4952
4903
4953
4904
4954
4905
4955
4906
4956
4907
4957
4908
4958
4909
4959
4910
4960
4911
4961
4912
4962
4913
4963
4914
4964
4915
4965
4916
4966
4917
4967
4918
4968
4919
4969
4920
4970
4921
4971
4922
4972
4923
4973
4924
4974
4925
4975
4926
4976
4927
4977
4928
4978
4929
4979
4930
4980
4931
4981
4932
4982
4933
4983
4934
4984
4935
4985
4936
4986
4937
4987
4938
4988
4939
4989
4940
4990
4941
4991
4942
4992
4943
4993
4944
4994
4945
4995
4946
4996
4997
17300
4948
4998
4949
4999
4950
5000
4951
5001
4952
5002
4953
5003
4954
5004
4955
5005
4956
5006
4957
5007
4958
5008
4959
5009
4960
5010
4961
5011
4962
5012
4963
5013
4964
5014
4965
5015
4966
5016
4967
5017
4968
5018
4969
5019
4970
5020
4971
5021
4972
5022
4973
5023
4974
5024
4975
5025
4976
5026
4977
5027
4978
5028
4979
5029
4980
5030
4981
5031
4982
5032
4983
5033
4984
5034
4985
5035
4986
5036
4987
5037
4988
5038
4989
5039
4990
5040
4991
5041
4992
5042
4993
5043
4994
5044
4995
5045
4996
5046
4997
5047
5048
17241
4999
5049
5000
5050
5001
5051
5002
5052
5003
5053
5004
5054
5005
5055
5006
5056
5007
5057
5008
5058
5009
5059
5010
5060
5011
5061
5012
5062
5013
5063
5014
5064
5015
5065
5016
5066
5017
5067
5018
5068
5019
5069
5020
5070
5021
5071
5022
5072
5023
5073
5024
5074
5025
5075
5026
5076
5027
5077
5028
5078
5029
5079
5030
5080
5031
5081
5032
5082
5033
5083
5034
5084
5035
5085
5036
5086
5037
5087
5038
5088
5039
5089
5040
5090
5041
5091
5042
5092
5043
5093
5044
5094
5045
5095
5046
5096
5047
5097
5048
5098
5099
17182
5050
5100
5051
5101
5052
5102
5053
5103
5054
5104
5055
5105
5056
5106
5057
5107
5058
5108
5059
5109
5060
5110
5061
5111
5062
5112
5063
5113
5064
5114
5065
5115
5066
5116
5067
5117
5068
5118
5069
5119
5070
5120
5071
5121
5072
5122
5073
5123
5074
5124
5075
5125
5076
5126
5077
5127
5078
5128
5079
5129
5080
5130
5081
5131
5082
5132
5083
5133
5084
5134
5085
5135
5086
5136
5087
5137
5088
5138
5089
5139
5090
5140
5091
5141
5092
5142
5093
5143
5094
5144
5095
5145
5096
5146
5097
5147
5098
5148
5099
5149
5150
17123
5101
5151
5102
5152
5103
5153
5104
5154
5105
5155
5106
5156
5107
5157
5108
5158
5109
5159
5110
5160
5111
5161
5112
5162
5113
5163
5114
5164
5115
5165
5116
5166
5117
5167
5118
5168
5119
5169
5120
5170
5121
5171
5122
5172
5123
5173
5124
5174
5125
5175
5126
5176
5127
5177
5128
5178
5129
5179
5130
5180
5131
5181
5132
5182
5133
5183
5134
5184
5135
5185
5136
5186
5137
5187
5138
5188
5139
5189
5140
5190
5141
5191
5142
5192
5143
5193
5144
5194
5145
5195
5146
5196
5147
5197
5148
5198
5149
5199
5150
5200
5201
17064
5152
5202
5153
5203
5154
5204
5155
5205
5156
5206
5157
5207
5158
5208
5159
5209
5160
5210
5161
5211
5162
5212
5163
5213
5164
5214
5165
5215
5166
5216
5167
5217
5168
5218
5169
5219
5170
5220
5171
5221
5172
5222
5173
5223
5174
5224
5175
5225
5176
5226
5177
5227
5178
5228
5179
5229
5180
5230
5181
5231
5182
5232
5183
5233
5184
5234
5185
5235
5186
5236
5187
5237
5188
5238
5189
5239
5190
5240
5191
5241
5192
5242
5193
5243
5194
5244
5195
5245
5196
5246
5197
5247
5198
5248
5199
5249
5200
5250
5201
5251
5252
17005
5203
5253
5204
5254
5205
5255
5206
5256
5207
5257
5208
5258
5209
5259
5210
5260
5211
5261
5212
5262
5213
5263
5214
5264
5215
5265
5216
5266
5217
5267
5218
5268
5219
5269
5220
5270
5221
5271
5222
5272
5223
5273
5224
5274
5225
5275
5226
5276
5227
5277
5228
5278
5229
5279
5230
5280
5231
5281
5232
5282
5233
5283
5234
5284
5235
5285
5236
5286
5237
5287
5238
5288
5239
5289
5240
5290
5241
5291
5242
5292
5243
5293
5244
5294
5245
5295
5246
5296
5247
5297
5248
5298
5249
5299
5250
5300
5251
5301
5252
5302
5303
16946
5254
5304
5255
5305
5256
5306
5257
5307
5258
5308
5259
5309
5260
5310
5261
5311
5262
5312
5263
5313
5264
5314
5265
5315
5266
5316
5267
5317
5268
5318
5269
5319
5270
5320
5271
5321
5272
5322
5273
5323
5274
5324
5275
5325
5276
5326
5277
5327
5278
5328
5279
5329
5280
5330
5281
5331
5282
5332
5283
5333
5284
5334
5285
5335
5286
5336
5287
5337
5288
5338
5289
5339
5290
5340
5291
5341
5292
5342
5293
5343
5294
5344
5295
5345
5296
5346
5297
5347
5298
5348
5299
5349
5300
5350
5301
5351
5302
5352
5303
5353
5354
16887
5305
5355
5306
5356
5307
5357
5308
5358
5309
5359
5310
5360
5311
5361
5312
5362
5313
5363
5314
5364
5315
5365
5316
5366
5317
5367
5318
5368
5319
5369
5320
5370
5321
5371
5322
5372
5323
5373
5324
5374
5325
5375
5326
5376
5327
5377
5328
5378
5329
5379
5330
5380
5331
5381
5332
5382
5333
5383
5334
5384
5335
5385
5336
5386
5337
5387
5338
5388
5339
5389
5340
5390
5341
5391
5342
5392
5343
5393
5344
5394
5345
5395
5346
5396
5347
5397
5348
5398
5349
5399
5350
5400
5351
5401
5352
5402
5353
5403
5354
5404
5405
16828
5356
5406
5357
5407
5358
5408
5359
5409
5360
5410
5361
5411
5362
5412
5363
5413
5364
5414
5365
5415
5366
5416
5367
5417
5368
5418
5369
5419
5370
5420
5371
5421
5372
5422
5373
5423
5374
5424
5375
5425
5376
5426
5377
5427
5378
5428
5379
5429
5380
5430
5381
5431
5382
5432
5383
5433
5384
5434
5385
5435
5386
5436
5387
5437
5388
5438
5389
5439
5390
5440
5391
5441
5392
5442
5393
5443
5394
5444
5395
5445
5396
5446
5397
5447
5398
5448
5399
5449
5400
5450
5401
5451
5402
5452
5403
5453
5404
5454
5405
5455
5456
16769
5407
5457
5408
5458
5409
5459
5410
5460
5411
5461
5412
5462
5413
5463
5414
5464
5415
5465
5416
5466
5417
5467
5418
5468
5419
5469
5420
5470
5421
5471
5422
5472
5423
5473
5424
5474
5425
5475
5426
5476
5427
5477
5428
5478
5429
5479
5430
5480
5431
5481
5432
5482
5433
5483
5434
5484
5435
5485
5436
5486
5437
5487
5438
5488
5439
5489
5440
5490
5441
5491
5442
5492
5443
5493
5444
5494
5445
5495
5446
5496
5447
5497
5448
5498
5449
5499
5450
5500
5451
5501
5452
5502
5453
5503
5454
5504
5455
5505
5456
5506
5507
16710
5458
5508
5459
5509
5460
5510
5461
5511
5462
5512
5463
5513
5464
5514
5465
5515
5466
5516
5467
5517
5468
5518
5469
5519
5470
5520
5471
5521
5472
5522
5473
5523
5474
5524
5475
5525
5476
5526
5477
5527
5478
5528
5479
5529
5480
5530
5481
5531
5482
5532
5483
5533
5484
5534
5485
5535
5486
5536
5487
5537
5488
5538
5489
5539
5490
5540
5491
5541
5492
5542
5493
5543
5494
5544
5495
5545
5496
5546
5497
5547
5498
5548
5499
5549
5500
5550
5501
5551
5502
5552
5503
5553
5504
5554
5505
5555
5506
5556
5507
5557
5558
16651
5509
5559
5510
5560
5511
5561
5512
5562
5513
5563
5514
5564
5515
5565
5516
5566
5517
5567
5518
5568
5519
5569
5520
5570
5521
5571
5522
5572
5523
5573
5524
5574
5525
5575
5526
5576
5527
5577
5528
5578
5529
5579
5530
5580
5531
5581
5532
5582
5533
5583
5534
5584
5535
5585
5536
5586
5537
5587
5538
5588
5539
5589
5540
5590
5541
5591
5542
5592
5543
5593
5544
5594
5545
5595
5546
5596
5547
5597
5548
5598
5549
5599
5550
5600
5551
5601
5552
5602
5553
5603
5554
5604
5555
5605
5556
5606
5557
5607
5558
5608
5609
16592
5560
5610
5561
5611
5562
5612
5563
5613
5564
5614
5565
5615
5566
5616
5567
5617
5568
5618
5569
5619
5570
5620
5571
5621
5572
5622
5573
5623
5574
5624
5575
5625
5576
5626
5577
5627
5578
5628
5579
5629
5580
5630
5581
5631
5582
5632
5583
5633
5584
5634
5585
5635
5586
5636
5587
5637
5588
5638
5589
5639
5590
5640
5591
5641
5592
5642
5593
5643
5594
5644
5595
5645
5596
5646
5597
5647
5598
5648
5599
5649
5600
5650
5601
5651
5602
5652
5603
5653
5604
5654
5605
5655
5606
5656
5607
5657
5608
5658
5609
5659
5660
16533
5611
5661
5612
5662
5613
5663
5614
5664
5615
5665
5616
5666
5617
5667
5618
5668
5619
5669
5620
5670
5621
5671
5622
5672
5623
5673
5624
5674
5625
5675
5626
5676
5627
5677
5628
5678
5629
5679
5630
5680
5631
5681
5632
5682
5633
5683
5634
5684
5635
5685
5636
5686
5637
5687
5638
5688
5639
5689
5640
5690
5641
5691
5642
5692
5643
5693
5644
5694
5645
5695
5646
5696
5647
5697
5648
5698
5649
5699
5650
5700
5651
5701
5652
5702
5653
5703
5654
5704
5655
5705
5656
5706
5657
5707
5658
5708
5659
5709
5660
5710
5711
16474
5662
5712
5663
5713
5664
5714
5665
5715
5666
5716
5667
5717
5668
5718
5669
5719
5670
5720
5671
5721
5672
5722
5673
5723
5674
5724
5675
5725
5676
5726
5677
5727
5678
5728
5679
5729
5680
5730
5681
5731
5682
5732
5683
5733
5684
5734
5685
5735
5686
5736
5687
5737
5688
5738
5689
5739
5690
5740
5691
5741
5692
5742
5693
5743
5694
5744
5695
5745
5696
5746
5697
5747
5698
5748
5699
5749
5700
5750
5701
5751
5702
5752
5703
5753
5704
5754
5705
5755
5706
5756
5707
5757
5708
5758
5709
5759
5710
5760
5711
5761
5762
16415
5713
5763
5714
5764
5715
5765
5716
5766
5717
5767
5718
5768
5719
5769
5720
5770
5721
5771
5722
5772
5723
5773
5724
5774
5725
5775
5726
5776
5727
5777
5728
5778
5729
5779
5730
5780
5731
5781
5732
5782
5733
5783
5734
5784
5735
5785
5736
5786
5737
5787
5738
5788
5739
5789
5740
5790
5741
5791
5742
5792
5743
5793
5744
5794
5745
5795
5746
5796
5747
5797
5748
5798
5749
5799
5750
5800
5751
5801
5752
5802
5753
5803
5754
5804
5755
5805
5756
5806
5757
5807
5758
5808
5759
5809
5760
5810
5761
5811
5762
5812
5813
16356
5764
5814
5765
5815
5766
5816
5767
5817
5768
5818
5769
5819
5770
5820
5771
5821
5772
5822
5773
5823
5774
5824
5775
5825
5776
5826
5777
5827
5778
5828
5779
5829
5780
5830
5781
5831
5782
5832
5783
5833
5784
5834
5785
5835
5786
5836
5787
5837
5788
5838
5789
5839
5790
5840
5791
5841
5792
5842
5793
5843
5794
5844
5795
5845
5796
5846
5797
5847
5798
5848
5799
5849
5800
5850
5801
5851
5802
5852
5803
5853
5804
5854
5805
5855
5806
5856
5807
5857
5808
5858
5809
5859
5810
5860
5811
5861
5812
5862
5813
5863
5864
16297
5815
5865
5816
5866
5817
5867
5818
5868
5819
5869
5820
5870
5821
5871
5822
5872
5823
5873
5824
5874
5825
5875
5826
5876
5827
5877
5828
5878
5829
5879
5830
5880
5831
5881
5832
5882
5833
5883
5834
5884
5835
5885
5836
5886
5837
5887
5838
5888
5839
5889
5840
5890
5841
5891
5842
5892
5843
5893
5844
5894
5845
5895
5846
5896
5847
5897
5848
5898
5849
5899
5850
5900
5851
5901
5852
5902
5853
5903
5854
5904
5855
5905
5856
5906
5857
5907
5858
5908
5859
5909
5860
5910
5861
5911
5862
5912
5863
5913
5864
5914
5915
16238
5866
5916
5867
5917
5868
5918
5869
5919
5870
5920
5871
5921
5872
5922
5873
5923
5874
5924
5875
5925
5876
5926
5877
5927
5878
5928
5879
5929
5880
5930
5881
5931
5882
5932
5883
5933
5884
5934
5885
5935
5886
5936
5887
5937
5888
5938
5889
5939
5890
5940
5891
5941
5892
5942
5893
5943
5894
5944
5895
5945
5896
5946
5897
5947
5898
5948
5899
5949
5900
5950
5901
5951
5902
5952
5903
5953
5904
5954
5905
5955
5906
5956
5907
5957
5908
5958
5909
5959
5910
5960
5911
5961
5912
5962
5913
5963
5914
5964
5915
5965
5966
16179
5917
5967
5918
5968
5919
5969
5920
5970
5921
5971
5922
5972
5923
5973
5924
5974
5925
5975
5926
5976
5927
5977
5928
5978
5929
5979
5930
5980
5931
5981
5932
5982
5933
5983
5934
5984
5935
5985
5936
5986
5937
5987
5938
5988
5939
5989
5940
5990
5941
5991
5942
5992
5943
5993
5944
5994
5945
5995
5946
5996
5947
5997
5948
5998
5949
5999
5950
6000
5951
6001
5952
6002
5953
6003
5954
6004
5955
6005
5956
6006
5957
6007
5958
6008
5959
6009
5960
6010
5961
6011
5962
6012
5963
6013
5964
6014
5965
6015
5966
6016
6017
16120
5968
6018
5969
6019
5970
6020
5971
6021
5972
6022
5973
6023
5974
6024
5975
6025
5976
6026
5977
6027
5978
6028
5979
6029
5980
6030
5981
6031
5982
6032
5983
6033
5984
6034
5985
6035
5986
6036
5987
6037
5988
6038
5989
6039
5990
6040
5991
6041
5992
6042
5993
6043
5994
6044
5995
6045
5996
6046
5997
6047
5998
6048
5999
6049
6000
6050
6001
6051
6002
6052
6003
6053
6004
6054
6005
6055
6006
6056
6007
6057
6008
6058
6009
6059
6010
6060
6011
6061
6012
6062
6013
6063
6014
6064
6015
6065
6016
6066
6017
6067
6068
16061
6019
6069
6020
6070
6021
6071
6022
6072
6023
6073
6024
6074
6025
6075
6026
6076
6027
6077
6028
6078
6029
6079
6030
6080
6031
6081
6032
6082
6033
6083
6034
6084
6035
6085
6036
6086
6037
6087
6038
6088
6039
6089
6040
6090
6041
6091
6042
6092
6043
6093
6044
6094
6045
6095
6046
6096
6047
6097
6048
6098
6049
6099
6050
6100
6051
6101
6052
6102
6053
6103
6054
6104
6055
6105
6056
6106
6057
6107
6058
6108
6059
6109
6060
6110
6061
6111
6062
6112
6063
6113
6064
6114
6065
6115
6066
6116
6067
6117
6068
6118
6119
16002
6070
6120
6071
6121
6072
6122
6073
6123
6074
6124
6075
6125
6076
6126
6077
6127
6078
6128
6079
6129
6080
6130
6081
6131
6082
6132
6083
6133
6084
6134
6085
6135
6086
6136
6087
6137
6088
6138
6089
6139
6090
6140
6091
6141
6092
6142
6093
6143
6094
6144
6095
6145
6096
6146
6097
6147
6098
6148
6099
6149
6100
6150
6101
6151
6102
6152
6103
6153
6104
6154
6105
6155
6106
6156
6107
6157
6108
6158
6109
6159
6110
6160
6111
6161
6112
6162
6113
6163
6114
6164
6115
6165
6116
6166
6117
6167
6118
6168
6119
6169
6170
15943
6121
6171
6122
6172
6123
6173
6124
6174
6125
6175
6126
6176
6127
6177
6128
6178
6129
6179
6130
6180
6131
6181
6132
6182
6133
6183
6134
6184
6135
6185
6136
6186
6137
6187
6138
6188
6139
6189
6140
6190
6141
6191
6142
6192
6143
6193
6144
6194
6145
6195
6146
6196
6147
6197
6148
6198
6149
6199
6150
6200
6151
6201
6152
6202
6153
6203
6154
6204
6155
6205
6156
6206
6157
6207
6158
6208
6159
6209
6160
6210
6161
6211
6162
6212
6163
6213
6164
6214
6165
6215
6166
6216
6167
6217
6168
6218
6169
6219
6170
6220
6221
15884
6172
6222
6173
6223
6174
6224
6175
6225
6176
6226
6177
6227
6178
6228
6179
6229
6180
6230
6181
6231
6182
6232
6183
6233
6184
6234
6185
6235
6186
6236
6187
6237
6188
6238
6189
6239
6190
6240
6191
6241
6192
6242
6193
6243
6194
6244
6195
6245
6196
6246
6197
6247
6198
6248
6199
6249
6200
6250
6201
6251
6202
6252
6203
6253
6204
6254
6205
6255
6206
6256
6207
6257
6208
6258
6209
6259
6210
6260
6211
6261
6212
6262
6213
6263
6214
6264
6215
6265
6216
6266
6217
6267
6218
6268
6219
6269
6220
6270
6221
6271
6272
15825
6223
6273
6224
6274
6225
6275
6226
6276
6227
6277
6228
6278
6229
6279
6230
6280
6231
6281
6232
6282
6233
6283
6234
6284
6235
6285
6236
6286
6237
6287
6238
6288
6239
6289
6240
6290
6241
6291
6242
6292
6243
6293
6244
6294
6245
6295
6246
6296
6247
6297
6248
6298
6249
6299
6250
6300
6251
6301
6252
6302
6253
6303
6254
6304
6255
6305
6256
6306
6257
6307
6258
6308
6259
6309
6260
6310
6261
6311
6262
6312
6263
6313
6264
6314
6265
6315
6266
6316
6267
6317
6268
6318
6269
6319
6270
6320
6271
6321
6272
6322
6323
15766
6274
6324
6275
6325
6276
6326
6277
6327
6278
6328
6279
6329
6280
6330
6281
6331
6282
6332
6283
6333
6284
6334
6285
6335
6286
6336
6287
6337
6288
6338
6289
6339
6290
6340
6291
6341
6292
6342
6293
6343
6294
6344
6295
6345
6296
6346
6297
6347
6298
6348
6299
6349
6300
6350
6301
6351
6302
6352
6303
6353
6304
6354
6305
6355
6306
6356
6307
6357
6308
6358
6309
6359
6310
6360
6311
6361
6312
6362
6313
6363
6314
6364
6315
6365
6316
6366
6317
6367
6318
6368
6319
6369
6320
6370
6321
6371
6322
6372
6323
6373
6374
15707
6325
6375
6326
6376
6327
6377
6328
6378
6329
6379
6330
6380
6331
6381
6332
6382
6333
6383
6334
6384
6335
6385
6336
6386
6337
6387
6338
6388
6339
6389
6340
6390
6341
6391
6342
6392
6343
6393
6344
6394
6345
6395
6346
6396
6347
6397
6348
6398
6349
6399
6350
6400
6351
6401
6352
6402
6353
6403
6354
6404
6355
6405
6356
6406
6357
6407
6358
6408
6359
6409
6360
6410
6361
6411
6362
6412
6363
6413
6364
6414
6365
6415
6366
6416
6367
6417
6368
6418
6369
6419
6370
6420
6371
6421
6372
6422
6373
6423
6374
6424
6425
15648
6376
6426
6377
6427
6378
6428
6379
6429
6380
6430
6381
6431
6382
6432
6383
6433
6384
6434
6385
6435
6386
6436
6387
6437
6388
6438
6389
6439
6390
6440
6391
6441
6392
6442
6393
6443
6394
6444
6395
6445
6396
6446
6397
6447
6398
6448
6399
6449
6400
6450
6401
6451
6402
6452
6403
6453
6404
6454
6405
6455
6406
6456
6407
6457
6408
6458
6409
6459
6410
6460
6411
6461
6412
6462
6413
6463
6414
6464
6415
6465
6416
6466
6417
6467
6418
6468
6419
6469
6420
6470
6421
6471
6422
6472
6423
6473
6424
6474
6425
6475
6476
15589
6427
6477
6428
6478
6429
6479
6430
6480
6431
6481
6432
6482
6433
6483
6434
6484
6435
6485
6436
6486
6437
6487
6438
6488
6439
6489
6440
6490
6441
6491
6442
6492
6443
6493
6444
6494
6445
6495
6446
6496
6447
6497
6448
6498
6449
6499
6450
6500
6451
6501
6452
6502
6453
6503
6454
6504
6455
6505
6456
6506
6457
6507
6458
6508
6459
6509
6460
6510
6461
6511
6462
6512
6463
6513
6464
6514
6465
6515
6466
6516
6467
6517
6468
6518
6469
6519
6470
6520
6471
6521
6472
6522
6473
6523
6474
6524
6475
6525
6476
6526
6527
15530
6478
6528
6479
6529
6480
6530
6481
6531
6482
6532
6483
6533
6484
6534
6485
6535
6486
6536
6487
6537
6488
6538
6489
6539
6490
6540
6491
6541
6492
6542
6493
6543
6494
6544
6495
6545
6496
6546
6497
6547
6498
6548
6499
6549
6500
6550
6501
6551
6502
6552
6503
6553
6504
6554
6505
6555
6506
6556
6507
6557
6508
6558
6509
6559
6510
6560
6511
6561
6512
6562
6513
6563
6514
6564
6515
6565
6516
6566
6517
6567
6518
6568
6519
6569
6520
6570
6521
6571
6522
6572
6523
6573
6524
6574
6525
6575
6526
6576
6527
6577
6578
15471
6529
6579
6530
6580
6531
6581
6532
6582
6533
6583
6534
6584
6535
6585
6536
6586
6537
6587
6538
6588
6539
6589
6540
6590
6541
6591
6542
6592
6543
6593
6544
6594
6545
6595
6546
6596
6547
6597
6548
6598
6549
6599
6550
6600
6551
6601
6552
6602
6553
6603
6554
6604
6555
6605
6556
6606
6557
6607
6558
6608
6559
6609
6560
6610
6561
6611
6562
6612
6563
6613
6564
6614
6565
6615
6566
6616
6567
6617
6568
6618
6569
6619
6570
6620
6571
6621
6572
6622
6573
6623
6574
6624
6575
6625
6576
6626
6577
6627
6578
6628
6629
15412
6580
6630
6581
6631
6582
6632
6583
6633
6584
6634
6585
6635
6586
6636
6587
6637
6588
6638
6589
6639
6590
6640
6591
6641
6592
6642
6593
6643
6594
6644
6595
6645
6596
6646
6597
6647
6598
6648
6599
6649
6600
6650
6601
6651
6602
6652
6603
6653
6604
6654
6605
6655
6606
6656
6607
6657
6608
6658
6609
6659
6610
6660
6611
6661
6612
6662
6613
6663
6614
6664
6615
6665
6616
6666
6617
6667
6618
6668
6619
6669
6620
6670
6621
6671
6622
6672
6623
6673
6624
6674
6625
6675
6626
6676
6627
6677
6628
6678
6629
6679
6680
15353
6631
6681
6632
6682
6633
6683
6634
6684
6635
6685
6636
6686
6637
6687
6638
6688
6639
6689
6640
6690
6641
6691
6642
6692
6643
6693
6644
6694
6645
6695
6646
6696
6647
6697
6648
6698
6649
6699
6650
6700
6651
6701
6652
6702
6653
6703
6654
6704
6655
6705
6656
6706
6657
6707
6658
6708
6659
6709
6660
6710
6661
6711
6662
6712
6663
6713
6664
6714
6665
6715
6666
6716
6667
6717
6668
6718
6669
6719
6670
6720
6671
6721
6672
6722
6673
6723
6674
6724
6675
6725
6676
6726
6677
6727
6678
6728
6679
6729
6680
6730
6731
15294
6682
6732
6683
6733
6684
6734
6685
6735
6686
6736
6687
6737
6688
6738
6689
6739
6690
6740
6691
6741
6692
6742
6693
6743
6694
6744
6695
6745
6696
6746
6697
6747
6698
6748
6699
6749
6700
6750
6701
6751
6702
6752
6703
6753
6704
6754
6705
6755
6706
6756
6707
6757
6708
6758
6709
6759
6710
6760
6711
6761
6712
6762
6713
6763
6714
6764
6715
6765
6716
6766
6717
6767
6718
6768
6719
6769
6720
6770
6721
6771
6722
6772
6723
6773
6724
6774
6725
6775
6726
6776
6727
6777
6728
6778
6729
6779
6730
6780
6731
6781
6782
15235
6733
6783
6734
6784
6735
6785
6736
6786
6737
6787
6738
6788
6739
6789
6740
6790
6741
6791
6742
6792
6743
6793
6744
6794
6745
6795
6746
6796
6747
6797
6748
6798
6749
6799
6750
6800
6751
6801
6752
6802
6753
6803
6754
6804
6755
6805
6756
6806
6757
6807
6758
6808
6759
6809
6760
6810
6761
6811
6762
6812
6763
6813
6764
6814
6765
6815
6766
6816
6767
6817
6768
6818
6769
6819
6770
6820
6771
6821
6772
6822
6773
6823
6774
6824
6775
6825
6776
6826
6777
6827
6778
6828
6779
6829
6780
6830
6781
6831
6782
6832
6833
15176
6784
6834
6785
6835
6786
6836
6787
6837
6788
6838
6789
6839
6790
6840
6791
6841
6792
6842
6793
6843
6794
6844
6795
6845
6796
6846
6797
6847
6798
6848
6799
6849
6800
6850
6801
6851
6802
6852
6803
6853
6804
6854
6805
6855
6806
6856
6807
6857
6808
6858
6809
6859
6810
6860
6811
6861
6812
6862
6813
6863
6814
6864
6815
6865
6816
6866
6817
6867
6818
6868
6819
6869
6820
6870
6821
6871
6822
6872
6823
6873
6824
6874
6825
6875
6826
6876
6827
6877
6828
6878
6829
6879
6830
6880
6831
6881
6832
6882
6833
6883
6884
15117
6835
6885
6836
6886
6837
6887
6838
6888
6839
6889
6840
6890
6841
6891
6842
6892
6843
6893
6844
6894
6845
6895
6846
6896
6847
6897
6848
6898
6849
6899
6850
6900
6851
6901
6852
6902
6853
6903
6854
6904
6855
6905
6856
6906
6857
6907
6858
6908
6859
6909
6860
6910
6861
6911
6862
6912
6863
6913
6864
6914
6865
6915
6866
6916
6867
6917
6868
6918
6869
6919
6870
6920
6871
6921
6872
6922
6873
6923
6874
6924
6875
6925
6876
6926
6877
6927
6878
6928
6879
6929
6880
6930
6881
6931
6882
6932
6883
6933
6884
6934
6935
15058
6886
6936
6887
6937
6888
6938
6889
6939
6890
6940
6891
6941
6892
6942
6893
6943
6894
6944
6895
6945
6896
6946
6897
6947
6898
6948
6899
6949
6900
6950
6901
6951
6902
6952
6903
6953
6904
6954
6905
6955
6906
6956
6907
6957
6908
6958
6909
6959
6910
6960
6911
6961
6912
6962
6913
6963
6914
6964
6915
6965
6916
6966
6917
6967
6918
6968
6919
6969
6920
6970
6921
6971
6922
6972
6923
6973
6924
6974
6925
6975
6926
6976
6927
6977
6928
6978
6929
6979
6930
6980
6931
6981
6932
6982
6933
6983
6934
6984
6935
6985
6986
14999
6937
6987
6938
6988
6939
6989
6940
6990
6941
6991
6942
6992
6943
6993
6944
6994
6945
6995
6946
6996
6947
6997
6948
6998
6949
6999
6950
7000
6951
7001
6952
7002
6953
7003
6954
7004
6955
7005
6956
7006
6957
7007
6958
7008
6959
7009
6960
7010
6961
7011
6962
7012
6963
7013
6964
7014
6965
7015
6966
7016
6967
7017
6968
7018
6969
7019
6970
7020
6971
7021
6972
7022
6973
7023
6974
7024
6975
7025
6976
7026
6977
7027
6978
7028
6979
7029
6980
7030
6981
7031
6982
7032
6983
7033
6984
7034
6985
7035
6986
7036
7037
14940
6988
7038
6989
7039
6990
7040
6991
7041
6992
7042
6993
7043
6994
7044
6995
7045
6996
7046
6997
7047
6998
7048
6999
7049
7000
7050
7001
7051
7002
7052
7003
7053
7004
7054
7005
7055
7006
7056
7007
7057
7008
7058
7009
7059
7010
7060
7011
7061
7012
7062
7013
7063
7014
7064
7015
7065
7016
7066
7017
7067
7018
7068
7019
7069
7020
7070
7021
7071
7022
7072
7023
7073
7024
7074
7025
7075
7026
7076
7027
7077
7028
7078
7029
7079
7030
7080
7031
7081
7032
7082
7033
7083
7034
7084
7035
7085
7036
7086
7037
7087
7088
14881
7039
7089
7040
7090
7041
7091
7042
7092
7043
7093
7044
7094
7045
7095
7046
7096
7047
7097
7048
7098
7049
7099
7050
7100
7051
7101
7052
7102
7053
7103
7054
7104
7055
7105
7056
7106
7057
7107
7058
7108
7059
7109
7060
7110
7061
7111
7062
7112
7063
7113
7064
7114
7065
7115
7066
7116
7067
7117
7068
7118
7069
7119
7070
7120
7071
7121
7072
7122
7073
7123
7074
7124
7075
7125
7076
7126
7077
7127
7078
7128
7079
7129
7080
7130
7081
7131
7082
7132
7083
7133
7084
7134
7085
7135
7086
7136
7087
7137
7088
7138
7139
14822
7090
7140
7091
7141
7092
7142
7093
7143
7094
7144
7095
7145
7096
7146
7097
7147
7098
7148
7099
7149
7100
7150
7101
7151
7102
7152
7103
7153
7104
7154
7105
7155
7106
7156
7107
7157
7108
7158
7109
7159
7110
7160
7111
7161
7112
7162
7113
7163
7114
7164
7115
7165
7116
7166
7117
7167
7118
7168
7119
7169
7120
7170
7121
7171
7122
7172
7123
7173
7124
7174
7125
7175
7126
7176
7127
7177
7128
7178
7129
7179
7130
7180
7131
7181
7132
7182
7133
7183
7134
7184
7135
7185
7136
7186
7137
7187
7138
7188
7139
7189
7190
14763
7141
7191
7142
7192
7143
7193
7144
7194
7145
7195
7146
7196
7147
7197
7148
7198
7149
7199
7150
7200
7151
7201
7152
7202
7153
7203
7154
7204
7155
7205
7156
7206
7157
7207
7158
7208
7159
7209
7160
7210
7161
7211
7162
7212
7163
7213
7164
7214
7165
7215
7166
7216
7167
7217
7168
7218
7169
7219
7170
7220
7171
7221
7172
7222
7173
7223
7174
7224
7175
7225
7176
7226
7177
7227
7178
7228
7179
7229
7180
7230
7181
7231
7182
7232
7183
7233
7184
7234
7185
7235
7186
7236
7187
7237
7188
7238
7189
7239
7190
7240
7241
14704
7192
7242
7193
7243
7194
7244
7195
7245
7196
7246
7197
7247
7198
7248
7199
7249
7200
7250
7201
7251
7202
7252
7203
7253
7204
7254
7205
7255
7206
7256
7207
7257
7208
7258
7209
7259
7210
7260
7211
7261
7212
7262
7213
7263
7214
7264
7215
7265
7216
7266
7217
7267
7218
7268
7219
7269
7220
7270
7221
7271
7222
7272
7223
7273
7224
7274
7225
7275
7226
7276
7227
7277
7228
7278
7229
7279
7230
7280
7231
7281
7232
7282
7233
7283
7234
7284
7235
7285
7236
7286
7237
7287
7238
7288
7239
7289
7240
7290
7241
7291
7292
14645
7243
48384
7244
48383
7245
48382
7246
48381
7247
48380
7248
48379
7249
48378
7250
48377
7251
48376
7252
48375
7253
48374
7254
48373
7255
48372
7256
48371
7257
48370
7258
48369
7259
48368
7260
48367
7261
48366
7262
48365
7263
48364
7264
48363
7265
48362
7266
48361
7267
48360
7268
48359
7269
48358
7270
48357
7271
48356
7272
48355
7273
48354
7274
48353
7275
48352
7276
48351
7277
48350
7278
48349
7279
48348
7280
48347
7281
48346
7282
48345
7283
48344
7284
48343
7285
48342
7286
48341
7287
48340
7288
48339
7289
48338
7290
48337
7291
48336
7292
48335
14586
48334
7294
7344
7295
7345
7296
7346
7297
7347
7298
7348
7299
7349
7300
7350
7301
7351
7302
7352
7303
7353
7304
7354
7305
7355
7306
7356
7307
7357
7308
7358
7309
7359
7310
7360
7311
7361
7312
7362
7313
7363
7314
7364
7315
7365
7316
7366
7317
7367
7318
7368
7319
7369
7320
7370
7321
7371
7322
7372
7323
7373
7324
7374
7325
7375
7326
7376
7327
7377
7328
7378
7329
7379
7330
7380
7331
7381
7332
7382
7333
7383
7334
7384
7335
7385
7336
7386
7337
7387
7338
7388
7339
7389
7340
7390
7341
7391
7342
7392
7343
7393
7394
31401
7345
7395
7346
7396
7347
7397
7348
7398
7349
7399
7350
7400
7351
7401
7352
7402
7353
7403
7354
7404
7355
7405
7356
7406
7357
7407
7358
7408
7359
7409
7360
7410
7361
7411
7362
7412
7363
7413
7364
7414
7365
7415
7366
7416
7367
7417
7368
7418
7369
7419
7370
7420
7371
7421
7372
7422
7373
7423
7374
7424
7375
7425
7376
7426
7377
7427
7378
7428
7379
7429
7380
7430
7381
7431
7382
7432
7383
7433
7384
7434
7385
7435
7386
7436
7387
7437
7388
7438
7389
7439
7390
7440
7391
7441
7392
7442
7393
7443
7394
7444
7445
31342
7396
7446
7397
7447
7398
7448
7399
7449
7400
7450
7401
7451
7402
7452
7403
7453
7404
7454
7405
7455
7406
7456
7407
7457
7408
7458
7409
7459
7410
7460
7411
7461
7412
7462
7413
7463
7414
7464
7415
7465
7416
7466
7417
7467
7418
7468
7419
7469
7420
7470
7421
7471
7422
7472
7423
7473
7424
7474
7425
7475
7426
7476
7427
7477
7428
7478
7429
7479
7430
7480
7431
7481
7432
7482
7433
7483
7434
7484
7435
7485
7436
7486
7437
7487
7438
7488
7439
7489
7440
7490
7441
7491
7442
7492
7443
7493
7444
7494
7445
7495
7496
31283
7447
7497
7448
7498
7449
7499
7450
7500
7451
7501
7452
7502
7453
7503
7454
7504
7455
7505
7456
7506
7457
7507
7458
7508
7459
7509
7460
7510
7461
7511
7462
7512
7463
7513
7464
7514
7465
7515
7466
7516
7467
7517
7468
7518
7469
7519
7470
7520
7471
7521
7472
7522
7473
7523
7474
7524
7475
7525
7476
7526
7477
7527
7478
7528
7479
7529
7480
7530
7481
7531
7482
7532
7483
7533
7484
7534
7485
7535
7486
7536
7487
7537
7488
7538
7489
7539
7490
7540
7491
7541
7492
7542
7493
7543
7494
7544
7495
7545
7496
7546
7547
31224
7498
7548
7499
7549
7500
7550
7501
7551
7502
7552
7503
7553
7504
7554
7505
7555
7506
7556
7507
7557
7508
7558
7509
7559
7510
7560
7511
7561
7512
7562
7513
7563
7514
7564
7515
7565
7516
7566
7517
7567
7518
7568
7519
7569
7520
7570
7521
7571
7522
7572
7523
7573
7524
7574
7525
7575
7526
7576
7527
7577
7528
7578
7529
7579
7530
7580
7531
7581
7532
7582
7533
7583
7534
7584
7535
7585
7536
7586
7537
7587
7538
7588
7539
7589
7540
7590
7541
7591
7542
7592
7543
7593
7544
7594
7545
7595
7546
7596
7547
7597
7598
31165
7549
7599
7550
7600
7551
7601
7552
7602
7553
7603
7554
7604
7555
7605
7556
7606
7557
7607
7558
7608
7559
7609
7560
7610
7561
7611
7562
7612
7563
7613
7564
7614
7565
7615
7566
7616
7567
7617
7568
7618
7569
7619
7570
7620
7571
7621
7572
7622
7573
7623
7574
7624
7575
7625
7576
7626
7577
7627
7578
7628
7579
7629
7580
7630
7581
7631
7582
7632
7583
7633
7584
7634
7585
7635
7586
7636
7587
7637
7588
7638
7589
7639
7590
7640
7591
7641
7592
7642
7593
7643
7594
7644
7595
7645
7596
7646
7597
7647
7598
7648
7649
31106
7600
7650
7601
7651
7602
7652
7603
7653
7604
7654
7605
7655
7606
7656
7607
7657
7608
7658
7609
7659
7610
7660
7611
7661
7612
7662
7613
7663
7614
7664
7615
7665
7616
7666
7617
7667
7618
7668
7619
7669
7620
7670
7621
7671
7622
7672
7623
7673
7624
7674
7625
7675
7626
7676
7627
7677
7628
7678
7629
7679
7630
7680
7631
7681
7632
7682
7633
7683
7634
7684
7635
7685
7636
7686
7637
7687
7638
7688
7639
7689
7640
7690
7641
7691
7642
7692
7643
7693
7644
7694
7645
7695
7646
7696
7647
7697
7648
7698
7649
7699
7700
31047
7651
7701
7652
7702
7653
7703
7654
7704
7655
7705
7656
7706
7657
7707
7658
7708
7659
7709
7660
7710
7661
7711
7662
7712
7663
7713
7664
7714
7665
7715
7666
7716
7667
7717
7668
7718
7669
7719
7670
7720
7671
7721
7672
7722
7673
7723
7674
7724
7675
7725
7676
7726
7677
7727
7678
7728
7679
7729
7680
7730
7681
7731
7682
7732
7683
7733
7684
7734
7685
7735
7686
7736
7687
7737
7688
7738
7689
7739
7690
7740
7691
7741
7692
7742
7693
7743
7694
7744
7695
7745
7696
7746
7697
7747
7698
7748
7699
7749
7700
7750
7751
30988
7702
7752
7703
7753
7704
7754
7705
7755
7706
7756
7707
7757
7708
7758
7709
7759
7710
7760
7711
7761
7712
7762
7713
7763
7714
7764
7715
7765
7716
7766
7717
7767
7718
7768
7719
7769
7720
7770
7721
7771
7722
7772
7723
7773
7724
7774
7725
7775
7726
7776
7727
7777
7728
7778
7729
7779
7730
7780
7731
7781
7732
7782
7733
7783
7734
7784
7735
7785
7736
7786
7737
7787
7738
7788
7739
7789
7740
7790
7741
7791
7742
7792
7743
7793
7744
7794
7745
7795
7746
7796
7747
7797
7748
7798
7749
7799
7750
7800
7751
7801
7802
30929
7753
7803
7754
7804
7755
7805
7756
7806
7757
7807
7758
7808
7759
7809
7760
7810
7761
7811
7762
7812
7763
7813
7764
7814
7765
7815
7766
7816
7767
7817
7768
7818
7769
7819
7770
7820
7771
7821
7772
7822
7773
7823
7774
7824
7775
7825
7776
7826
7777
7827
7778
7828
7779
7829
7780
7830
7781
7831
7782
7832
7783
7833
7784
7834
7785
7835
7786
7836
7787
7837
7788
7838
7789
7839
7790
7840
7791
7841
7792
7842
7793
7843
7794
7844
7795
7845
7796
7846
7797
7847
7798
7848
7799
7849
7800
7850
7801
7851
7802
7852
7853
30870
7804
7854
7805
7855
7806
7856
7807
7857
7808
7858
7809
7859
7810
7860
7811
7861
7812
7862
7813
7863
7814
7864
7815
7865
7816
7866
7817
7867
7818
7868
7819
7869
7820
7870
7821
7871
7822
7872
7823
7873
7824
7874
7825
7875
7826
7876
7827
7877
7828
7878
7829
7879
7830
7880
7831
7881
7832
7882
7833
7883
7834
7884
7835
7885
7836
7886
7837
7887
7838
7888
7839
7889
7840
7890
7841
7891
7842
7892
7843
7893
7844
7894
7845
7895
7846
7896
7847
7897
7848
7898
7849
7899
7850
7900
7851
7901
7852
7902
7853
7903
7904
30811
7855
7905
7856
7906
7857
7907
7858
7908
7859
7909
7860
7910
7861
7911
7862
7912
7863
7913
7864
7914
7865
7915
7866
7916
7867
7917
7868
7918
7869
7919
7870
7920
7871
7921
7872
7922
7873
7923
7874
7924
7875
7925
7876
7926
7877
7927
7878
7928
7879
7929
7880
7930
7881
7931
7882
7932
7883
7933
7884
7934
7885
7935
7886
7936
7887
7937
7888
7938
7889
7939
7890
7940
7891
7941
7892
7942
7893
7943
7894
7944
7895
7945
7896
7946
7897
7947
7898
7948
7899
7949
7900
7950
7901
7951
7902
7952
7903
7953
7904
7954
7955
30752
7906
7956
7907
7957
7908
7958
7909
7959
7910
7960
7911
7961
7912
7962
7913
7963
7914
7964
7915
7965
7916
7966
7917
7967
7918
7968
7919
7969
7920
7970
7921
7971
7922
7972
7923
7973
7924
7974
7925
7975
7926
7976
7927
7977
7928
7978
7929
7979
7930
7980
7931
7981
7932
7982
7933
7983
7934
7984
7935
7985
7936
7986
7937
7987
7938
7988
7939
7989
7940
7990
7941
7991
7942
7992
7943
7993
7944
7994
7945
7995
7946
7996
7947
7997
7948
7998
7949
7999
7950
8000
7951
8001
7952
8002
7953
8003
7954
8004
7955
8005
8006
30693
7957
8007
7958
8008
7959
8009
7960
8010
7961
8011
7962
8012
7963
8013
7964
8014
7965
8015
7966
8016
7967
8017
7968
8018
7969
8019
7970
8020
7971
8021
7972
8022
7973
8023
7974
8024
7975
8025
7976
8026
7977
8027
7978
8028
7979
8029
7980
8030
7981
8031
7982
8032
7983
8033
7984
8034
7985
8035
7986
8036
7987
8037
7988
8038
7989
8039
7990
8040
7991
8041
7992
8042
7993
8043
7994
8044
7995
8045
7996
8046
7997
8047
7998
8048
7999
8049
8000
8050
8001
8051
8002
8052
8003
8053
8004
8054
8005
8055
8006
8056
8057
30634
8008
8058
8009
8059
8010
8060
8011
8061
8012
8062
8013
8063
8014
8064
8015
8065
8016
8066
8017
8067
8018
8068
8019
8069
8020
8070
8021
8071
8022
8072
8023
8073
8024
8074
8025
8075
8026
8076
8027
8077
8028
8078
8029
8079
8030
8080
8031
8081
8032
8082
8033
8083
8034
8084
8035
8085
8036
8086
8037
8087
8038
8088
8039
8089
8040
8090
8041
8091
8042
8092
8043
8093
8044
8094
8045
8095
8046
8096
8047
8097
8048
8098
8049
8099
8050
8100
8051
8101
8052
8102
8053
8103
8054
8104
8055
8105
8056
8106
8057
8107
8108
30575
8059
8109
8060
8110
8061
8111
8062
8112
8063
8113
8064
8114
8065
8115
8066
8116
8067
8117
8068
8118
8069
8119
8070
8120
8071
8121
8072
8122
8073
8123
8074
8124
8075
8125
8076
8126
8077
8127
8078
8128
8079
8129
8080
8130
8081
8131
8082
8132
8083
8133
8084
8134
8085
8135
8086
8136
8087
8137
8088
8138
8089
8139
8090
8140
8091
8141
8092
8142
8093
8143
8094
8144
8095
8145
8096
8146
8097
8147
8098
8148
8099
8149
8100
8150
8101
8151
8102
8152
8103
8153
8104
8154
8105
8155
8106
8156
8107
8157
8108
8158
8159
30516
8110
8160
8111
8161
8112
8162
8113
8163
8114
8164
8115
8165
8116
8166
8117
8167
8118
8168
8119
8169
8120
8170
8121
8171
8122
8172
8123
8173
8124
8174
8125
8175
8126
8176
8127
8177
8128
8178
8129
8179
8130
8180
8131
8181
8132
8182
8133
8183
8134
8184
8135
8185
8136
8186
8137
8187
8138
8188
8139
8189
8140
8190
8141
8191
8142
8192
8143
8193
8144
8194
8145
8195
8146
8196
8147
8197
8148
8198
8149
8199
8150
8200
8151
8201
8152
8202
8153
8203
8154
8204
8155
8205
8156
8206
8157
8207
8158
8208
8159
8209
8210
30457
8161
8211
8162
8212
8163
8213
8164
8214
8165
8215
8166
8216
8167
8217
8168
8218
8169
8219
8170
8220
8171
8221
8172
8222
8173
8223
8174
8224
8175
8225
8176
8226
8177
8227
8178
8228
8179
8229
8180
8230
8181
8231
8182
8232
8183
8233
8184
8234
8185
8235
8186
8236
8187
8237
8188
8238
8189
8239
8190
8240
8191
8241
8192
8242
8193
8243
8194
8244
8195
8245
8196
8246
8197
8247
8198
8248
8199
8249
8200
8250
8201
8251
8202
8252
8203
8253
8204
8254
8205
8255
8206
8256
8207
8257
8208
8258
8209
8259
8210
8260
8261
30398
8212
8262
8213
8263
8214
8264
8215
8265
8216
8266
8217
8267
8218
8268
8219
8269
8220
8270
8221
8271
8222
8272
8223
8273
8224
8274
8225
8275
8226
8276
8227
8277
8228
8278
8229
8279
8230
8280
8231
8281
8232
8282
8233
8283
8234
8284
8235
8285
8236
8286
8237
8287
8238
8288
8239
8289
8240
8290
8241
8291
8242
8292
8243
8293
8244
8294
8245
8295
8246
8296
8247
8297
8248
8298
8249
8299
8250
8300
8251
8301
8252
8302
8253
8303
8254
8304
8255
8305
8256
8306
8257
8307
8258
8308
8259
8309
8260
8310
8261
8311
8312
30339
8263
8313
8264
8314
8265
8315
8266
8316
8267
8317
8268
8318
8269
8319
8270
8320
8271
8321
8272
8322
8273
8323
8274
8324
8275
8325
8276
8326
8277
8327
8278
8328
8279
8329
8280
8330
8281
8331
8282
8332
8283
8333
8284
8334
8285
8335
8286
8336
8287
8337
8288
8338
8289
8339
8290
8340
8291
8341
8292
8342
8293
8343
8294
8344
8295
8345
8296
8346
8297
8347
8298
8348
8299
8349
8300
8350
8301
8351
8302
8352
8303
8353
8304
8354
8305
8355
8306
8356
8307
8357
8308
8358
8309
8359
8310
8360
8311
8361
8312
8362
8363
30280
8314
8364
8315
8365
8316
8366
8317
8367
8318
8368
8319
8369
8320
8370
8321
8371
8322
8372
8323
8373
8324
8374
8325
8375
8326
8376
8327
8377
8328
8378
8329
8379
8330
8380
8331
8381
8332
8382
8333
8383
8334
8384
8335
8385
8336
8386
8337
8387
8338
8388
8339
8389
8340
8390
8341
8391
8342
8392
8343
8393
8344
8394
8345
8395
8346
8396
8347
8397
8348
8398
8349
8399
8350
8400
8351
8401
8352
8402
8353
8403
8354
8404
8355
8405
8356
8406
8357
8407
8358
8408
8359
8409
8360
8410
8361
8411
8362
8412
8363
8413
8414
30221
8365
8415
8366
8416
8367
8417
8368
8418
8369
8419
8370
8420
8371
8421
8372
8422
8373
8423
8374
8424
8375
8425
8376
8426
8377
8427
8378
8428
8379
8429
8380
8430
8381
8431
8382
8432
8383
8433
8384
8434
8385
8435
8386
8436
8387
8437
8388
8438
8389
8439
8390
8440
8391
8441
8392
8442
8393
8443
8394
8444
8395
8445
8396
8446
8397
8447
8398
8448
8399
8449
8400
8450
8401
8451
8402
8452
8403
8453
8404
8454
8405
8455
8406
8456
8407
8457
8408
8458
8409
8459
8410
8460
8411
8461
8412
8462
8413
8463
8414
8464
8465
30162
8416
8466
8417
8467
8418
8468
8419
8469
8420
8470
8421
8471
8422
8472
8423
8473
8424
8474
8425
8475
8426
8476
8427
8477
8428
8478
8429
8479
8430
8480
8431
8481
8432
8482
8433
8483
8434
8484
8435
8485
8436
8486
8437
8487
8438
8488
8439
8489
8440
8490
8441
8491
8442
8492
8443
8493
8444
8494
8445
8495
8446
8496
8447
8497
8448
8498
8449
8499
8450
8500
8451
8501
8452
8502
8453
8503
8454
8504
8455
8505
8456
8506
8457
8507
8458
8508
8459
8509
8460
8510
8461
8511
8462
8512
8463
8513
8464
8514
8465
8515
8516
30103
8467
8517
8468
8518
8469
8519
8470
8520
8471
8521
8472
8522
8473
8523
8474
8524
8475
8525
8476
8526
8477
8527
8478
8528
8479
8529
8480
8530
8481
8531
8482
8532
8483
8533
8484
8534
8485
8535
8486
8536
8487
8537
8488
8538
8489
8539
8490
8540
8491
8541
8492
8542
8493
8543
8494
8544
8495
8545
8496
8546
8497
8547
8498
8548
8499
8549
8500
8550
8501
8551
8502
8552
8503
8553
8504
8554
8505
8555
8506
8556
8507
8557
8508
8558
8509
8559
8510
8560
8511
8561
8512
8562
8513
8563
8514
8564
8515
8565
8516
8566
8567
30044
8518
8568
8519
8569
8520
8570
8521
8571
8522
8572
8523
8573
8524
8574
8525
8575
8526
8576
8527
8577
8528
8578
8529
8579
8530
8580
8531
8581
8532
8582
8533
8583
8534
8584
8535
8585
8536
8586
8537
8587
8538
8588
8539
8589
8540
8590
8541
8591
8542
8592
8543
8593
8544
8594
8545
8595
8546
8596
8547
8597
8548
8598
8549
8599
8550
8600
8551
8601
8552
8602
8553
8603
8554
8604
8555
8605
8556
8606
8557
8607
8558
8608
8559
8609
8560
8610
8561
8611
8562
8612
8563
8613
8564
8614
8565
8615
8566
8616
8567
8617
8618
29985
8569
8619
8570
8620
8571
8621
8572
8622
8573
8623
8574
8624
8575
8625
8576
8626
8577
8627
8578
8628
8579
8629
8580
8630
8581
8631
8582
8632
8583
8633
8584
8634
8585
8635
8586
8636
8587
8637
8588
8638
8589
8639
8590
8640
8591
8641
8592
8642
8593
8643
8594
8644
8595
8645
8596
8646
8597
8647
8598
8648
8599
8649
8600
8650
8601
8651
8602
8652
8603
8653
8604
8654
8605
8655
8606
8656
8607
8657
8608
8658
8609
8659
8610
8660
8611
8661
8612
8662
8613
8663
8614
8664
8615
8665
8616
8666
8617
8667
8618
8668
8669
29926
8620
8670
8621
8671
8622
8672
8623
8673
8624
8674
8625
8675
8626
8676
8627
8677
8628
8678
8629
8679
8630
8680
8631
8681
8632
8682
8633
8683
8634
8684
8635
8685
8636
8686
8637
8687
8638
8688
8639
8689
8640
8690
8641
8691
8642
8692
8643
8693
8644
8694
8645
8695
8646
8696
8647
8697
8648
8698
8649
8699
8650
8700
8651
8701
8652
8702
8653
8703
8654
8704
8655
8705
8656
8706
8657
8707
8658
8708
8659
8709
8660
8710
8661
8711
8662
8712
8663
8713
8664
8714
8665
8715
8666
8716
8667
8717
8668
8718
8669
8719
8720
29867
8671
8721
8672
8722
8673
8723
8674
8724
8675
8725
8676
8726
8677
8727
8678
8728
8679
8729
8680
8730
8681
8731
8682
8732
8683
8733
8684
8734
8685
8735
8686
8736
8687
8737
8688
8738
8689
8739
8690
8740
8691
8741
8692
8742
8693
8743
8694
8744
8695
8745
8696
8746
8697
8747
8698
8748
8699
8749
8700
8750
8701
8751
8702
8752
8703
8753
8704
8754
8705
8755
8706
8756
8707
8757
8708
8758
8709
8759
8710
8760
8711
8761
8712
8762
8713
8763
8714
8764
8715
8765
8716
8766
8717
8767
8718
8768
8719
8769
8720
8770
8771
29808
8722
8772
8723
8773
8724
8774
8725
8775
8726
8776
8727
8777
8728
8778
8729
8779
8730
8780
8731
8781
8732
8782
8733
8783
8734
8784
8735
8785
8736
8786
8737
8787
8738
8788
8739
8789
8740
8790
8741
8791
8742
8792
8743
8793
8744
8794
8745
8795
8746
8796
8747
8797
8748
8798
8749
8799
8750
8800
8751
8801
8752
8802
8753
8803
8754
8804
8755
8805
8756
8806
8757
8807
8758
8808
8759
8809
8760
8810
8761
8811
8762
8812
8763
8813
8764
8814
8765
8815
8766
8816
8767
8817
8768
8818
8769
8819
8770
8820
8771
8821
8822
29749
8773
8823
8774
8824
8775
8825
8776
8826
8777
8827
8778
8828
8779
8829
8780
8830
8781
8831
8782
8832
8783
8833
8784
8834
8785
8835
8786
8836
8787
8837
8788
8838
8789
8839
8790
8840
8791
8841
8792
8842
8793
8843
8794
8844
8795
8845
8796
8846
8797
8847
8798
8848
8799
8849
8800
8850
8801
8851
8802
8852
8803
8853
8804
8854
8805
8855
8806
8856
8807
8857
8808
8858
8809
8859
8810
8860
8811
8861
8812
8862
8813
8863
8814
8864
8815
8865
8816
8866
8817
8867
8818
8868
8819
8869
8820
8870
8821
8871
8822
8872
8873
29690
8824
8874
8825
8875
8826
8876
8827
8877
8828
8878
8829
8879
8830
8880
8831
8881
8832
8882
8833
8883
8834
8884
8835
8885
8836
8886
8837
8887
8838
8888
8839
8889
8840
8890
8841
8891
8842
8892
8843
8893
8844
8894
8845
8895
8846
8896
8847
8897
8848
8898
8849
8899
8850
8900
8851
8901
8852
8902
8853
8903
8854
8904
8855
8905
8856
8906
8857
8907
8858
8908
8859
8909
8860
8910
8861
8911
8862
8912
8863
8913
8864
8914
8865
8915
8866
8916
8867
8917
8868
8918
8869
8919
8870
8920
8871
8921
8872
8922
8873
8923
8924
29631
8875
8925
8876
8926
8877
8927
8878
8928
8879
8929
8880
8930
8881
8931
8882
8932
8883
8933
8884
8934
8885
8935
8886
8936
8887
8937
8888
8938
8889
8939
8890
8940
8891
8941
8892
8942
8893
8943
8894
8944
8895
8945
8896
8946
8897
8947
8898
8948
8899
8949
8900
8950
8901
8951
8902
8952
8903
8953
8904
8954
8905
8955
8906
8956
8907
8957
8908
8958
8909
8959
8910
8960
8911
8961
8912
8962
8913
8963
8914
8964
8915
8965
8916
8966
8917
8967
8918
8968
8919
8969
8920
8970
8921
8971
8922
8972
8923
8973
8924
8974
8975
29572
8926
8976
8927
8977
8928
8978
8929
8979
8930
8980
8931
8981
8932
8982
8933
8983
8934
8984
8935
8985
8936
8986
8937
8987
8938
8988
8939
8989
8940
8990
8941
8991
8942
8992
8943
8993
8944
8994
8945
8995
8946
8996
8947
8997
8948
8998
8949
8999
8950
9000
8951
9001
8952
9002
8953
9003
8954
9004
8955
9005
8956
9006
8957
9007
8958
9008
8959
9009
8960
9010
8961
9011
8962
9012
8963
9013
8964
9014
8965
9015
8966
9016
8967
9017
8968
9018
8969
9019
8970
9020
8971
9021
8972
9022
8973
9023
8974
9024
8975
9025
9026
29513
8977
9027
8978
9028
8979
9029
8980
9030
8981
9031
8982
9032
8983
9033
8984
9034
8985
9035
8986
9036
8987
9037
8988
9038
8989
9039
8990
9040
8991
9041
8992
9042
8993
9043
8994
9044
8995
9045
8996
9046
8997
9047
8998
9048
8999
9049
9000
9050
9001
9051
9002
9052
9003
9053
9004
9054
9005
9055
9006
9056
9007
9057
9008
9058
9009
9059
9010
9060
9011
9061
9012
9062
9013
9063
9014
9064
9015
9065
9016
9066
9017
9067
9018
9068
9019
9069
9020
9070
9021
9071
9022
9072
9023
9073
9024
9074
9025
9075
9026
9076
9077
29454
9028
9078
9029
9079
9030
9080
9031
9081
9032
9082
9033
9083
9034
9084
9035
9085
9036
9086
9037
9087
9038
9088
9039
9089
9040
9090
9041
9091
9042
9092
9043
9093
9044
9094
9045
9095
9046
9096
9047
9097
9048
9098
9049
9099
9050
9100
9051
9101
9052
9102
9053
9103
9054
9104
9055
9105
9056
9106
9057
9107
9058
9108
9059
9109
9060
9110
9061
9111
9062
9112
9063
9113
9064
9114
9065
9115
9066
9116
9067
9117
9068
9118
9069
9119
9070
9120
9071
9121
9072
9122
9073
9123
9074
9124
9075
9125
9076
9126
9077
9127
9128
29395
9079
9129
9080
9130
9081
9131
9082
9132
9083
9133
9084
9134
9085
9135
9086
9136
9087
9137
9088
9138
9089
9139
9090
9140
9091
9141
9092
9142
9093
9143
9094
9144
9095
9145
9096
9146
9097
9147
9098
9148
9099
9149
9100
9150
9101
9151
9102
9152
9103
9153
9104
9154
9105
9155
9106
9156
9107
9157
9108
9158
9109
9159
9110
9160
9111
9161
9112
9162
9113
9163
9114
9164
9115
9165
9116
9166
9117
9167
9118
9168
9119
9169
9120
9170
9121
9171
9122
9172
9123
9173
9124
9174
9125
9175
9126
9176
9127
9177
9128
9178
9179
29336
9130
9180
9131
9181
9132
9182
9133
9183
9134
9184
9135
9185
9136
9186
9137
9187
9138
9188
9139
9189
9140
9190
9141
9191
9142
9192
9143
9193
9144
9194
9145
9195
9146
9196
9147
9197
9148
9198
9149
9199
9150
9200
9151
9201
9152
9202
9153
9203
9154
9204
9155
9205
9156
9206
9157
9207
9158
9208
9159
9209
9160
9210
9161
9211
9162
9212
9163
9213
9164
9214
9165
9215
9166
9216
9167
9217
9168
9218
9169
9219
9170
9220
9171
9221
9172
9222
9173
9223
9174
9224
9175
9225
9176
9226
9177
9227
9178
9228
9179
9229
9230
29277
9181
9231
9182
9232
9183
9233
9184
9234
9185
9235
9186
9236
9187
9237
9188
9238
9189
9239
9190
9240
9191
9241
9192
9242
9193
9243
9194
9244
9195
9245
9196
9246
9197
9247
9198
9248
9199
9249
9200
9250
9201
9251
9202
9252
9203
9253
9204
9254
9205
9255
9206
9256
9207
9257
9208
9258
9209
9259
9210
9260
9211
9261
9212
9262
9213
9263
9214
9264
9215
9265
9216
9266
9217
9267
9218
9268
9219
9269
9220
9270
9221
9271
9222
9272
9223
9273
9224
9274
9225
9275
9226
9276
9227
9277
9228
9278
9229
9279
9230
9280
9281
29218
9232
9282
9233
9283
9234
9284
9235
9285
9236
9286
9237
9287
9238
9288
9239
9289
9240
9290
9241
9291
9242
9292
9243
9293
9244
9294
9245
9295
9246
9296
9247
9297
9248
9298
9249
9299
9250
9300
9251
9301
9252
9302
9253
9303
9254
9304
9255
9305
9256
9306
9257
9307
9258
9308
9259
9309
9260
9310
9261
9311
9262
9312
9263
9313
9264
9314
9265
9315
9266
9316
9267
9317
9268
9318
9269
9319
9270
9320
9271
9321
9272
9322
9273
9323
9274
9324
9275
9325
9276
9326
9277
9327
9278
9328
9279
9329
9280
9330
9281
9331
9332
29159
9283
9333
9284
9334
9285
9335
9286
9336
9287
9337
9288
9338
9289
9339
9290
9340
9291
9341
9292
9342
9293
9343
9294
9344
9295
9345
9296
9346
9297
9347
9298
9348
9299
9349
9300
9350
9301
9351
9302
9352
9303
9353
9304
9354
9305
9355
9306
9356
9307
9357
9308
9358
9309
9359
9310
9360
9311
9361
9312
9362
9313
9363
9314
9364
9315
9365
9316
9366
9317
9367
9318
9368
9319
9369
9320
9370
9321
9371
9322
9372
9323
9373
9324
9374
9325
9375
9326
9376
9327
9377
9328
9378
9329
9379
9330
9380
9331
9381
9332
9382
9383
29100
9334
9384
9335
9385
9336
9386
9337
9387
9338
9388
9339
9389
9340
9390
9341
9391
9342
9392
9343
9393
9344
9394
9345
9395
9346
9396
9347
9397
9348
9398
9349
9399
9350
9400
9351
9401
9352
9402
9353
9403
9354
9404
9355
9405
9356
9406
9357
9407
9358
9408
9359
9409
9360
9410
9361
9411
9362
9412
9363
9413
9364
9414
9365
9415
9366
9416
9367
9417
9368
9418
9369
9419
9370
9420
9371
9421
9372
9422
9373
9423
9374
9424
9375
9425
9376
9426
9377
9427
9378
9428
9379
9429
9380
9430
9381
9431
9382
9432
9383
9433
9434
29041
9385
9435
9386
9436
9387
9437
9388
9438
9389
9439
9390
9440
9391
9441
9392
9442
9393
9443
9394
9444
9395
9445
9396
9446
9397
9447
9398
9448
9399
9449
9400
9450
9401
9451
9402
9452
9403
9453
9404
9454
9405
9455
9406
9456
9407
9457
9408
9458
9409
9459
9410
9460
9411
9461
9412
9462
9413
9463
9414
9464
9415
9465
9416
9466
9417
9467
9418
9468
9419
9469
9420
9470
9421
9471
9422
9472
9423
9473
9424
9474
9425
9475
9426
9476
9427
9477
9428
9478
9429
9479
9430
9480
9431
9481
9432
9482
9433
9483
9434
9484
9485
28982
9436
9486
9437
9487
9438
9488
9439
9489
9440
9490
9441
9491
9442
9492
9443
9493
9444
9494
9445
9495
9446
9496
9447
9497
9448
9498
9449
9499
9450
9500
9451
9501
9452
9502
9453
9503
9454
9504
9455
9505
9456
9506
9457
9507
9458
9508
9459
9509
9460
9510
9461
9511
9462
9512
9463
9513
9464
9514
9465
9515
9466
9516
9467
9517
9468
9518
9469
9519
9470
9520
9471
9521
9472
9522
9473
9523
9474
9524
9475
9525
9476
9526
9477
9527
9478
9528
9479
9529
9480
9530
9481
9531
9482
9532
9483
9533
9484
9534
9485
9535
9536
28923
9487
9537
9488
9538
9489
9539
9490
9540
9491
9541
9492
9542
9493
9543
9494
9544
9495
9545
9496
9546
9497
9547
9498
9548
9499
9549
9500
9550
9501
9551
9502
9552
9503
9553
9504
9554
9505
9555
9506
9556
9507
9557
9508
9558
9509
9559
9510
9560
9511
9561
9512
9562
9513
9563
9514
9564
9515
9565
9516
9566
9517
9567
9518
9568
9519
9569
9520
9570
9521
9571
9522
9572
9523
9573
9524
9574
9525
9575
9526
9576
9527
9577
9528
9578
9529
9579
9530
9580
9531
9581
9532
9582
9533
9583
9534
9584
9535
9585
9536
9586
9587
28864
9538
9588
9539
9589
9540
9590
9541
9591
9542
9592
9543
9593
9544
9594
9545
9595
9546
9596
9547
9597
9548
9598
9549
9599
9550
9600
9551
9601
9552
9602
9553
9603
9554
9604
9555
9605
9556
9606
9557
9607
9558
9608
9559
9609
9560
9610
9561
9611
9562
9612
9563
9613
9564
9614
9565
9615
9566
9616
9567
9617
9568
9618
9569
9619
9570
9620
9571
9621
9572
9622
9573
9623
9574
9624
9575
9625
9576
9626
9577
9627
9578
9628
9579
9629
9580
9630
9581
9631
9582
9632
9583
9633
9584
9634
9585
9635
9586
9636
9587
9637
9638
28805
9589
9639
9590
9640
9591
9641
9592
9642
9593
9643
9594
9644
9595
9645
9596
9646
9597
9647
9598
9648
9599
9649
9600
9650
9601
9651
9602
9652
9603
9653
9604
9654
9605
9655
9606
9656
9607
9657
9608
9658
9609
9659
9610
9660
9611
9661
9612
9662
9613
9663
9614
9664
9615
9665
9616
9666
9617
9667
9618
9668
9619
9669
9620
9670
9621
9671
9622
9672
9623
9673
9624
9674
9625
9675
9626
9676
9627
9677
9628
9678
9629
9679
9630
9680
9631
9681
9632
9682
9633
9683
9634
9684
9635
9685
9636
9686
9637
9687
9638
9688
9689
28746
9640
9690
9641
9691
9642
9692
9643
9693
9644
9694
9645
9695
9646
9696
9647
9697
9648
9698
9649
9699
9650
9700
9651
9701
9652
9702
9653
9703
9654
9704
9655
9705
9656
9706
9657
9707
9658
9708
9659
9709
9660
9710
9661
9711
9662
9712
9663
9713
9664
9714
9665
9715
9666
9716
9667
9717
9668
9718
9669
9719
9670
9720
9671
9721
9672
9722
9673
9723
9674
9724
9675
9725
9676
9726
9677
9727
9678
9728
9679
9729
9680
9730
9681
9731
9682
9732
9683
9733
9684
9734
9685
9735
9686
9736
9687
9737
9688
9738
9689
9739
9740
28687
9691
9741
9692
9742
9693
9743
9694
9744
9695
9745
9696
9746
9697
9747
9698
9748
9699
9749
9700
9750
9701
9751
9702
9752
9703
9753
9704
9754
9705
9755
9706
9756
9707
9757
9708
9758
9709
9759
9710
9760
9711
9761
9712
9762
9713
9763
9714
9764
9715
9765
9716
9766
9717
9767
9718
9768
9719
9769
9720
9770
9721
9771
9722
9772
9723
9773
9724
9774
9725
9775
9726
9776
9727
9777
9728
9778
9729
9779
9730
9780
9731
9781
9732
9782
9733
9783
9734
9784
9735
9785
9736
9786
9737
9787
9738
9788
9739
9789
9740
9790
9791
28628
9742
9792
9743
9793
9744
9794
9745
9795
9746
9796
9747
9797
9748
9798
9749
9799
9750
9800
9751
9801
9752
9802
9753
9803
9754
9804
9755
9805
9756
9806
9757
9807
9758
9808
9759
9809
9760
9810
9761
9811
9762
9812
9763
9813
9764
9814
9765
9815
9766
9816
9767
9817
9768
9818
9769
9819
9770
9820
9771
9821
9772
9822
9773
9823
9774
9824
9775
9825
9776
9826
9777
9827
9778
9828
9779
9829
9780
9830
9781
9831
9782
9832
9783
9833
9784
9834
9785
9835
9786
9836
9787
9837
9788
9838
9789
9839
9790
9840
9791
9841
9842
28569
9793
9843
9794
9844
9795
9845
9796
9846
9797
9847
9798
9848
9799
9849
9800
9850
9801
9851
9802
9852
9803
9853
9804
9854
9805
9855
9806
9856
9807
9857
9808
9858
9809
9859
9810
9860
9811
9861
9812
9862
9813
9863
9814
9864
9815
9865
9816
9866
9817
9867
9818
9868
9819
9869
9820
9870
9821
9871
9822
9872
9823
9873
9824
9874
9825
9875
9826
9876
9827
9877
9828
9878
9829
9879
9830
9880
9831
9881
9832
9882
9833
9883
9834
9884
9835
9885
9836
9886
9837
9887
9838
9888
9839
9889
9840
9890
9841
9891
9842
9892
9893
28510
9844
9894
9845
9895
9846
9896
9847
9897
9848
9898
9849
9899
9850
9900
9851
9901
9852
9902
9853
9903
9854
9904
9855
9905
9856
9906
9857
9907
9858
9908
9859
9909
9860
9910
9861
9911
9862
9912
9863
9913
9864
9914
9865
9915
9866
9916
9867
9917
9868
9918
9869
9919
9870
9920
9871
9921
9872
9922
9873
9923
9874
9924
9875
9925
9876
9926
9877
9927
9878
9928
9879
9929
9880
9930
9881
9931
9882
9932
9883
9933
9884
9934
9885
9935
9886
9936
9887
9937
9888
9938
9889
9939
9890
9940
9891
9941
9892
9942
9893
9943
9944
28451
9895
9945
9896
9946
9897
9947
9898
9948
9899
9949
9900
9950
9901
9951
9902
9952
9903
9953
9904
9954
9905
9955
9906
9956
9907
9957
9908
9958
9909
9959
9910
9960
9911
9961
9912
9962
9913
9963
9914
9964
9915
9965
9916
9966
9917
9967
9918
9968
9919
9969
9920
9970
9921
9971
9922
9972
9923
9973
9924
9974
9925
9975
9926
9976
9927
9977
9928
9978
9929
9979
9930
9980
9931
9981
9932
9982
9933
9983
9934
9984
9935
9985
9936
9986
9937
9987
9938
9988
9939
9989
9940
9990
9941
9991
9942
9992
9943
9993
9944
9994
9995
28392
9946
9996
9947
9997
9948
9998
9949
9999
9950
10000
9951
10001
9952
10002
9953
10003
9954
10004
9955
10005
9956
10006
9957
10007
9958
10008
9959
10009
9960
10010
9961
10011
9962
10012
9963
10013
9964
10014
9965
10015
9966
10016
9967
10017
9968
10018
9969
10019
9970
10020
9971
10021
9972
10022
9973
10023
9974
10024
9975
10025
9976
10026
9977
10027
9978
10028
9979
10029
9980
10030
9981
10031
9982
10032
9983
10033
9984
10034
9985
10035
9986
10036
9987
10037
9988
10038
9989
10039
9990
10040
9991
10041
9992
10042
9993
10043
9994
10044
9995
10045
10046
28333
9997
10047
9998
10048
9999
10049
10000
10050
10001
10051
10002
10052
10003
10053
10004
10054
10005
10055
10006
10056
10007
10057
10008
10058
10009
10059
10010
10060
10011
10061
10012
10062
10013
10063
10014
10064
10015
10065
10016
10066
10017
10067
10018
10068
10019
10069
10020
10070
10021
10071
10022
10072
10023
10073
10024
10074
10025
10075
10026
10076
10027
10077
10028
10078
10029
10079
10030
10080
10031
10081
10032
10082
10033
10083
10034
10084
10035
10085
10036
10086
10037
10087
10038
10088
10039
10089
10040
10090
10041
10091
10042
10092
10043
10093
10044
10094
10045
10095
10046
10096
10097
28274
10048
10098
10049
10099
10050
10100
10051
10101
10052
10102
10053
10103
10054
10104
10055
10105
10056
10106
10057
10107
10058
10108
10059
10109
10060
10110
10061
10111
10062
10112
10063
10113
10064
10114
10065
10115
10066
10116
10067
10117
10068
10118
10069
10119
10070
10120
10071
10121
10072
10122
10073
10123
10074
10124
10075
10125
10076
10126
10077
10127
10078
10128
10079
10129
10080
10130
10081
10131
10082
10132
10083
10133
10084
10134
10085
10135
10086
10136
10087
10137
10088
10138
10089
10139
10090
10140
10091
10141
10092
10142
10093
10143
10094
10144
10095
10145
10096
10146
10097
10147
10148
28215
10099
10149
10100
10150
10101
10151
10102
10152
10103
10153
10104
10154
10105
10155
10106
10156
10107
10157
10108
10158
10109
10159
10110
10160
10111
10161
10112
10162
10113
10163
10114
10164
10115
10165
10116
10166
10117
10167
10118
10168
10119
10169
10120
10170
10121
10171
10122
10172
10123
10173
10124
10174
10125
10175
10126
10176
10127
10177
10128
10178
10129
10179
10130
10180
10131
10181
10132
10182
10133
10183
10134
10184
10135
10185
10136
10186
10137
10187
10138
10188
10139
10189
10140
10190
10141
10191
10142
10192
10143
10193
10144
10194
10145
10195
10146
10196
10147
10197
10148
10198
10199
28156
10150
10200
10151
10201
10152
10202
10153
10203
10154
10204
10155
10205
10156
10206
10157
10207
10158
10208
10159
10209
10160
10210
10161
10211
10162
10212
10163
10213
10164
10214
10165
10215
10166
10216
10167
10217
10168
10218
10169
10219
10170
10220
10171
10221
10172
10222
10173
10223
10174
10224
10175
10225
10176
10226
10177
10227
10178
10228
10179
10229
10180
10230
10181
10231
10182
10232
10183
10233
10184
10234
10185
10235
10186
10236
10187
10237
10188
10238
10189
10239
10190
10240
10191
10241
10192
10242
10193
10243
10194
10244
10195
10245
10196
10246
10197
10247
10198
10248
10199
10249
10250
28097
10201
10251
10202
10252
10203
10253
10204
10254
10205
10255
10206
10256
10207
10257
10208
10258
10209
10259
10210
10260
10211
10261
10212
10262
10213
10263
10214
10264
10215
10265
10216
10266
10217
10267
10218
10268
10219
10269
10220
10270
10221
10271
10222
10272
10223
10273
10224
10274
10225
10275
10226
10276
10227
10277
10228
10278
10229
10279
10230
10280
10231
10281
10232
10282
10233
10283
10234
10284
10235
10285
10236
10286
10237
10287
10238
10288
10239
10289
10240
10290
10241
10291
10242
10292
10243
10293
10244
10294
10245
10295
10246
10296
10247
10297
10248
10298
10249
10299
10250
10300
10301
28038
10252
10302
10253
10303
10254
10304
10255
10305
10256
10306
10257
10307
10258
10308
10259
10309
10260
10310
10261
10311
10262
10312
10263
10313
10264
10314
10265
10315
10266
10316
10267
10317
10268
10318
10269
10319
10270
10320
10271
10321
10272
10322
10273
10323
10274
10324
10275
10325
10276
10326
10277
10327
10278
10328
10279
10329
10280
10330
10281
10331
10282
10332
10283
10333
10284
10334
10285
10335
10286
10336
10287
10337
10288
10338
10289
10339
10290
10340
10291
10341
10292
10342
10293
10343
10294
10344
10295
10345
10296
10346
10297
10347
10298
10348
10299
10349
10300
10350
10301
10351
10352
27979
10303
10353
10304
10354
10305
10355
10306
10356
10307
10357
10308
10358
10309
10359
10310
10360
10311
10361
10312
10362
10313
10363
10314
10364
10315
10365
10316
10366
10317
10367
10318
10368
10319
10369
10320
10370
10321
10371
10322
10372
10323
10373
10324
10374
10325
10375
10326
10376
10327
10377
10328
10378
10329
10379
10330
10380
10331
10381
10332
10382
10333
10383
10334
10384
10335
10385
10336
10386
10337
10387
10338
10388
10339
10389
10340
10390
10341
10391
10342
10392
10343
10393
10344
10394
10345
10395
10346
10396
10347
10397
10348
10398
10349
10399
10350
10400
10351
10401
10352
10402
10403
27920
10354
10404
10355
10405
10356
10406
10357
10407
10358
10408
10359
10409
10360
10410
10361
10411
10362
10412
10363
10413
10364
10414
10365
10415
10366
10416
10367
10417
10368
10418
10369
10419
10370
10420
10371
10421
10372
10422
10373
10423
10374
10424
10375
10425
10376
10426
10377
10427
10378
10428
10379
10429
10380
10430
10381
10431
10382
10432
10383
10433
10384
10434
10385
10435
10386
10436
10387
10437
10388
10438
10389
10439
10390
10440
10391
10441
10392
10442
10393
10443
10394
10444
10395
10445
10396
10446
10397
10447
10398
10448
10399
10449
10400
10450
10401
10451
10402
10452
10403
10453
10454
27861
10405
10455
10406
10456
10407
10457
10408
10458
10409
10459
10410
10460
10411
10461
10412
10462
10413
10463
10414
10464
10415
10465
10416
10466
10417
10467
10418
10468
10419
10469
10420
10470
10421
10471
10422
10472
10423
10473
10424
10474
10425
10475
10426
10476
10427
10477
10428
10478
10429
10479
10430
10480
10431
10481
10432
10482
10433
10483
10434
10484
10435
10485
10436
10486
10437
10487
10438
10488
10439
10489
10440
10490
10441
10491
10442
10492
10443
10493
10444
10494
10445
10495
10446
10496
10447
10497
10448
10498
10449
10499
10450
10500
10451
10501
10452
10502
10453
10503
10454
10504
10505
27802
10456
10506
10457
10507
10458
10508
10459
10509
10460
10510
10461
10511
10462
10512
10463
10513
10464
10514
10465
10515
10466
10516
10467
10517
10468
10518
10469
10519
10470
10520
10471
10521
10472
10522
10473
10523
10474
10524
10475
10525
10476
10526
10477
10527
10478
10528
10479
10529
10480
10530
10481
10531
10482
10532
10483
10533
10484
10534
10485
10535
10486
10536
10487
10537
10488
10538
10489
10539
10490
10540
10491
10541
10492
10542
10493
10543
10494
10544
10495
10545
10496
10546
10497
10547
10498
10548
10499
10549
10500
10550
10501
10551
10502
10552
10503
10553
10504
10554
10505
10555
10556
27743
10507
10557
10508
10558
10509
10559
10510
10560
10511
10561
10512
10562
10513
10563
10514
10564
10515
10565
10516
10566
10517
10567
10518
10568
10519
10569
10520
10570
10521
10571
10522
10572
10523
10573
10524
10574
10525
10575
10526
10576
10527
10577
10528
10578
10529
10579
10530
10580
10531
10581
10532
10582
10533
10583
10534
10584
10535
10585
10536
10586
10537
10587
10538
10588
10539
10589
10540
10590
10541
10591
10542
10592
10543
10593
10544
10594
10545
10595
10546
10596
10547
10597
10548
10598
10549
10599
10550
10600
10551
10601
10552
10602
10553
10603
10554
10604
10555
10605
10556
10606
10607
27684
10558
10608
10559
10609
10560
10610
10561
10611
10562
10612
10563
10613
10564
10614
10565
10615
10566
10616
10567
10617
10568
10618
10569
10619
10570
10620
10571
10621
10572
10622
10573
10623
10574
10624
10575
10625
10576
10626
10577
10627
10578
10628
10579
10629
10580
10630
10581
10631
10582
10632
10583
10633
10584
10634
10585
10635
10586
10636
10587
10637
10588
10638
10589
10639
10590
10640
10591
10641
10592
10642
10593
10643
10594
10644
10595
10645
10596
10646
10597
10647
10598
10648
10599
10649
10600
10650
10601
10651
10602
10652
10603
10653
10604
10654
10605
10655
10606
10656
10607
10657
10658
27625
10609
10659
10610
10660
10611
10661
10612
10662
10613
10663
10614
10664
10615
10665
10616
10666
10617
10667
10618
10668
10619
10669
10620
10670
10621
10671
10622
10672
10623
10673
10624
10674
10625
10675
10626
10676
10627
10677
10628
10678
10629
10679
10630
10680
10631
10681
10632
10682
10633
10683
10634
10684
10635
10685
10636
10686
10637
10687
10638
10688
10639
10689
10640
10690
10641
10691
10642
10692
10643
10693
10644
10694
10645
10695
10646
10696
10647
10697
10648
10698
10649
10699
10650
10700
10651
10701
10652
10702
10653
10703
10654
10704
10655
10705
10656
10706
10657
10707
10658
10708
10709
27566
10660
10710
10661
10711
10662
10712
10663
10713
10664
10714
10665
10715
10666
10716
10667
10717
10668
10718
10669
10719
10670
10720
10671
10721
10672
10722
10673
10723
10674
10724
10675
10725
10676
10726
10677
10727
10678
10728
10679
10729
10680
10730
10681
10731
10682
10732
10683
10733
10684
10734
10685
10735
10686
10736
10687
10737
10688
10738
10689
10739
10690
10740
10691
10741
10692
10742
10693
10743
10694
10744
10695
10745
10696
10746
10697
10747
10698
10748
10699
10749
10700
10750
10701
10751
10702
10752
10703
10753
10704
10754
10705
10755
10706
10756
10707
10757
10708
10758
10709
10759
10760
27507
10711
10761
10712
10762
10713
10763
10714
10764
10715
10765
10716
10766
10717
10767
10718
10768
10719
10769
10720
10770
10721
10771
10722
10772
10723
10773
10724
10774
10725
10775
10726
10776
10727
10777
10728
10778
10729
10779
10730
10780
10731
10781
10732
10782
10733
10783
10734
10784
10735
10785
10736
10786
10737
10787
10738
10788
10739
10789
10740
10790
10741
10791
10742
10792
10743
10793
10744
10794
10745
10795
10746
10796
10747
10797
10748
10798
10749
10799
10750
10800
10751
10801
10752
10802
10753
10803
10754
10804
10755
10805
10756
10806
10757
10807
10758
10808
10759
10809
10760
10810
10811
27448
10762
10812
10763
10813
10764
10814
10765
10815
10766
10816
10767
10817
10768
10818
10769
10819
10770
10820
10771
10821
10772
10822
10773
10823
10774
10824
10775
10825
10776
10826
10777
10827
10778
10828
10779
10829
10780
10830
10781
10831
10782
10832
10783
10833
10784
10834
10785
10835
10786
10836
10787
10837
10788
10838
10789
10839
10790
10840
10791
10841
10792
10842
10793
10843
10794
10844
10795
10845
10796
10846
10797
10847
10798
10848
10799
10849
10800
10850
10801
10851
10802
10852
10803
10853
10804
10854
10805
10855
10806
10856
10807
10857
10808
10858
10809
10859
10810
10860
10811
10861
10862
27389
10813
10863
10814
10864
10815
10865
10816
10866
10817
10867
10818
10868
10819
10869
10820
10870
10821
10871
10822
10872
10823
10873
10824
10874
10825
10875
10826
10876
10827
10877
10828
10878
10829
10879
10830
10880
10831
10881
10832
10882
10833
10883
10834
10884
10835
10885
10836
10886
10837
10887
10838
10888
10839
10889
10840
10890
10841
10891
10842
10892
10843
10893
10844
10894
10845
10895
10846
10896
10847
10897
10848
10898
10849
10899
10850
10900
10851
10901
10852
10902
10853
10903
10854
10904
10855
10905
10856
10906
10857
10907
10858
10908
10859
10909
10860
10910
10861
10911
10862
10912
10913
27330
10864
10914
10865
10915
10866
10916
10867
10917
10868
10918
10869
10919
10870
10920
10871
10921
10872
10922
10873
10923
10874
10924
10875
10925
10876
10926
10877
10927
10878
10928
10879
10929
10880
10930
10881
10931
10882
10932
10883
10933
10884
10934
10885
10935
10886
10936
10887
10937
10888
10938
10889
10939
10890
10940
10891
10941
10892
10942
10893
10943
10894
10944
10895
10945
10896
10946
10897
10947
10898
10948
10899
10949
10900
10950
10901
10951
10902
10952
10903
10953
10904
10954
10905
10955
10906
10956
10907
10957
10908
10958
10909
10959
10910
10960
10911
10961
10912
10962
10913
10963
10964
27271
10915
10965
10916
10966
10917
10967
10918
10968
10919
10969
10920
10970
10921
10971
10922
10972
10923
10973
10924
10974
10925
10975
10926
10976
10927
10977
10928
10978
10929
10979
10930
10980
10931
10981
10932
10982
10933
10983
10934
10984
10935
10985
10936
10986
10937
10987
10938
10988
10939
10989
10940
10990
10941
10991
10942
10992
10943
10993
10944
10994
10945
10995
10946
10996
10947
10997
10948
10998
10949
10999
10950
11000
10951
11001
10952
11002
10953
11003
10954
11004
10955
11005
10956
11006
10957
11007
10958
11008
10959
11009
10960
11010
10961
11011
10962
11012
10963
11013
10964
11014
11015
27212
10966
11016
10967
11017
10968
11018
10969
11019
10970
11020
10971
11021
10972
11022
10973
11023
10974
11024
10975
11025
10976
11026
10977
11027
10978
11028
10979
11029
10980
11030
10981
11031
10982
11032
10983
11033
10984
11034
10985
11035
10986
11036
10987
11037
10988
11038
10989
11039
10990
11040
10991
11041
10992
11042
10993
11043
10994
11044
10995
11045
10996
11046
10997
11047
10998
11048
10999
11049
11000
11050
11001
11051
11002
11052
11003
11053
11004
11054
11005
11055
11006
11056
11007
11057
11008
11058
11009
11059
11010
11060
11011
11061
11012
11062
11013
11063
11014
11064
11015
11065
11066
27153
11017
11067
11018
11068
11019
11069
11020
11070
11021
11071
11022
11072
11023
11073
11024
11074
11025
11075
11026
11076
11027
11077
11028
11078
11029
11079
11030
11080
11031
11081
11032
11082
11033
11083
11034
11084
11035
11085
11036
11086
11037
11087
11038
11088
11039
11089
11040
11090
11041
11091
11042
11092
11043
11093
11044
11094
11045
11095
11046
11096
11047
11097
11048
11098
11049
11099
11050
11100
11051
11101
11052
11102
11053
11103
11054
11104
11055
11105
11056
11106
11057
11107
11058
11108
11059
11109
11060
11110
11061
11111
11062
11112
11063
11113
11064
11114
11065
11115
11066
11116
11117
27094
11068
11118
11069
11119
11070
11120
11071
11121
11072
11122
11073
11123
11074
11124
11075
11125
11076
11126
11077
11127
11078
11128
11079
11129
11080
11130
11081
11131
11082
11132
11083
11133
11084
11134
11085
11135
11086
11136
11087
11137
11088
11138
11089
11139
11090
11140
11091
11141
11092
11142
11093
11143
11094
11144
11095
11145
11096
11146
11097
11147
11098
11148
11099
11149
11100
11150
11101
11151
11102
11152
11103
11153
11104
11154
11105
11155
11106
11156
11107
11157
11108
11158
11109
11159
11110
11160
11111
11161
11112
11162
11113
11163
11114
11164
11115
11165
11116
11166
11117
11167
11168
27035
11119
11169
11120
11170
11121
11171
11122
11172
11123
11173
11124
11174
11125
11175
11126
11176
11127
11177
11128
11178
11129
11179
11130
11180
11131
11181
11132
11182
11133
11183
11134
11184
11135
11185
11136
11186
11137
11187
11138
11188
11139
11189
11140
11190
11141
11191
11142
11192
11143
11193
11144
11194
11145
11195
11146
11196
11147
11197
11148
11198
11149
11199
11150
11200
11151
11201
11152
11202
11153
11203
11154
11204
11155
11205
11156
11206
11157
11207
11158
11208
11159
11209
11160
11210
11161
11211
11162
11212
11163
11213
11164
11214
11165
11215
11166
11216
11167
11217
11168
11218
11219
26976
11170
11220
11171
11221
11172
11222
11173
11223
11174
11224
11175
11225
11176
11226
11177
11227
11178
11228
11179
11229
11180
11230
11181
11231
11182
11232
11183
11233
11184
11234
11185
11235
11186
11236
11187
11237
11188
11238
11189
11239
11190
11240
11191
11241
11192
11242
11193
11243
11194
11244
11195
11245
11196
11246
11197
11247
11198
11248
11199
11249
11200
11250
11201
11251
11202
11252
11203
11253
11204
11254
11205
11255
11206
11256
11207
11257
11208
11258
11209
11259
11210
11260
11211
11261
11212
11262
11213
11263
11214
11264
11215
11265
11216
11266
11217
11267
11218
11268
11219
11269
11270
26917
11221
11271
11222
11272
11223
11273
11224
11274
11225
11275
11226
11276
11227
11277
11228
11278
11229
11279
11230
11280
11231
11281
11232
11282
11233
11283
11234
11284
11235
11285
11236
11286
11237
11287
11238
11288
11239
11289
11240
11290
11241
11291
11242
11292
11243
11293
11244
11294
11245
11295
11246
11296
11247
11297
11248
11298
11249
11299
11250
11300
11251
11301
11252
11302
11253
11303
11254
11304
11255
11305
11256
11306
11257
11307
11258
11308
11259
11309
11260
11310
11261
11311
11262
11312
11263
11313
11264
11314
11265
11315
11266
11316
11267
11317
11268
11318
11269
11319
11270
11320
11321
26858
11272
11322
11273
11323
11274
11324
11275
11325
11276
11326
11277
11327
11278
11328
11279
11329
11280
11330
11281
11331
11282
11332
11283
11333
11284
11334
11285
11335
11286
11336
11287
11337
11288
11338
11289
11339
11290
11340
11291
11341
11292
11342
11293
11343
11294
11344
11295
11345
11296
11346
11297
11347
11298
11348
11299
11349
11300
11350
11301
11351
11302
11352
11303
11353
11304
11354
11305
11355
11306
11356
11307
11357
11308
11358
11309
11359
11310
11360
11311
11361
11312
11362
11313
11363
11314
11364
11315
11365
11316
11366
11317
11367
11318
11368
11319
11369
11320
11370
11321
11371
11372
26799
11323
11373
11324
11374
11325
11375
11326
11376
11327
11377
11328
11378
11329
11379
11330
11380
11331
11381
11332
11382
11333
11383
11334
11384
11335
11385
11336
11386
11337
11387
11338
11388
11339
11389
11340
11390
11341
11391
11342
11392
11343
11393
11344
11394
11345
11395
11346
11396
11347
11397
11348
11398
11349
11399
11350
11400
11351
11401
11352
11402
11353
11403
11354
11404
11355
11405
11356
11406
11357
11407
11358
11408
11359
11409
11360
11410
11361
11411
11362
11412
11363
11413
11364
11414
11365
11415
11366
11416
11367
11417
11368
11418
11369
11419
11370
11420
11371
11421
11372
11422
11423
26740
11374
11424
11375
11425
11376
11426
11377
11427
11378
11428
11379
11429
11380
11430
11381
11431
11382
11432
11383
11433
11384
11434
11385
11435
11386
11436
11387
11437
11388
11438
11389
11439
11390
11440
11391
11441
11392
11442
11393
11443
11394
11444
11395
11445
11396
11446
11397
11447
11398
11448
11399
11449
11400
11450
11401
11451
11402
11452
11403
11453
11404
11454
11405
11455
11406
11456
11407
11457
11408
11458
11409
11459
11410
11460
11411
11461
11412
11462
11413
11463
11414
11464
11415
11465
11416
11466
11417
11467
11418
11468
11419
11469
11420
11470
11421
11471
11422
11472
11423
11473
11474
26681
11425
11475
11426
11476
11427
11477
11428
11478
11429
11479
11430
11480
11431
11481
11432
11482
11433
11483
11434
11484
11435
11485
11436
11486
11437
11487
11438
11488
11439
11489
11440
11490
11441
11491
11442
11492
11443
11493
11444
11494
11445
11495
11446
11496
11447
11497
11448
11498
11449
11499
11450
11500
11451
11501
11452
11502
11453
11503
11454
11504
11455
11505
11456
11506
11457
11507
11458
11508
11459
11509
11460
11510
11461
11511
11462
11512
11463
11513
11464
11514
11465
11515
11466
11516
11467
11517
11468
11518
11469
11519
11470
11520
11471
11521
11472
11522
11473
11523
11474
11524
11525
26622
11476
11526
11477
11527
11478
11528
11479
11529
11480
11530
11481
11531
11482
11532
11483
11533
11484
11534
11485
11535
11486
11536
11487
11537
11488
11538
11489
11539
11490
11540
11491
11541
11492
11542
11493
11543
11494
11544
11495
11545
11496
11546
11497
11547
11498
11548
11499
11549
11500
11550
11501
11551
11502
11552
11503
11553
11504
11554
11505
11555
11506
11556
11507
11557
11508
11558
11509
11559
11510
11560
11511
11561
11512
11562
11513
11563
11514
11564
11515
11565
11516
11566
11517
11567
11518
11568
11519
11569
11520
11570
11521
11571
11522
11572
11523
11573
11524
11574
11525
11575
11576
26563
11527
11577
11528
11578
11529
11579
11530
11580
11531
11581
11532
11582
11533
11583
11534
11584
11535
11585
11536
11586
11537
11587
11538
11588
11539
11589
11540
11590
11541
11591
11542
11592
11543
11593
11544
11594
11545
11595
11546
11596
11547
11597
11548
11598
11549
11599
11550
11600
11551
11601
11552
11602
11553
11603
11554
11604
11555
11605
11556
11606
11557
11607
11558
11608
11559
11609
11560
11610
11561
11611
11562
11612
11563
11613
11564
11614
11565
11615
11566
11616
11567
11617
11568
11618
11569
11619
11570
11620
11571
11621
11572
11622
11573
11623
11574
11624
11575
11625
11576
11626
11627
26504
11578
11628
11579
11629
11580
11630
11581
11631
11582
11632
11583
11633
11584
11634
11585
11635
11586
11636
11587
11637
11588
11638
11589
11639
11590
11640
11591
11641
11592
11642
11593
11643
11594
11644
11595
11645
11596
11646
11597
11647
11598
11648
11599
11649
11600
11650
11601
11651
11602
11652
11603
11653
11604
11654
11605
11655
11606
11656
11607
11657
11608
11658
11609
11659
11610
11660
11611
11661
11612
11662
11613
11663
11614
11664
11615
11665
11616
11666
11617
11667
11618
11668
11619
11669
11620
11670
11621
11671
11622
11672
11623
11673
11624
11674
11625
11675
11626
11676
11627
11677
11678
26445
11629
11679
11630
11680
11631
11681
11632
11682
11633
11683
11634
11684
11635
11685
11636
11686
11637
11687
11638
11688
11639
11689
11640
11690
11641
11691
11642
11692
11643
11693
11644
11694
11645
11695
11646
11696
11647
11697
11648
11698
11649
11699
11650
11700
11651
11701
11652
11702
11653
11703
11654
11704
11655
11705
11656
11706
11657
11707
11658
11708
11659
11709
11660
11710
11661
11711
11662
11712
11663
11713
11664
11714
11665
11715
11666
11716
11667
11717
11668
11718
11669
11719
11670
11720
11671
11721
11672
11722
11673
11723
11674
11724
11675
11725
11676
11726
11677
11727
11678
11728
11729
26386
11680
11730
11681
11731
11682
11732
11683
11733
11684
11734
11685
11735
11686
11736
11687
11737
11688
11738
11689
11739
11690
11740
11691
11741
11692
11742
11693
11743
11694
11744
11695
11745
11696
11746
11697
11747
11698
11748
11699
11749
11700
11750
11701
11751
11702
11752
11703
11753
11704
11754
11705
11755
11706
11756
11707
11757
11708
11758
11709
11759
11710
11760
11711
11761
11712
11762
11713
11763
11714
11764
11715
11765
11716
11766
11717
11767
11718
11768
11719
11769
11720
11770
11721
11771
11722
11772
11723
11773
11724
11774
11725
11775
11726
11776
11727
11777
11728
11778
11729
11779
11780
26327
11731
11781
11732
11782
11733
11783
11734
11784
11735
11785
11736
11786
11737
11787
11738
11788
11739
11789
11740
11790
11741
11791
11742
11792
11743
11793
11744
11794
11745
11795
11746
11796
11747
11797
11748
11798
11749
11799
11750
11800
11751
11801
11752
11802
11753
11803
11754
11804
11755
11805
11756
11806
11757
11807
11758
11808
11759
11809
11760
11810
11761
11811
11762
11812
11763
11813
11764
11814
11765
11815
11766
11816
11767
11817
11768
11818
11769
11819
11770
11820
11771
11821
11772
11822
11773
11823
11774
11824
11775
11825
11776
11826
11777
11827
11778
11828
11779
11829
11780
11830
11831
26268
11782
11832
11783
11833
11784
11834
11785
11835
11786
11836
11787
11837
11788
11838
11789
11839
11790
11840
11791
11841
11792
11842
11793
11843
11794
11844
11795
11845
11796
11846
11797
11847
11798
11848
11799
11849
11800
11850
11801
11851
11802
11852
11803
11853
11804
11854
11805
11855
11806
11856
11807
11857
11808
11858
11809
11859
11810
11860
11811
11861
11812
11862
11813
11863
11814
11864
11815
11865
11816
11866
11817
11867
11818
11868
11819
11869
11820
11870
11821
11871
11822
11872
11823
11873
11824
11874
11825
11875
11826
11876
11827
11877
11828
11878
11829
11879
11830
11880
11831
11881
11882
26209
11833
11883
11834
11884
11835
11885
11836
11886
11837
11887
11838
11888
11839
11889
11840
11890
11841
11891
11842
11892
11843
11893
11844
11894
11845
11895
11846
11896
11847
11897
11848
11898
11849
11899
11850
11900
11851
11901
11852
11902
11853
11903
11854
11904
11855
11905
11856
11906
11857
11907
11858
11908
11859
11909
11860
11910
11861
11911
11862
11912
11863
11913
11864
11914
11865
11915
11866
11916
11867
11917
11868
11918
11869
11919
11870
11920
11871
11921
11872
11922
11873
11923
11874
11924
11875
11925
11876
11926
11877
11927
11878
11928
11879
11929
11880
11930
11881
11931
11882
11932
11933
26150
11884
11934
11885
11935
11886
11936
11887
11937
11888
11938
11889
11939
11890
11940
11891
11941
11892
11942
11893
11943
11894
11944
11895
11945
11896
11946
11897
11947
11898
11948
11899
11949
11900
11950
11901
11951
11902
11952
11903
11953
11904
11954
11905
11955
11906
11956
11907
11957
11908
11958
11909
11959
11910
11960
11911
11961
11912
11962
11913
11963
11914
11964
11915
11965
11916
11966
11917
11967
11918
11968
11919
11969
11920
11970
11921
11971
11922
11972
11923
11973
11924
11974
11925
11975
11926
11976
11927
11977
11928
11978
11929
11979
11930
11980
11931
11981
11932
11982
11933
11983
11984
26091
11935
11985
11936
11986
11937
11987
11938
11988
11939
11989
11940
11990
11941
11991
11942
11992
11943
11993
11944
11994
11945
11995
11946
11996
11947
11997
11948
11998
11949
11999
11950
12000
11951
12001
11952
12002
11953
12003
11954
12004
11955
12005
11956
12006
11957
12007
11958
12008
11959
12009
11960
12010
11961
12011
11962
12012
11963
12013
11964
12014
11965
12015
11966
12016
11967
12017
11968
12018
11969
12019
11970
12020
11971
12021
11972
12022
11973
12023
11974
12024
11975
12025
11976
12026
11977
12027
11978
12028
11979
12029
11980
12030
11981
12031
11982
12032
11983
12033
11984
12034
12035
26032
11986
12036
11987
12037
11988
12038
11989
12039
11990
12040
11991
12041
11992
12042
11993
12043
11994
12044
11995
12045
11996
12046
11997
12047
11998
12048
11999
12049
12000
12050
12001
12051
12002
12052
12003
12053
12004
12054
12005
12055
12006
12056
12007
12057
12008
12058
12009
12059
12010
12060
12011
12061
12012
12062
12013
12063
12014
12064
12015
12065
12016
12066
12017
12067
12018
12068
12019
12069
12020
12070
12021
12071
12022
12072
12023
12073
12024
12074
12025
12075
12026
12076
12027
12077
12028
12078
12029
12079
12030
12080
12031
12081
12032
12082
12033
12083
12034
12084
12035
12085
12086
25973
12037
12087
12038
12088
12039
12089
12040
12090
12041
12091
12042
12092
12043
12093
12044
12094
12045
12095
12046
12096
12047
12097
12048
12098
12049
12099
12050
12100
12051
12101
12052
12102
12053
12103
12054
12104
12055
12105
12056
12106
12057
12107
12058
12108
12059
12109
12060
12110
12061
12111
12062
12112
12063
12113
12064
12114
12065
12115
12066
12116
12067
12117
12068
12118
12069
12119
12070
12120
12071
12121
12072
12122
12073
12123
12074
12124
12075
12125
12076
12126
12077
12127
12078
12128
12079
12129
12080
12130
12081
12131
12082
12132
12083
12133
12084
12134
12085
12135
12086
12136
12137
25914
12088
12138
12089
12139
12090
12140
12091
12141
12092
12142
12093
12143
12094
12144
12095
12145
12096
12146
12097
12147
12098
12148
12099
12149
12100
12150
12101
12151
12102
12152
12103
12153
12104
12154
12105
12155
12106
12156
12107
12157
12108
12158
12109
12159
12110
12160
12111
12161
12112
12162
12113
12163
12114
12164
12115
12165
12116
12166
12117
12167
12118
12168
12119
12169
12120
12170
12121
12171
12122
12172
12123
12173
12124
12174
12125
12175
12126
12176
12127
12177
12128
12178
12129
12179
12130
12180
12131
12181
12132
12182
12133
12183
12134
12184
12135
12185
12136
12186
12137
12187
12188
25855
12139
12189
12140
12190
12141
12191
12142
12192
12143
12193
12144
12194
12145
12195
12146
12196
12147
12197
12148
12198
12149
12199
12150
12200
12151
12201
12152
12202
12153
12203
12154
12204
12155
12205
12156
12206
12157
12207
12158
12208
12159
12209
12160
12210
12161
12211
12162
12212
12163
12213
12164
12214
12165
12215
12166
12216
12167
12217
12168
12218
12169
12219
12170
12220
12171
12221
12172
12222
12173
12223
12174
12224
12175
12225
12176
12226
12177
12227
12178
12228
12179
12229
12180
12230
12181
12231
12182
12232
12183
12233
12184
12234
12185
12235
12186
12236
12187
12237
12188
12238
12239
25796
12190
12240
12191
12241
12192
12242
12193
12243
12194
12244
12195
12245
12196
12246
12197
12247
12198
12248
12199
12249
12200
12250
12201
12251
12202
12252
12203
12253
12204
12254
12205
12255
12206
12256
12207
12257
12208
12258
12209
12259
12210
12260
12211
12261
12212
12262
12213
12263
12214
12264
12215
12265
12216
12266
12217
12267
12218
12268
12219
12269
12220
12270
12221
12271
12222
12272
12223
12273
12224
12274
12225
12275
12226
12276
12227
12277
12228
12278
12229
12279
12230
12280
12231
12281
12232
12282
12233
12283
12234
12284
12235
12285
12236
12286
12237
12287
12238
12288
12239
12289
12290
25737
12241
12291
12242
12292
12243
12293
12244
12294
12245
12295
12246
12296
12247
12297
12248
12298
12249
12299
12250
12300
12251
12301
12252
12302
12253
12303
12254
12304
12255
12305
12256
12306
12257
12307
12258
12308
12259
12309
12260
12310
12261
12311
12262
12312
12263
12313
12264
12314
12265
12315
12266
12316
12267
12317
12268
12318
12269
12319
12270
12320
12271
12321
12272
12322
12273
12323
12274
12324
12275
12325
12276
12326
12277
12327
12278
12328
12279
12329
12280
12330
12281
12331
12282
12332
12283
12333
12284
12334
12285
12335
12286
12336
12287
12337
12288
12338
12289
12339
12290
12340
12341
25678
12292
12342
12293
12343
12294
12344
12295
12345
12296
12346
12297
12347
12298
12348
12299
12349
12300
12350
12301
12351
12302
12352
12303
12353
12304
12354
12305
12355
12306
12356
12307
12357
12308
12358
12309
12359
12310
12360
12311
12361
12312
12362
12313
12363
12314
12364
12315
12365
12316
12366
12317
12367
12318
12368
12319
12369
12320
12370
12321
12371
12322
12372
12323
12373
12324
12374
12325
12375
12326
12376
12327
12377
12328
12378
12329
12379
12330
12380
12331
12381
12332
12382
12333
12383
12334
12384
12335
12385
12336
12386
12337
12387
12338
12388
12339
12389
12340
12390
12341
12391
12392
25619
12343
12393
12344
12394
12345
12395
12346
12396
12347
12397
12348
12398
12349
12399
12350
12400
12351
12401
12352
12402
12353
12403
12354
12404
12355
12405
12356
12406
12357
12407
12358
12408
12359
12409
12360
12410
12361
12411
12362
12412
12363
12413
12364
12414
12365
12415
12366
12416
12367
12417
12368
12418
12369
12419
12370
12420
12371
12421
12372
12422
12373
12423
12374
12424
12375
12425
12376
12426
12377
12427
12378
12428
12379
12429
12380
12430
12381
12431
12382
12432
12383
12433
12384
12434
12385
12435
12386
12436
12387
12437
12388
12438
12389
12439
12390
12440
12391
12441
12392
12442
12443
25560
12394
12444
12395
12445
12396
12446
12397
12447
12398
12448
12399
12449
12400
12450
12401
12451
12402
12452
12403
12453
12404
12454
12405
12455
12406
12456
12407
12457
12408
12458
12409
12459
12410
12460
12411
12461
12412
12462
12413
12463
12414
12464
12415
12465
12416
12466
12417
12467
12418
12468
12419
12469
12420
12470
12421
12471
12422
12472
12423
12473
12424
12474
12425
12475
12426
12476
12427
12477
12428
12478
12429
12479
12430
12480
12431
12481
12432
12482
12433
12483
12434
12484
12435
12485
12436
12486
12437
12487
12438
12488
12439
12489
12440
12490
12441
12491
12442
12492
12443
12493
12494
25501
12445
12495
12446
12496
12447
12497
12448
12498
12449
12499
12450
12500
12451
12501
12452
12502
12453
12503
12454
12504
12455
12505
12456
12506
12457
12507
12458
12508
12459
12509
12460
12510
12461
12511
12462
12512
12463
12513
12464
12514
12465
12515
12466
12516
12467
12517
12468
12518
12469
12519
12470
12520
12471
12521
12472
12522
12473
12523
12474
12524
12475
12525
12476
12526
12477
12527
12478
12528
12479
12529
12480
12530
12481
12531
12482
12532
12483
12533
12484
12534
12485
12535
12486
12536
12487
12537
12488
12538
12489
12539
12490
12540
12491
12541
12492
12542
12493
12543
12494
12544
12545
25442
12496
12546
12497
12547
12498
12548
12499
12549
12500
12550
12501
12551
12502
12552
12503
12553
12504
12554
12505
12555
12506
12556
12507
12557
12508
12558
12509
12559
12510
12560
12511
12561
12512
12562
12513
12563
12514
12564
12515
12565
12516
12566
12517
12567
12518
12568
12519
12569
12520
12570
12521
12571
12522
12572
12523
12573
12524
12574
12525
12575
12526
12576
12527
12577
12528
12578
12529
12579
12530
12580
12531
12581
12532
12582
12533
12583
12534
12584
12535
12585
12536
12586
12537
12587
12538
12588
12539
12589
12540
12590
12541
12591
12542
12592
12543
12593
12544
12594
12545
12595
12596
25383
12547
12597
12548
12598
12549
12599
12550
12600
12551
12601
12552
12602
12553
12603
12554
12604
12555
12605
12556
12606
12557
12607
12558
12608
12559
12609
12560
12610
12561
12611
12562
12612
12563
12613
12564
12614
12565
12615
12566
12616
12567
12617
12568
12618
12569
12619
12570
12620
12571
12621
12572
12622
12573
12623
12574
12624
12575
12625
12576
12626
12577
12627
12578
12628
12579
12629
12580
12630
12581
12631
12582
12632
12583
12633
12584
12634
12585
12635
12586
12636
12587
12637
12588
12638
12589
12639
12590
12640
12591
12641
12592
12642
12593
12643
12594
12644
12595
12645
12596
12646
12647
25324
12598
12648
12599
12649
12600
12650
12601
12651
12602
12652
12603
12653
12604
12654
12605
12655
12606
12656
12607
12657
12608
12658
12609
12659
12610
12660
12611
12661
12612
12662
12613
12663
12614
12664
12615
12665
12616
12666
12617
12667
12618
12668
12619
12669
12620
12670
12621
12671
12622
12672
12623
12673
12624
12674
12625
12675
12626
12676
12627
12677
12628
12678
12629
12679
12630
12680
12631
12681
12632
12682
12633
12683
12634
12684
12635
12685
12636
12686
12637
12687
12638
12688
12639
12689
12640
12690
12641
12691
12642
12692
12643
12693
12644
12694
12645
12695
12646
12696
12647
12697
12698
25265
12649
12699
12650
12700
12651
12701
12652
12702
12653
12703
12654
12704
12655
12705
12656
12706
12657
12707
12658
12708
12659
12709
12660
12710
12661
12711
12662
12712
12663
12713
12664
12714
12665
12715
12666
12716
12667
12717
12668
12718
12669
12719
12670
12720
12671
12721
12672
12722
12673
12723
12674
12724
12675
12725
12676
12726
12677
12727
12678
12728
12679
12729
12680
12730
12681
12731
12682
12732
12683
12733
12684
12734
12685
12735
12686
12736
12687
12737
12688
12738
12689
12739
12690
12740
12691
12741
12692
12742
12693
12743
12694
12744
12695
12745
12696
12746
12697
12747
12698
12748
12749
25206
12700
12750
12701
12751
12702
12752
12703
12753
12704
12754
12705
12755
12706
12756
12707
12757
12708
12758
12709
12759
12710
12760
12711
12761
12712
12762
12713
12763
12714
12764
12715
12765
12716
12766
12717
12767
12718
12768
12719
12769
12720
12770
12721
12771
12722
12772
12723
12773
12724
12774
12725
12775
12726
12776
12727
12777
12728
12778
12729
12779
12730
12780
12731
12781
12732
12782
12733
12783
12734
12784
12735
12785
12736
12786
12737
12787
12738
12788
12739
12789
12740
12790
12741
12791
12742
12792
12743
12793
12744
12794
12745
12795
12746
12796
12747
12797
12748
12798
12749
12799
12800
25147
12751
12801
12752
12802
12753
12803
12754
12804
12755
12805
12756
12806
12757
12807
12758
12808
12759
12809
12760
12810
12761
12811
12762
12812
12763
12813
12764
12814
12765
12815
12766
12816
12767
12817
12768
12818
12769
12819
12770
12820
12771
12821
12772
12822
12773
12823
12774
12824
12775
12825
12776
12826
12777
12827
12778
12828
12779
12829
12780
12830
12781
12831
12782
12832
12783
12833
12784
12834
12785
12835
12786
12836
12787
12837
12788
12838
12789
12839
12790
12840
12791
12841
12792
12842
12793
12843
12794
12844
12795
12845
12796
12846
12797
12847
12798
12848
12799
12849
12800
12850
12851
25088
12802
12852
12803
12853
12804
12854
12805
12855
12806
12856
12807
12857
12808
12858
12809
12859
12810
12860
12811
12861
12812
12862
12813
12863
12814
12864
12815
12865
12816
12866
12817
12867
12818
12868
12819
12869
12820
12870
12821
12871
12822
12872
12823
12873
12824
12874
12825
12875
12826
12876
12827
12877
12828
12878
12829
12879
12830
12880
12831
12881
12832
12882
12833
12883
12834
12884
12835
12885
12836
12886
12837
12887
12838
12888
12839
12889
12840
12890
12841
12891
12842
12892
12843
12893
12844
12894
12845
12895
12846
12896
12847
12897
12848
12898
12849
12899
12850
12900
12851
12901
12902
25029
12853
12903
12854
12904
12855
12905
12856
12906
12857
12907
12858
12908
12859
12909
12860
12910
12861
12911
12862
12912
12863
12913
12864
12914
12865
12915
12866
12916
12867
12917
12868
12918
12869
12919
12870
12920
12871
12921
12872
12922
12873
12923
12874
12924
12875
12925
12876
12926
12877
12927
12878
12928
12879
12929
12880
12930
12881
12931
12882
12932
12883
12933
12884
12934
12885
12935
12886
12936
12887
12937
12888
12938
12889
12939
12890
12940
12891
12941
12892
12942
12893
12943
12894
12944
12895
12945
12896
12946
12897
12947
12898
12948
12899
12949
12900
12950
12901
12951
12902
12952
12953
24970
12904
12954
12905
12955
12906
12956
12907
12957
12908
12958
12909
12959
12910
12960
12911
12961
12912
12962
12913
12963
12914
12964
12915
12965
12916
12966
12917
12967
12918
12968
12919
12969
12920
12970
12921
12971
12922
12972
12923
12973
12924
12974
12925
12975
12926
12976
12927
12977
12928
12978
12929
12979
12930
12980
12931
12981
12932
12982
12933
12983
12934
12984
12935
12985
12936
12986
12937
12987
12938
12988
12939
12989
12940
12990
12941
12991
12942
12992
12943
12993
12944
12994
12945
12995
12946
12996
12947
12997
12948
12998
12949
12999
12950
13000
12951
13001
12952
13002
12953
13003
13004
24911
12955
13005
12956
13006
12957
13007
12958
13008
12959
13009
12960
13010
12961
13011
12962
13012
12963
13013
12964
13014
12965
13015
12966
13016
12967
13017
12968
13018
12969
13019
12970
13020
12971
13021
12972
13022
12973
13023
12974
13024
12975
13025
12976
13026
12977
13027
12978
13028
12979
13029
12980
13030
12981
13031
12982
13032
12983
13033
12984
13034
12985
13035
12986
13036
12987
13037
12988
13038
12989
13039
12990
13040
12991
13041
12992
13042
12993
13043
12994
13044
12995
13045
12996
13046
12997
13047
12998
13048
12999
13049
13000
13050
13001
13051
13002
13052
13003
13053
13004
13054
13055
24852
13006
13056
13007
13057
13008
13058
13009
13059
13010
13060
13011
13061
13012
13062
13013
13063
13014
13064
13015
13065
13016
13066
13017
13067
13018
13068
13019
13069
13020
13070
13021
13071
13022
13072
13023
13073
13024
13074
13025
13075
13026
13076
13027
13077
13028
13078
13029
13079
13030
13080
13031
13081
13032
13082
13033
13083
13034
13084
13035
13085
13036
13086
13037
13087
13038
13088
13039
13089
13040
13090
13041
13091
13042
13092
13043
13093
13044
13094
13045
13095
13046
13096
13047
13097
13048
13098
13049
13099
13050
13100
13051
13101
13052
13102
13053
13103
13054
13104
13055
13105
13106
24793
13057
13107
13058
13108
13059
13109
13060
13110
13061
13111
13062
13112
13063
13113
13064
13114
13065
13115
13066
13116
13067
13117
13068
13118
13069
13119
13070
13120
13071
13121
13072
13122
13073
13123
13074
13124
13075
13125
13076
13126
13077
13127
13078
13128
13079
13129
13080
13130
13081
13131
13082
13132
13083
13133
13084
13134
13085
13135
13086
13136
13087
13137
13088
13138
13089
13139
13090
13140
13091
13141
13092
13142
13093
13143
13094
13144
13095
13145
13096
13146
13097
13147
13098
13148
13099
13149
13100
13150
13101
13151
13102
13152
13103
13153
13104
13154
13105
13155
13106
13156
13157
24734
13108
13158
13109
13159
13110
13160
13111
13161
13112
13162
13113
13163
13114
13164
13115
13165
13116
13166
13117
13167
13118
13168
13119
13169
13120
13170
13121
13171
13122
13172
13123
13173
13124
13174
13125
13175
13126
13176
13127
13177
13128
13178
13129
13179
13130
13180
13131
13181
13132
13182
13133
13183
13134
13184
13135
13185
13136
13186
13137
13187
13138
13188
13139
13189
13140
13190
13141
13191
13142
13192
13143
13193
13144
13194
13145
13195
13146
13196
13147
13197
13148
13198
13149
13199
13150
13200
13151
13201
13152
13202
13153
13203
13154
13204
13155
13205
13156
13206
13157
13207
13208
24675
13159
13209
13160
13210
13161
13211
13162
13212
13163
13213
13164
13214
13165
13215
13166
13216
13167
13217
13168
13218
13169
13219
13170
13220
13171
13221
13172
13222
13173
13223
13174
13224
13175
13225
13176
13226
13177
13227
13178
13228
13179
13229
13180
13230
13181
13231
13182
13232
13183
13233
13184
13234
13185
13235
13186
13236
13187
13237
13188
13238
13189
13239
13190
13240
13191
13241
13192
13242
13193
13243
13194
13244
13195
13245
13196
13246
13197
13247
13198
13248
13199
13249
13200
13250
13201
13251
13202
13252
13203
13253
13204
13254
13205
13255
13206
13256
13207
13257
13208
13258
13259
24616
13210
13260
13211
13261
13212
13262
13213
13263
13214
13264
13215
13265
13216
13266
13217
13267
13218
13268
13219
13269
13220
13270
13221
13271
13222
13272
13223
13273
13224
13274
13225
13275
13226
13276
13227
13277
13228
13278
13229
13279
13230
13280
13231
13281
13232
13282
13233
13283
13234
13284
13235
13285
13236
13286
13237
13287
13238
13288
13239
13289
13240
13290
13241
13291
13242
13292
13243
13293
13244
13294
13245
13295
13246
13296
13247
13297
13248
13298
13249
13299
13250
13300
13251
13301
13252
13302
13253
13303
13254
13304
13255
13305
13256
13306
13257
13307
13258
13308
13259
13309
13310
24557
13261
13311
13262
13312
13263
13313
13264
13314
13265
13315
13266
13316
13267
13317
13268
13318
13269
13319
13270
13320
13271
13321
13272
13322
13273
13323
13274
13324
13275
13325
13276
13326
13277
13327
13278
13328
13279
13329
13280
13330
13281
13331
13282
13332
13283
13333
13284
13334
13285
13335
13286
13336
13287
13337
13288
13338
13289
13339
13290
13340
13291
13341
13292
13342
13293
13343
13294
13344
13295
13345
13296
13346
13297
13347
13298
13348
13299
13349
13300
13350
13301
13351
13302
13352
13303
13353
13304
13354
13305
13355
13306
13356
13307
13357
13308
13358
13309
13359
13310
13360
13361
24498
13312
13362
13313
13363
13314
13364
13315
13365
13316
13366
13317
13367
13318
13368
13319
13369
13320
13370
13321
13371
13322
13372
13323
13373
13324
13374
13325
13375
13326
13376
13327
13377
13328
13378
13329
13379
13330
13380
13331
13381
13332
13382
13333
13383
13334
13384
13335
13385
13336
13386
13337
13387
13338
13388
13339
13389
13340
13390
13341
13391
13342
13392
13343
13393
13344
13394
13345
13395
13346
13396
13347
13397
13348
13398
13349
13399
13350
13400
13351
13401
13352
13402
13353
13403
13354
13404
13355
13405
13356
13406
13357
13407
13358
13408
13359
13409
13360
13410
13361
13411
13412
24439
13363
13413
13364
13414
13365
13415
13366
13416
13367
13417
13368
13418
13369
13419
13370
13420
13371
13421
13372
13422
13373
13423
13374
13424
13375
13425
13376
13426
13377
13427
13378
13428
13379
13429
13380
13430
13381
13431
13382
13432
13383
13433
13384
13434
13385
13435
13386
13436
13387
13437
13388
13438
13389
13439
13390
13440
13391
13441
13392
13442
13393
13443
13394
13444
13395
13445
13396
13446
13397
13447
13398
13448
13399
13449
13400
13450
13401
13451
13402
13452
13403
13453
13404
13454
13405
13455
13406
13456
13407
13457
13408
13458
13409
13459
13410
13460
13411
13461
13412
13462
13463
24380
13414
13464
13415
13465
13416
13466
13417
13467
13418
13468
13419
13469
13420
13470
13421
13471
13422
13472
13423
13473
13424
13474
13425
13475
13426
13476
13427
13477
13428
13478
13429
13479
13430
13480
13431
13481
13432
13482
13433
13483
13434
13484
13435
13485
13436
13486
13437
13487
13438
13488
13439
13489
13440
13490
13441
13491
13442
13492
13443
13493
13444
13494
13445
13495
13446
13496
13447
13497
13448
13498
13449
13499
13450
13500
13451
13501
13452
13502
13453
13503
13454
13504
13455
13505
13456
13506
13457
13507
13458
13508
13459
13509
13460
13510
13461
13511
13462
13512
13463
13513
13514
24321
13465
13515
13466
13516
13467
13517
13468
13518
13469
13519
13470
13520
13471
13521
13472
13522
13473
13523
13474
13524
13475
13525
13476
13526
13477
13527
13478
13528
13479
13529
13480
13530
13481
13531
13482
13532
13483
13533
13484
13534
13485
13535
13486
13536
13487
13537
13488
13538
13489
13539
13490
13540
13491
13541
13492
13542
13493
13543
13494
13544
13495
13545
13496
13546
13497
13547
13498
13548
13499
13549
13500
13550
13501
13551
13502
13552
13503
13553
13504
13554
13505
13555
13506
13556
13507
13557
13508
13558
13509
13559
13510
13560
13511
13561
13512
13562
13513
13563
13514
13564
13565
24262
13516
13566
13517
13567
13518
13568
13519
13569
13520
13570
13521
13571
13522
13572
13523
13573
13524
13574
13525
13575
13526
13576
13527
13577
13528
13578
13529
13579
13530
13580
13531
13581
13532
13582
13533
13583
13534
13584
13535
13585
13536
13586
13537
13587
13538
13588
13539
13589
13540
13590
13541
13591
13542
13592
13543
13593
13544
13594
13545
13595
13546
13596
13547
13597
13548
13598
13549
13599
13550
13600
13551
13601
13552
13602
13553
13603
13554
13604
13555
13605
13556
13606
13557
13607
13558
13608
13559
13609
13560
13610
13561
13611
13562
13612
13563
13613
13564
13614
13565
13615
13616
24203
13567
13617
13568
13618
13569
13619
13570
13620
13571
13621
13572
13622
13573
13623
13574
13624
13575
13625
13576
13626
13577
13627
13578
13628
13579
13629
13580
13630
13581
13631
13582
13632
13583
13633
13584
13634
13585
13635
13586
13636
13587
13637
13588
13638
13589
13639
13590
13640
13591
13641
13592
13642
13593
13643
13594
13644
13595
13645
13596
13646
13597
13647
13598
13648
13599
13649
13600
13650
13601
13651
13602
13652
13603
13653
13604
13654
13605
13655
13606
13656
13607
13657
13608
13658
13609
13659
13610
13660
13611
13661
13612
13662
13613
13663
13614
13664
13615
13665
13616
13666
13667
24144
13618
13668
13619
13669
13620
13670
13621
13671
13622
13672
13623
13673
13624
13674
13625
13675
13626
13676
13627
13677
13628
13678
13629
13679
13630
13680
13631
13681
13632
13682
13633
13683
13634
13684
13635
13685
13636
13686
13637
13687
13638
13688
13639
13689
13640
13690
13641
13691
13642
13692
13643
13693
13644
13694
13645
13695
13646
13696
13647
13697
13648
13698
13649
13699
13650
13700
13651
13701
13652
13702
13653
13703
13654
13704
13655
13705
13656
13706
13657
13707
13658
13708
13659
13709
13660
13710
13661
13711
13662
13712
13663
13713
13664
13714
13665
13715
13666
13716
13667
13717
13718
24085
13669
13719
13670
13720
13671
13721
13672
13722
13673
13723
13674
13724
13675
13725
13676
13726
13677
13727
13678
13728
13679
13729
13680
13730
13681
13731
13682
13732
13683
13733
13684
13734
13685
13735
13686
13736
13687
13737
13688
13738
13689
13739
13690
13740
13691
13741
13692
13742
13693
13743
13694
13744
13695
13745
13696
13746
13697
13747
13698
13748
13699
13749
13700
13750
13701
13751
13702
13752
13703
13753
13704
13754
13705
13755
13706
13756
13707
13757
13708
13758
13709
13759
13710
13760
13711
13761
13712
13762
13713
13763
13714
13764
13715
13765
13716
13766
13717
13767
13718
13768
13769
24026
13720
13770
13721
13771
13722
13772
13723
13773
13724
13774
13725
13775
13726
13776
13727
13777
13728
13778
13729
13779
13730
13780
13731
13781
13732
13782
13733
13783
13734
13784
13735
13785
13736
13786
13737
13787
13738
13788
13739
13789
13740
13790
13741
13791
13742
13792
13743
13793
13744
13794
13745
13795
13746
13796
13747
13797
13748
13798
13749
13799
13750
13800
13751
13801
13752
13802
13753
13803
13754
13804
13755
13805
13756
13806
13757
13807
13758
13808
13759
13809
13760
13810
13761
13811
13762
13812
13763
13813
13764
13814
13765
13815
13766
13816
13767
13817
13768
13818
13769
13819
13820
23967
13771
13821
13772
13822
13773
13823
13774
13824
13775
13825
13776
13826
13777
13827
13778
13828
13779
13829
13780
13830
13781
13831
13782
13832
13783
13833
13784
13834
13785
13835
13786
13836
13787
13837
13788
13838
13789
13839
13790
13840
13791
13841
13792
13842
13793
13843
13794
13844
13795
13845
13796
13846
13797
13847
13798
13848
13799
13849
13800
13850
13801
13851
13802
13852
13803
13853
13804
13854
13805
13855
13806
13856
13807
13857
13808
13858
13809
13859
13810
13860
13811
13861
13812
13862
13813
13863
13814
13864
13815
13865
13816
13866
13817
13867
13818
13868
13819
13869
13820
13870
13871
23908
13822
13872
13823
13873
13824
13874
13825
13875
13826
13876
13827
13877
13828
13878
13829
13879
13830
13880
13831
13881
13832
13882
13833
13883
13834
13884
13835
13885
13836
13886
13837
13887
13838
13888
13839
13889
13840
13890
13841
13891
13842
13892
13843
13893
13844
13894
13845
13895
13846
13896
13847
13897
13848
13898
13849
13899
13850
13900
13851
13901
13852
13902
13853
13903
13854
13904
13855
13905
13856
13906
13857
13907
13858
13908
13859
13909
13860
13910
13861
13911
13862
13912
13863
13913
13864
13914
13865
13915
13866
13916
13867
13917
13868
13918
13869
13919
13870
13920
13871
13921
13922
23849
13873
13923
13874
13924
13875
13925
13876
13926
13877
13927
13878
13928
13879
13929
13880
13930
13881
13931
13882
13932
13883
13933
13884
13934
13885
13935
13886
13936
13887
13937
13888
13938
13889
13939
13890
13940
13891
13941
13892
13942
13893
13943
13894
13944
13895
13945
13896
13946
13897
13947
13898
13948
13899
13949
13900
13950
13901
13951
13902
13952
13903
13953
13904
13954
13905
13955
13906
13956
13907
13957
13908
13958
13909
13959
13910
13960
13911
13961
13912
13962
13913
13963
13914
13964
13915
13965
13916
13966
13917
13967
13918
13968
13919
13969
13920
13970
13921
13971
13922
13972
13973
23790
13924
13974
13925
13975
13926
13976
13927
13977
13928
13978
13929
13979
13930
13980
13931
13981
13932
13982
13933
13983
13934
13984
13935
13985
13936
13986
13937
13987
13938
13988
13939
13989
13940
13990
13941
13991
13942
13992
13943
13993
13944
13994
13945
13995
13946
13996
13947
13997
13948
13998
13949
13999
13950
14000
13951
14001
13952
14002
13953
14003
13954
14004
13955
14005
13956
14006
13957
14007
13958
14008
13959
14009
13960
14010
13961
14011
13962
14012
13963
14013
13964
14014
13965
14015
13966
14016
13967
14017
13968
14018
13969
14019
13970
14020
13971
14021
13972
14022
13973
14023
14024
23731
13975
14025
13976
14026
13977
14027
13978
14028
13979
14029
13980
14030
13981
14031
13982
14032
13983
14033
13984
14034
13985
14035
13986
14036
13987
14037
13988
14038
13989
14039
13990
14040
13991
14041
13992
14042
13993
14043
13994
14044
13995
14045
13996
14046
13997
14047
13998
14048
13999
14049
14000
14050
14001
14051
14002
14052
14003
14053
14004
14054
14005
14055
14006
14056
14007
14057
14008
14058
14009
14059
14010
14060
14011
14061
14012
14062
14013
14063
14014
14064
14015
14065
14016
14066
14017
14067
14018
14068
14019
14069
14020
14070
14021
14071
14022
14072
14023
14073
14024
14074
14075
23672
14026
14076
14027
14077
14028
14078
14029
14079
14030
14080
14031
14081
14032
14082
14033
14083
14034
14084
14035
14085
14036
14086
14037
14087
14038
14088
14039
14089
14040
14090
14041
14091
14042
14092
14043
14093
14044
14094
14045
14095
14046
14096
14047
14097
14048
14098
14049
14099
14050
14100
14051
14101
14052
14102
14053
14103
14054
14104
14055
14105
14056
14106
14057
14107
14058
14108
14059
14109
14060
14110
14061
14111
14062
14112
14063
14113
14064
14114
14065
14115
14066
14116
14067
14117
14068
14118
14069
14119
14070
14120
14071
14121
14072
14122
14073
14123
14074
14124
14075
14125
14126
23613
14077
14127
14078
14128
14079
14129
14080
14130
14081
14131
14082
14132
14083
14133
14084
14134
14085
14135
14086
14136
14087
14137
14088
14138
14089
14139
14090
14140
14091
14141
14092
14142
14093
14143
14094
14144
14095
14145
14096
14146
14097
14147
14098
14148
14099
14149
14100
14150
14101
14151
14102
14152
14103
14153
14104
14154
14105
14155
14106
14156
14107
14157
14108
14158
14109
14159
14110
14160
14111
14161
14112
14162
14113
14163
14114
14164
14115
14165
14116
14166
14117
14167
14118
14168
14119
14169
14120
14170
14121
14171
14122
14172
14123
14173
14124
14174
14125
14175
14126
14176
14177
23554
14128
14178
14129
14179
14130
14180
14131
14181
14132
14182
14133
14183
14134
14184
14135
14185
14136
14186
14137
14187
14138
14188
14139
14189
14140
14190
14141
14191
14142
14192
14143
14193
14144
14194
14145
14195
14146
14196
14147
14197
14148
14198
14149
14199
14150
14200
14151
14201
14152
14202
14153
14203
14154
14204
14155
14205
14156
14206
14157
14207
14158
14208
14159
14209
14160
14210
14161
14211
14162
14212
14163
14213
14164
14214
14165
14215
14166
14216
14167
14217
14168
14218
14169
14219
14170
14220
14171
14221
14172
14222
14173
14223
14174
14224
14175
14225
14176
14226
14177
14227
14228
23495
14179
14229
14180
14230
14181
14231
14182
14232
14183
14233
14184
14234
14185
14235
14186
14236
14187
14237
14188
14238
14189
14239
14190
14240
14191
14241
14192
14242
14193
14243
14194
14244
14195
14245
14196
14246
14197
14247
14198
14248
14199
14249
14200
14250
14201
14251
14202
14252
14203
14253
14204
14254
14205
14255
14206
14256
14207
14257
14208
14258
14209
14259
14210
14260
14211
14261
14212
14262
14213
14263
14214
14264
14215
14265
14216
14266
14217
14267
14218
14268
14219
14269
14220
14270
14221
14271
14222
14272
14223
14273
14224
14274
14225
14275
14226
14276
14227
14277
14228
14278
14279
23436
14230
14280
14231
14281
14232
14282
14233
14283
14234
14284
14235
14285
14236
14286
14237
14287
14238
14288
14239
14289
14240
14290
14241
14291
14242
14292
14243
14293
14244
14294
14245
14295
14246
14296
14247
14297
14248
14298
14249
14299
14250
14300
14251
14301
14252
14302
14253
14303
14254
14304
14255
14305
14256
14306
14257
14307
14258
14308
14259
14309
14260
14310
14261
14311
14262
14312
14263
14313
14264
14314
14265
14315
14266
14316
14267
14317
14268
14318
14269
14319
14270
14320
14271
14321
14272
14322
14273
14323
14274
14324
14275
14325
14276
14326
14277
14327
14278
14328
14279
14329
14330
23377
14281
14331
14282
14332
14283
14333
14284
14334
14285
14335
14286
14336
14287
14337
14288
14338
14289
14339
14290
14340
14291
14341
14292
14342
14293
14343
14294
14344
14295
14345
14296
14346
14297
14347
14298
14348
14299
14349
14300
14350
14301
14351
14302
14352
14303
14353
14304
14354
14305
14355
14306
14356
14307
14357
14308
14358
14309
14359
14310
14360
14311
14361
14312
14362
14313
14363
14314
14364
14315
14365
14316
14366
14317
14367
14318
14368
14319
14369
14320
14370
14321
14371
14322
14372
14323
14373
14324
14374
14325
14375
14326
14376
14327
14377
14328
14378
14329
14379
14330
14380
14381
23318
14332
14382
14333
14383
14334
14384
14335
14385
14336
14386
14337
14387
14338
14388
14339
14389
14340
14390
14341
14391
14342
14392
14343
14393
14344
14394
14345
14395
14346
14396
14347
14397
14348
14398
14349
14399
14350
14400
14351
14401
14352
14402
14353
14403
14354
14404
14355
14405
14356
14406
14357
14407
14358
14408
14359
14409
14360
14410
14361
14411
14362
14412
14363
14413
14364
14414
14365
14415
14366
14416
14367
14417
14368
14418
14369
14419
14370
14420
14371
14421
14372
14422
14373
14423
14374
14424
14375
14425
14376
14426
14377
14427
14378
14428
14379
14429
14380
14430
14381
14431
14432
23259
14383
14433
14384
14434
14385
14435
14386
14436
14387
14437
14388
14438
14389
14439
14390
14440
14391
14441
14392
14442
14393
14443
14394
14444
14395
14445
14396
14446
14397
14447
14398
14448
14399
14449
14400
14450
14401
14451
14402
14452
14403
14453
14404
14454
14405
14455
14406
14456
14407
14457
14408
14458
14409
14459
14410
14460
14411
14461
14412
14462
14413
14463
14414
14464
14415
14465
14416
14466
14417
14467
14418
14468
14419
14469
14420
14470
14421
14471
14422
14472
14423
14473
14424
14474
14425
14475
14426
14476
14427
14477
14428
14478
14429
14479
14430
14480
14431
14481
14432
14482
14483
23200
14434
14484
14435
14485
14436
14486
14437
14487
14438
14488
14439
14489
14440
14490
14441
14491
14442
14492
14443
14493
14444
14494
14445
14495
14446
14496
14447
14497
14448
14498
14449
14499
14450
14500
14451
14501
14452
14502
14453
14503
14454
14504
14455
14505
14456
14506
14457
14507
14458
14508
14459
14509
14460
14510
14461
14511
14462
14512
14463
14513
14464
14514
14465
14515
14466
14516
14467
14517
14468
14518
14469
14519
14470
14520
14471
14521
14472
14522
14473
14523
14474
14524
14475
14525
14476
14526
14477
14527
14478
14528
14479
14529
14480
14530
14481
14531
14482
14532
14483
14533
14534
23141
14485
14535
14486
14536
14487
14537
14488
14538
14489
14539
14490
14540
14491
14541
14492
14542
14493
14543
14494
14544
14495
14545
14496
14546
14497
14547
14498
14548
14499
14549
14500
14550
14501
14551
14502
14552
14503
14553
14504
14554
14505
14555
14506
14556
14507
14557
14508
14558
14509
14559
14510
14560
14511
14561
14512
14562
14513
14563
14514
14564
14515
14565
14516
14566
14517
14567
14518
14568
14519
14569
14520
14570
14521
14571
14522
14572
14523
14573
14524
14574
14525
14575
14526
14576
14527
14577
14528
14578
14529
14579
14530
14580
14531
14581
14532
14582
14533
14583
14534
14584
14585
23082
14536
62919
14537
62918
14538
62917
14539
62916
14540
62915
14541
62914
14542
62913
14543
62912
14544
62911
14545
62910
14546
62909
14547
62908
14548
62907
14549
62906
14550
62905
14551
62904
14552
62903
14553
62902
14554
62901
14555
62900
14556
62899
14557
62898
14558
62897
14559
62896
14560
62895
14561
62894
14562
62893
14563
62892
14564
62891
14565
62890
14566
62889
14567
62888
14568
62887
14569
62886
14570
62885
14571
62884
14572
62883
14573
62882
14574
62881
14575
62880
14576
62879
14577
62878
14578
62877
14579
62876
14580
62875
14581
62874
14582
62873
14583
62872
14584
62871
14585
62870
23023
62869
14587
14645
48333
14588
14646
48332
14589
14647
48331
14590
14648
48330
14591
14649
48329
14592
14650
48328
14593
14651
48327
14594
14652
48326
14595
14653
48325
14596
14654
48324
14597
14655
48323
14598
14656
48322
14599
14657
48321
14600
14658
48320
14601
14659
48319
14602
14660
48318
14603
14661
48317
14604
14662
48316
14605
14663
48315
14606
14664
48314
14607
14665
48313
14608
14666
48312
14609
14667
48311
14610
14668
48310
14611
14669
48309
14612
14670
48308
14613
14671
48307
14614
14672
48306
14615
14673
48305
14616
14674
48304
14617
14675
48303
14618
14676
48302
14619
14677
48301
14620
14678
48300
14621
14679
48299
14622
14680
48298
14623
14681
48297
14624
14682
48296
14625
14683
48295
14626
14684
48294
14627
14685
48293
14628
14686
48292
14629
14687
48291
14630
14688
48290
14631
14689
48289
14632
14690
48288
14633
14691
48287
14634
14692
48286
14635
14693
48285
14636
14694
48284
14637
14695
48283
14638
14696
48282
14639
14697
48281
14640
14698
48280
14641
14699
48279
14642
14700
48278
14643
14701
48277
14644
14702
48276
14703
48275
63062
14646
14704
14647
14705
14648
14706
14649
14707
14650
14708
14651
14709
14652
14710
14653
14711
14654
14712
14655
14713
14656
14714
14657
14715
14658
14716
14659
14717
14660
14718
14661
14719
14662
14720
14663
14721
14664
14722
14665
14723
14666
14724
14667
14725
14668
14726
14669
14727
14670
14728
14671
14729
14672
14730
14673
14731
14674
14732
14675
14733
14676
14734
14677
14735
14678
14736
14679
14737
14680
14738
14681
14739
14682
14740
14683
14741
14684
14742
14685
14743
14686
14744
14687
14745
14688
14746
14689
14747
14690
14748
14691
14749
14692
14750
14693
14751
14694
14752
14695
14753
14696
14754
14697
14755
14698
14756
14699
14757
14700
14758
14701
14759
14702
14760
14703
14761
14762
63061
14705
14763
14706
14764
14707
14765
14708
14766
14709
14767
14710
14768
14711
14769
14712
14770
14713
14771
14714
14772
14715
14773
14716
14774
14717
14775
14718
14776
14719
14777
14720
14778
14721
14779
14722
14780
14723
14781
14724
14782
14725
14783
14726
14784
14727
14785
14728
14786
14729
14787
14730
14788
14731
14789
14732
14790
14733
14791
14734
14792
14735
14793
14736
14794
14737
14795
14738
14796
14739
14797
14740
14798
14741
14799
14742
14800
14743
14801
14744
14802
14745
14803
14746
14804
14747
14805
14748
14806
14749
14807
14750
14808
14751
14809
14752
14810
14753
14811
14754
14812
14755
14813
14756
14814
14757
14815
14758
14816
14759
14817
14760
14818
14761
14819
14762
14820
14821
63060
14764
14822
14765
14823
14766
14824
14767
14825
14768
14826
14769
14827
14770
14828
14771
14829
14772
14830
14773
14831
14774
14832
14775
14833
14776
14834
14777
14835
14778
14836
14779
14837
14780
14838
14781
14839
14782
14840
14783
14841
14784
14842
14785
14843
14786
14844
14787
14845
14788
14846
14789
14847
14790
14848
14791
14849
14792
14850
14793
14851
14794
14852
14795
14853
14796
14854
14797
14855
14798
14856
14799
14857
14800
14858
14801
14859
14802
14860
14803
14861
14804
14862
14805
14863
14806
14864
14807
14865
14808
14866
14809
14867
14810
14868
14811
14869
14812
14870
14813
14871
14814
14872
14815
14873
14816
14874
14817
14875
14818
14876
14819
14877
14820
14878
14821
14879
14880
63059
14823
14881
14824
14882
14825
14883
14826
14884
14827
14885
14828
14886
14829
14887
14830
14888
14831
14889
14832
14890
14833
14891
14834
14892
14835
14893
14836
14894
14837
14895
14838
14896
14839
14897
14840
14898
14841
14899
14842
14900
14843
14901
14844
14902
14845
14903
14846
14904
14847
14905
14848
14906
14849
14907
14850
14908
14851
14909
14852
14910
14853
14911
14854
14912
14855
14913
14856
14914
14857
14915
14858
14916
14859
14917
14860
14918
14861
14919
14862
14920
14863
14921
14864
14922
14865
14923
14866
14924
14867
14925
14868
14926
14869
14927
14870
14928
14871
14929
14872
14930
14873
14931
14874
14932
14875
14933
14876
14934
14877
14935
14878
14936
14879
14937
14880
14938
14939
63058
14882
14940
14883
14941
14884
14942
14885
14943
14886
14944
14887
14945
14888
14946
14889
14947
14890
14948
14891
14949
14892
14950
14893
14951
14894
14952
14895
14953
14896
14954
14897
14955
14898
14956
14899
14957
14900
14958
14901
14959
14902
14960
14903
14961
14904
14962
14905
14963
14906
14964
14907
14965
14908
14966
14909
14967
14910
14968
14911
14969
14912
14970
14913
14971
14914
14972
14915
14973
14916
14974
14917
14975
14918
14976
14919
14977
14920
14978
14921
14979
14922
14980
14923
14981
14924
14982
14925
14983
14926
14984
14927
14985
14928
14986
14929
14987
14930
14988
14931
14989
14932
14990
14933
14991
14934
14992
14935
14993
14936
14994
14937
14995
14938
14996
14939
14997
14998
63057
14941
14999
14942
15000
14943
15001
14944
15002
14945
15003
14946
15004
14947
15005
14948
15006
14949
15007
14950
15008
14951
15009
14952
15010
14953
15011
14954
15012
14955
15013
14956
15014
14957
15015
14958
15016
14959
15017
14960
15018
14961
15019
14962
15020
14963
15021
14964
15022
14965
15023
14966
15024
14967
15025
14968
15026
14969
15027
14970
15028
14971
15029
14972
15030
14973
15031
14974
15032
14975
15033
14976
15034
14977
15035
14978
15036
14979
15037
14980
15038
14981
15039
14982
15040
14983
15041
14984
15042
14985
15043
14986
15044
14987
15045
14988
15046
14989
15047
14990
15048
14991
15049
14992
15050
14993
15051
14994
15052
14995
15053
14996
15054
14997
15055
14998
15056
15057
63056
15000
15058
15001
15059
15002
15060
15003
15061
15004
15062
15005
15063
15006
15064
15007
15065
15008
15066
15009
15067
15010
15068
15011
15069
15012
15070
15013
15071
15014
15072
15015
15073
15016
15074
15017
15075
15018
15076
15019
15077
15020
15078
15021
15079
15022
15080
15023
15081
15024
15082
15025
15083
15026
15084
15027
15085
15028
15086
15029
15087
15030
15088
15031
15089
15032
15090
15033
15091
15034
15092
15035
15093
15036
15094
15037
15095
15038
15096
15039
15097
15040
15098
15041
15099
15042
15100
15043
15101
15044
15102
15045
15103
15046
15104
15047
15105
15048
15106
15049
15107
15050
15108
15051
15109
15052
15110
15053
15111
15054
15112
15055
15113
15056
15114
15057
15115
15116
63055
15059
15117
15060
15118
15061
15119
15062
15120
15063
15121
15064
15122
15065
15123
15066
15124
15067
15125
15068
15126
15069
15127
15070
15128
15071
15129
15072
15130
15073
15131
15074
15132
15075
15133
15076
15134
15077
15135
15078
15136
15079
15137
15080
15138
15081
15139
15082
15140
15083
15141
15084
15142
15085
15143
15086
15144
15087
15145
15088
15146
15089
15147
15090
15148
15091
15149
15092
15150
15093
15151
15094
15152
15095
15153
15096
15154
15097
15155
15098
15156
15099
15157
15100
15158
15101
15159
15102
15160
15103
15161
15104
15162
15105
15163
15106
15164
15107
15165
15108
15166
15109
15167
15110
15168
15111
15169
15112
15170
15113
15171
15114
15172
15115
15173
15116
15174
15175
63054
15118
15176
15119
15177
15120
15178
15121
15179
15122
15180
15123
15181
15124
15182
15125
15183
15126
15184
15127
15185
15128
15186
15129
15187
15130
15188
15131
15189
15132
15190
15133
15191
15134
15192
15135
15193
15136
15194
15137
15195
15138
15196
15139
15197
15140
15198
15141
15199
15142
15200
15143
15201
15144
15202
15145
15203
15146
15204
15147
15205
15148
15206
15149
15207
15150
15208
15151
15209
15152
15210
15153
15211
15154
15212
15155
15213
15156
15214
15157
15215
15158
15216
15159
15217
15160
15218
15161
15219
15162
15220
15163
15221
15164
15222
15165
15223
15166
15224
15167
15225
15168
15226
15169
15227
15170
15228
15171
15229
15172
15230
15173
15231
15174
15232
15175
15233
15234
63053
15177
15235
15178
15236
15179
15237
15180
15238
15181
15239
15182
15240
15183
15241
15184
15242
15185
15243
15186
15244
15187
15245
15188
15246
15189
15247
15190
15248
15191
15249
15192
15250
15193
15251
15194
15252
15195
15253
15196
15254
15197
15255
15198
15256
15199
15257
15200
15258
15201
15259
15202
15260
15203
15261
15204
15262
15205
15263
15206
15264
15207
15265
15208
15266
15209
15267
15210
15268
15211
15269
15212
15270
15213
15271
15214
15272
15215
15273
15216
15274
15217
15275
15218
15276
15219
15277
15220
15278
15221
15279
15222
15280
15223
15281
15224
15282
15225
15283
15226
15284
15227
15285
15228
15286
15229
15287
15230
15288
15231
15289
15232
15290
15233
15291
15234
15292
15293
63052
15236
15294
15237
15295
15238
15296
15239
15297
15240
15298
15241
15299
15242
15300
15243
15301
15244
15302
15245
15303
15246
15304
15247
15305
15248
15306
15249
15307
15250
15308
15251
15309
15252
15310
15253
15311
15254
15312
15255
15313
15256
15314
15257
15315
15258
15316
15259
15317
15260
15318
15261
15319
15262
15320
15263
15321
15264
15322
15265
15323
15266
15324
15267
15325
15268
15326
15269
15327
15270
15328
15271
15329
15272
15330
15273
15331
15274
15332
15275
15333
15276
15334
15277
15335
15278
15336
15279
15337
15280
15338
15281
15339
15282
15340
15283
15341
15284
15342
15285
15343
15286
15344
15287
15345
15288
15346
15289
15347
15290
15348
15291
15349
15292
15350
15293
15351
15352
63051
15295
15353
15296
15354
15297
15355
15298
15356
15299
15357
15300
15358
15301
15359
15302
15360
15303
15361
15304
15362
15305
15363
15306
15364
15307
15365
15308
15366
15309
15367
15310
15368
15311
15369
15312
15370
15313
15371
15314
15372
15315
15373
15316
15374
15317
15375
15318
15376
15319
15377
15320
15378
15321
15379
15322
15380
15323
15381
15324
15382
15325
15383
15326
15384
15327
15385
15328
15386
15329
15387
15330
15388
15331
15389
15332
15390
15333
15391
15334
15392
15335
15393
15336
15394
15337
15395
15338
15396
15339
15397
15340
15398
15341
15399
15342
15400
15343
15401
15344
15402
15345
15403
15346
15404
15347
15405
15348
15406
15349
15407
15350
15408
15351
15409
15352
15410
15411
63050
15354
15412
15355
15413
15356
15414
15357
15415
15358
15416
15359
15417
15360
15418
15361
15419
15362
15420
15363
15421
15364
15422
15365
15423
15366
15424
15367
15425
15368
15426
15369
15427
15370
15428
15371
15429
15372
15430
15373
15431
15374
15432
15375
15433
15376
15434
15377
15435
15378
15436
15379
15437
15380
15438
15381
15439
15382
15440
15383
15441
15384
15442
15385
15443
15386
15444
15387
15445
15388
15446
15389
15447
15390
15448
15391
15449
15392
15450
15393
15451
15394
15452
15395
15453
15396
15454
15397
15455
15398
15456
15399
15457
15400
15458
15401
15459
15402
15460
15403
15461
15404
15462
15405
15463
15406
15464
15407
15465
15408
15466
15409
15467
15410
15468
15411
15469
15470
63049
15413
15471
15414
15472
15415
15473
15416
15474
15417
15475
15418
15476
15419
15477
15420
15478
15421
15479
15422
15480
15423
15481
15424
15482
15425
15483
15426
15484
15427
15485
15428
15486
15429
15487
15430
15488
15431
15489
15432
15490
15433
15491
15434
15492
15435
15493
15436
15494
15437
15495
15438
15496
15439
15497
15440
15498
15441
15499
15442
15500
15443
15501
15444
15502
15445
15503
15446
15504
15447
15505
15448
15506
15449
15507
15450
15508
15451
15509
15452
15510
15453
15511
15454
15512
15455
15513
15456
15514
15457
15515
15458
15516
15459
15517
15460
15518
15461
15519
15462
15520
15463
15521
15464
15522
15465
15523
15466
15524
15467
15525
15468
15526
15469
15527
15470
15528
15529
63048
15472
15530
15473
15531
15474
15532
15475
15533
15476
15534
15477
15535
15478
15536
15479
15537
15480
15538
15481
15539
15482
15540
15483
15541
15484
15542
15485
15543
15486
15544
15487
15545
15488
15546
15489
15547
15490
15548
15491
15549
15492
15550
15493
15551
15494
15552
15495
15553
15496
15554
15497
15555
15498
15556
15499
15557
15500
15558
15501
15559
15502
15560
15503
15561
15504
15562
15505
15563
15506
15564
15507
15565
15508
15566
15509
15567
15510
15568
15511
15569
15512
15570
15513
15571
15514
15572
15515
15573
15516
15574
15517
15575
15518
15576
15519
15577
15520
15578
15521
15579
15522
15580
15523
15581
15524
15582
15525
15583
15526
15584
15527
15585
15528
15586
15529
15587
15588
63047
15531
15589
15532
15590
15533
15591
15534
15592
15535
15593
15536
15594
15537
15595
15538
15596
15539
15597
15540
15598
15541
15599
15542
15600
15543
15601
15544
15602
15545
15603
15546
15604
15547
15605
15548
15606
15549
15607
15550
15608
15551
15609
15552
15610
15553
15611
15554
15612
15555
15613
15556
15614
15557
15615
15558
15616
15559
15617
15560
15618
15561
15619
15562
15620
15563
15621
15564
15622
15565
15623
15566
15624
15567
15625
15568
15626
15569
15627
15570
15628
15571
15629
15572
15630
15573
15631
15574
15632
15575
15633
15576
15634
15577
15635
15578
15636
15579
15637
15580
15638
15581
15639
15582
15640
15583
15641
15584
15642
15585
15643
15586
15644
15587
15645
15588
15646
15647
63046
15590
15648
15591
15649
15592
15650
15593
15651
15594
15652
15595
15653
15596
15654
15597
15655
15598
15656
15599
15657
15600
15658
15601
15659
15602
15660
15603
15661
15604
15662
15605
15663
15606
15664
15607
15665
15608
15666
15609
15667
15610
15668
15611
15669
15612
15670
15613
15671
15614
15672
15615
15673
15616
15674
15617
15675
15618
15676
15619
15677
15620
15678
15621
15679
15622
15680
15623
15681
15624
15682
15625
15683
15626
15684
15627
15685
15628
15686
15629
15687
15630
15688
15631
15689
15632
15690
15633
15691
15634
15692
15635
15693
15636
15694
15637
15695
15638
15696
15639
15697
15640
15698
15641
15699
15642
15700
15643
15701
15644
15702
15645
15703
15646
15704
15647
15705
15706
63045
15649
15707
15650
15708
15651
15709
15652
15710
15653
15711
15654
15712
15655
15713
15656
15714
15657
15715
15658
15716
15659
15717
15660
15718
15661
15719
15662
15720
15663
15721
15664
15722
15665
15723
15666
15724
15667
15725
15668
15726
15669
15727
15670
15728
15671
15729
15672
15730
15673
15731
15674
15732
15675
15733
15676
15734
15677
15735
15678
15736
15679
15737
15680
15738
15681
15739
15682
15740
15683
15741
15684
15742
15685
15743
15686
15744
15687
15745
15688
15746
15689
15747
15690
15748
15691
15749
15692
15750
15693
15751
15694
15752
15695
15753
15696
15754
15697
15755
15698
15756
15699
15757
15700
15758
15701
15759
15702
15760
15703
15761
15704
15762
15705
15763
15706
15764
15765
63044
15708
15766
15709
15767
15710
15768
15711
15769
15712
15770
15713
15771
15714
15772
15715
15773
15716
15774
15717
15775
15718
15776
15719
15777
15720
15778
15721
15779
15722
15780
15723
15781
15724
15782
15725
15783
15726
15784
15727
15785
15728
15786
15729
15787
15730
15788
15731
15789
15732
15790
15733
15791
15734
15792
15735
15793
15736
15794
15737
15795
15738
15796
15739
15797
15740
15798
15741
15799
15742
15800
15743
15801
15744
15802
15745
15803
15746
15804
15747
15805
15748
15806
15749
15807
15750
15808
15751
15809
15752
15810
15753
15811
15754
15812
15755
15813
15756
15814
15757
15815
15758
15816
15759
15817
15760
15818
15761
15819
15762
15820
15763
15821
15764
15822
15765
15823
15824
63043
15767
15825
15768
15826
15769
15827
15770
15828
15771
15829
15772
15830
15773
15831
15774
15832
15775
15833
15776
15834
15777
15835
15778
15836
15779
15837
15780
15838
15781
15839
15782
15840
15783
15841
15784
15842
15785
15843
15786
15844
15787
15845
15788
15846
15789
15847
15790
15848
15791
15849
15792
15850
15793
15851
15794
15852
15795
15853
15796
15854
15797
15855
15798
15856
15799
15857
15800
15858
15801
15859
15802
15860
15803
15861
15804
15862
15805
15863
15806
15864
15807
15865
15808
15866
15809
15867
15810
15868
15811
15869
15812
15870
15813
15871
15814
15872
15815
15873
15816
15874
15817
15875
15818
15876
15819
15877
15820
15878
15821
15879
15822
15880
15823
15881
15824
15882
15883
63042
15826
15884
15827
15885
15828
15886
15829
15887
15830
15888
15831
15889
15832
15890
15833
15891
15834
15892
15835
15893
15836
15894
15837
15895
15838
15896
15839
15897
15840
15898
15841
15899
15842
15900
15843
15901
15844
15902
15845
15903
15846
15904
15847
15905
15848
15906
15849
15907
15850
15908
15851
15909
15852
15910
15853
15911
15854
15912
15855
15913
15856
15914
15857
15915
15858
15916
15859
15917
15860
15918
15861
15919
15862
15920
15863
15921
15864
15922
15865
15923
15866
15924
15867
15925
15868
15926
15869
15927
15870
15928
15871
15929
15872
15930
15873
15931
15874
15932
15875
15933
15876
15934
15877
15935
15878
15936
15879
15937
15880
15938
15881
15939
15882
15940
15883
15941
15942
63041
15885
15943
15886
15944
15887
15945
15888
15946
15889
15947
15890
15948
15891
15949
15892
15950
15893
15951
15894
15952
15895
15953
15896
15954
15897
15955
15898
15956
15899
15957
15900
15958
15901
15959
15902
15960
15903
15961
15904
15962
15905
15963
15906
15964
15907
15965
15908
15966
15909
15967
15910
15968
15911
15969
15912
15970
15913
15971
15914
15972
15915
15973
15916
15974
15917
15975
15918
15976
15919
15977
15920
15978
15921
15979
15922
15980
15923
15981
15924
15982
15925
15983
15926
15984
15927
15985
15928
15986
15929
15987
15930
15988
15931
15989
15932
15990
15933
15991
15934
15992
15935
15993
15936
15994
15937
15995
15938
15996
15939
15997
15940
15998
15941
15999
15942
16000
16001
63040
15944
16002
15945
16003
15946
16004
15947
16005
15948
16006
15949
16007
15950
16008
15951
16009
15952
16010
15953
16011
15954
16012
15955
16013
15956
16014
15957
16015
15958
16016
15959
16017
15960
16018
15961
16019
15962
16020
15963
16021
15964
16022
15965
16023
15966
16024
15967
16025
15968
16026
15969
16027
15970
16028
15971
16029
15972
16030
15973
16031
15974
16032
15975
16033
15976
16034
15977
16035
15978
16036
15979
16037
15980
16038
15981
16039
15982
16040
15983
16041
15984
16042
15985
16043
15986
16044
15987
16045
15988
16046
15989
16047
15990
16048
15991
16049
15992
16050
15993
16051
15994
16052
15995
16053
15996
16054
15997
16055
15998
16056
15999
16057
16000
16058
16001
16059
16060
63039
16003
16061
16004
16062
16005
16063
16006
16064
16007
16065
16008
16066
16009
16067
16010
16068
16011
16069
16012
16070
16013
16071
16014
16072
16015
16073
16016
16074
16017
16075
16018
16076
16019
16077
16020
16078
16021
16079
16022
16080
16023
16081
16024
16082
16025
16083
16026
16084
16027
16085
16028
16086
16029
16087
16030
16088
16031
16089
16032
16090
16033
16091
16034
16092
16035
16093
16036
16094
16037
16095
16038
16096
16039
16097
16040
16098
16041
16099
16042
16100
16043
16101
16044
16102
16045
16103
16046
16104
16047
16105
16048
16106
16049
16107
16050
16108
16051
16109
16052
16110
16053
16111
16054
16112
16055
16113
16056
16114
16057
16115
16058
16116
16059
16117
16060
16118
16119
63038
16062
16120
16063
16121
16064
16122
16065
16123
16066
16124
16067
16125
16068
16126
16069
16127
16070
16128
16071
16129
16072
16130
16073
16131
16074
16132
16075
16133
16076
16134
16077
16135
16078
16136
16079
16137
16080
16138
16081
16139
16082
16140
16083
16141
16084
16142
16085
16143
16086
16144
16087
16145
16088
16146
16089
16147
16090
16148
16091
16149
16092
16150
16093
16151
16094
16152
16095
16153
16096
16154
16097
16155
16098
16156
16099
16157
16100
16158
16101
16159
16102
16160
16103
16161
16104
16162
16105
16163
16106
16164
16107
16165
16108
16166
16109
16167
16110
16168
16111
16169
16112
16170
16113
16171
16114
16172
16115
16173
16116
16174
16117
16175
16118
16176
16119
16177
16178
63037
16121
16179
16122
16180
16123
16181
16124
16182
16125
16183
16126
16184
16127
16185
16128
16186
16129
16187
16130
16188
16131
16189
16132
16190
16133
16191
16134
16192
16135
16193
16136
16194
16137
16195
16138
16196
16139
16197
16140
16198
16141
16199
16142
16200
16143
16201
16144
16202
16145
16203
16146
16204
16147
16205
16148
16206
16149
16207
16150
16208
16151
16209
16152
16210
16153
16211
16154
16212
16155
16213
16156
16214
16157
16215
16158
16216
16159
16217
16160
16218
16161
16219
16162
16220
16163
16221
16164
16222
16165
16223
16166
16224
16167
16225
16168
16226
16169
16227
16170
16228
16171
16229
16172
16230
16173
16231
16174
16232
16175
16233
16176
16234
16177
16235
16178
16236
16237
63036
16180
16238
16181
16239
16182
16240
16183
16241
16184
16242
16185
16243
16186
16244
16187
16245
16188
16246
16189
16247
16190
16248
16191
16249
16192
16250
16193
16251
16194
16252
16195
16253
16196
16254
16197
16255
16198
16256
16199
16257
16200
16258
16201
16259
16202
16260
16203
16261
16204
16262
16205
16263
16206
16264
16207
16265
16208
16266
16209
16267
16210
16268
16211
16269
16212
16270
16213
16271
16214
16272
16215
16273
16216
16274
16217
16275
16218
16276
16219
16277
16220
16278
16221
16279
16222
16280
16223
16281
16224
16282
16225
16283
16226
16284
16227
16285
16228
16286
16229
16287
16230
16288
16231
16289
16232
16290
16233
16291
16234
16292
16235
16293
16236
16294
16237
16295
16296
63035
16239
16297
16240
16298
16241
16299
16242
16300
16243
16301
16244
16302
16245
16303
16246
16304
16247
16305
16248
16306
16249
16307
16250
16308
16251
16309
16252
16310
16253
16311
16254
16312
16255
16313
16256
16314
16257
16315
16258
16316
16259
16317
16260
16318
16261
16319
16262
16320
16263
16321
16264
16322
16265
16323
16266
16324
16267
16325
16268
16326
16269
16327
16270
16328
16271
16329
16272
16330
16273
16331
16274
16332
16275
16333
16276
16334
16277
16335
16278
16336
16279
16337
16280
16338
16281
16339
16282
16340
16283
16341
16284
16342
16285
16343
16286
16344
16287
16345
16288
16346
16289
16347
16290
16348
16291
16349
16292
16350
16293
16351
16294
16352
16295
16353
16296
16354
16355
63034
16298
16356
16299
16357
16300
16358
16301
16359
16302
16360
16303
16361
16304
16362
16305
16363
16306
16364
16307
16365
16308
16366
16309
16367
16310
16368
16311
16369
16312
16370
16313
16371
16314
16372
16315
16373
16316
16374
16317
16375
16318
16376
16319
16377
16320
16378
16321
16379
16322
16380
16323
16381
16324
16382
16325
16383
16326
16384
16327
16385
16328
16386
16329
16387
16330
16388
16331
16389
16332
16390
16333
16391
16334
16392
16335
16393
16336
16394
16337
16395
16338
16396
16339
16397
16340
16398
16341
16399
16342
16400
16343
16401
16344
16402
16345
16403
16346
16404
16347
16405
16348
16406
16349
16407
16350
16408
16351
16409
16352
16410
16353
16411
16354
16412
16355
16413
16414
63033
16357
16415
16358
16416
16359
16417
16360
16418
16361
16419
16362
16420
16363
16421
16364
16422
16365
16423
16366
16424
16367
16425
16368
16426
16369
16427
16370
16428
16371
16429
16372
16430
16373
16431
16374
16432
16375
16433
16376
16434
16377
16435
16378
16436
16379
16437
16380
16438
16381
16439
16382
16440
16383
16441
16384
16442
16385
16443
16386
16444
16387
16445
16388
16446
16389
16447
16390
16448
16391
16449
16392
16450
16393
16451
16394
16452
16395
16453
16396
16454
16397
16455
16398
16456
16399
16457
16400
16458
16401
16459
16402
16460
16403
16461
16404
16462
16405
16463
16406
16464
16407
16465
16408
16466
16409
16467
16410
16468
16411
16469
16412
16470
16413
16471
16414
16472
16473
63032
16416
16474
16417
16475
16418
16476
16419
16477
16420
16478
16421
16479
16422
16480
16423
16481
16424
16482
16425
16483
16426
16484
16427
16485
16428
16486
16429
16487
16430
16488
16431
16489
16432
16490
16433
16491
16434
16492
16435
16493
16436
16494
16437
16495
16438
16496
16439
16497
16440
16498
16441
16499
16442
16500
16443
16501
16444
16502
16445
16503
16446
16504
16447
16505
16448
16506
16449
16507
16450
16508
16451
16509
16452
16510
16453
16511
16454
16512
16455
16513
16456
16514
16457
16515
16458
16516
16459
16517
16460
16518
16461
16519
16462
16520
16463
16521
16464
16522
16465
16523
16466
16524
16467
16525
16468
16526
16469
16527
16470
16528
16471
16529
16472
16530
16473
16531
16532
63031
16475
16533
16476
16534
16477
16535
16478
16536
16479
16537
16480
16538
16481
16539
16482
16540
16483
16541
16484
16542
16485
16543
16486
16544
16487
16545
16488
16546
16489
16547
16490
16548
16491
16549
16492
16550
16493
16551
16494
16552
16495
16553
16496
16554
16497
16555
16498
16556
16499
16557
16500
16558
16501
16559
16502
16560
16503
16561
16504
16562
16505
16563
16506
16564
16507
16565
16508
16566
16509
16567
16510
16568
16511
16569
16512
16570
16513
16571
16514
16572
16515
16573
16516
16574
16517
16575
16518
16576
16519
16577
16520
16578
16521
16579
16522
16580
16523
16581
16524
16582
16525
16583
16526
16584
16527
16585
16528
16586
16529
16587
16530
16588
16531
16589
16532
16590
16591
63030
16534
16592
16535
16593
16536
16594
16537
16595
16538
16596
16539
16597
16540
16598
16541
16599
16542
16600
16543
16601
16544
16602
16545
16603
16546
16604
16547
16605
16548
16606
16549
16607
16550
16608
16551
16609
16552
16610
16553
16611
16554
16612
16555
16613
16556
16614
16557
16615
16558
16616
16559
16617
16560
16618
16561
16619
16562
16620
16563
16621
16564
16622
16565
16623
16566
16624
16567
16625
16568
16626
16569
16627
16570
16628
16571
16629
16572
16630
16573
16631
16574
16632
16575
16633
16576
16634
16577
16635
16578
16636
16579
16637
16580
16638
16581
16639
16582
16640
16583
16641
16584
16642
16585
16643
16586
16644
16587
16645
16588
16646
16589
16647
16590
16648
16591
16649
16650
63029
16593
16651
16594
16652
16595
16653
16596
16654
16597
16655
16598
16656
16599
16657
16600
16658
16601
16659
16602
16660
16603
16661
16604
16662
16605
16663
16606
16664
16607
16665
16608
16666
16609
16667
16610
16668
16611
16669
16612
16670
16613
16671
16614
16672
16615
16673
16616
16674
16617
16675
16618
16676
16619
16677
16620
16678
16621
16679
16622
16680
16623
16681
16624
16682
16625
16683
16626
16684
16627
16685
16628
16686
16629
16687
16630
16688
16631
16689
16632
16690
16633
16691
16634
16692
16635
16693
16636
16694
16637
16695
16638
16696
16639
16697
16640
16698
16641
16699
16642
16700
16643
16701
16644
16702
16645
16703
16646
16704
16647
16705
16648
16706
16649
16707
16650
16708
16709
63028
16652
16710
16653
16711
16654
16712
16655
16713
16656
16714
16657
16715
16658
16716
16659
16717
16660
16718
16661
16719
16662
16720
16663
16721
16664
16722
16665
16723
16666
16724
16667
16725
16668
16726
16669
16727
16670
16728
16671
16729
16672
16730
16673
16731
16674
16732
16675
16733
16676
16734
16677
16735
16678
16736
16679
16737
16680
16738
16681
16739
16682
16740
16683
16741
16684
16742
16685
16743
16686
16744
16687
16745
16688
16746
16689
16747
16690
16748
16691
16749
16692
16750
16693
16751
16694
16752
16695
16753
16696
16754
16697
16755
16698
16756
16699
16757
16700
16758
16701
16759
16702
16760
16703
16761
16704
16762
16705
16763
16706
16764
16707
16765
16708
16766
16709
16767
16768
63027
16711
16769
16712
16770
16713
16771
16714
16772
16715
16773
16716
16774
16717
16775
16718
16776
16719
16777
16720
16778
16721
16779
16722
16780
16723
16781
16724
16782
16725
16783
16726
16784
16727
16785
16728
16786
16729
16787
16730
16788
16731
16789
16732
16790
16733
16791
16734
16792
16735
16793
16736
16794
16737
16795
16738
16796
16739
16797
16740
16798
16741
16799
16742
16800
16743
16801
16744
16802
16745
16803
16746
16804
16747
16805
16748
16806
16749
16807
16750
16808
16751
16809
16752
16810
16753
16811
16754
16812
16755
16813
16756
16814
16757
16815
16758
16816
16759
16817
16760
16818
16761
16819
16762
16820
16763
16821
16764
16822
16765
16823
16766
16824
16767
16825
16768
16826
16827
63026
16770
16828
16771
16829
16772
16830
16773
16831
16774
16832
16775
16833
16776
16834
16777
16835
16778
16836
16779
16837
16780
16838
16781
16839
16782
16840
16783
16841
16784
16842
16785
16843
16786
16844
16787
16845
16788
16846
16789
16847
16790
16848
16791
16849
16792
16850
16793
16851
16794
16852
16795
16853
16796
16854
16797
16855
16798
16856
16799
16857
16800
16858
16801
16859
16802
16860
16803
16861
16804
16862
16805
16863
16806
16864
16807
16865
16808
16866
16809
16867
16810
16868
16811
16869
16812
16870
16813
16871
16814
16872
16815
16873
16816
16874
16817
16875
16818
16876
16819
16877
16820
16878
16821
16879
16822
16880
16823
16881
16824
16882
16825
16883
16826
16884
16827
16885
16886
63025
16829
16887
16830
16888
16831
16889
16832
16890
16833
16891
16834
16892
16835
16893
16836
16894
16837
16895
16838
16896
16839
16897
16840
16898
16841
16899
16842
16900
16843
16901
16844
16902
16845
16903
16846
16904
16847
16905
16848
16906
16849
16907
16850
16908
16851
16909
16852
16910
16853
16911
16854
16912
16855
16913
16856
16914
16857
16915
16858
16916
16859
16917
16860
16918
16861
16919
16862
16920
16863
16921
16864
16922
16865
16923
16866
16924
16867
16925
16868
16926
16869
16927
16870
16928
16871
16929
16872
16930
16873
16931
16874
16932
16875
16933
16876
16934
16877
16935
16878
16936
16879
16937
16880
16938
16881
16939
16882
16940
16883
16941
16884
16942
16885
16943
16886
16944
16945
63024
16888
16946
16889
16947
16890
16948
16891
16949
16892
16950
16893
16951
16894
16952
16895
16953
16896
16954
16897
16955
16898
16956
16899
16957
16900
16958
16901
16959
16902
16960
16903
16961
16904
16962
16905
16963
16906
16964
16907
16965
16908
16966
16909
16967
16910
16968
16911
16969
16912
16970
16913
16971
16914
16972
16915
16973
16916
16974
16917
16975
16918
16976
16919
16977
16920
16978
16921
16979
16922
16980
16923
16981
16924
16982
16925
16983
16926
16984
16927
16985
16928
16986
16929
16987
16930
16988
16931
16989
16932
16990
16933
16991
16934
16992
16935
16993
16936
16994
16937
16995
16938
16996
16939
16997
16940
16998
16941
16999
16942
17000
16943
17001
16944
17002
16945
17003
17004
63023
16947
17005
16948
17006
16949
17007
16950
17008
16951
17009
16952
17010
16953
17011
16954
17012
16955
17013
16956
17014
16957
17015
16958
17016
16959
17017
16960
17018
16961
17019
16962
17020
16963
17021
16964
17022
16965
17023
16966
17024
16967
17025
16968
17026
16969
17027
16970
17028
16971
17029
16972
17030
16973
17031
16974
17032
16975
17033
16976
17034
16977
17035
16978
17036
16979
17037
16980
17038
16981
17039
16982
17040
16983
17041
16984
17042
16985
17043
16986
17044
16987
17045
16988
17046
16989
17047
16990
17048
16991
17049
16992
17050
16993
17051
16994
17052
16995
17053
16996
17054
16997
17055
16998
17056
16999
17057
17000
17058
17001
17059
17002
17060
17003
17061
17004
17062
17063
63022
17006
17064
17007
17065
17008
17066
17009
17067
17010
17068
17011
17069
17012
17070
17013
17071
17014
17072
17015
17073
17016
17074
17017
17075
17018
17076
17019
17077
17020
17078
17021
17079
17022
17080
17023
17081
17024
17082
17025
17083
17026
17084
17027
17085
17028
17086
17029
17087
17030
17088
17031
17089
17032
17090
17033
17091
17034
17092
17035
17093
17036
17094
17037
17095
17038
17096
17039
17097
17040
17098
17041
17099
17042
17100
17043
17101
17044
17102
17045
17103
17046
17104
17047
17105
17048
17106
17049
17107
17050
17108
17051
17109
17052
17110
17053
17111
17054
17112
17055
17113
17056
17114
17057
17115
17058
17116
17059
17117
17060
17118
17061
17119
17062
17120
17063
17121
17122
63021
17065
17123
17066
17124
17067
17125
17068
17126
17069
17127
17070
17128
17071
17129
17072
17130
17073
17131
17074
17132
17075
17133
17076
17134
17077
17135
17078
17136
17079
17137
17080
17138
17081
17139
17082
17140
17083
17141
17084
17142
17085
17143
17086
17144
17087
17145
17088
17146
17089
17147
17090
17148
17091
17149
17092
17150
17093
17151
17094
17152
17095
17153
17096
17154
17097
17155
17098
17156
17099
17157
17100
17158
17101
17159
17102
17160
17103
17161
17104
17162
17105
17163
17106
17164
17107
17165
17108
17166
17109
17167
17110
17168
17111
17169
17112
17170
17113
17171
17114
17172
17115
17173
17116
17174
17117
17175
17118
17176
17119
17177
17120
17178
17121
17179
17122
17180
17181
63020
17124
17182
17125
17183
17126
17184
17127
17185
17128
17186
17129
17187
17130
17188
17131
17189
17132
17190
17133
17191
17134
17192
17135
17193
17136
17194
17137
17195
17138
17196
17139
17197
17140
17198
17141
17199
17142
17200
17143
17201
17144
17202
17145
17203
17146
17204
17147
17205
17148
17206
17149
17207
17150
17208
17151
17209
17152
17210
17153
17211
17154
17212
17155
17213
17156
17214
17157
17215
17158
17216
17159
17217
17160
17218
17161
17219
17162
17220
17163
17221
17164
17222
17165
17223
17166
17224
17167
17225
17168
17226
17169
17227
17170
17228
17171
17229
17172
17230
17173
17231
17174
17232
17175
17233
17176
17234
17177
17235
17178
17236
17179
17237
17180
17238
17181
17239
17240
63019
17183
17241
17184
17242
17185
17243
17186
17244
17187
17245
17188
17246
17189
17247
17190
17248
17191
17249
17192
17250
17193
17251
17194
17252
17195
17253
17196
17254
17197
17255
17198
17256
17199
17257
17200
17258
17201
17259
17202
17260
17203
17261
17204
17262
17205
17263
17206
17264
17207
17265
17208
17266
17209
17267
17210
17268
17211
17269
17212
17270
17213
17271
17214
17272
17215
17273
17216
17274
17217
17275
17218
17276
17219
17277
17220
17278
17221
17279
17222
17280
17223
17281
17224
17282
17225
17283
17226
17284
17227
17285
17228
17286
17229
17287
17230
17288
17231
17289
17232
17290
17233
17291
17234
17292
17235
17293
17236
17294
17237
17295
17238
17296
17239
17297
17240
17298
17299
63018
17242
17300
17243
17301
17244
17302
17245
17303
17246
17304
17247
17305
17248
17306
17249
17307
17250
17308
17251
17309
17252
17310
17253
17311
17254
17312
17255
17313
17256
17314
17257
17315
17258
17316
17259
17317
17260
17318
17261
17319
17262
17320
17263
17321
17264
17322
17265
17323
17266
17324
17267
17325
17268
17326
17269
17327
17270
17328
17271
17329
17272
17330
17273
17331
17274
17332
17275
17333
17276
17334
17277
17335
17278
17336
17279
17337
17280
17338
17281
17339
17282
17340
17283
17341
17284
17342
17285
17343
17286
17344
17287
17345
17288
17346
17289
17347
17290
17348
17291
17349
17292
17350
17293
17351
17294
17352
17295
17353
17296
17354
17297
17355
17298
17356
17299
17357
17358
63017
17301
17359
17302
17360
17303
17361
17304
17362
17305
17363
17306
17364
17307
17365
17308
17366
17309
17367
17310
17368
17311
17369
17312
17370
17313
17371
17314
17372
17315
17373
17316
17374
17317
17375
17318
17376
17319
17377
17320
17378
17321
17379
17322
17380
17323
17381
17324
17382
17325
17383
17326
17384
17327
17385
17328
17386
17329
17387
17330
17388
17331
17389
17332
17390
17333
17391
17334
17392
17335
17393
17336
17394
17337
17395
17338
17396
17339
17397
17340
17398
17341
17399
17342
17400
17343
17401
17344
17402
17345
17403
17346
17404
17347
17405
17348
17406
17349
17407
17350
17408
17351
17409
17352
17410
17353
17411
17354
17412
17355
17413
17356
17414
17357
17415
17358
17416
17417
63016
17360
17418
17361
17419
17362
17420
17363
17421
17364
17422
17365
17423
17366
17424
17367
17425
17368
17426
17369
17427
17370
17428
17371
17429
17372
17430
17373
17431
17374
17432
17375
17433
17376
17434
17377
17435
17378
17436
17379
17437
17380
17438
17381
17439
17382
17440
17383
17441
17384
17442
17385
17443
17386
17444
17387
17445
17388
17446
17389
17447
17390
17448
17391
17449
17392
17450
17393
17451
17394
17452
17395
17453
17396
17454
17397
17455
17398
17456
17399
17457
17400
17458
17401
17459
17402
17460
17403
17461
17404
17462
17405
17463
17406
17464
17407
17465
17408
17466
17409
17467
17410
17468
17411
17469
17412
17470
17413
17471
17414
17472
17415
17473
17416
17474
17417
17475
17476
63015
17419
17477
17420
17478
17421
17479
17422
17480
17423
17481
17424
17482
17425
17483
17426
17484
17427
17485
17428
17486
17429
17487
17430
17488
17431
17489
17432
17490
17433
17491
17434
17492
17435
17493
17436
17494
17437
17495
17438
17496
17439
17497
17440
17498
17441
17499
17442
17500
17443
17501
17444
17502
17445
17503
17446
17504
17447
17505
17448
17506
17449
17507
17450
17508
17451
17509
17452
17510
17453
17511
17454
17512
17455
17513
17456
17514
17457
17515
17458
17516
17459
17517
17460
17518
17461
17519
17462
17520
17463
17521
17464
17522
17465
17523
17466
17524
17467
17525
17468
17526
17469
17527
17470
17528
17471
17529
17472
17530
17473
17531
17474
17532
17475
17533
17476
17534
17535
63014
17478
17536
17479
17537
17480
17538
17481
17539
17482
17540
17483
17541
17484
17542
17485
17543
17486
17544
17487
17545
17488
17546
17489
17547
17490
17548
17491
17549
17492
17550
17493
17551
17494
17552
17495
17553
17496
17554
17497
17555
17498
17556
17499
17557
17500
17558
17501
17559
17502
17560
17503
17561
17504
17562
17505
17563
17506
17564
17507
17565
17508
17566
17509
17567
17510
17568
17511
17569
17512
17570
17513
17571
17514
17572
17515
17573
17516
17574
17517
17575
17518
17576
17519
17577
17520
17578
17521
17579
17522
17580
17523
17581
17524
17582
17525
17583
17526
17584
17527
17585
17528
17586
17529
17587
17530
17588
17531
17589
17532
17590
17533
17591
17534
17592
17535
17593
17594
63013
17537
17595
17538
17596
17539
17597
17540
17598
17541
17599
17542
17600
17543
17601
17544
17602
17545
17603
17546
17604
17547
17605
17548
17606
17549
17607
17550
17608
17551
17609
17552
17610
17553
17611
17554
17612
17555
17613
17556
17614
17557
17615
17558
17616
17559
17617
17560
17618
17561
17619
17562
17620
17563
17621
17564
17622
17565
17623
17566
17624
17567
17625
17568
17626
17569
17627
17570
17628
17571
17629
17572
17630
17573
17631
17574
17632
17575
17633
17576
17634
17577
17635
17578
17636
17579
17637
17580
17638
17581
17639
17582
17640
17583
17641
17584
17642
17585
17643
17586
17644
17587
17645
17588
17646
17589
17647
17590
17648
17591
17649
17592
17650
17593
17651
17594
17652
17653
63012
17596
17654
17597
17655
17598
17656
17599
17657
17600
17658
17601
17659
17602
17660
17603
17661
17604
17662
17605
17663
17606
17664
17607
17665
17608
17666
17609
17667
17610
17668
17611
17669
17612
17670
17613
17671
17614
17672
17615
17673
17616
17674
17617
17675
17618
17676
17619
17677
17620
17678
17621
17679
17622
17680
17623
17681
17624
17682
17625
17683
17626
17684
17627
17685
17628
17686
17629
17687
17630
17688
17631
17689
17632
17690
17633
17691
17634
17692
17635
17693
17636
17694
17637
17695
17638
17696
17639
17697
17640
17698
17641
17699
17642
17700
17643
17701
17644
17702
17645
17703
17646
17704
17647
17705
17648
17706
17649
17707
17650
17708
17651
17709
17652
17710
17653
17711
17712
63011
17655
17713
17656
17714
17657
17715
17658
17716
17659
17717
17660
17718
17661
17719
17662
17720
17663
17721
17664
17722
17665
17723
17666
17724
17667
17725
17668
17726
17669
17727
17670
17728
17671
17729
17672
17730
17673
17731
17674
17732
17675
17733
17676
17734
17677
17735
17678
17736
17679
17737
17680
17738
17681
17739
17682
17740
17683
17741
17684
17742
17685
17743
17686
17744
17687
17745
17688
17746
17689
17747
17690
17748
17691
17749
17692
17750
17693
17751
17694
17752
17695
17753
17696
17754
17697
17755
17698
17756
17699
17757
17700
17758
17701
17759
17702
17760
17703
17761
17704
17762
17705
17763
17706
17764
17707
17765
17708
17766
17709
17767
17710
17768
17711
17769
17712
17770
17771
63010
17714
17772
17715
17773
17716
17774
17717
17775
17718
17776
17719
17777
17720
17778
17721
17779
17722
17780
17723
17781
17724
17782
17725
17783
17726
17784
17727
17785
17728
17786
17729
17787
17730
17788
17731
17789
17732
17790
17733
17791
17734
17792
17735
17793
17736
17794
17737
17795
17738
17796
17739
17797
17740
17798
17741
17799
17742
17800
17743
17801
17744
17802
17745
17803
17746
17804
17747
17805
17748
17806
17749
17807
17750
17808
17751
17809
17752
17810
17753
17811
17754
17812
17755
17813
17756
17814
17757
17815
17758
17816
17759
17817
17760
17818
17761
17819
17762
17820
17763
17821
17764
17822
17765
17823
17766
17824
17767
17825
17768
17826
17769
17827
17770
17828
17771
17829
17830
63009
17773
17831
17774
17832
17775
17833
17776
17834
17777
17835
17778
17836
17779
17837
17780
17838
17781
17839
17782
17840
17783
17841
17784
17842
17785
17843
17786
17844
17787
17845
17788
17846
17789
17847
17790
17848
17791
17849
17792
17850
17793
17851
17794
17852
17795
17853
17796
17854
17797
17855
17798
17856
17799
17857
17800
17858
17801
17859
17802
17860
17803
17861
17804
17862
17805
17863
17806
17864
17807
17865
17808
17866
17809
17867
17810
17868
17811
17869
17812
17870
17813
17871
17814
17872
17815
17873
17816
17874
17817
17875
17818
17876
17819
17877
17820
17878
17821
17879
17822
17880
17823
17881
17824
17882
17825
17883
17826
17884
17827
17885
17828
17886
17829
17887
17830
17888
17889
63008
17832
17890
17833
17891
17834
17892
17835
17893
17836
17894
17837
17895
17838
17896
17839
17897
17840
17898
17841
17899
17842
17900
17843
17901
17844
17902
17845
17903
17846
17904
17847
17905
17848
17906
17849
17907
17850
17908
17851
17909
17852
17910
17853
17911
17854
17912
17855
17913
17856
17914
17857
17915
17858
17916
17859
17917
17860
17918
17861
17919
17862
17920
17863
17921
17864
17922
17865
17923
17866
17924
17867
17925
17868
17926
17869
17927
17870
17928
17871
17929
17872
17930
17873
17931
17874
17932
17875
17933
17876
17934
17877
17935
17878
17936
17879
17937
17880
17938
17881
17939
17882
17940
17883
17941
17884
17942
17885
17943
17886
17944
17887
17945
17888
17946
17889
17947
17948
63007
17891
17949
17892
17950
17893
17951
17894
17952
17895
17953
17896
17954
17897
17955
17898
17956
17899
17957
17900
17958
17901
17959
17902
17960
17903
17961
17904
17962
17905
17963
17906
17964
17907
17965
17908
17966
17909
17967
17910
17968
17911
17969
17912
17970
17913
17971
17914
17972
17915
17973
17916
17974
17917
17975
17918
17976
17919
17977
17920
17978
17921
17979
17922
17980
17923
17981
17924
17982
17925
17983
17926
17984
17927
17985
17928
17986
17929
17987
17930
17988
17931
17989
17932
17990
17933
17991
17934
17992
17935
17993
17936
17994
17937
17995
17938
17996
17939
17997
17940
17998
17941
17999
17942
18000
17943
18001
17944
18002
17945
18003
17946
18004
17947
18005
17948
18006
18007
63006
17950
18008
17951
18009
17952
18010
17953
18011
17954
18012
17955
18013
17956
18014
17957
18015
17958
18016
17959
18017
17960
18018
17961
18019
17962
18020
17963
18021
17964
18022
17965
18023
17966
18024
17967
18025
17968
18026
17969
18027
17970
18028
17971
18029
17972
18030
17973
18031
17974
18032
17975
18033
17976
18034
17977
18035
17978
18036
17979
18037
17980
18038
17981
18039
17982
18040
17983
18041
17984
18042
17985
18043
17986
18044
17987
18045
17988
18046
17989
18047
17990
18048
17991
18049
17992
18050
17993
18051
17994
18052
17995
18053
17996
18054
17997
18055
17998
18056
17999
18057
18000
18058
18001
18059
18002
18060
18003
18061
18004
18062
18005
18063
18006
18064
18007
18065
18066
63005
18009
18067
18010
18068
18011
18069
18012
18070
18013
18071
18014
18072
18015
18073
18016
18074
18017
18075
18018
18076
18019
18077
18020
18078
18021
18079
18022
18080
18023
18081
18024
18082
18025
18083
18026
18084
18027
18085
18028
18086
18029
18087
18030
18088
18031
18089
18032
18090
18033
18091
18034
18092
18035
18093
18036
18094
18037
18095
18038
18096
18039
18097
18040
18098
18041
18099
18042
18100
18043
18101
18044
18102
18045
18103
18046
18104
18047
18105
18048
18106
18049
18107
18050
18108
18051
18109
18052
18110
18053
18111
18054
18112
18055
18113
18056
18114
18057
18115
18058
18116
18059
18117
18060
18118
18061
18119
18062
18120
18063
18121
18064
18122
18065
18123
18066
18124
18125
63004
18068
18126
18069
18127
18070
18128
18071
18129
18072
18130
18073
18131
18074
18132
18075
18133
18076
18134
18077
18135
18078
18136
18079
18137
18080
18138
18081
18139
18082
18140
18083
18141
18084
18142
18085
18143
18086
18144
18087
18145
18088
18146
18089
18147
18090
18148
18091
18149
18092
18150
18093
18151
18094
18152
18095
18153
18096
18154
18097
18155
18098
18156
18099
18157
18100
18158
18101
18159
18102
18160
18103
18161
18104
18162
18105
18163
18106
18164
18107
18165
18108
18166
18109
18167
18110
18168
18111
18169
18112
18170
18113
18171
18114
18172
18115
18173
18116
18174
18117
18175
18118
18176
18119
18177
18120
18178
18121
18179
18122
18180
18123
18181
18124
18182
18125
18183
18184
63003
18127
18185
18128
18186
18129
18187
18130
18188
18131
18189
18132
18190
18133
18191
18134
18192
18135
18193
18136
18194
18137
18195
18138
18196
18139
18197
18140
18198
18141
18199
18142
18200
18143
18201
18144
18202
18145
18203
18146
18204
18147
18205
18148
18206
18149
18207
18150
18208
18151
18209
18152
18210
18153
18211
18154
18212
18155
18213
18156
18214
18157
18215
18158
18216
18159
18217
18160
18218
18161
18219
18162
18220
18163
18221
18164
18222
18165
18223
18166
18224
18167
18225
18168
18226
18169
18227
18170
18228
18171
18229
18172
18230
18173
18231
18174
18232
18175
18233
18176
18234
18177
18235
18178
18236
18179
18237
18180
18238
18181
18239
18182
18240
18183
18241
18184
18242
18243
63002
18186
18244
18187
18245
18188
18246
18189
18247
18190
18248
18191
18249
18192
18250
18193
18251
18194
18252
18195
18253
18196
18254
18197
18255
18198
18256
18199
18257
18200
18258
18201
18259
18202
18260
18203
18261
18204
18262
18205
18263
18206
18264
18207
18265
18208
18266
18209
18267
18210
18268
18211
18269
18212
18270
18213
18271
18214
18272
18215
18273
18216
18274
18217
18275
18218
18276
18219
18277
18220
18278
18221
18279
18222
18280
18223
18281
18224
18282
18225
18283
18226
18284
18227
18285
18228
18286
18229
18287
18230
18288
18231
18289
18232
18290
18233
18291
18234
18292
18235
18293
18236
18294
18237
18295
18238
18296
18239
18297
18240
18298
18241
18299
18242
18300
18243
18301
18302
63001
18245
18303
18246
18304
18247
18305
18248
18306
18249
18307
18250
18308
18251
18309
18252
18310
18253
18311
18254
18312
18255
18313
18256
18314
18257
18315
18258
18316
18259
18317
18260
18318
18261
18319
18262
18320
18263
18321
18264
18322
18265
18323
18266
18324
18267
18325
18268
18326
18269
18327
18270
18328
18271
18329
18272
18330
18273
18331
18274
18332
18275
18333
18276
18334
18277
18335
18278
18336
18279
18337
18280
18338
18281
18339
18282
18340
18283
18341
18284
18342
18285
18343
18286
18344
18287
18345
18288
18346
18289
18347
18290
18348
18291
18349
18292
18350
18293
18351
18294
18352
18295
18353
18296
18354
18297
18355
18298
18356
18299
18357
18300
18358
18301
18359
18302
18360
18361
63000
18304
18362
18305
18363
18306
18364
18307
18365
18308
18366
18309
18367
18310
18368
18311
18369
18312
18370
18313
18371
18314
18372
18315
18373
18316
18374
18317
18375
18318
18376
18319
18377
18320
18378
18321
18379
18322
18380
18323
18381
18324
18382
18325
18383
18326
18384
18327
18385
18328
18386
18329
18387
18330
18388
18331
18389
18332
18390
18333
18391
18334
18392
18335
18393
18336
18394
18337
18395
18338
18396
18339
18397
18340
18398
18341
18399
18342
18400
18343
18401
18344
18402
18345
18403
18346
18404
18347
18405
18348
18406
18349
18407
18350
18408
18351
18409
18352
18410
18353
18411
18354
18412
18355
18413
18356
18414
18357
18415
18358
18416
18359
18417
18360
18418
18361
18419
18420
62999
18363
18421
18364
18422
18365
18423
18366
18424
18367
18425
18368
18426
18369
18427
18370
18428
18371
18429
18372
18430
18373
18431
18374
18432
18375
18433
18376
18434
18377
18435
18378
18436
18379
18437
18380
18438
18381
18439
18382
18440
18383
18441
18384
18442
18385
18443
18386
18444
18387
18445
18388
18446
18389
18447
18390
18448
18391
18449
18392
18450
18393
18451
18394
18452
18395
18453
18396
18454
18397
18455
18398
18456
18399
18457
18400
18458
18401
18459
18402
18460
18403
18461
18404
18462
18405
18463
18406
18464
18407
18465
18408
18466
18409
18467
18410
18468
18411
18469
18412
18470
18413
18471
18414
18472
18415
18473
18416
18474
18417
18475
18418
18476
18419
18477
18420
18478
18479
62998
18422
18480
18423
18481
18424
18482
18425
18483
18426
18484
18427
18485
18428
18486
18429
18487
18430
18488
18431
18489
18432
18490
18433
18491
18434
18492
18435
18493
18436
18494
18437
18495
18438
18496
18439
18497
18440
18498
18441
18499
18442
18500
18443
18501
18444
18502
18445
18503
18446
18504
18447
18505
18448
18506
18449
18507
18450
18508
18451
18509
18452
18510
18453
18511
18454
18512
18455
18513
18456
18514
18457
18515
18458
18516
18459
18517
18460
18518
18461
18519
18462
18520
18463
18521
18464
18522
18465
18523
18466
18524
18467
18525
18468
18526
18469
18527
18470
18528
18471
18529
18472
18530
18473
18531
18474
18532
18475
18533
18476
18534
18477
18535
18478
18536
18479
18537
18538
62997
18481
18539
18482
18540
18483
18541
18484
18542
18485
18543
18486
18544
18487
18545
18488
18546
18489
18547
18490
18548
18491
18549
18492
18550
18493
18551
18494
18552
18495
18553
18496
18554
18497
18555
18498
18556
18499
18557
18500
18558
18501
18559
18502
18560
18503
18561
18504
18562
18505
18563
18506
18564
18507
18565
18508
18566
18509
18567
18510
18568
18511
18569
18512
18570
18513
18571
18514
18572
18515
18573
18516
18574
18517
18575
18518
18576
18519
18577
18520
18578
18521
18579
18522
18580
18523
18581
18524
18582
18525
18583
18526
18584
18527
18585
18528
18586
18529
18587
18530
18588
18531
18589
18532
18590
18533
18591
18534
18592
18535
18593
18536
18594
18537
18595
18538
18596
18597
62996
18540
18598
18541
18599
18542
18600
18543
18601
18544
18602
18545
18603
18546
18604
18547
18605
18548
18606
18549
18607
18550
18608
18551
18609
18552
18610
18553
18611
18554
18612
18555
18613
18556
18614
18557
18615
18558
18616
18559
18617
18560
18618
18561
18619
18562
18620
18563
18621
18564
18622
18565
18623
18566
18624
18567
18625
18568
18626
18569
18627
18570
18628
18571
18629
18572
18630
18573
18631
18574
18632
18575
18633
18576
18634
18577
18635
18578
18636
18579
18637
18580
18638
18581
18639
18582
18640
18583
18641
18584
18642
18585
18643
18586
18644
18587
18645
18588
18646
18589
18647
18590
18648
18591
18649
18592
18650
18593
18651
18594
18652
18595
18653
18596
18654
18597
18655
18656
62995
18599
18657
18600
18658
18601
18659
18602
18660
18603
18661
18604
18662
18605
18663
18606
18664
18607
18665
18608
18666
18609
18667
18610
18668
18611
18669
18612
18670
18613
18671
18614
18672
18615
18673
18616
18674
18617
18675
18618
18676
18619
18677
18620
18678
18621
18679
18622
18680
18623
18681
18624
18682
18625
18683
18626
18684
18627
18685
18628
18686
18629
18687
18630
18688
18631
18689
18632
18690
18633
18691
18634
18692
18635
18693
18636
18694
18637
18695
18638
18696
18639
18697
18640
18698
18641
18699
18642
18700
18643
18701
18644
18702
18645
18703
18646
18704
18647
18705
18648
18706
18649
18707
18650
18708
18651
18709
18652
18710
18653
18711
18654
18712
18655
18713
18656
18714
18715
62994
18658
18716
18659
18717
18660
18718
18661
18719
18662
18720
18663
18721
18664
18722
18665
18723
18666
18724
18667
18725
18668
18726
18669
18727
18670
18728
18671
18729
18672
18730
18673
18731
18674
18732
18675
18733
18676
18734
18677
18735
18678
18736
18679
18737
18680
18738
18681
18739
18682
18740
18683
18741
18684
18742
18685
18743
18686
18744
18687
18745
18688
18746
18689
18747
18690
18748
18691
18749
18692
18750
18693
18751
18694
18752
18695
18753
18696
18754
18697
18755
18698
18756
18699
18757
18700
18758
18701
18759
18702
18760
18703
18761
18704
18762
18705
18763
18706
18764
18707
18765
18708
18766
18709
18767
18710
18768
18711
18769
18712
18770
18713
18771
18714
18772
18715
18773
18774
62993
18717
18775
18718
18776
18719
18777
18720
18778
18721
18779
18722
18780
18723
18781
18724
18782
18725
18783
18726
18784
18727
18785
18728
18786
18729
18787
18730
18788
18731
18789
18732
18790
18733
18791
18734
18792
18735
18793
18736
18794
18737
18795
18738
18796
18739
18797
18740
18798
18741
18799
18742
18800
18743
18801
18744
18802
18745
18803
18746
18804
18747
18805
18748
18806
18749
18807
18750
18808
18751
18809
18752
18810
18753
18811
18754
18812
18755
18813
18756
18814
18757
18815
18758
18816
18759
18817
18760
18818
18761
18819
18762
18820
18763
18821
18764
18822
18765
18823
18766
18824
18767
18825
18768
18826
18769
18827
18770
18828
18771
18829
18772
18830
18773
18831
18774
18832
18833
62992
18776
18834
18777
18835
18778
18836
18779
18837
18780
18838
18781
18839
18782
18840
18783
18841
18784
18842
18785
18843
18786
18844
18787
18845
18788
18846
18789
18847
18790
18848
18791
18849
18792
18850
18793
18851
18794
18852
18795
18853
18796
18854
18797
18855
18798
18856
18799
18857
18800
18858
18801
18859
18802
18860
18803
18861
18804
18862
18805
18863
18806
18864
18807
18865
18808
18866
18809
18867
18810
18868
18811
18869
18812
18870
18813
18871
18814
18872
18815
18873
18816
18874
18817
18875
18818
18876
18819
18877
18820
18878
18821
18879
18822
18880
18823
18881
18824
18882
18825
18883
18826
18884
18827
18885
18828
18886
18829
18887
18830
18888
18831
18889
18832
18890
18833
18891
18892
62991
18835
18893
18836
18894
18837
18895
18838
18896
18839
18897
18840
18898
18841
18899
18842
18900
18843
18901
18844
18902
18845
18903
18846
18904
18847
18905
18848
18906
18849
18907
18850
18908
18851
18909
18852
18910
18853
18911
18854
18912
18855
18913
18856
18914
18857
18915
18858
18916
18859
18917
18860
18918
18861
18919
18862
18920
18863
18921
18864
18922
18865
18923
18866
18924
18867
18925
18868
18926
18869
18927
18870
18928
18871
18929
18872
18930
18873
18931
18874
18932
18875
18933
18876
18934
18877
18935
18878
18936
18879
18937
18880
18938
18881
18939
18882
18940
18883
18941
18884
18942
18885
18943
18886
18944
18887
18945
18888
18946
18889
18947
18890
18948
18891
18949
18892
18950
18951
62990
18894
18952
18895
18953
18896
18954
18897
18955
18898
18956
18899
18957
18900
18958
18901
18959
18902
18960
18903
18961
18904
18962
18905
18963
18906
18964
18907
18965
18908
18966
18909
18967
18910
18968
18911
18969
18912
18970
18913
18971
18914
18972
18915
18973
18916
18974
18917
18975
18918
18976
18919
18977
18920
18978
18921
18979
18922
18980
18923
18981
18924
18982
18925
18983
18926
18984
18927
18985
18928
18986
18929
18987
18930
18988
18931
18989
18932
18990
18933
18991
18934
18992
18935
18993
18936
18994
18937
18995
18938
18996
18939
18997
18940
18998
18941
18999
18942
19000
18943
19001
18944
19002
18945
19003
18946
19004
18947
19005
18948
19006
18949
19007
18950
19008
18951
19009
19010
62989
18953
19011
18954
19012
18955
19013
18956
19014
18957
19015
18958
19016
18959
19017
18960
19018
18961
19019
18962
19020
18963
19021
18964
19022
18965
19023
18966
19024
18967
19025
18968
19026
18969
19027
18970
19028
18971
19029
18972
19030
18973
19031
18974
19032
18975
19033
18976
19034
18977
19035
18978
19036
18979
19037
18980
19038
18981
19039
18982
19040
18983
19041
18984
19042
18985
19043
18986
19044
18987
19045
18988
19046
18989
19047
18990
19048
18991
19049
18992
19050
18993
19051
18994
19052
18995
19053
18996
19054
18997
19055
18998
19056
18999
19057
19000
19058
19001
19059
19002
19060
19003
19061
19004
19062
19005
19063
19006
19064
19007
19065
19008
19066
19009
19067
19010
19068
19069
62988
19012
19070
19013
19071
19014
19072
19015
19073
19016
19074
19017
19075
19018
19076
19019
19077
19020
19078
19021
19079
19022
19080
19023
19081
19024
19082
19025
19083
19026
19084
19027
19085
19028
19086
19029
19087
19030
19088
19031
19089
19032
19090
19033
19091
19034
19092
19035
19093
19036
19094
19037
19095
19038
19096
19039
19097
19040
19098
19041
19099
19042
19100
19043
19101
19044
19102
19045
19103
19046
19104
19047
19105
19048
19106
19049
19107
19050
19108
19051
19109
19052
19110
19053
19111
19054
19112
19055
19113
19056
19114
19057
19115
19058
19116
19059
19117
19060
19118
19061
19119
19062
19120
19063
19121
19064
19122
19065
19123
19066
19124
19067
19125
19068
19126
19069
19127
19128
62987
19071
19129
19072
19130
19073
19131
19074
19132
19075
19133
19076
19134
19077
19135
19078
19136
19079
19137
19080
19138
19081
19139
19082
19140
19083
19141
19084
19142
19085
19143
19086
19144
19087
19145
19088
19146
19089
19147
19090
19148
19091
19149
19092
19150
19093
19151
19094
19152
19095
19153
19096
19154
19097
19155
19098
19156
19099
19157
19100
19158
19101
19159
19102
19160
19103
19161
19104
19162
19105
19163
19106
19164
19107
19165
19108
19166
19109
19167
19110
19168
19111
19169
19112
19170
19113
19171
19114
19172
19115
19173
19116
19174
19117
19175
19118
19176
19119
19177
19120
19178
19121
19179
19122
19180
19123
19181
19124
19182
19125
19183
19126
19184
19127
19185
19128
19186
19187
62986
19130
19188
19131
19189
19132
19190
19133
19191
19134
19192
19135
19193
19136
19194
19137
19195
19138
19196
19139
19197
19140
19198
19141
19199
19142
19200
19143
19201
19144
19202
19145
19203
19146
19204
19147
19205
19148
19206
19149
19207
19150
19208
19151
19209
19152
19210
19153
19211
19154
19212
19155
19213
19156
19214
19157
19215
19158
19216
19159
19217
19160
19218
19161
19219
19162
19220
19163
19221
19164
19222
19165
19223
19166
19224
19167
19225
19168
19226
19169
19227
19170
19228
19171
19229
19172
19230
19173
19231
19174
19232
19175
19233
19176
19234
19177
19235
19178
19236
19179
19237
19180
19238
19181
19239
19182
19240
19183
19241
19184
19242
19185
19243
19186
19244
19187
19245
19246
62985
19189
19247
19190
19248
19191
19249
19192
19250
19193
19251
19194
19252
19195
19253
19196
19254
19197
19255
19198
19256
19199
19257
19200
19258
19201
19259
19202
19260
19203
19261
19204
19262
19205
19263
19206
19264
19207
19265
19208
19266
19209
19267
19210
19268
19211
19269
19212
19270
19213
19271
19214
19272
19215
19273
19216
19274
19217
19275
19218
19276
19219
19277
19220
19278
19221
19279
19222
19280
19223
19281
19224
19282
19225
19283
19226
19284
19227
19285
19228
19286
19229
19287
19230
19288
19231
19289
19232
19290
19233
19291
19234
19292
19235
19293
19236
19294
19237
19295
19238
19296
19239
19297
19240
19298
19241
19299
19242
19300
19243
19301
19244
19302
19245
19303
19246
19304
19305
62984
19248
19306
19249
19307
19250
19308
19251
19309
19252
19310
19253
19311
19254
19312
19255
19313
19256
19314
19257
19315
19258
19316
19259
19317
19260
19318
19261
19319
19262
19320
19263
19321
19264
19322
19265
19323
19266
19324
19267
19325
19268
19326
19269
19327
19270
19328
19271
19329
19272
19330
19273
19331
19274
19332
19275
19333
19276
19334
19277
19335
19278
19336
19279
19337
19280
19338
19281
19339
19282
19340
19283
19341
19284
19342
19285
19343
19286
19344
19287
19345
19288
19346
19289
19347
19290
19348
19291
19349
19292
19350
19293
19351
19294
19352
19295
19353
19296
19354
19297
19355
19298
19356
19299
19357
19300
19358
19301
19359
19302
19360
19303
19361
19304
19362
19305
19363
19364
62983
19307
19365
19308
19366
19309
19367
19310
19368
19311
19369
19312
19370
19313
19371
19314
19372
19315
19373
19316
19374
19317
19375
19318
19376
19319
19377
19320
19378
19321
19379
19322
19380
19323
19381
19324
19382
19325
19383
19326
19384
19327
19385
19328
19386
19329
19387
19330
19388
19331
19389
19332
19390
19333
19391
19334
19392
19335
19393
19336
19394
19337
19395
19338
19396
19339
19397
19340
19398
19341
19399
19342
19400
19343
19401
19344
19402
19345
19403
19346
19404
19347
19405
19348
19406
19349
19407
19350
19408
19351
19409
19352
19410
19353
19411
19354
19412
19355
19413
19356
19414
19357
19415
19358
19416
19359
19417
19360
19418
19361
19419
19362
19420
19363
19421
19364
19422
19423
62982
19366
19424
19367
19425
19368
19426
19369
19427
19370
19428
19371
19429
19372
19430
19373
19431
19374
19432
19375
19433
19376
19434
19377
19435
19378
19436
19379
19437
19380
19438
19381
19439
19382
19440
19383
19441
19384
19442
19385
19443
19386
19444
19387
19445
19388
19446
19389
19447
19390
19448
19391
19449
19392
19450
19393
19451
19394
19452
19395
19453
19396
19454
19397
19455
19398
19456
19399
19457
19400
19458
19401
19459
19402
19460
19403
19461
19404
19462
19405
19463
19406
19464
19407
19465
19408
19466
19409
19467
19410
19468
19411
19469
19412
19470
19413
19471
19414
19472
19415
19473
19416
19474
19417
19475
19418
19476
19419
19477
19420
19478
19421
19479
19422
19480
19423
19481
19482
62981
19425
19483
19426
19484
19427
19485
19428
19486
19429
19487
19430
19488
19431
19489
19432
19490
19433
19491
19434
19492
19435
19493
19436
19494
19437
19495
19438
19496
19439
19497
19440
19498
19441
19499
19442
19500
19443
19501
19444
19502
19445
19503
19446
19504
19447
19505
19448
19506
19449
19507
19450
19508
19451
19509
19452
19510
19453
19511
19454
19512
19455
19513
19456
19514
19457
19515
19458
19516
19459
19517
19460
19518
19461
19519
19462
19520
19463
19521
19464
19522
19465
19523
19466
19524
19467
19525
19468
19526
19469
19527
19470
19528
19471
19529
19472
19530
19473
19531
19474
19532
19475
19533
19476
19534
19477
19535
19478
19536
19479
19537
19480
19538
19481
19539
19482
19540
19541
62980
19484
19542
19485
19543
19486
19544
19487
19545
19488
19546
19489
19547
19490
19548
19491
19549
19492
19550
19493
19551
19494
19552
19495
19553
19496
19554
19497
19555
19498
19556
19499
19557
19500
19558
19501
19559
19502
19560
19503
19561
19504
19562
19505
19563
19506
19564
19507
19565
19508
19566
19509
19567
19510
19568
19511
19569
19512
19570
19513
19571
19514
19572
19515
19573
19516
19574
19517
19575
19518
19576
19519
19577
19520
19578
19521
19579
19522
19580
19523
19581
19524
19582
19525
19583
19526
19584
19527
19585
19528
19586
19529
19587
19530
19588
19531
19589
19532
19590
19533
19591
19534
19592
19535
19593
19536
19594
19537
19595
19538
19596
19539
19597
19540
19598
19541
19599
19600
62979
19543
19601
19544
19602
19545
19603
19546
19604
19547
19605
19548
19606
19549
19607
19550
19608
19551
19609
19552
19610
19553
19611
19554
19612
19555
19613
19556
19614
19557
19615
19558
19616
19559
19617
19560
19618
19561
19619
19562
19620
19563
19621
19564
19622
19565
19623
19566
19624
19567
19625
19568
19626
19569
19627
19570
19628
19571
19629
19572
19630
19573
19631
19574
19632
19575
19633
19576
19634
19577
19635
19578
19636
19579
19637
19580
19638
19581
19639
19582
19640
19583
19641
19584
19642
19585
19643
19586
19644
19587
19645
19588
19646
19589
19647
19590
19648
19591
19649
19592
19650
19593
19651
19594
19652
19595
19653
19596
19654
19597
19655
19598
19656
19599
19657
19600
19658
19659
62978
19602
19660
19603
19661
19604
19662
19605
19663
19606
19664
19607
19665
19608
19666
19609
19667
19610
19668
19611
19669
19612
19670
19613
19671
19614
19672
19615
19673
19616
19674
19617
19675
19618
19676
19619
19677
19620
19678
19621
19679
19622
19680
19623
19681
19624
19682
19625
19683
19626
19684
19627
19685
19628
19686
19629
19687
19630
19688
19631
19689
19632
19690
19633
19691
19634
19692
19635
19693
19636
19694
19637
19695
19638
19696
19639
19697
19640
19698
19641
19699
19642
19700
19643
19701
19644
19702
19645
19703
19646
19704
19647
19705
19648
19706
19649
19707
19650
19708
19651
19709
19652
19710
19653
19711
19654
19712
19655
19713
19656
19714
19657
19715
19658
19716
19659
19717
19718
62977
19661
19719
19662
19720
19663
19721
19664
19722
19665
19723
19666
19724
19667
19725
19668
19726
19669
19727
19670
19728
19671
19729
19672
19730
19673
19731
19674
19732
19675
19733
19676
19734
19677
19735
19678
19736
19679
19737
19680
19738
19681
19739
19682
19740
19683
19741
19684
19742
19685
19743
19686
19744
19687
19745
19688
19746
19689
19747
19690
19748
19691
19749
19692
19750
19693
19751
19694
19752
19695
19753
19696
19754
19697
19755
19698
19756
19699
19757
19700
19758
19701
19759
19702
19760
19703
19761
19704
19762
19705
19763
19706
19764
19707
19765
19708
19766
19709
19767
19710
19768
19711
19769
19712
19770
19713
19771
19714
19772
19715
19773
19716
19774
19717
19775
19718
19776
19777
62976
19720
19778
19721
19779
19722
19780
19723
19781
19724
19782
19725
19783
19726
19784
19727
19785
19728
19786
19729
19787
19730
19788
19731
19789
19732
19790
19733
19791
19734
19792
19735
19793
19736
19794
19737
19795
19738
19796
19739
19797
19740
19798
19741
19799
19742
19800
19743
19801
19744
19802
19745
19803
19746
19804
19747
19805
19748
19806
19749
19807
19750
19808
19751
19809
19752
19810
19753
19811
19754
19812
19755
19813
19756
19814
19757
19815
19758
19816
19759
19817
19760
19818
19761
19819
19762
19820
19763
19821
19764
19822
19765
19823
19766
19824
19767
19825
19768
19826
19769
19827
19770
19828
19771
19829
19772
19830
19773
19831
19774
19832
19775
19833
19776
19834
19777
19835
19836
62975
19779
19837
19780
19838
19781
19839
19782
19840
19783
19841
19784
19842
19785
19843
19786
19844
19787
19845
19788
19846
19789
19847
19790
19848
19791
19849
19792
19850
19793
19851
19794
19852
19795
19853
19796
19854
19797
19855
19798
19856
19799
19857
19800
19858
19801
19859
19802
19860
19803
19861
19804
19862
19805
19863
19806
19864
19807
19865
19808
19866
19809
19867
19810
19868
19811
19869
19812
19870
19813
19871
19814
19872
19815
19873
19816
19874
19817
19875
19818
19876
19819
19877
19820
19878
19821
19879
19822
19880
19823
19881
19824
19882
19825
19883
19826
19884
19827
19885
19828
19886
19829
19887
19830
19888
19831
19889
19832
19890
19833
19891
19834
19892
19835
19893
19836
19894
19895
62974
19838
19896
19839
19897
19840
19898
19841
19899
19842
19900
19843
19901
19844
19902
19845
19903
19846
19904
19847
19905
19848
19906
19849
19907
19850
19908
19851
19909
19852
19910
19853
19911
19854
19912
19855
19913
19856
19914
19857
19915
19858
19916
19859
19917
19860
19918
19861
19919
19862
19920
19863
19921
19864
19922
19865
19923
19866
19924
19867
19925
19868
19926
19869
19927
19870
19928
19871
19929
19872
19930
19873
19931
19874
19932
19875
19933
19876
19934
19877
19935
19878
19936
19879
19937
19880
19938
19881
19939
19882
19940
19883
19941
19884
19942
19885
19943
19886
19944
19887
19945
19888
19946
19889
19947
19890
19948
19891
19949
19892
19950
19893
19951
19894
19952
19895
19953
19954
62973
19897
19955
19898
19956
19899
19957
19900
19958
19901
19959
19902
19960
19903
19961
19904
19962
19905
19963
19906
19964
19907
19965
19908
19966
19909
19967
19910
19968
19911
19969
19912
19970
19913
19971
19914
19972
19915
19973
19916
19974
19917
19975
19918
19976
19919
19977
19920
19978
19921
19979
19922
19980
19923
19981
19924
19982
19925
19983
19926
19984
19927
19985
19928
19986
19929
19987
19930
19988
19931
19989
19932
19990
19933
19991
19934
19992
19935
19993
19936
19994
19937
19995
19938
19996
19939
19997
19940
19998
19941
19999
19942
20000
19943
20001
19944
20002
19945
20003
19946
20004
19947
20005
19948
20006
19949
20007
19950
20008
19951
20009
19952
20010
19953
20011
19954
20012
20013
62972
19956
20014
19957
20015
19958
20016
19959
20017
19960
20018
19961
20019
19962
20020
19963
20021
19964
20022
19965
20023
19966
20024
19967
20025
19968
20026
19969
20027
19970
20028
19971
20029
19972
20030
19973
20031
19974
20032
19975
20033
19976
20034
19977
20035
19978
20036
19979
20037
19980
20038
19981
20039
19982
20040
19983
20041
19984
20042
19985
20043
19986
20044
19987
20045
19988
20046
19989
20047
19990
20048
19991
20049
19992
20050
19993
20051
19994
20052
19995
20053
19996
20054
19997
20055
19998
20056
19999
20057
20000
20058
20001
20059
20002
20060
20003
20061
20004
20062
20005
20063
20006
20064
20007
20065
20008
20066
20009
20067
20010
20068
20011
20069
20012
20070
20013
20071
20072
62971
20015
20073
20016
20074
20017
20075
20018
20076
20019
20077
20020
20078
20021
20079
20022
20080
20023
20081
20024
20082
20025
20083
20026
20084
20027
20085
20028
20086
20029
20087
20030
20088
20031
20089
20032
20090
20033
20091
20034
20092
20035
20093
20036
20094
20037
20095
20038
20096
20039
20097
20040
20098
20041
20099
20042
20100
20043
20101
20044
20102
20045
20103
20046
20104
20047
20105
20048
20106
20049
20107
20050
20108
20051
20109
20052
20110
20053
20111
20054
20112
20055
20113
20056
20114
20057
20115
20058
20116
20059
20117
20060
20118
20061
20119
20062
20120
20063
20121
20064
20122
20065
20123
20066
20124
20067
20125
20068
20126
20069
20127
20070
20128
20071
20129
20072
20130
20131
62970
20074
20132
20075
20133
20076
20134
20077
20135
20078
20136
20079
20137
20080
20138
20081
20139
20082
20140
20083
20141
20084
20142
20085
20143
20086
20144
20087
20145
20088
20146
20089
20147
20090
20148
20091
20149
20092
20150
20093
20151
20094
20152
20095
20153
20096
20154
20097
20155
20098
20156
20099
20157
20100
20158
20101
20159
20102
20160
20103
20161
20104
20162
20105
20163
20106
20164
20107
20165
20108
20166
20109
20167
20110
20168
20111
20169
20112
20170
20113
20171
20114
20172
20115
20173
20116
20174
20117
20175
20118
20176
20119
20177
20120
20178
20121
20179
20122
20180
20123
20181
20124
20182
20125
20183
20126
20184
20127
20185
20128
20186
20129
20187
20130
20188
20131
20189
20190
62969
20133
20191
20134
20192
20135
20193
20136
20194
20137
20195
20138
20196
20139
20197
20140
20198
20141
20199
20142
20200
20143
20201
20144
20202
20145
20203
20146
20204
20147
20205
20148
20206
20149
20207
20150
20208
20151
20209
20152
20210
20153
20211
20154
20212
20155
20213
20156
20214
20157
20215
20158
20216
20159
20217
20160
20218
20161
20219
20162
20220
20163
20221
20164
20222
20165
20223
20166
20224
20167
20225
20168
20226
20169
20227
20170
20228
20171
20229
20172
20230
20173
20231
20174
20232
20175
20233
20176
20234
20177
20235
20178
20236
20179
20237
20180
20238
20181
20239
20182
20240
20183
20241
20184
20242
20185
20243
20186
20244
20187
20245
20188
20246
20189
20247
20190
20248
20249
62968
20192
20250
20193
20251
20194
20252
20195
20253
20196
20254
20197
20255
20198
20256
20199
20257
20200
20258
20201
20259
20202
20260
20203
20261
20204
20262
20205
20263
20206
20264
20207
20265
20208
20266
20209
20267
20210
20268
20211
20269
20212
20270
20213
20271
20214
20272
20215
20273
20216
20274
20217
20275
20218
20276
20219
20277
20220
20278
20221
20279
20222
20280
20223
20281
20224
20282
20225
20283
20226
20284
20227
20285
20228
20286
20229
20287
20230
20288
20231
20289
20232
20290
20233
20291
20234
20292
20235
20293
20236
20294
20237
20295
20238
20296
20239
20297
20240
20298
20241
20299
20242
20300
20243
20301
20244
20302
20245
20303
20246
20304
20247
20305
20248
20306
20249
20307
20308
62967
20251
20309
20252
20310
20253
20311
20254
20312
20255
20313
20256
20314
20257
20315
20258
20316
20259
20317
20260
20318
20261
20319
20262
20320
20263
20321
20264
20322
20265
20323
20266
20324
20267
20325
20268
20326
20269
20327
20270
20328
20271
20329
20272
20330
20273
20331
20274
20332
20275
20333
20276
20334
20277
20335
20278
20336
20279
20337
20280
20338
20281
20339
20282
20340
20283
20341
20284
20342
20285
20343
20286
20344
20287
20345
20288
20346
20289
20347
20290
20348
20291
20349
20292
20350
20293
20351
20294
20352
20295
20353
20296
20354
20297
20355
20298
20356
20299
20357
20300
20358
20301
20359
20302
20360
20303
20361
20304
20362
20305
20363
20306
20364
20307
20365
20308
20366
20367
62966
20310
20368
20311
20369
20312
20370
20313
20371
20314
20372
20315
20373
20316
20374
20317
20375
20318
20376
20319
20377
20320
20378
20321
20379
20322
20380
20323
20381
20324
20382
20325
20383
20326
20384
20327
20385
20328
20386
20329
20387
20330
20388
20331
20389
20332
20390
20333
20391
20334
20392
20335
20393
20336
20394
20337
20395
20338
20396
20339
20397
20340
20398
20341
20399
20342
20400
20343
20401
20344
20402
20345
20403
20346
20404
20347
20405
20348
20406
20349
20407
20350
20408
20351
20409
20352
20410
20353
20411
20354
20412
20355
20413
20356
20414
20357
20415
20358
20416
20359
20417
20360
20418
20361
20419
20362
20420
20363
20421
20364
20422
20365
20423
20366
20424
20367
20425
20426
62965
20369
20427
20370
20428
20371
20429
20372
20430
20373
20431
20374
20432
20375
20433
20376
20434
20377
20435
20378
20436
20379
20437
20380
20438
20381
20439
20382
20440
20383
20441
20384
20442
20385
20443
20386
20444
20387
20445
20388
20446
20389
20447
20390
20448
20391
20449
20392
20450
20393
20451
20394
20452
20395
20453
20396
20454
20397
20455
20398
20456
20399
20457
20400
20458
20401
20459
20402
20460
20403
20461
20404
20462
20405
20463
20406
20464
20407
20465
20408
20466
20409
20467
20410
20468
20411
20469
20412
20470
20413
20471
20414
20472
20415
20473
20416
20474
20417
20475
20418
20476
20419
20477
20420
20478
20421
20479
20422
20480
20423
20481
20424
20482
20425
20483
20426
20484
20485
62964
20428
20486
20429
20487
20430
20488
20431
20489
20432
20490
20433
20491
20434
20492
20435
20493
20436
20494
20437
20495
20438
20496
20439
20497
20440
20498
20441
20499
20442
20500
20443
20501
20444
20502
20445
20503
20446
20504
20447
20505
20448
20506
20449
20507
20450
20508
20451
20509
20452
20510
20453
20511
20454
20512
20455
20513
20456
20514
20457
20515
20458
20516
20459
20517
20460
20518
20461
20519
20462
20520
20463
20521
20464
20522
20465
20523
20466
20524
20467
20525
20468
20526
20469
20527
20470
20528
20471
20529
20472
20530
20473
20531
20474
20532
20475
20533
20476
20534
20477
20535
20478
20536
20479
20537
20480
20538
20481
20539
20482
20540
20483
20541
20484
20542
20485
20543
20544
62963
20487
20545
20488
20546
20489
20547
20490
20548
20491
20549
20492
20550
20493
20551
20494
20552
20495
20553
20496
20554
20497
20555
20498
20556
20499
20557
20500
20558
20501
20559
20502
20560
20503
20561
20504
20562
20505
20563
20506
20564
20507
20565
20508
20566
20509
20567
20510
20568
20511
20569
20512
20570
20513
20571
20514
20572
20515
20573
20516
20574
20517
20575
20518
20576
20519
20577
20520
20578
20521
20579
20522
20580
20523
20581
20524
20582
20525
20583
20526
20584
20527
20585
20528
20586
20529
20587
20530
20588
20531
20589
20532
20590
20533
20591
20534
20592
20535
20593
20536
20594
20537
20595
20538
20596
20539
20597
20540
20598
20541
20599
20542
20600
20543
20601
20544
20602
20603
62962
20546
20604
20547
20605
20548
20606
20549
20607
20550
20608
20551
20609
20552
20610
20553
20611
20554
20612
20555
20613
20556
20614
20557
20615
20558
20616
20559
20617
20560
20618
20561
20619
20562
20620
20563
20621
20564
20622
20565
20623
20566
20624
20567
20625
20568
20626
20569
20627
20570
20628
20571
20629
20572
20630
20573
20631
20574
20632
20575
20633
20576
20634
20577
20635
20578
20636
20579
20637
20580
20638
20581
20639
20582
20640
20583
20641
20584
20642
20585
20643
20586
20644
20587
20645
20588
20646
20589
20647
20590
20648
20591
20649
20592
20650
20593
20651
20594
20652
20595
20653
20596
20654
20597
20655
20598
20656
20599
20657
20600
20658
20601
20659
20602
20660
20603
20661
20662
62961
20605
20663
20606
20664
20607
20665
20608
20666
20609
20667
20610
20668
20611
20669
20612
20670
20613
20671
20614
20672
20615
20673
20616
20674
20617
20675
20618
20676
20619
20677
20620
20678
20621
20679
20622
20680
20623
20681
20624
20682
20625
20683
20626
20684
20627
20685
20628
20686
20629
20687
20630
20688
20631
20689
20632
20690
20633
20691
20634
20692
20635
20693
20636
20694
20637
20695
20638
20696
20639
20697
20640
20698
20641
20699
20642
20700
20643
20701
20644
20702
20645
20703
20646
20704
20647
20705
20648
20706
20649
20707
20650
20708
20651
20709
20652
20710
20653
20711
20654
20712
20655
20713
20656
20714
20657
20715
20658
20716
20659
20717
20660
20718
20661
20719
20662
20720
20721
62960
20664
20722
20665
20723
20666
20724
20667
20725
20668
20726
20669
20727
20670
20728
20671
20729
20672
20730
20673
20731
20674
20732
20675
20733
20676
20734
20677
20735
20678
20736
20679
20737
20680
20738
20681
20739
20682
20740
20683
20741
20684
20742
20685
20743
20686
20744
20687
20745
20688
20746
20689
20747
20690
20748
20691
20749
20692
20750
20693
20751
20694
20752
20695
20753
20696
20754
20697
20755
20698
20756
20699
20757
20700
20758
20701
20759
20702
20760
20703
20761
20704
20762
20705
20763
20706
20764
20707
20765
20708
20766
20709
20767
20710
20768
20711
20769
20712
20770
20713
20771
20714
20772
20715
20773
20716
20774
20717
20775
20718
20776
20719
20777
20720
20778
20721
20779
20780
62959
20723
20781
20724
20782
20725
20783
20726
20784
20727
20785
20728
20786
20729
20787
20730
20788
20731
20789
20732
20790
20733
20791
20734
20792
20735
20793
20736
20794
20737
20795
20738
20796
20739
20797
20740
20798
20741
20799
20742
20800
20743
20801
20744
20802
20745
20803
20746
20804
20747
20805
20748
20806
20749
20807
20750
20808
20751
20809
20752
20810
20753
20811
20754
20812
20755
20813
20756
20814
20757
20815
20758
20816
20759
20817
20760
20818
20761
20819
20762
20820
20763
20821
20764
20822
20765
20823
20766
20824
20767
20825
20768
20826
20769
20827
20770
20828
20771
20829
20772
20830
20773
20831
20774
20832
20775
20833
20776
20834
20777
20835
20778
20836
20779
20837
20780
20838
20839
62958
20782
20840
20783
20841
20784
20842
20785
20843
20786
20844
20787
20845
20788
20846
20789
20847
20790
20848
20791
20849
20792
20850
20793
20851
20794
20852
20795
20853
20796
20854
20797
20855
20798
20856
20799
20857
20800
20858
20801
20859
20802
20860
20803
20861
20804
20862
20805
20863
20806
20864
20807
20865
20808
20866
20809
20867
20810
20868
20811
20869
20812
20870
20813
20871
20814
20872
20815
20873
20816
20874
20817
20875
20818
20876
20819
20877
20820
20878
20821
20879
20822
20880
20823
20881
20824
20882
20825
20883
20826
20884
20827
20885
20828
20886
20829
20887
20830
20888
20831
20889
20832
20890
20833
20891
20834
20892
20835
20893
20836
20894
20837
20895
20838
20896
20839
20897
20898
62957
20841
20899
20842
20900
20843
20901
20844
20902
20845
20903
20846
20904
20847
20905
20848
20906
20849
20907
20850
20908
20851
20909
20852
20910
20853
20911
20854
20912
20855
20913
20856
20914
20857
20915
20858
20916
20859
20917
20860
20918
20861
20919
20862
20920
20863
20921
20864
20922
20865
20923
20866
20924
20867
20925
20868
20926
20869
20927
20870
20928
20871
20929
20872
20930
20873
20931
20874
20932
20875
20933
20876
20934
20877
20935
20878
20936
20879
20937
20880
20938
20881
20939
20882
20940
20883
20941
20884
20942
20885
20943
20886
20944
20887
20945
20888
20946
20889
20947
20890
20948
20891
20949
20892
20950
20893
20951
20894
20952
20895
20953
20896
20954
20897
20955
20898
20956
20957
62956
20900
20958
20901
20959
20902
20960
20903
20961
20904
20962
20905
20963
20906
20964
20907
20965
20908
20966
20909
20967
20910
20968
20911
20969
20912
20970
20913
20971
20914
20972
20915
20973
20916
20974
20917
20975
20918
20976
20919
20977
20920
20978
20921
20979
20922
20980
20923
20981
20924
20982
20925
20983
20926
20984
20927
20985
20928
20986
20929
20987
20930
20988
20931
20989
20932
20990
20933
20991
20934
20992
20935
20993
20936
20994
20937
20995
20938
20996
20939
20997
20940
20998
20941
20999
20942
21000
20943
21001
20944
21002
20945
21003
20946
21004
20947
21005
20948
21006
20949
21007
20950
21008
20951
21009
20952
21010
20953
21011
20954
21012
20955
21013
20956
21014
20957
21015
21016
62955
20959
21017
20960
21018
20961
21019
20962
21020
20963
21021
20964
21022
20965
21023
20966
21024
20967
21025
20968
21026
20969
21027
20970
21028
20971
21029
20972
21030
20973
21031
20974
21032
20975
21033
20976
21034
20977
21035
20978
21036
20979
21037
20980
21038
20981
21039
20982
21040
20983
21041
20984
21042
20985
21043
20986
21044
20987
21045
20988
21046
20989
21047
20990
21048
20991
21049
20992
21050
20993
21051
20994
21052
20995
21053
20996
21054
20997
21055
20998
21056
20999
21057
21000
21058
21001
21059
21002
21060
21003
21061
21004
21062
21005
21063
21006
21064
21007
21065
21008
21066
21009
21067
21010
21068
21011
21069
21012
21070
21013
21071
21014
21072
21015
21073
21016
21074
21075
62954
21018
21076
21019
21077
21020
21078
21021
21079
21022
21080
21023
21081
21024
21082
21025
21083
21026
21084
21027
21085
21028
21086
21029
21087
21030
21088
21031
21089
21032
21090
21033
21091
21034
21092
21035
21093
21036
21094
21037
21095
21038
21096
21039
21097
21040
21098
21041
21099
21042
21100
21043
21101
21044
21102
21045
21103
21046
21104
21047
21105
21048
21106
21049
21107
21050
21108
21051
21109
21052
21110
21053
21111
21054
21112
21055
21113
21056
21114
21057
21115
21058
21116
21059
21117
21060
21118
21061
21119
21062
21120
21063
21121
21064
21122
21065
21123
21066
21124
21067
21125
21068
21126
21069
21127
21070
21128
21071
21129
21072
21130
21073
21131
21074
21132
21075
21133
21134
62953
21077
21135
21078
21136
21079
21137
21080
21138
21081
21139
21082
21140
21083
21141
21084
21142
21085
21143
21086
21144
21087
21145
21088
21146
21089
21147
21090
21148
21091
21149
21092
21150
21093
21151
21094
21152
21095
21153
21096
21154
21097
21155
21098
21156
21099
21157
21100
21158
21101
21159
21102
21160
21103
21161
21104
21162
21105
21163
21106
21164
21107
21165
21108
21166
21109
21167
21110
21168
21111
21169
21112
21170
21113
21171
21114
21172
21115
21173
21116
21174
21117
21175
21118
21176
21119
21177
21120
21178
21121
21179
21122
21180
21123
21181
21124
21182
21125
21183
21126
21184
21127
21185
21128
21186
21129
21187
21130
21188
21131
21189
21132
21190
21133
21191
21134
21192
21193
62952
21136
21194
21137
21195
21138
21196
21139
21197
21140
21198
21141
21199
21142
21200
21143
21201
21144
21202
21145
21203
21146
21204
21147
21205
21148
21206
21149
21207
21150
21208
21151
21209
21152
21210
21153
21211
21154
21212
21155
21213
21156
21214
21157
21215
21158
21216
21159
21217
21160
21218
21161
21219
21162
21220
21163
21221
21164
21222
21165
21223
21166
21224
21167
21225
21168
21226
21169
21227
21170
21228
21171
21229
21172
21230
21173
21231
21174
21232
21175
21233
21176
21234
21177
21235
21178
21236
21179
21237
21180
21238
21181
21239
21182
21240
21183
21241
21184
21242
21185
21243
21186
21244
21187
21245
21188
21246
21189
21247
21190
21248
21191
21249
21192
21250
21193
21251
21252
62951
21195
21253
21196
21254
21197
21255
21198
21256
21199
21257
21200
21258
21201
21259
21202
21260
21203
21261
21204
21262
21205
21263
21206
21264
21207
21265
21208
21266
21209
21267
21210
21268
21211
21269
21212
21270
21213
21271
21214
21272
21215
21273
21216
21274
21217
21275
21218
21276
21219
21277
21220
21278
21221
21279
21222
21280
21223
21281
21224
21282
21225
21283
21226
21284
21227
21285
21228
21286
21229
21287
21230
21288
21231
21289
21232
21290
21233
21291
21234
21292
21235
21293
21236
21294
21237
21295
21238
21296
21239
21297
21240
21298
21241
21299
21242
21300
21243
21301
21244
21302
21245
21303
21246
21304
21247
21305
21248
21306
21249
21307
21250
21308
21251
21309
21252
21310
21311
62950
21254
21312
21255
21313
21256
21314
21257
21315
21258
21316
21259
21317
21260
21318
21261
21319
21262
21320
21263
21321
21264
21322
21265
21323
21266
21324
21267
21325
21268
21326
21269
21327
21270
21328
21271
21329
21272
21330
21273
21331
21274
21332
21275
21333
21276
21334
21277
21335
21278
21336
21279
21337
21280
21338
21281
21339
21282
21340
21283
21341
21284
21342
21285
21343
21286
21344
21287
21345
21288
21346
21289
21347
21290
21348
21291
21349
21292
21350
21293
21351
21294
21352
21295
21353
21296
21354
21297
21355
21298
21356
21299
21357
21300
21358
21301
21359
21302
21360
21303
21361
21304
21362
21305
21363
21306
21364
21307
21365
21308
21366
21309
21367
21310
21368
21311
21369
21370
62949
21313
21371
21314
21372
21315
21373
21316
21374
21317
21375
21318
21376
21319
21377
21320
21378
21321
21379
21322
21380
21323
21381
21324
21382
21325
21383
21326
21384
21327
21385
21328
21386
21329
21387
21330
21388
21331
21389
21332
21390
21333
21391
21334
21392
21335
21393
21336
21394
21337
21395
21338
21396
21339
21397
21340
21398
21341
21399
21342
21400
21343
21401
21344
21402
21345
21403
21346
21404
21347
21405
21348
21406
21349
21407
21350
21408
21351
21409
21352
21410
21353
21411
21354
21412
21355
21413
21356
21414
21357
21415
21358
21416
21359
21417
21360
21418
21361
21419
21362
21420
21363
21421
21364
21422
21365
21423
21366
21424
21367
21425
21368
21426
21369
21427
21370
21428
21429
62948
21372
21430
21373
21431
21374
21432
21375
21433
21376
21434
21377
21435
21378
21436
21379
21437
21380
21438
21381
21439
21382
21440
21383
21441
21384
21442
21385
21443
21386
21444
21387
21445
21388
21446
21389
21447
21390
21448
21391
21449
21392
21450
21393
21451
21394
21452
21395
21453
21396
21454
21397
21455
21398
21456
21399
21457
21400
21458
21401
21459
21402
21460
21403
21461
21404
21462
21405
21463
21406
21464
21407
21465
21408
21466
21409
21467
21410
21468
21411
21469
21412
21470
21413
21471
21414
21472
21415
21473
21416
21474
21417
21475
21418
21476
21419
21477
21420
21478
21421
21479
21422
21480
21423
21481
21424
21482
21425
21483
21426
21484
21427
21485
21428
21486
21429
21487
21488
62947
21431
21489
21432
21490
21433
21491
21434
21492
21435
21493
21436
21494
21437
21495
21438
21496
21439
21497
21440
21498
21441
21499
21442
21500
21443
21501
21444
21502
21445
21503
21446
21504
21447
21505
21448
21506
21449
21507
21450
21508
21451
21509
21452
21510
21453
21511
21454
21512
21455
21513
21456
21514
21457
21515
21458
21516
21459
21517
21460
21518
21461
21519
21462
21520
21463
21521
21464
21522
21465
21523
21466
21524
21467
21525
21468
21526
21469
21527
21470
21528
21471
21529
21472
21530
21473
21531
21474
21532
21475
21533
21476
21534
21477
21535
21478
21536
21479
21537
21480
21538
21481
21539
21482
21540
21483
21541
21484
21542
21485
21543
21486
21544
21487
21545
21488
21546
21547
62946
21490
21548
21491
21549
21492
21550
21493
21551
21494
21552
21495
21553
21496
21554
21497
21555
21498
21556
21499
21557
21500
21558
21501
21559
21502
21560
21503
21561
21504
21562
21505
21563
21506
21564
21507
21565
21508
21566
21509
21567
21510
21568
21511
21569
21512
21570
21513
21571
21514
21572
21515
21573
21516
21574
21517
21575
21518
21576
21519
21577
21520
21578
21521
21579
21522
21580
21523
21581
21524
21582
21525
21583
21526
21584
21527
21585
21528
21586
21529
21587
21530
21588
21531
21589
21532
21590
21533
21591
21534
21592
21535
21593
21536
21594
21537
21595
21538
21596
21539
21597
21540
21598
21541
21599
21542
21600
21543
21601
21544
21602
21545
21603
21546
21604
21547
21605
21606
62945
21549
21607
21550
21608
21551
21609
21552
21610
21553
21611
21554
21612
21555
21613
21556
21614
21557
21615
21558
21616
21559
21617
21560
21618
21561
21619
21562
21620
21563
21621
21564
21622
21565
21623
21566
21624
21567
21625
21568
21626
21569
21627
21570
21628
21571
21629
21572
21630
21573
21631
21574
21632
21575
21633
21576
21634
21577
21635
21578
21636
21579
21637
21580
21638
21581
21639
21582
21640
21583
21641
21584
21642
21585
21643
21586
21644
21587
21645
21588
21646
21589
21647
21590
21648
21591
21649
21592
21650
21593
21651
21594
21652
21595
21653
21596
21654
21597
21655
21598
21656
21599
21657
21600
21658
21601
21659
21602
21660
21603
21661
21604
21662
21605
21663
21606
21664
21665
62944
21608
21666
21609
21667
21610
21668
21611
21669
21612
21670
21613
21671
21614
21672
21615
21673
21616
21674
21617
21675
21618
21676
21619
21677
21620
21678
21621
21679
21622
21680
21623
21681
21624
21682
21625
21683
21626
21684
21627
21685
21628
21686
21629
21687
21630
21688
21631
21689
21632
21690
21633
21691
21634
21692
21635
21693
21636
21694
21637
21695
21638
21696
21639
21697
21640
21698
21641
21699
21642
21700
21643
21701
21644
21702
21645
21703
21646
21704
21647
21705
21648
21706
21649
21707
21650
21708
21651
21709
21652
21710
21653
21711
21654
21712
21655
21713
21656
21714
21657
21715
21658
21716
21659
21717
21660
21718
21661
21719
21662
21720
21663
21721
21664
21722
21665
21723
21724
62943
21667
21725
21668
21726
21669
21727
21670
21728
21671
21729
21672
21730
21673
21731
21674
21732
21675
21733
21676
21734
21677
21735
21678
21736
21679
21737
21680
21738
21681
21739
21682
21740
21683
21741
21684
21742
21685
21743
21686
21744
21687
21745
21688
21746
21689
21747
21690
21748
21691
21749
21692
21750
21693
21751
21694
21752
21695
21753
21696
21754
21697
21755
21698
21756
21699
21757
21700
21758
21701
21759
21702
21760
21703
21761
21704
21762
21705
21763
21706
21764
21707
21765
21708
21766
21709
21767
21710
21768
21711
21769
21712
21770
21713
21771
21714
21772
21715
21773
21716
21774
21717
21775
21718
21776
21719
21777
21720
21778
21721
21779
21722
21780
21723
21781
21724
21782
21783
62942
21726
21784
21727
21785
21728
21786
21729
21787
21730
21788
21731
21789
21732
21790
21733
21791
21734
21792
21735
21793
21736
21794
21737
21795
21738
21796
21739
21797
21740
21798
21741
21799
21742
21800
21743
21801
21744
21802
21745
21803
21746
21804
21747
21805
21748
21806
21749
21807
21750
21808
21751
21809
21752
21810
21753
21811
21754
21812
21755
21813
21756
21814
21757
21815
21758
21816
21759
21817
21760
21818
21761
21819
21762
21820
21763
21821
21764
21822
21765
21823
21766
21824
21767
21825
21768
21826
21769
21827
21770
21828
21771
21829
21772
21830
21773
21831
21774
21832
21775
21833
21776
21834
21777
21835
21778
21836
21779
21837
21780
21838
21781
21839
21782
21840
21783
21841
21842
62941
21785
21843
21786
21844
21787
21845
21788
21846
21789
21847
21790
21848
21791
21849
21792
21850
21793
21851
21794
21852
21795
21853
21796
21854
21797
21855
21798
21856
21799
21857
21800
21858
21801
21859
21802
21860
21803
21861
21804
21862
21805
21863
21806
21864
21807
21865
21808
21866
21809
21867
21810
21868
21811
21869
21812
21870
21813
21871
21814
21872
21815
21873
21816
21874
21817
21875
21818
21876
21819
21877
21820
21878
21821
21879
21822
21880
21823
21881
21824
21882
21825
21883
21826
21884
21827
21885
21828
21886
21829
21887
21830
21888
21831
21889
21832
21890
21833
21891
21834
21892
21835
21893
21836
21894
21837
21895
21838
21896
21839
21897
21840
21898
21841
21899
21842
21900
21901
62940
21844
21902
21845
21903
21846
21904
21847
21905
21848
21906
21849
21907
21850
21908
21851
21909
21852
21910
21853
21911
21854
21912
21855
21913
21856
21914
21857
21915
21858
21916
21859
21917
21860
21918
21861
21919
21862
21920
21863
21921
21864
21922
21865
21923
21866
21924
21867
21925
21868
21926
21869
21927
21870
21928
21871
21929
21872
21930
21873
21931
21874
21932
21875
21933
21876
21934
21877
21935
21878
21936
21879
21937
21880
21938
21881
21939
21882
21940
21883
21941
21884
21942
21885
21943
21886
21944
21887
21945
21888
21946
21889
21947
21890
21948
21891
21949
21892
21950
21893
21951
21894
21952
21895
21953
21896
21954
21897
21955
21898
21956
21899
21957
21900
21958
21901
21959
21960
62939
21903
21961
21904
21962
21905
21963
21906
21964
21907
21965
21908
21966
21909
21967
21910
21968
21911
21969
21912
21970
21913
21971
21914
21972
21915
21973
21916
21974
21917
21975
21918
21976
21919
21977
21920
21978
21921
21979
21922
21980
21923
21981
21924
21982
21925
21983
21926
21984
21927
21985
21928
21986
21929
21987
21930
21988
21931
21989
21932
21990
21933
21991
21934
21992
21935
21993
21936
21994
21937
21995
21938
21996
21939
21997
21940
21998
21941
21999
21942
22000
21943
22001
21944
22002
21945
22003
21946
22004
21947
22005
21948
22006
21949
22007
21950
22008
21951
22009
21952
22010
21953
22011
21954
22012
21955
22013
21956
22014
21957
22015
21958
22016
21959
22017
21960
22018
22019
62938
21962
22020
21963
22021
21964
22022
21965
22023
21966
22024
21967
22025
21968
22026
21969
22027
21970
22028
21971
22029
21972
22030
21973
22031
21974
22032
21975
22033
21976
22034
21977
22035
21978
22036
21979
22037
21980
22038
21981
22039
21982
22040
21983
22041
21984
22042
21985
22043
21986
22044
21987
22045
21988
22046
21989
22047
21990
22048
21991
22049
21992
22050
21993
22051
21994
22052
21995
22053
21996
22054
21997
22055
21998
22056
21999
22057
22000
22058
22001
22059
22002
22060
22003
22061
22004
22062
22005
22063
22006
22064
22007
22065
22008
22066
22009
22067
22010
22068
22011
22069
22012
22070
22013
22071
22014
22072
22015
22073
22016
22074
22017
22075
22018
22076
22019
22077
22078
62937
22021
22079
22022
22080
22023
22081
22024
22082
22025
22083
22026
22084
22027
22085
22028
22086
22029
22087
22030
22088
22031
22089
22032
22090
22033
22091
22034
22092
22035
22093
22036
22094
22037
22095
22038
22096
22039
22097
22040
22098
22041
22099
22042
22100
22043
22101
22044
22102
22045
22103
22046
22104
22047
22105
22048
22106
22049
22107
22050
22108
22051
22109
22052
22110
22053
22111
22054
22112
22055
22113
22056
22114
22057
22115
22058
22116
22059
22117
22060
22118
22061
22119
22062
22120
22063
22121
22064
22122
22065
22123
22066
22124
22067
22125
22068
22126
22069
22127
22070
22128
22071
22129
22072
22130
22073
22131
22074
22132
22075
22133
22076
22134
22077
22135
22078
22136
22137
62936
22080
22138
22081
22139
22082
22140
22083
22141
22084
22142
22085
22143
22086
22144
22087
22145
22088
22146
22089
22147
22090
22148
22091
22149
22092
22150
22093
22151
22094
22152
22095
22153
22096
22154
22097
22155
22098
22156
22099
22157
22100
22158
22101
22159
22102
22160
22103
22161
22104
22162
22105
22163
22106
22164
22107
22165
22108
22166
22109
22167
22110
22168
22111
22169
22112
22170
22113
22171
22114
22172
22115
22173
22116
22174
22117
22175
22118
22176
22119
22177
22120
22178
22121
22179
22122
22180
22123
22181
22124
22182
22125
22183
22126
22184
22127
22185
22128
22186
22129
22187
22130
22188
22131
22189
22132
22190
22133
22191
22134
22192
22135
22193
22136
22194
22137
22195
22196
62935
22139
22197
22140
22198
22141
22199
22142
22200
22143
22201
22144
22202
22145
22203
22146
22204
22147
22205
22148
22206
22149
22207
22150
22208
22151
22209
22152
22210
22153
22211
22154
22212
22155
22213
22156
22214
22157
22215
22158
22216
22159
22217
22160
22218
22161
22219
22162
22220
22163
22221
22164
22222
22165
22223
22166
22224
22167
22225
22168
22226
22169
22227
22170
22228
22171
22229
22172
22230
22173
22231
22174
22232
22175
22233
22176
22234
22177
22235
22178
22236
22179
22237
22180
22238
22181
22239
22182
22240
22183
22241
22184
22242
22185
22243
22186
22244
22187
22245
22188
22246
22189
22247
22190
22248
22191
22249
22192
22250
22193
22251
22194
22252
22195
22253
22196
22254
22255
62934
22198
22256
22199
22257
22200
22258
22201
22259
22202
22260
22203
22261
22204
22262
22205
22263
22206
22264
22207
22265
22208
22266
22209
22267
22210
22268
22211
22269
22212
22270
22213
22271
22214
22272
22215
22273
22216
22274
22217
22275
22218
22276
22219
22277
22220
22278
22221
22279
22222
22280
22223
22281
22224
22282
22225
22283
22226
22284
22227
22285
22228
22286
22229
22287
22230
22288
22231
22289
22232
22290
22233
22291
22234
22292
22235
22293
22236
22294
22237
22295
22238
22296
22239
22297
22240
22298
22241
22299
22242
22300
22243
22301
22244
22302
22245
22303
22246
22304
22247
22305
22248
22306
22249
22307
22250
22308
22251
22309
22252
22310
22253
22311
22254
22312
22255
22313
22314
62933
22257
22315
22258
22316
22259
22317
22260
22318
22261
22319
22262
22320
22263
22321
22264
22322
22265
22323
22266
22324
22267
22325
22268
22326
22269
22327
22270
22328
22271
22329
22272
22330
22273
22331
22274
22332
22275
22333
22276
22334
22277
22335
22278
22336
22279
22337
22280
22338
22281
22339
22282
22340
22283
22341
22284
22342
22285
22343
22286
22344
22287
22345
22288
22346
22289
22347
22290
22348
22291
22349
22292
22350
22293
22351
22294
22352
22295
22353
22296
22354
22297
22355
22298
22356
22299
22357
22300
22358
22301
22359
22302
22360
22303
22361
22304
22362
22305
22363
22306
22364
22307
22365
22308
22366
22309
22367
22310
22368
22311
22369
22312
22370
22313
22371
22314
22372
22373
62932
22316
22374
22317
22375
22318
22376
22319
22377
22320
22378
22321
22379
22322
22380
22323
22381
22324
22382
22325
22383
22326
22384
22327
22385
22328
22386
22329
22387
22330
22388
22331
22389
22332
22390
22333
22391
22334
22392
22335
22393
22336
22394
22337
22395
22338
22396
22339
22397
22340
22398
22341
22399
22342
22400
22343
22401
22344
22402
22345
22403
22346
22404
22347
22405
22348
22406
22349
22407
22350
22408
22351
22409
22352
22410
22353
22411
22354
22412
22355
22413
22356
22414
22357
22415
22358
22416
22359
22417
22360
22418
22361
22419
22362
22420
22363
22421
22364
22422
22365
22423
22366
22424
22367
22425
22368
22426
22369
22427
22370
22428
22371
22429
22372
22430
22373
22431
22432
62931
22375
22433
22376
22434
22377
22435
22378
22436
22379
22437
22380
22438
22381
22439
22382
22440
22383
22441
22384
22442
22385
22443
22386
22444
22387
22445
22388
22446
22389
22447
22390
22448
22391
22449
22392
22450
22393
22451
22394
22452
22395
22453
22396
22454
22397
22455
22398
22456
22399
22457
22400
22458
22401
22459
22402
22460
22403
22461
22404
22462
22405
22463
22406
22464
22407
22465
22408
22466
22409
22467
22410
22468
22411
22469
22412
22470
22413
22471
22414
22472
22415
22473
22416
22474
22417
22475
22418
22476
22419
22477
22420
22478
22421
22479
22422
22480
22423
22481
22424
22482
22425
22483
22426
22484
22427
22485
22428
22486
22429
22487
22430
22488
22431
22489
22432
22490
22491
62930
22434
22492
22435
22493
22436
22494
22437
22495
22438
22496
22439
22497
22440
22498
22441
22499
22442
22500
22443
22501
22444
22502
22445
22503
22446
22504
22447
22505
22448
22506
22449
22507
22450
22508
22451
22509
22452
22510
22453
22511
22454
22512
22455
22513
22456
22514
22457
22515
22458
22516
22459
22517
22460
22518
22461
22519
22462
22520
22463
22521
22464
22522
22465
22523
22466
22524
22467
22525
22468
22526
22469
22527
22470
22528
22471
22529
22472
22530
22473
22531
22474
22532
22475
22533
22476
22534
22477
22535
22478
22536
22479
22537
22480
22538
22481
22539
22482
22540
22483
22541
22484
22542
22485
22543
22486
22544
22487
22545
22488
22546
22489
22547
22490
22548
22491
22549
22550
62929
22493
22551
22494
22552
22495
22553
22496
22554
22497
22555
22498
22556
22499
22557
22500
22558
22501
22559
22502
22560
22503
22561
22504
22562
22505
22563
22506
22564
22507
22565
22508
22566
22509
22567
22510
22568
22511
22569
22512
22570
22513
22571
22514
22572
22515
22573
22516
22574
22517
22575
22518
22576
22519
22577
22520
22578
22521
22579
22522
22580
22523
22581
22524
22582
22525
22583
22526
22584
22527
22585
22528
22586
22529
22587
22530
22588
22531
22589
22532
22590
22533
22591
22534
22592
22535
22593
22536
22594
22537
22595
22538
22596
22539
22597
22540
22598
22541
22599
22542
22600
22543
22601
22544
22602
22545
22603
22546
22604
22547
22605
22548
22606
22549
22607
22550
22608
22609
62928
22552
22610
22553
22611
22554
22612
22555
22613
22556
22614
22557
22615
22558
22616
22559
22617
22560
22618
22561
22619
22562
22620
22563
22621
22564
22622
22565
22623
22566
22624
22567
22625
22568
22626
22569
22627
22570
22628
22571
22629
22572
22630
22573
22631
22574
22632
22575
22633
22576
22634
22577
22635
22578
22636
22579
22637
22580
22638
22581
22639
22582
22640
22583
22641
22584
22642
22585
22643
22586
22644
22587
22645
22588
22646
22589
22647
22590
22648
22591
22649
22592
22650
22593
22651
22594
22652
22595
22653
22596
22654
22597
22655
22598
22656
22599
22657
22600
22658
22601
22659
22602
22660
22603
22661
22604
22662
22605
22663
22606
22664
22607
22665
22608
22666
22609
22667
22668
62927
22611
22669
22612
22670
22613
22671
22614
22672
22615
22673
22616
22674
22617
22675
22618
22676
22619
22677
22620
22678
22621
22679
22622
22680
22623
22681
22624
22682
22625
22683
22626
22684
22627
22685
22628
22686
22629
22687
22630
22688
22631
22689
22632
22690
22633
22691
22634
22692
22635
22693
22636
22694
22637
22695
22638
22696
22639
22697
22640
22698
22641
22699
22642
22700
22643
22701
22644
22702
22645
22703
22646
22704
22647
22705
22648
22706
22649
22707
22650
22708
22651
22709
22652
22710
22653
22711
22654
22712
22655
22713
22656
22714
22657
22715
22658
22716
22659
22717
22660
22718
22661
22719
22662
22720
22663
22721
22664
22722
22665
22723
22666
22724
22667
22725
22668
22726
22727
62926
22670
22728
22671
22729
22672
22730
22673
22731
22674
22732
22675
22733
22676
22734
22677
22735
22678
22736
22679
22737
22680
22738
22681
22739
22682
22740
22683
22741
22684
22742
22685
22743
22686
22744
22687
22745
22688
22746
22689
22747
22690
22748
22691
22749
22692
22750
22693
22751
22694
22752
22695
22753
22696
22754
22697
22755
22698
22756
22699
22757
22700
22758
22701
22759
22702
22760
22703
22761
22704
22762
22705
22763
22706
22764
22707
22765
22708
22766
22709
22767
22710
22768
22711
22769
22712
22770
22713
22771
22714
22772
22715
22773
22716
22774
22717
22775
22718
22776
22719
22777
22720
22778
22721
22779
22722
22780
22723
22781
22724
22782
22725
22783
22726
22784
22727
22785
22786
62925
22729
22787
22730
22788
22731
22789
22732
22790
22733
22791
22734
22792
22735
22793
22736
22794
22737
22795
22738
22796
22739
22797
22740
22798
22741
22799
22742
22800
22743
22801
22744
22802
22745
22803
22746
22804
22747
22805
22748
22806
22749
22807
22750
22808
22751
22809
22752
22810
22753
22811
22754
22812
22755
22813
22756
22814
22757
22815
22758
22816
22759
22817
22760
22818
22761
22819
22762
22820
22763
22821
22764
22822
22765
22823
22766
22824
22767
22825
22768
22826
22769
22827
22770
22828
22771
22829
22772
22830
22773
22831
22774
22832
22775
22833
22776
22834
22777
22835
22778
22836
22779
22837
22780
22838
22781
22839
22782
22840
22783
22841
22784
22842
22785
22843
22786
22844
22845
62924
22788
22846
22789
22847
22790
22848
22791
22849
22792
22850
22793
22851
22794
22852
22795
22853
22796
22854
22797
22855
22798
22856
22799
22857
22800
22858
22801
22859
22802
22860
22803
22861
22804
22862
22805
22863
22806
22864
22807
22865
22808
22866
22809
22867
22810
22868
22811
22869
22812
22870
22813
22871
22814
22872
22815
22873
22816
22874
22817
22875
22818
22876
22819
22877
22820
22878
22821
22879
22822
22880
22823
22881
22824
22882
22825
22883
22826
22884
22827
22885
22828
22886
22829
22887
22830
22888
22831
22889
22832
22890
22833
22891
22834
22892
22835
22893
22836
22894
22837
22895
22838
22896
22839
22897
22840
22898
22841
22899
22842
22900
22843
22901
22844
22902
22845
22903
22904
62923
22847
22905
22848
22906
22849
22907
22850
22908
22851
22909
22852
22910
22853
22911
22854
22912
22855
22913
22856
22914
22857
22915
22858
22916
22859
22917
22860
22918
22861
22919
22862
22920
22863
22921
22864
22922
22865
22923
22866
22924
22867
22925
22868
22926
22869
22927
22870
22928
22871
22929
22872
22930
22873
22931
22874
22932
22875
22933
22876
22934
22877
22935
22878
22936
22879
22937
22880
22938
22881
22939
22882
22940
22883
22941
22884
22942
22885
22943
22886
22944
22887
22945
22888
22946
22889
22947
22890
22948
22891
22949
22892
22950
22893
22951
22894
22952
22895
22953
22896
22954
22897
22955
22898
22956
22899
22957
22900
22958
22901
22959
22902
22960
22903
22961
22904
22962
22963
62922
22906
22964
22907
22965
22908
22966
22909
22967
22910
22968
22911
22969
22912
22970
22913
22971
22914
22972
22915
22973
22916
22974
22917
22975
22918
22976
22919
22977
22920
22978
22921
22979
22922
22980
22923
22981
22924
22982
22925
22983
22926
22984
22927
22985
22928
22986
22929
22987
22930
22988
22931
22989
22932
22990
22933
22991
22934
22992
22935
22993
22936
22994
22937
22995
22938
22996
22939
22997
22940
22998
22941
22999
22942
23000
22943
23001
22944
23002
22945
23003
22946
23004
22947
23005
22948
23006
22949
23007
22950
23008
22951
23009
22952
23010
22953
23011
22954
23012
22955
23013
22956
23014
22957
23015
22958
23016
22959
23017
22960
23018
22961
23019
22962
23020
22963
23021
23022
62921
22965
31401
22966
31402
22967
31403
22968
31404
22969
31405
22970
31406
22971
31407
22972
31408
22973
31409
22974
31410
22975
31411
22976
31412
22977
31413
22978
31414
22979
31415
22980
31416
22981
31417
22982
31418
22983
31419
22984
31420
22985
31421
22986
31422
22987
31423
22988
31424
22989
31425
22990
31426
22991
31427
22992
31428
22993
31429
22994
31430
22995
31431
22996
31432
22997
31433
22998
31434
22999
31435
23000
31436
23001
31437
23002
31438
23003
31439
23004
31440
23005
31441
23006
31442
23007
31443
23008
31444
23009
31445
23010
31446
23011
31447
23012
31448
23013
31449
23014
31450
23015
31451
23016
31452
23017
31453
23018
31454
23019
31455
23020
31456
23021
31457
23022
31458
31459
62920
23024
23082
31518
23025
23083
31517
23026
23084
31516
23027
23085
31515
23028
23086
31514
23029
23087
31513
23030
23088
31512
23031
23089
31511
23032
23090
31510
23033
23091
31509
23034
23092
31508
23035
23093
31507
23036
23094
31506
23037
23095
31505
23038
23096
31504
23039
23097
31503
23040
23098
31502
23041
23099
31501
23042
23100
31500
23043
23101
31499
23044
23102
31498
23045
23103
31497
23046
23104
31496
23047
23105
31495
23048
23106
31494
23049
23107
31493
23050
23108
31492
23051
23109
31491
23052
23110
31490
23053
23111
31489
23054
23112
31488
23055
23113
31487
23056
23114
31486
23057
23115
31485
23058
23116
31484
23059
23117
31483
23060
23118
31482
23061
23119
31481
23062
23120
31480
23063
23121
31479
23064
23122
31478
23065
23123
31477
23066
23124
31476
23067
23125
31475
23068
23126
31474
23069
23127
31473
23070
23128
31472
23071
23129
31471
23072
23130
31470
23073
23131
31469
23074
23132
31468
23075
23133
31467
23076
23134
31466
23077
23135
31465
23078
23136
31464
23079
23137
31463
23080
23138
31462
23081
23139
31461
23140
31460
63348
23083
23141
23084
23142
23085
23143
23086
23144
23087
23145
23088
23146
23089
23147
23090
23148
23091
23149
23092
23150
23093
23151
23094
23152
23095
23153
23096
23154
23097
23155
23098
23156
23099
23157
23100
23158
23101
23159
23102
23160
23103
23161
23104
23162
23105
23163
23106
23164
23107
23165
23108
23166
23109
23167
23110
23168
23111
23169
23112
23170
23113
23171
23114
23172
23115
23173
23116
23174
23117
23175
23118
23176
23119
23177
23120
23178
23121
23179
23122
23180
23123
23181
23124
23182
23125
23183
23126
23184
23127
23185
23128
23186
23129
23187
23130
23188
23131
23189
23132
23190
23133
23191
23134
23192
23135
23193
23136
23194
23137
23195
23138
23196
23139
23197
23140
23198
23199
63347
23142
23200
23143
23201
23144
23202
23145
23203
23146
23204
23147
23205
23148
23206
23149
23207
23150
23208
23151
23209
23152
23210
23153
23211
23154
23212
23155
23213
23156
23214
23157
23215
23158
23216
23159
23217
23160
23218
23161
23219
23162
23220
23163
23221
23164
23222
23165
23223
23166
23224
23167
23225
23168
23226
23169
23227
23170
23228
23171
23229
23172
23230
23173
23231
23174
23232
23175
23233
23176
23234
23177
23235
23178
23236
23179
23237
23180
23238
23181
23239
23182
23240
23183
23241
23184
23242
23185
23243
23186
23244
23187
23245
23188
23246
23189
23247
23190
23248
23191
23249
23192
23250
23193
23251
23194
23252
23195
23253
23196
23254
23197
23255
23198
23256
23199
23257
23258
63346
23201
23259
23202
23260
23203
23261
23204
23262
23205
23263
23206
23264
23207
23265
23208
23266
23209
23267
23210
23268
23211
23269
23212
23270
23213
23271
23214
23272
23215
23273
23216
23274
23217
23275
23218
23276
23219
23277
23220
23278
23221
23279
23222
23280
23223
23281
23224
23282
23225
23283
23226
23284
23227
23285
23228
23286
23229
23287
23230
23288
23231
23289
23232
23290
23233
23291
23234
23292
23235
23293
23236
23294
23237
23295
23238
23296
23239
23297
23240
23298
23241
23299
23242
23300
23243
23301
23244
23302
23245
23303
23246
23304
23247
23305
23248
23306
23249
23307
23250
23308
23251
23309
23252
23310
23253
23311
23254
23312
23255
23313
23256
23314
23257
23315
23258
23316
23317
63345
23260
23318
23261
23319
23262
23320
23263
23321
23264
23322
23265
23323
23266
23324
23267
23325
23268
23326
23269
23327
23270
23328
23271
23329
23272
23330
23273
23331
23274
23332
23275
23333
23276
23334
23277
23335
23278
23336
23279
23337
23280
23338
23281
23339
23282
23340
23283
23341
23284
23342
23285
23343
23286
23344
23287
23345
23288
23346
23289
23347
23290
23348
23291
23349
23292
23350
23293
23351
23294
23352
23295
23353
23296
23354
23297
23355
23298
23356
23299
23357
23300
23358
23301
23359
23302
23360
23303
23361
23304
23362
23305
23363
23306
23364
23307
23365
23308
23366
23309
23367
23310
23368
23311
23369
23312
23370
23313
23371
23314
23372
23315
23373
23316
23374
23317
23375
23376
63344
23319
23377
23320
23378
23321
23379
23322
23380
23323
23381
23324
23382
23325
23383
23326
23384
23327
23385
23328
23386
23329
23387
23330
23388
23331
23389
23332
23390
23333
23391
23334
23392
23335
23393
23336
23394
23337
23395
23338
23396
23339
23397
23340
23398
23341
23399
23342
23400
23343
23401
23344
23402
23345
23403
23346
23404
23347
23405
23348
23406
23349
23407
23350
23408
23351
23409
23352
23410
23353
23411
23354
23412
23355
23413
23356
23414
23357
23415
23358
23416
23359
23417
23360
23418
23361
23419
23362
23420
23363
23421
23364
23422
23365
23423
23366
23424
23367
23425
23368
23426
23369
23427
23370
23428
23371
23429
23372
23430
23373
23431
23374
23432
23375
23433
23376
23434
23435
63343
23378
23436
23379
23437
23380
23438
23381
23439
23382
23440
23383
23441
23384
23442
23385
23443
23386
23444
23387
23445
23388
23446
23389
23447
23390
23448
23391
23449
23392
23450
23393
23451
23394
23452
23395
23453
23396
23454
23397
23455
23398
23456
23399
23457
23400
23458
23401
23459
23402
23460
23403
23461
23404
23462
23405
23463
23406
23464
23407
23465
23408
23466
23409
23467
23410
23468
23411
23469
23412
23470
23413
23471
23414
23472
23415
23473
23416
23474
23417
23475
23418
23476
23419
23477
23420
23478
23421
23479
23422
23480
23423
23481
23424
23482
23425
23483
23426
23484
23427
23485
23428
23486
23429
23487
23430
23488
23431
23489
23432
23490
23433
23491
23434
23492
23435
23493
23494
63342
23437
23495
23438
23496
23439
23497
23440
23498
23441
23499
23442
23500
23443
23501
23444
23502
23445
23503
23446
23504
23447
23505
23448
23506
23449
23507
23450
23508
23451
23509
23452
23510
23453
23511
23454
23512
23455
23513
23456
23514
23457
23515
23458
23516
23459
23517
23460
23518
23461
23519
23462
23520
23463
23521
23464
23522
23465
23523
23466
23524
23467
23525
23468
23526
23469
23527
23470
23528
23471
23529
23472
23530
23473
23531
23474
23532
23475
23533
23476
23534
23477
23535
23478
23536
23479
23537
23480
23538
23481
23539
23482
23540
23483
23541
23484
23542
23485
23543
23486
23544
23487
23545
23488
23546
23489
23547
23490
23548
23491
23549
23492
23550
23493
23551
23494
23552
23553
63341
23496
23554
23497
23555
23498
23556
23499
23557
23500
23558
23501
23559
23502
23560
23503
23561
23504
23562
23505
23563
23506
23564
23507
23565
23508
23566
23509
23567
23510
23568
23511
23569
23512
23570
23513
23571
23514
23572
23515
23573
23516
23574
23517
23575
23518
23576
23519
23577
23520
23578
23521
23579
23522
23580
23523
23581
23524
23582
23525
23583
23526
23584
23527
23585
23528
23586
23529
23587
23530
23588
23531
23589
23532
23590
23533
23591
23534
23592
23535
23593
23536
23594
23537
23595
23538
23596
23539
23597
23540
23598
23541
23599
23542
23600
23543
23601
23544
23602
23545
23603
23546
23604
23547
23605
23548
23606
23549
23607
23550
23608
23551
23609
23552
23610
23553
23611
23612
63340
23555
23613
23556
23614
23557
23615
23558
23616
23559
23617
23560
23618
23561
23619
23562
23620
23563
23621
23564
23622
23565
23623
23566
23624
23567
23625
23568
23626
23569
23627
23570
23628
23571
23629
23572
23630
23573
23631
23574
23632
23575
23633
23576
23634
23577
23635
23578
23636
23579
23637
23580
23638
23581
23639
23582
23640
23583
23641
23584
23642
23585
23643
23586
23644
23587
23645
23588
23646
23589
23647
23590
23648
23591
23649
23592
23650
23593
23651
23594
23652
23595
23653
23596
23654
23597
23655
23598
23656
23599
23657
23600
23658
23601
23659
23602
23660
23603
23661
23604
23662
23605
23663
23606
23664
23607
23665
23608
23666
23609
23667
23610
23668
23611
23669
23612
23670
23671
63339
23614
23672
23615
23673
23616
23674
23617
23675
23618
23676
23619
23677
23620
23678
23621
23679
23622
23680
23623
23681
23624
23682
23625
23683
23626
23684
23627
23685
23628
23686
23629
23687
23630
23688
23631
23689
23632
23690
23633
23691
23634
23692
23635
23693
23636
23694
23637
23695
23638
23696
23639
23697
23640
23698
23641
23699
23642
23700
23643
23701
23644
23702
23645
23703
23646
23704
23647
23705
23648
23706
23649
23707
23650
23708
23651
23709
23652
23710
23653
23711
23654
23712
23655
23713
23656
23714
23657
23715
23658
23716
23659
23717
23660
23718
23661
23719
23662
23720
23663
23721
23664
23722
23665
23723
23666
23724
23667
23725
23668
23726
23669
23727
23670
23728
23671
23729
23730
63338
23673
23731
23674
23732
23675
23733
23676
23734
23677
23735
23678
23736
23679
23737
23680
23738
23681
23739
23682
23740
23683
23741
23684
23742
23685
23743
23686
23744
23687
23745
23688
23746
23689
23747
23690
23748
23691
23749
23692
23750
23693
23751
23694
23752
23695
23753
23696
23754
23697
23755
23698
23756
23699
23757
23700
23758
23701
23759
23702
23760
23703
23761
23704
23762
23705
23763
23706
23764
23707
23765
23708
23766
23709
23767
23710
23768
23711
23769
23712
23770
23713
23771
23714
23772
23715
23773
23716
23774
23717
23775
23718
23776
23719
23777
23720
23778
23721
23779
23722
23780
23723
23781
23724
23782
23725
23783
23726
23784
23727
23785
23728
23786
23729
23787
23730
23788
23789
63337
23732
23790
23733
23791
23734
23792
23735
23793
23736
23794
23737
23795
23738
23796
23739
23797
23740
23798
23741
23799
23742
23800
23743
23801
23744
23802
23745
23803
23746
23804
23747
23805
23748
23806
23749
23807
23750
23808
23751
23809
23752
23810
23753
23811
23754
23812
23755
23813
23756
23814
23757
23815
23758
23816
23759
23817
23760
23818
23761
23819
23762
23820
23763
23821
23764
23822
23765
23823
23766
23824
23767
23825
23768
23826
23769
23827
23770
23828
23771
23829
23772
23830
23773
23831
23774
23832
23775
23833
23776
23834
23777
23835
23778
23836
23779
23837
23780
23838
23781
23839
23782
23840
23783
23841
23784
23842
23785
23843
23786
23844
23787
23845
23788
23846
23789
23847
23848
63336
23791
23849
23792
23850
23793
23851
23794
23852
23795
23853
23796
23854
23797
23855
23798
23856
23799
23857
23800
23858
23801
23859
23802
23860
23803
23861
23804
23862
23805
23863
23806
23864
23807
23865
23808
23866
23809
23867
23810
23868
23811
23869
23812
23870
23813
23871
23814
23872
23815
23873
23816
23874
23817
23875
23818
23876
23819
23877
23820
23878
23821
23879
23822
23880
23823
23881
23824
23882
23825
23883
23826
23884
23827
23885
23828
23886
23829
23887
23830
23888
23831
23889
23832
23890
23833
23891
23834
23892
23835
23893
23836
23894
23837
23895
23838
23896
23839
23897
23840
23898
23841
23899
23842
23900
23843
23901
23844
23902
23845
23903
23846
23904
23847
23905
23848
23906
23907
63335
23850
23908
23851
23909
23852
23910
23853
23911
23854
23912
23855
23913
23856
23914
23857
23915
23858
23916
23859
23917
23860
23918
23861
23919
23862
23920
23863
23921
23864
23922
23865
23923
23866
23924
23867
23925
23868
23926
23869
23927
23870
23928
23871
23929
23872
23930
23873
23931
23874
23932
23875
23933
23876
23934
23877
23935
23878
23936
23879
23937
23880
23938
23881
23939
23882
23940
23883
23941
23884
23942
23885
23943
23886
23944
23887
23945
23888
23946
23889
23947
23890
23948
23891
23949
23892
23950
23893
23951
23894
23952
23895
23953
23896
23954
23897
23955
23898
23956
23899
23957
23900
23958
23901
23959
23902
23960
23903
23961
23904
23962
23905
23963
23906
23964
23907
23965
23966
63334
23909
23967
23910
23968
23911
23969
23912
23970
23913
23971
23914
23972
23915
23973
23916
23974
23917
23975
23918
23976
23919
23977
23920
23978
23921
23979
23922
23980
23923
23981
23924
23982
23925
23983
23926
23984
23927
23985
23928
23986
23929
23987
23930
23988
23931
23989
23932
23990
23933
23991
23934
23992
23935
23993
23936
23994
23937
23995
23938
23996
23939
23997
23940
23998
23941
23999
23942
24000
23943
24001
23944
24002
23945
24003
23946
24004
23947
24005
23948
24006
23949
24007
23950
24008
23951
24009
23952
24010
23953
24011
23954
24012
23955
24013
23956
24014
23957
24015
23958
24016
23959
24017
23960
24018
23961
24019
23962
24020
23963
24021
23964
24022
23965
24023
23966
24024
24025
63333
23968
24026
23969
24027
23970
24028
23971
24029
23972
24030
23973
24031
23974
24032
23975
24033
23976
24034
23977
24035
23978
24036
23979
24037
23980
24038
23981
24039
23982
24040
23983
24041
23984
24042
23985
24043
23986
24044
23987
24045
23988
24046
23989
24047
23990
24048
23991
24049
23992
24050
23993
24051
23994
24052
23995
24053
23996
24054
23997
24055
23998
24056
23999
24057
24000
24058
24001
24059
24002
24060
24003
24061
24004
24062
24005
24063
24006
24064
24007
24065
24008
24066
24009
24067
24010
24068
24011
24069
24012
24070
24013
24071
24014
24072
24015
24073
24016
24074
24017
24075
24018
24076
24019
24077
24020
24078
24021
24079
24022
24080
24023
24081
24024
24082
24025
24083
24084
63332
24027
24085
24028
24086
24029
24087
24030
24088
24031
24089
24032
24090
24033
24091
24034
24092
24035
24093
24036
24094
24037
24095
24038
24096
24039
24097
24040
24098
24041
24099
24042
24100
24043
24101
24044
24102
24045
24103
24046
24104
24047
24105
24048
24106
24049
24107
24050
24108
24051
24109
24052
24110
24053
24111
24054
24112
24055
24113
24056
24114
24057
24115
24058
24116
24059
24117
24060
24118
24061
24119
24062
24120
24063
24121
24064
24122
24065
24123
24066
24124
24067
24125
24068
24126
24069
24127
24070
24128
24071
24129
24072
24130
24073
24131
24074
24132
24075
24133
24076
24134
24077
24135
24078
24136
24079
24137
24080
24138
24081
24139
24082
24140
24083
24141
24084
24142
24143
63331
24086
24144
24087
24145
24088
24146
24089
24147
24090
24148
24091
24149
24092
24150
24093
24151
24094
24152
24095
24153
24096
24154
24097
24155
24098
24156
24099
24157
24100
24158
24101
24159
24102
24160
24103
24161
24104
24162
24105
24163
24106
24164
24107
24165
24108
24166
24109
24167
24110
24168
24111
24169
24112
24170
24113
24171
24114
24172
24115
24173
24116
24174
24117
24175
24118
24176
24119
24177
24120
24178
24121
24179
24122
24180
24123
24181
24124
24182
24125
24183
24126
24184
24127
24185
24128
24186
24129
24187
24130
24188
24131
24189
24132
24190
24133
24191
24134
24192
24135
24193
24136
24194
24137
24195
24138
24196
24139
24197
24140
24198
24141
24199
24142
24200
24143
24201
24202
63330
24145
24203
24146
24204
24147
24205
24148
24206
24149
24207
24150
24208
24151
24209
24152
24210
24153
24211
24154
24212
24155
24213
24156
24214
24157
24215
24158
24216
24159
24217
24160
24218
24161
24219
24162
24220
24163
24221
24164
24222
24165
24223
24166
24224
24167
24225
24168
24226
24169
24227
24170
24228
24171
24229
24172
24230
24173
24231
24174
24232
24175
24233
24176
24234
24177
24235
24178
24236
24179
24237
24180
24238
24181
24239
24182
24240
24183
24241
24184
24242
24185
24243
24186
24244
24187
24245
24188
24246
24189
24247
24190
24248
24191
24249
24192
24250
24193
24251
24194
24252
24195
24253
24196
24254
24197
24255
24198
24256
24199
24257
24200
24258
24201
24259
24202
24260
24261
63329
24204
24262
24205
24263
24206
24264
24207
24265
24208
24266
24209
24267
24210
24268
24211
24269
24212
24270
24213
24271
24214
24272
24215
24273
24216
24274
24217
24275
24218
24276
24219
24277
24220
24278
24221
24279
24222
24280
24223
24281
24224
24282
24225
24283
24226
24284
24227
24285
24228
24286
24229
24287
24230
24288
24231
24289
24232
24290
24233
24291
24234
24292
24235
24293
24236
24294
24237
24295
24238
24296
24239
24297
24240
24298
24241
24299
24242
24300
24243
24301
24244
24302
24245
24303
24246
24304
24247
24305
24248
24306
24249
24307
24250
24308
24251
24309
24252
24310
24253
24311
24254
24312
24255
24313
24256
24314
24257
24315
24258
24316
24259
24317
24260
24318
24261
24319
24320
63328
24263
24321
24264
24322
24265
24323
24266
24324
24267
24325
24268
24326
24269
24327
24270
24328
24271
24329
24272
24330
24273
24331
24274
24332
24275
24333
24276
24334
24277
24335
24278
24336
24279
24337
24280
24338
24281
24339
24282
24340
24283
24341
24284
24342
24285
24343
24286
24344
24287
24345
24288
24346
24289
24347
24290
24348
24291
24349
24292
24350
24293
24351
24294
24352
24295
24353
24296
24354
24297
24355
24298
24356
24299
24357
24300
24358
24301
24359
24302
24360
24303
24361
24304
24362
24305
24363
24306
24364
24307
24365
24308
24366
24309
24367
24310
24368
24311
24369
24312
24370
24313
24371
24314
24372
24315
24373
24316
24374
24317
24375
24318
24376
24319
24377
24320
24378
24379
63327
24322
24380
24323
24381
24324
24382
24325
24383
24326
24384
24327
24385
24328
24386
24329
24387
24330
24388
24331
24389
24332
24390
24333
24391
24334
24392
24335
24393
24336
24394
24337
24395
24338
24396
24339
24397
24340
24398
24341
24399
24342
24400
24343
24401
24344
24402
24345
24403
24346
24404
24347
24405
24348
24406
24349
24407
24350
24408
24351
24409
24352
24410
24353
24411
24354
24412
24355
24413
24356
24414
24357
24415
24358
24416
24359
24417
24360
24418
24361
24419
24362
24420
24363
24421
24364
24422
24365
24423
24366
24424
24367
24425
24368
24426
24369
24427
24370
24428
24371
24429
24372
24430
24373
24431
24374
24432
24375
24433
24376
24434
24377
24435
24378
24436
24379
24437
24438
63326
24381
24439
24382
24440
24383
24441
24384
24442
24385
24443
24386
24444
24387
24445
24388
24446
24389
24447
24390
24448
24391
24449
24392
24450
24393
24451
24394
24452
24395
24453
24396
24454
24397
24455
24398
24456
24399
24457
24400
24458
24401
24459
24402
24460
24403
24461
24404
24462
24405
24463
24406
24464
24407
24465
24408
24466
24409
24467
24410
24468
24411
24469
24412
24470
24413
24471
24414
24472
24415
24473
24416
24474
24417
24475
24418
24476
24419
24477
24420
24478
24421
24479
24422
24480
24423
24481
24424
24482
24425
24483
24426
24484
24427
24485
24428
24486
24429
24487
24430
24488
24431
24489
24432
24490
24433
24491
24434
24492
24435
24493
24436
24494
24437
24495
24438
24496
24497
63325
24440
24498
24441
24499
24442
24500
24443
24501
24444
24502
24445
24503
24446
24504
24447
24505
24448
24506
24449
24507
24450
24508
24451
24509
24452
24510
24453
24511
24454
24512
24455
24513
24456
24514
24457
24515
24458
24516
24459
24517
24460
24518
24461
24519
24462
24520
24463
24521
24464
24522
24465
24523
24466
24524
24467
24525
24468
24526
24469
24527
24470
24528
24471
24529
24472
24530
24473
24531
24474
24532
24475
24533
24476
24534
24477
24535
24478
24536
24479
24537
24480
24538
24481
24539
24482
24540
24483
24541
24484
24542
24485
24543
24486
24544
24487
24545
24488
24546
24489
24547
24490
24548
24491
24549
24492
24550
24493
24551
24494
24552
24495
24553
24496
24554
24497
24555
24556
63324
24499
24557
24500
24558
24501
24559
24502
24560
24503
24561
24504
24562
24505
24563
24506
24564
24507
24565
24508
24566
24509
24567
24510
24568
24511
24569
24512
24570
24513
24571
24514
24572
24515
24573
24516
24574
24517
24575
24518
24576
24519
24577
24520
24578
24521
24579
24522
24580
24523
24581
24524
24582
24525
24583
24526
24584
24527
24585
24528
24586
24529
24587
24530
24588
24531
24589
24532
24590
24533
24591
24534
24592
24535
24593
24536
24594
24537
24595
24538
24596
24539
24597
24540
24598
24541
24599
24542
24600
24543
24601
24544
24602
24545
24603
24546
24604
24547
24605
24548
24606
24549
24607
24550
24608
24551
24609
24552
24610
24553
24611
24554
24612
24555
24613
24556
24614
24615
63323
24558
24616
24559
24617
24560
24618
24561
24619
24562
24620
24563
24621
24564
24622
24565
24623
24566
24624
24567
24625
24568
24626
24569
24627
24570
24628
24571
24629
24572
24630
24573
24631
24574
24632
24575
24633
24576
24634
24577
24635
24578
24636
24579
24637
24580
24638
24581
24639
24582
24640
24583
24641
24584
24642
24585
24643
24586
24644
24587
24645
24588
24646
24589
24647
24590
24648
24591
24649
24592
24650
24593
24651
24594
24652
24595
24653
24596
24654
24597
24655
24598
24656
24599
24657
24600
24658
24601
24659
24602
24660
24603
24661
24604
24662
24605
24663
24606
24664
24607
24665
24608
24666
24609
24667
24610
24668
24611
24669
24612
24670
24613
24671
24614
24672
24615
24673
24674
63322
24617
24675
24618
24676
24619
24677
24620
24678
24621
24679
24622
24680
24623
24681
24624
24682
24625
24683
24626
24684
24627
24685
24628
24686
24629
24687
24630
24688
24631
24689
24632
24690
24633
24691
24634
24692
24635
24693
24636
24694
24637
24695
24638
24696
24639
24697
24640
24698
24641
24699
24642
24700
24643
24701
24644
24702
24645
24703
24646
24704
24647
24705
24648
24706
24649
24707
24650
24708
24651
24709
24652
24710
24653
24711
24654
24712
24655
24713
24656
24714
24657
24715
24658
24716
24659
24717
24660
24718
24661
24719
24662
24720
24663
24721
24664
24722
24665
24723
24666
24724
24667
24725
24668
24726
24669
24727
24670
24728
24671
24729
24672
24730
24673
24731
24674
24732
24733
63321
24676
24734
24677
24735
24678
24736
24679
24737
24680
24738
24681
24739
24682
24740
24683
24741
24684
24742
24685
24743
24686
24744
24687
24745
24688
24746
24689
24747
24690
24748
24691
24749
24692
24750
24693
24751
24694
24752
24695
24753
24696
24754
24697
24755
24698
24756
24699
24757
24700
24758
24701
24759
24702
24760
24703
24761
24704
24762
24705
24763
24706
24764
24707
24765
24708
24766
24709
24767
24710
24768
24711
24769
24712
24770
24713
24771
24714
24772
24715
24773
24716
24774
24717
24775
24718
24776
24719
24777
24720
24778
24721
24779
24722
24780
24723
24781
24724
24782
24725
24783
24726
24784
24727
24785
24728
24786
24729
24787
24730
24788
24731
24789
24732
24790
24733
24791
24792
63320
24735
24793
24736
24794
24737
24795
24738
24796
24739
24797
24740
24798
24741
24799
24742
24800
24743
24801
24744
24802
24745
24803
24746
24804
24747
24805
24748
24806
24749
24807
24750
24808
24751
24809
24752
24810
24753
24811
24754
24812
24755
24813
24756
24814
24757
24815
24758
24816
24759
24817
24760
24818
24761
24819
24762
24820
24763
24821
24764
24822
24765
24823
24766
24824
24767
24825
24768
24826
24769
24827
24770
24828
24771
24829
24772
24830
24773
24831
24774
24832
24775
24833
24776
24834
24777
24835
24778
24836
24779
24837
24780
24838
24781
24839
24782
24840
24783
24841
24784
24842
24785
24843
24786
24844
24787
24845
24788
24846
24789
24847
24790
24848
24791
24849
24792
24850
24851
63319
24794
24852
24795
24853
24796
24854
24797
24855
24798
24856
24799
24857
24800
24858
24801
24859
24802
24860
24803
24861
24804
24862
24805
24863
24806
24864
24807
24865
24808
24866
24809
24867
24810
24868
24811
24869
24812
24870
24813
24871
24814
24872
24815
24873
24816
24874
24817
24875
24818
24876
24819
24877
24820
24878
24821
24879
24822
24880
24823
24881
24824
24882
24825
24883
24826
24884
24827
24885
24828
24886
24829
24887
24830
24888
24831
24889
24832
24890
24833
24891
24834
24892
24835
24893
24836
24894
24837
24895
24838
24896
24839
24897
24840
24898
24841
24899
24842
24900
24843
24901
24844
24902
24845
24903
24846
24904
24847
24905
24848
24906
24849
24907
24850
24908
24851
24909
24910
63318
24853
24911
24854
24912
24855
24913
24856
24914
24857
24915
24858
24916
24859
24917
24860
24918
24861
24919
24862
24920
24863
24921
24864
24922
24865
24923
24866
24924
24867
24925
24868
24926
24869
24927
24870
24928
24871
24929
24872
24930
24873
24931
24874
24932
24875
24933
24876
24934
24877
24935
24878
24936
24879
24937
24880
24938
24881
24939
24882
24940
24883
24941
24884
24942
24885
24943
24886
24944
24887
24945
24888
24946
24889
24947
24890
24948
24891
24949
24892
24950
24893
24951
24894
24952
24895
24953
24896
24954
24897
24955
24898
24956
24899
24957
24900
24958
24901
24959
24902
24960
24903
24961
24904
24962
24905
24963
24906
24964
24907
24965
24908
24966
24909
24967
24910
24968
24969
63317
24912
24970
24913
24971
24914
24972
24915
24973
24916
24974
24917
24975
24918
24976
24919
24977
24920
24978
24921
24979
24922
24980
24923
24981
24924
24982
24925
24983
24926
24984
24927
24985
24928
24986
24929
24987
24930
24988
24931
24989
24932
24990
24933
24991
24934
24992
24935
24993
24936
24994
24937
24995
24938
24996
24939
24997
24940
24998
24941
24999
24942
25000
24943
25001
24944
25002
24945
25003
24946
25004
24947
25005
24948
25006
24949
25007
24950
25008
24951
25009
24952
25010
24953
25011
24954
25012
24955
25013
24956
25014
24957
25015
24958
25016
24959
25017
24960
25018
24961
25019
24962
25020
24963
25021
24964
25022
24965
25023
24966
25024
24967
25025
24968
25026
24969
25027
25028
63316
24971
25029
24972
25030
24973
25031
24974
25032
24975
25033
24976
25034
24977
25035
24978
25036
24979
25037
24980
25038
24981
25039
24982
25040
24983
25041
24984
25042
24985
25043
24986
25044
24987
25045
24988
25046
24989
25047
24990
25048
24991
25049
24992
25050
24993
25051
24994
25052
24995
25053
24996
25054
24997
25055
24998
25056
24999
25057
25000
25058
25001
25059
25002
25060
25003
25061
25004
25062
25005
25063
25006
25064
25007
25065
25008
25066
25009
25067
25010
25068
25011
25069
25012
25070
25013
25071
25014
25072
25015
25073
25016
25074
25017
25075
25018
25076
25019
25077
25020
25078
25021
25079
25022
25080
25023
25081
25024
25082
25025
25083
25026
25084
25027
25085
25028
25086
25087
63315
25030
25088
25031
25089
25032
25090
25033
25091
25034
25092
25035
25093
25036
25094
25037
25095
25038
25096
25039
25097
25040
25098
25041
25099
25042
25100
25043
25101
25044
25102
25045
25103
25046
25104
25047
25105
25048
25106
25049
25107
25050
25108
25051
25109
25052
25110
25053
25111
25054
25112
25055
25113
25056
25114
25057
25115
25058
25116
25059
25117
25060
25118
25061
25119
25062
25120
25063
25121
25064
25122
25065
25123
25066
25124
25067
25125
25068
25126
25069
25127
25070
25128
25071
25129
25072
25130
25073
25131
25074
25132
25075
25133
25076
25134
25077
25135
25078
25136
25079
25137
25080
25138
25081
25139
25082
25140
25083
25141
25084
25142
25085
25143
25086
25144
25087
25145
25146
63314
25089
25147
25090
25148
25091
25149
25092
25150
25093
25151
25094
25152
25095
25153
25096
25154
25097
25155
25098
25156
25099
25157
25100
25158
25101
25159
25102
25160
25103
25161
25104
25162
25105
25163
25106
25164
25107
25165
25108
25166
25109
25167
25110
25168
25111
25169
25112
25170
25113
25171
25114
25172
25115
25173
25116
25174
25117
25175
25118
25176
25119
25177
25120
25178
25121
25179
25122
25180
25123
25181
25124
25182
25125
25183
25126
25184
25127
25185
25128
25186
25129
25187
25130
25188
25131
25189
25132
25190
25133
25191
25134
25192
25135
25193
25136
25194
25137
25195
25138
25196
25139
25197
25140
25198
25141
25199
25142
25200
25143
25201
25144
25202
25145
25203
25146
25204
25205
63313
25148
25206
25149
25207
25150
25208
25151
25209
25152
25210
25153
25211
25154
25212
25155
25213
25156
25214
25157
25215
25158
25216
25159
25217
25160
25218
25161
25219
25162
25220
25163
25221
25164
25222
25165
25223
25166
25224
25167
25225
25168
25226
25169
25227
25170
25228
25171
25229
25172
25230
25173
25231
25174
25232
25175
25233
25176
25234
25177
25235
25178
25236
25179
25237
25180
25238
25181
25239
25182
25240
25183
25241
25184
25242
25185
25243
25186
25244
25187
25245
25188
25246
25189
25247
25190
25248
25191
25249
25192
25250
25193
25251
25194
25252
25195
25253
25196
25254
25197
25255
25198
25256
25199
25257
25200
25258
25201
25259
25202
25260
25203
25261
25204
25262
25205
25263
25264
63312
25207
25265
25208
25266
25209
25267
25210
25268
25211
25269
25212
25270
25213
25271
25214
25272
25215
25273
25216
25274
25217
25275
25218
25276
25219
25277
25220
25278
25221
25279
25222
25280
25223
25281
25224
25282
25225
25283
25226
25284
25227
25285
25228
25286
25229
25287
25230
25288
25231
25289
25232
25290
25233
25291
25234
25292
25235
25293
25236
25294
25237
25295
25238
25296
25239
25297
25240
25298
25241
25299
25242
25300
25243
25301
25244
25302
25245
25303
25246
25304
25247
25305
25248
25306
25249
25307
25250
25308
25251
25309
25252
25310
25253
25311
25254
25312
25255
25313
25256
25314
25257
25315
25258
25316
25259
25317
25260
25318
25261
25319
25262
25320
25263
25321
25264
25322
25323
63311
25266
25324
25267
25325
25268
25326
25269
25327
25270
25328
25271
25329
25272
25330
25273
25331
25274
25332
25275
25333
25276
25334
25277
25335
25278
25336
25279
25337
25280
25338
25281
25339
25282
25340
25283
25341
25284
25342
25285
25343
25286
25344
25287
25345
25288
25346
25289
25347
25290
25348
25291
25349
25292
25350
25293
25351
25294
25352
25295
25353
25296
25354
25297
25355
25298
25356
25299
25357
25300
25358
25301
25359
25302
25360
25303
25361
25304
25362
25305
25363
25306
25364
25307
25365
25308
25366
25309
25367
25310
25368
25311
25369
25312
25370
25313
25371
25314
25372
25315
25373
25316
25374
25317
25375
25318
25376
25319
25377
25320
25378
25321
25379
25322
25380
25323
25381
25382
63310
25325
25383
25326
25384
25327
25385
25328
25386
25329
25387
25330
25388
25331
25389
25332
25390
25333
25391
25334
25392
25335
25393
25336
25394
25337
25395
25338
25396
25339
25397
25340
25398
25341
25399
25342
25400
25343
25401
25344
25402
25345
25403
25346
25404
25347
25405
25348
25406
25349
25407
25350
25408
25351
25409
25352
25410
25353
25411
25354
25412
25355
25413
25356
25414
25357
25415
25358
25416
25359
25417
25360
25418
25361
25419
25362
25420
25363
25421
25364
25422
25365
25423
25366
25424
25367
25425
25368
25426
25369
25427
25370
25428
25371
25429
25372
25430
25373
25431
25374
25432
25375
25433
25376
25434
25377
25435
25378
25436
25379
25437
25380
25438
25381
25439
25382
25440
25441
63309
25384
25442
25385
25443
25386
25444
25387
25445
25388
25446
25389
25447
25390
25448
25391
25449
25392
25450
25393
25451
25394
25452
25395
25453
25396
25454
25397
25455
25398
25456
25399
25457
25400
25458
25401
25459
25402
25460
25403
25461
25404
25462
25405
25463
25406
25464
25407
25465
25408
25466
25409
25467
25410
25468
25411
25469
25412
25470
25413
25471
25414
25472
25415
25473
25416
25474
25417
25475
25418
25476
25419
25477
25420
25478
25421
25479
25422
25480
25423
25481
25424
25482
25425
25483
25426
25484
25427
25485
25428
25486
25429
25487
25430
25488
25431
25489
25432
25490
25433
25491
25434
25492
25435
25493
25436
25494
25437
25495
25438
25496
25439
25497
25440
25498
25441
25499
25500
63308
25443
25501
25444
25502
25445
25503
25446
25504
25447
25505
25448
25506
25449
25507
25450
25508
25451
25509
25452
25510
25453
25511
25454
25512
25455
25513
25456
25514
25457
25515
25458
25516
25459
25517
25460
25518
25461
25519
25462
25520
25463
25521
25464
25522
25465
25523
25466
25524
25467
25525
25468
25526
25469
25527
25470
25528
25471
25529
25472
25530
25473
25531
25474
25532
25475
25533
25476
25534
25477
25535
25478
25536
25479
25537
25480
25538
25481
25539
25482
25540
25483
25541
25484
25542
25485
25543
25486
25544
25487
25545
25488
25546
25489
25547
25490
25548
25491
25549
25492
25550
25493
25551
25494
25552
25495
25553
25496
25554
25497
25555
25498
25556
25499
25557
25500
25558
25559
63307
25502
25560
25503
25561
25504
25562
25505
25563
25506
25564
25507
25565
25508
25566
25509
25567
25510
25568
25511
25569
25512
25570
25513
25571
25514
25572
25515
25573
25516
25574
25517
25575
25518
25576
25519
25577
25520
25578
25521
25579
25522
25580
25523
25581
25524
25582
25525
25583
25526
25584
25527
25585
25528
25586
25529
25587
25530
25588
25531
25589
25532
25590
25533
25591
25534
25592
25535
25593
25536
25594
25537
25595
25538
25596
25539
25597
25540
25598
25541
25599
25542
25600
25543
25601
25544
25602
25545
25603
25546
25604
25547
25605
25548
25606
25549
25607
25550
25608
25551
25609
25552
25610
25553
25611
25554
25612
25555
25613
25556
25614
25557
25615
25558
25616
25559
25617
25618
63306
25561
25619
25562
25620
25563
25621
25564
25622
25565
25623
25566
25624
25567
25625
25568
25626
25569
25627
25570
25628
25571
25629
25572
25630
25573
25631
25574
25632
25575
25633
25576
25634
25577
25635
25578
25636
25579
25637
25580
25638
25581
25639
25582
25640
25583
25641
25584
25642
25585
25643
25586
25644
25587
25645
25588
25646
25589
25647
25590
25648
25591
25649
25592
25650
25593
25651
25594
25652
25595
25653
25596
25654
25597
25655
25598
25656
25599
25657
25600
25658
25601
25659
25602
25660
25603
25661
25604
25662
25605
25663
25606
25664
25607
25665
25608
25666
25609
25667
25610
25668
25611
25669
25612
25670
25613
25671
25614
25672
25615
25673
25616
25674
25617
25675
25618
25676
25677
63305
25620
25678
25621
25679
25622
25680
25623
25681
25624
25682
25625
25683
25626
25684
25627
25685
25628
25686
25629
25687
25630
25688
25631
25689
25632
25690
25633
25691
25634
25692
25635
25693
25636
25694
25637
25695
25638
25696
25639
25697
25640
25698
25641
25699
25642
25700
25643
25701
25644
25702
25645
25703
25646
25704
25647
25705
25648
25706
25649
25707
25650
25708
25651
25709
25652
25710
25653
25711
25654
25712
25655
25713
25656
25714
25657
25715
25658
25716
25659
25717
25660
25718
25661
25719
25662
25720
25663
25721
25664
25722
25665
25723
25666
25724
25667
25725
25668
25726
25669
25727
25670
25728
25671
25729
25672
25730
25673
25731
25674
25732
25675
25733
25676
25734
25677
25735
25736
63304
25679
25737
25680
25738
25681
25739
25682
25740
25683
25741
25684
25742
25685
25743
25686
25744
25687
25745
25688
25746
25689
25747
25690
25748
25691
25749
25692
25750
25693
25751
25694
25752
25695
25753
25696
25754
25697
25755
25698
25756
25699
25757
25700
25758
25701
25759
25702
25760
25703
25761
25704
25762
25705
25763
25706
25764
25707
25765
25708
25766
25709
25767
25710
25768
25711
25769
25712
25770
25713
25771
25714
25772
25715
25773
25716
25774
25717
25775
25718
25776
25719
25777
25720
25778
25721
25779
25722
25780
25723
25781
25724
25782
25725
25783
25726
25784
25727
25785
25728
25786
25729
25787
25730
25788
25731
25789
25732
25790
25733
25791
25734
25792
25735
25793
25736
25794
25795
63303
25738
25796
25739
25797
25740
25798
25741
25799
25742
25800
25743
25801
25744
25802
25745
25803
25746
25804
25747
25805
25748
25806
25749
25807
25750
25808
25751
25809
25752
25810
25753
25811
25754
25812
25755
25813
25756
25814
25757
25815
25758
25816
25759
25817
25760
25818
25761
25819
25762
25820
25763
25821
25764
25822
25765
25823
25766
25824
25767
25825
25768
25826
25769
25827
25770
25828
25771
25829
25772
25830
25773
25831
25774
25832
25775
25833
25776
25834
25777
25835
25778
25836
25779
25837
25780
25838
25781
25839
25782
25840
25783
25841
25784
25842
25785
25843
25786
25844
25787
25845
25788
25846
25789
25847
25790
25848
25791
25849
25792
25850
25793
25851
25794
25852
25795
25853
25854
63302
25797
25855
25798
25856
25799
25857
25800
25858
25801
25859
25802
25860
25803
25861
25804
25862
25805
25863
25806
25864
25807
25865
25808
25866
25809
25867
25810
25868
25811
25869
25812
25870
25813
25871
25814
25872
25815
25873
25816
25874
25817
25875
25818
25876
25819
25877
25820
25878
25821
25879
25822
25880
25823
25881
25824
25882
25825
25883
25826
25884
25827
25885
25828
25886
25829
25887
25830
25888
25831
25889
25832
25890
25833
25891
25834
25892
25835
25893
25836
25894
25837
25895
25838
25896
25839
25897
25840
25898
25841
25899
25842
25900
25843
25901
25844
25902
25845
25903
25846
25904
25847
25905
25848
25906
25849
25907
25850
25908
25851
25909
25852
25910
25853
25911
25854
25912
25913
63301
25856
25914
25857
25915
25858
25916
25859
25917
25860
25918
25861
25919
25862
25920
25863
25921
25864
25922
25865
25923
25866
25924
25867
25925
25868
25926
25869
25927
25870
25928
25871
25929
25872
25930
25873
25931
25874
25932
25875
25933
25876
25934
25877
25935
25878
25936
25879
25937
25880
25938
25881
25939
25882
25940
25883
25941
25884
25942
25885
25943
25886
25944
25887
25945
25888
25946
25889
25947
25890
25948
25891
25949
25892
25950
25893
25951
25894
25952
25895
25953
25896
25954
25897
25955
25898
25956
25899
25957
25900
25958
25901
25959
25902
25960
25903
25961
25904
25962
25905
25963
25906
25964
25907
25965
25908
25966
25909
25967
25910
25968
25911
25969
25912
25970
25913
25971
25972
63300
25915
25973
25916
25974
25917
25975
25918
25976
25919
25977
25920
25978
25921
25979
25922
25980
25923
25981
25924
25982
25925
25983
25926
25984
25927
25985
25928
25986
25929
25987
25930
25988
25931
25989
25932
25990
25933
25991
25934
25992
25935
25993
25936
25994
25937
25995
25938
25996
25939
25997
25940
25998
25941
25999
25942
26000
25943
26001
25944
26002
25945
26003
25946
26004
25947
26005
25948
26006
25949
26007
25950
26008
25951
26009
25952
26010
25953
26011
25954
26012
25955
26013
25956
26014
25957
26015
25958
26016
25959
26017
25960
26018
25961
26019
25962
26020
25963
26021
25964
26022
25965
26023
25966
26024
25967
26025
25968
26026
25969
26027
25970
26028
25971
26029
25972
26030
26031
63299
25974
26032
25975
26033
25976
26034
25977
26035
25978
26036
25979
26037
25980
26038
25981
26039
25982
26040
25983
26041
25984
26042
25985
26043
25986
26044
25987
26045
25988
26046
25989
26047
25990
26048
25991
26049
25992
26050
25993
26051
25994
26052
25995
26053
25996
26054
25997
26055
25998
26056
25999
26057
26000
26058
26001
26059
26002
26060
26003
26061
26004
26062
26005
26063
26006
26064
26007
26065
26008
26066
26009
26067
26010
26068
26011
26069
26012
26070
26013
26071
26014
26072
26015
26073
26016
26074
26017
26075
26018
26076
26019
26077
26020
26078
26021
26079
26022
26080
26023
26081
26024
26082
26025
26083
26026
26084
26027
26085
26028
26086
26029
26087
26030
26088
26031
26089
26090
63298
26033
26091
26034
26092
26035
26093
26036
26094
26037
26095
26038
26096
26039
26097
26040
26098
26041
26099
26042
26100
26043
26101
26044
26102
26045
26103
26046
26104
26047
26105
26048
26106
26049
26107
26050
26108
26051
26109
26052
26110
26053
26111
26054
26112
26055
26113
26056
26114
26057
26115
26058
26116
26059
26117
26060
26118
26061
26119
26062
26120
26063
26121
26064
26122
26065
26123
26066
26124
26067
26125
26068
26126
26069
26127
26070
26128
26071
26129
26072
26130
26073
26131
26074
26132
26075
26133
26076
26134
26077
26135
26078
26136
26079
26137
26080
26138
26081
26139
26082
26140
26083
26141
26084
26142
26085
26143
26086
26144
26087
26145
26088
26146
26089
26147
26090
26148
26149
63297
26092
26150
26093
26151
26094
26152
26095
26153
26096
26154
26097
26155
26098
26156
26099
26157
26100
26158
26101
26159
26102
26160
26103
26161
26104
26162
26105
26163
26106
26164
26107
26165
26108
26166
26109
26167
26110
26168
26111
26169
26112
26170
26113
26171
26114
26172
26115
26173
26116
26174
26117
26175
26118
26176
26119
26177
26120
26178
26121
26179
26122
26180
26123
26181
26124
26182
26125
26183
26126
26184
26127
26185
26128
26186
26129
26187
26130
26188
26131
26189
26132
26190
26133
26191
26134
26192
26135
26193
26136
26194
26137
26195
26138
26196
26139
26197
26140
26198
26141
26199
26142
26200
26143
26201
26144
26202
26145
26203
26146
26204
26147
26205
26148
26206
26149
26207
26208
63296
26151
26209
26152
26210
26153
26211
26154
26212
26155
26213
26156
26214
26157
26215
26158
26216
26159
26217
26160
26218
26161
26219
26162
26220
26163
26221
26164
26222
26165
26223
26166
26224
26167
26225
26168
26226
26169
26227
26170
26228
26171
26229
26172
26230
26173
26231
26174
26232
26175
26233
26176
26234
26177
26235
26178
26236
26179
26237
26180
26238
26181
26239
26182
26240
26183
26241
26184
26242
26185
26243
26186
26244
26187
26245
26188
26246
26189
26247
26190
26248
26191
26249
26192
26250
26193
26251
26194
26252
26195
26253
26196
26254
26197
26255
26198
26256
26199
26257
26200
26258
26201
26259
26202
26260
26203
26261
26204
26262
26205
26263
26206
26264
26207
26265
26208
26266
26267
63295
26210
26268
26211
26269
26212
26270
26213
26271
26214
26272
26215
26273
26216
26274
26217
26275
26218
26276
26219
26277
26220
26278
26221
26279
26222
26280
26223
26281
26224
26282
26225
26283
26226
26284
26227
26285
26228
26286
26229
26287
26230
26288
26231
26289
26232
26290
26233
26291
26234
26292
26235
26293
26236
26294
26237
26295
26238
26296
26239
26297
26240
26298
26241
26299
26242
26300
26243
26301
26244
26302
26245
26303
26246
26304
26247
26305
26248
26306
26249
26307
26250
26308
26251
26309
26252
26310
26253
26311
26254
26312
26255
26313
26256
26314
26257
26315
26258
26316
26259
26317
26260
26318
26261
26319
26262
26320
26263
26321
26264
26322
26265
26323
26266
26324
26267
26325
26326
63294
26269
26327
26270
26328
26271
26329
26272
26330
26273
26331
26274
26332
26275
26333
26276
26334
26277
26335
26278
26336
26279
26337
26280
26338
26281
26339
26282
26340
26283
26341
26284
26342
26285
26343
26286
26344
26287
26345
26288
26346
26289
26347
26290
26348
26291
26349
26292
26350
26293
26351
26294
26352
26295
26353
26296
26354
26297
26355
26298
26356
26299
26357
26300
26358
26301
26359
26302
26360
26303
26361
26304
26362
26305
26363
26306
26364
26307
26365
26308
26366
26309
26367
26310
26368
26311
26369
26312
26370
26313
26371
26314
26372
26315
26373
26316
26374
26317
26375
26318
26376
26319
26377
26320
26378
26321
26379
26322
26380
26323
26381
26324
26382
26325
26383
26326
26384
26385
63293
26328
26386
26329
26387
26330
26388
26331
26389
26332
26390
26333
26391
26334
26392
26335
26393
26336
26394
26337
26395
26338
26396
26339
26397
26340
26398
26341
26399
26342
26400
26343
26401
26344
26402
26345
26403
26346
26404
26347
26405
26348
26406
26349
26407
26350
26408
26351
26409
26352
26410
26353
26411
26354
26412
26355
26413
26356
26414
26357
26415
26358
26416
26359
26417
26360
26418
26361
26419
26362
26420
26363
26421
26364
26422
26365
26423
26366
26424
26367
26425
26368
26426
26369
26427
26370
26428
26371
26429
26372
26430
26373
26431
26374
26432
26375
26433
26376
26434
26377
26435
26378
26436
26379
26437
26380
26438
26381
26439
26382
26440
26383
26441
26384
26442
26385
26443
26444
63292
26387
26445
26388
26446
26389
26447
26390
26448
26391
26449
26392
26450
26393
26451
26394
26452
26395
26453
26396
26454
26397
26455
26398
26456
26399
26457
26400
26458
26401
26459
26402
26460
26403
26461
26404
26462
26405
26463
26406
26464
26407
26465
26408
26466
26409
26467
26410
26468
26411
26469
26412
26470
26413
26471
26414
26472
26415
26473
26416
26474
26417
26475
26418
26476
26419
26477
26420
26478
26421
26479
26422
26480
26423
26481
26424
26482
26425
26483
26426
26484
26427
26485
26428
26486
26429
26487
26430
26488
26431
26489
26432
26490
26433
26491
26434
26492
26435
26493
26436
26494
26437
26495
26438
26496
26439
26497
26440
26498
26441
26499
26442
26500
26443
26501
26444
26502
26503
63291
26446
26504
26447
26505
26448
26506
26449
26507
26450
26508
26451
26509
26452
26510
26453
26511
26454
26512
26455
26513
26456
26514
26457
26515
26458
26516
26459
26517
26460
26518
26461
26519
26462
26520
26463
26521
26464
26522
26465
26523
26466
26524
26467
26525
26468
26526
26469
26527
26470
26528
26471
26529
26472
26530
26473
26531
26474
26532
26475
26533
26476
26534
26477
26535
26478
26536
26479
26537
26480
26538
26481
26539
26482
26540
26483
26541
26484
26542
26485
26543
26486
26544
26487
26545
26488
26546
26489
26547
26490
26548
26491
26549
26492
26550
26493
26551
26494
26552
26495
26553
26496
26554
26497
26555
26498
26556
26499
26557
26500
26558
26501
26559
26502
26560
26503
26561
26562
63290
26505
26563
26506
26564
26507
26565
26508
26566
26509
26567
26510
26568
26511
26569
26512
26570
26513
26571
26514
26572
26515
26573
26516
26574
26517
26575
26518
26576
26519
26577
26520
26578
26521
26579
26522
26580
26523
26581
26524
26582
26525
26583
26526
26584
26527
26585
26528
26586
26529
26587
26530
26588
26531
26589
26532
26590
26533
26591
26534
26592
26535
26593
26536
26594
26537
26595
26538
26596
26539
26597
26540
26598
26541
26599
26542
26600
26543
26601
26544
26602
26545
26603
26546
26604
26547
26605
26548
26606
26549
26607
26550
26608
26551
26609
26552
26610
26553
26611
26554
26612
26555
26613
26556
26614
26557
26615
26558
26616
26559
26617
26560
26618
26561
26619
26562
26620
26621
63289
26564
26622
26565
26623
26566
26624
26567
26625
26568
26626
26569
26627
26570
26628
26571
26629
26572
26630
26573
26631
26574
26632
26575
26633
26576
26634
26577
26635
26578
26636
26579
26637
26580
26638
26581
26639
26582
26640
26583
26641
26584
26642
26585
26643
26586
26644
26587
26645
26588
26646
26589
26647
26590
26648
26591
26649
26592
26650
26593
26651
26594
26652
26595
26653
26596
26654
26597
26655
26598
26656
26599
26657
26600
26658
26601
26659
26602
26660
26603
26661
26604
26662
26605
26663
26606
26664
26607
26665
26608
26666
26609
26667
26610
26668
26611
26669
26612
26670
26613
26671
26614
26672
26615
26673
26616
26674
26617
26675
26618
26676
26619
26677
26620
26678
26621
26679
26680
63288
26623
26681
26624
26682
26625
26683
26626
26684
26627
26685
26628
26686
26629
26687
26630
26688
26631
26689
26632
26690
26633
26691
26634
26692
26635
26693
26636
26694
26637
26695
26638
26696
26639
26697
26640
26698
26641
26699
26642
26700
26643
26701
26644
26702
26645
26703
26646
26704
26647
26705
26648
26706
26649
26707
26650
26708
26651
26709
26652
26710
26653
26711
26654
26712
26655
26713
26656
26714
26657
26715
26658
26716
26659
26717
26660
26718
26661
26719
26662
26720
26663
26721
26664
26722
26665
26723
26666
26724
26667
26725
26668
26726
26669
26727
26670
26728
26671
26729
26672
26730
26673
26731
26674
26732
26675
26733
26676
26734
26677
26735
26678
26736
26679
26737
26680
26738
26739
63287
26682
26740
26683
26741
26684
26742
26685
26743
26686
26744
26687
26745
26688
26746
26689
26747
26690
26748
26691
26749
26692
26750
26693
26751
26694
26752
26695
26753
26696
26754
26697
26755
26698
26756
26699
26757
26700
26758
26701
26759
26702
26760
26703
26761
26704
26762
26705
26763
26706
26764
26707
26765
26708
26766
26709
26767
26710
26768
26711
26769
26712
26770
26713
26771
26714
26772
26715
26773
26716
26774
26717
26775
26718
26776
26719
26777
26720
26778
26721
26779
26722
26780
26723
26781
26724
26782
26725
26783
26726
26784
26727
26785
26728
26786
26729
26787
26730
26788
26731
26789
26732
26790
26733
26791
26734
26792
26735
26793
26736
26794
26737
26795
26738
26796
26739
26797
26798
63286
26741
26799
26742
26800
26743
26801
26744
26802
26745
26803
26746
26804
26747
26805
26748
26806
26749
26807
26750
26808
26751
26809
26752
26810
26753
26811
26754
26812
26755
26813
26756
26814
26757
26815
26758
26816
26759
26817
26760
26818
26761
26819
26762
26820
26763
26821
26764
26822
26765
26823
26766
26824
26767
26825
26768
26826
26769
26827
26770
26828
26771
26829
26772
26830
26773
26831
26774
26832
26775
26833
26776
26834
26777
26835
26778
26836
26779
26837
26780
26838
26781
26839
26782
26840
26783
26841
26784
26842
26785
26843
26786
26844
26787
26845
26788
26846
26789
26847
26790
26848
26791
26849
26792
26850
26793
26851
26794
26852
26795
26853
26796
26854
26797
26855
26798
26856
26857
63285
26800
26858
26801
26859
26802
26860
26803
26861
26804
26862
26805
26863
26806
26864
26807
26865
26808
26866
26809
26867
26810
26868
26811
26869
26812
26870
26813
26871
26814
26872
26815
26873
26816
26874
26817
26875
26818
26876
26819
26877
26820
26878
26821
26879
26822
26880
26823
26881
26824
26882
26825
26883
26826
26884
26827
26885
26828
26886
26829
26887
26830
26888
26831
26889
26832
26890
26833
26891
26834
26892
26835
26893
26836
26894
26837
26895
26838
26896
26839
26897
26840
26898
26841
26899
26842
26900
26843
26901
26844
26902
26845
26903
26846
26904
26847
26905
26848
26906
26849
26907
26850
26908
26851
26909
26852
26910
26853
26911
26854
26912
26855
26913
26856
26914
26857
26915
26916
63284
26859
26917
26860
26918
26861
26919
26862
26920
26863
26921
26864
26922
26865
26923
26866
26924
26867
26925
26868
26926
26869
26927
26870
26928
26871
26929
26872
26930
26873
26931
26874
26932
26875
26933
26876
26934
26877
26935
26878
26936
26879
26937
26880
26938
26881
26939
26882
26940
26883
26941
26884
26942
26885
26943
26886
26944
26887
26945
26888
26946
26889
26947
26890
26948
26891
26949
26892
26950
26893
26951
26894
26952
26895
26953
26896
26954
26897
26955
26898
26956
26899
26957
26900
26958
26901
26959
26902
26960
26903
26961
26904
26962
26905
26963
26906
26964
26907
26965
26908
26966
26909
26967
26910
26968
26911
26969
26912
26970
26913
26971
26914
26972
26915
26973
26916
26974
26975
63283
26918
26976
26919
26977
26920
26978
26921
26979
26922
26980
26923
26981
26924
26982
26925
26983
26926
26984
26927
26985
26928
26986
26929
26987
26930
26988
26931
26989
26932
26990
26933
26991
26934
26992
26935
26993
26936
26994
26937
26995
26938
26996
26939
26997
26940
26998
26941
26999
26942
27000
26943
27001
26944
27002
26945
27003
26946
27004
26947
27005
26948
27006
26949
27007
26950
27008
26951
27009
26952
27010
26953
27011
26954
27012
26955
27013
26956
27014
26957
27015
26958
27016
26959
27017
26960
27018
26961
27019
26962
27020
26963
27021
26964
27022
26965
27023
26966
27024
26967
27025
26968
27026
26969
27027
26970
27028
26971
27029
26972
27030
26973
27031
26974
27032
26975
27033
27034
63282
26977
27035
26978
27036
26979
27037
26980
27038
26981
27039
26982
27040
26983
27041
26984
27042
26985
27043
26986
27044
26987
27045
26988
27046
26989
27047
26990
27048
26991
27049
26992
27050
26993
27051
26994
27052
26995
27053
26996
27054
26997
27055
26998
27056
26999
27057
27000
27058
27001
27059
27002
27060
27003
27061
27004
27062
27005
27063
27006
27064
27007
27065
27008
27066
27009
27067
27010
27068
27011
27069
27012
27070
27013
27071
27014
27072
27015
27073
27016
27074
27017
27075
27018
27076
27019
27077
27020
27078
27021
27079
27022
27080
27023
27081
27024
27082
27025
27083
27026
27084
27027
27085
27028
27086
27029
27087
27030
27088
27031
27089
27032
27090
27033
27091
27034
27092
27093
63281
27036
27094
27037
27095
27038
27096
27039
27097
27040
27098
27041
27099
27042
27100
27043
27101
27044
27102
27045
27103
27046
27104
27047
27105
27048
27106
27049
27107
27050
27108
27051
27109
27052
27110
27053
27111
27054
27112
27055
27113
27056
27114
27057
27115
27058
27116
27059
27117
27060
27118
27061
27119
27062
27120
27063
27121
27064
27122
27065
27123
27066
27124
27067
27125
27068
27126
27069
27127
27070
27128
27071
27129
27072
27130
27073
27131
27074
27132
27075
27133
27076
27134
27077
27135
27078
27136
27079
27137
27080
27138
27081
27139
27082
27140
27083
27141
27084
27142
27085
27143
27086
27144
27087
27145
27088
27146
27089
27147
27090
27148
27091
27149
27092
27150
27093
27151
27152
63280
27095
27153
27096
27154
27097
27155
27098
27156
27099
27157
27100
27158
27101
27159
27102
27160
27103
27161
27104
27162
27105
27163
27106
27164
27107
27165
27108
27166
27109
27167
27110
27168
27111
27169
27112
27170
27113
27171
27114
27172
27115
27173
27116
27174
27117
27175
27118
27176
27119
27177
27120
27178
27121
27179
27122
27180
27123
27181
27124
27182
27125
27183
27126
27184
27127
27185
27128
27186
27129
27187
27130
27188
27131
27189
27132
27190
27133
27191
27134
27192
27135
27193
27136
27194
27137
27195
27138
27196
27139
27197
27140
27198
27141
27199
27142
27200
27143
27201
27144
27202
27145
27203
27146
27204
27147
27205
27148
27206
27149
27207
27150
27208
27151
27209
27152
27210
27211
63279
27154
27212
27155
27213
27156
27214
27157
27215
27158
27216
27159
27217
27160
27218
27161
27219
27162
27220
27163
27221
27164
27222
27165
27223
27166
27224
27167
27225
27168
27226
27169
27227
27170
27228
27171
27229
27172
27230
27173
27231
27174
27232
27175
27233
27176
27234
27177
27235
27178
27236
27179
27237
27180
27238
27181
27239
27182
27240
27183
27241
27184
27242
27185
27243
27186
27244
27187
27245
27188
27246
27189
27247
27190
27248
27191
27249
27192
27250
27193
27251
27194
27252
27195
27253
27196
27254
27197
27255
27198
27256
27199
27257
27200
27258
27201
27259
27202
27260
27203
27261
27204
27262
27205
27263
27206
27264
27207
27265
27208
27266
27209
27267
27210
27268
27211
27269
27270
63278
27213
27271
27214
27272
27215
27273
27216
27274
27217
27275
27218
27276
27219
27277
27220
27278
27221
27279
27222
27280
27223
27281
27224
27282
27225
27283
27226
27284
27227
27285
27228
27286
27229
27287
27230
27288
27231
27289
27232
27290
27233
27291
27234
27292
27235
27293
27236
27294
27237
27295
27238
27296
27239
27297
27240
27298
27241
27299
27242
27300
27243
27301
27244
27302
27245
27303
27246
27304
27247
27305
27248
27306
27249
27307
27250
27308
27251
27309
27252
27310
27253
27311
27254
27312
27255
27313
27256
27314
27257
27315
27258
27316
27259
27317
27260
27318
27261
27319
27262
27320
27263
27321
27264
27322
27265
27323
27266
27324
27267
27325
27268
27326
27269
27327
27270
27328
27329
63277
27272
27330
27273
27331
27274
27332
27275
27333
27276
27334
27277
27335
27278
27336
27279
27337
27280
27338
27281
27339
27282
27340
27283
27341
27284
27342
27285
27343
27286
27344
27287
27345
27288
27346
27289
27347
27290
27348
27291
27349
27292
27350
27293
27351
27294
27352
27295
27353
27296
27354
27297
27355
27298
27356
27299
27357
27300
27358
27301
27359
27302
27360
27303
27361
27304
27362
27305
27363
27306
27364
27307
27365
27308
27366
27309
27367
27310
27368
27311
27369
27312
27370
27313
27371
27314
27372
27315
27373
27316
27374
27317
27375
27318
27376
27319
27377
27320
27378
27321
27379
27322
27380
27323
27381
27324
27382
27325
27383
27326
27384
27327
27385
27328
27386
27329
27387
27388
63276
27331
27389
27332
27390
27333
27391
27334
27392
27335
27393
27336
27394
27337
27395
27338
27396
27339
27397
27340
27398
27341
27399
27342
27400
27343
27401
27344
27402
27345
27403
27346
27404
27347
27405
27348
27406
27349
27407
27350
27408
27351
27409
27352
27410
27353
27411
27354
27412
27355
27413
27356
27414
27357
27415
27358
27416
27359
27417
27360
27418
27361
27419
27362
27420
27363
27421
27364
27422
27365
27423
27366
27424
27367
27425
27368
27426
27369
27427
27370
27428
27371
27429
27372
27430
27373
27431
27374
27432
27375
27433
27376
27434
27377
27435
27378
27436
27379
27437
27380
27438
27381
27439
27382
27440
27383
27441
27384
27442
27385
27443
27386
27444
27387
27445
27388
27446
27447
63275
27390
27448
27391
27449
27392
27450
27393
27451
27394
27452
27395
27453
27396
27454
27397
27455
27398
27456
27399
27457
27400
27458
27401
27459
27402
27460
27403
27461
27404
27462
27405
27463
27406
27464
27407
27465
27408
27466
27409
27467
27410
27468
27411
27469
27412
27470
27413
27471
27414
27472
27415
27473
27416
27474
27417
27475
27418
27476
27419
27477
27420
27478
27421
27479
27422
27480
27423
27481
27424
27482
27425
27483
27426
27484
27427
27485
27428
27486
27429
27487
27430
27488
27431
27489
27432
27490
27433
27491
27434
27492
27435
27493
27436
27494
27437
27495
27438
27496
27439
27497
27440
27498
27441
27499
27442
27500
27443
27501
27444
27502
27445
27503
27446
27504
27447
27505
27506
63274
27449
27507
27450
27508
27451
27509
27452
27510
27453
27511
27454
27512
27455
27513
27456
27514
27457
27515
27458
27516
27459
27517
27460
27518
27461
27519
27462
27520
27463
27521
27464
27522
27465
27523
27466
27524
27467
27525
27468
27526
27469
27527
27470
27528
27471
27529
27472
27530
27473
27531
27474
27532
27475
27533
27476
27534
27477
27535
27478
27536
27479
27537
27480
27538
27481
27539
27482
27540
27483
27541
27484
27542
27485
27543
27486
27544
27487
27545
27488
27546
27489
27547
27490
27548
27491
27549
27492
27550
27493
27551
27494
27552
27495
27553
27496
27554
27497
27555
27498
27556
27499
27557
27500
27558
27501
27559
27502
27560
27503
27561
27504
27562
27505
27563
27506
27564
27565
63273
27508
27566
27509
27567
27510
27568
27511
27569
27512
27570
27513
27571
27514
27572
27515
27573
27516
27574
27517
27575
27518
27576
27519
27577
27520
27578
27521
27579
27522
27580
27523
27581
27524
27582
27525
27583
27526
27584
27527
27585
27528
27586
27529
27587
27530
27588
27531
27589
27532
27590
27533
27591
27534
27592
27535
27593
27536
27594
27537
27595
27538
27596
27539
27597
27540
27598
27541
27599
27542
27600
27543
27601
27544
27602
27545
27603
27546
27604
27547
27605
27548
27606
27549
27607
27550
27608
27551
27609
27552
27610
27553
27611
27554
27612
27555
27613
27556
27614
27557
27615
27558
27616
27559
27617
27560
27618
27561
27619
27562
27620
27563
27621
27564
27622
27565
27623
27624
63272
27567
27625
27568
27626
27569
27627
27570
27628
27571
27629
27572
27630
27573
27631
27574
27632
27575
27633
27576
27634
27577
27635
27578
27636
27579
27637
27580
27638
27581
27639
27582
27640
27583
27641
27584
27642
27585
27643
27586
27644
27587
27645
27588
27646
27589
27647
27590
27648
27591
27649
27592
27650
27593
27651
27594
27652
27595
27653
27596
27654
27597
27655
27598
27656
27599
27657
27600
27658
27601
27659
27602
27660
27603
27661
27604
27662
27605
27663
27606
27664
27607
27665
27608
27666
27609
27667
27610
27668
27611
27669
27612
27670
27613
27671
27614
27672
27615
27673
27616
27674
27617
27675
27618
27676
27619
27677
27620
27678
27621
27679
27622
27680
27623
27681
27624
27682
27683
63271
27626
27684
27627
27685
27628
27686
27629
27687
27630
27688
27631
27689
27632
27690
27633
27691
27634
27692
27635
27693
27636
27694
27637
27695
27638
27696
27639
27697
27640
27698
27641
27699
27642
27700
27643
27701
27644
27702
27645
27703
27646
27704
27647
27705
27648
27706
27649
27707
27650
27708
27651
27709
27652
27710
27653
27711
27654
27712
27655
27713
27656
27714
27657
27715
27658
27716
27659
27717
27660
27718
27661
27719
27662
27720
27663
27721
27664
27722
27665
27723
27666
27724
27667
27725
27668
27726
27669
27727
27670
27728
27671
27729
27672
27730
27673
27731
27674
27732
27675
27733
27676
27734
27677
27735
27678
27736
27679
27737
27680
27738
27681
27739
27682
27740
27683
27741
27742
63270
27685
27743
27686
27744
27687
27745
27688
27746
27689
27747
27690
27748
27691
27749
27692
27750
27693
27751
27694
27752
27695
27753
27696
27754
27697
27755
27698
27756
27699
27757
27700
27758
27701
27759
27702
27760
27703
27761
27704
27762
27705
27763
27706
27764
27707
27765
27708
27766
27709
27767
27710
27768
27711
27769
27712
27770
27713
27771
27714
27772
27715
27773
27716
27774
27717
27775
27718
27776
27719
27777
27720
27778
27721
27779
27722
27780
27723
27781
27724
27782
27725
27783
27726
27784
27727
27785
27728
27786
27729
27787
27730
27788
27731
27789
27732
27790
27733
27791
27734
27792
27735
27793
27736
27794
27737
27795
27738
27796
27739
27797
27740
27798
27741
27799
27742
27800
27801
63269
27744
27802
27745
27803
27746
27804
27747
27805
27748
27806
27749
27807
27750
27808
27751
27809
27752
27810
27753
27811
27754
27812
27755
27813
27756
27814
27757
27815
27758
27816
27759
27817
27760
27818
27761
27819
27762
27820
27763
27821
27764
27822
27765
27823
27766
27824
27767
27825
27768
27826
27769
27827
27770
27828
27771
27829
27772
27830
27773
27831
27774
27832
27775
27833
27776
27834
27777
27835
27778
27836
27779
27837
27780
27838
27781
27839
27782
27840
27783
27841
27784
27842
27785
27843
27786
27844
27787
27845
27788
27846
27789
27847
27790
27848
27791
27849
27792
27850
27793
27851
27794
27852
27795
27853
27796
27854
27797
27855
27798
27856
27799
27857
27800
27858
27801
27859
27860
63268
27803
27861
27804
27862
27805
27863
27806
27864
27807
27865
27808
27866
27809
27867
27810
27868
27811
27869
27812
27870
27813
27871
27814
27872
27815
27873
27816
27874
27817
27875
27818
27876
27819
27877
27820
27878
27821
27879
27822
27880
27823
27881
27824
27882
27825
27883
27826
27884
27827
27885
27828
27886
27829
27887
27830
27888
27831
27889
27832
27890
27833
27891
27834
27892
27835
27893
27836
27894
27837
27895
27838
27896
27839
27897
27840
27898
27841
27899
27842
27900
27843
27901
27844
27902
27845
27903
27846
27904
27847
27905
27848
27906
27849
27907
27850
27908
27851
27909
27852
27910
27853
27911
27854
27912
27855
27913
27856
27914
27857
27915
27858
27916
27859
27917
27860
27918
27919
63267
27862
27920
27863
27921
27864
27922
27865
27923
27866
27924
27867
27925
27868
27926
27869
27927
27870
27928
27871
27929
27872
27930
27873
27931
27874
27932
27875
27933
27876
27934
27877
27935
27878
27936
27879
27937
27880
27938
27881
27939
27882
27940
27883
27941
27884
27942
27885
27943
27886
27944
27887
27945
27888
27946
27889
27947
27890
27948
27891
27949
27892
27950
27893
27951
27894
27952
27895
27953
27896
27954
27897
27955
27898
27956
27899
27957
27900
27958
27901
27959
27902
27960
27903
27961
27904
27962
27905
27963
27906
27964
27907
27965
27908
27966
27909
27967
27910
27968
27911
27969
27912
27970
27913
27971
27914
27972
27915
27973
27916
27974
27917
27975
27918
27976
27919
27977
27978
63266
27921
27979
27922
27980
27923
27981
27924
27982
27925
27983
27926
27984
27927
27985
27928
27986
27929
27987
27930
27988
27931
27989
27932
27990
27933
27991
27934
27992
27935
27993
27936
27994
27937
27995
27938
27996
27939
27997
27940
27998
27941
27999
27942
28000
27943
28001
27944
28002
27945
28003
27946
28004
27947
28005
27948
28006
27949
28007
27950
28008
27951
28009
27952
28010
27953
28011
27954
28012
27955
28013
27956
28014
27957
28015
27958
28016
27959
28017
27960
28018
27961
28019
27962
28020
27963
28021
27964
28022
27965
28023
27966
28024
27967
28025
27968
28026
27969
28027
27970
28028
27971
28029
27972
28030
27973
28031
27974
28032
27975
28033
27976
28034
27977
28035
27978
28036
28037
63265
27980
28038
27981
28039
27982
28040
27983
28041
27984
28042
27985
28043
27986
28044
27987
28045
27988
28046
27989
28047
27990
28048
27991
28049
27992
28050
27993
28051
27994
28052
27995
28053
27996
28054
27997
28055
27998
28056
27999
28057
28000
28058
28001
28059
28002
28060
28003
28061
28004
28062
28005
28063
28006
28064
28007
28065
28008
28066
28009
28067
28010
28068
28011
28069
28012
28070
28013
28071
28014
28072
28015
28073
28016
28074
28017
28075
28018
28076
28019
28077
28020
28078
28021
28079
28022
28080
28023
28081
28024
28082
28025
28083
28026
28084
28027
28085
28028
28086
28029
28087
28030
28088
28031
28089
28032
28090
28033
28091
28034
28092
28035
28093
28036
28094
28037
28095
28096
63264
28039
28097
28040
28098
28041
28099
28042
28100
28043
28101
28044
28102
28045
28103
28046
28104
28047
28105
28048
28106
28049
28107
28050
28108
28051
28109
28052
28110
28053
28111
28054
28112
28055
28113
28056
28114
28057
28115
28058
28116
28059
28117
28060
28118
28061
28119
28062
28120
28063
28121
28064
28122
28065
28123
28066
28124
28067
28125
28068
28126
28069
28127
28070
28128
28071
28129
28072
28130
28073
28131
28074
28132
28075
28133
28076
28134
28077
28135
28078
28136
28079
28137
28080
28138
28081
28139
28082
28140
28083
28141
28084
28142
28085
28143
28086
28144
28087
28145
28088
28146
28089
28147
28090
28148
28091
28149
28092
28150
28093
28151
28094
28152
28095
28153
28096
28154
28155
63263
28098
28156
28099
28157
28100
28158
28101
28159
28102
28160
28103
28161
28104
28162
28105
28163
28106
28164
28107
28165
28108
28166
28109
28167
28110
28168
28111
28169
28112
28170
28113
28171
28114
28172
28115
28173
28116
28174
28117
28175
28118
28176
28119
28177
28120
28178
28121
28179
28122
28180
28123
28181
28124
28182
28125
28183
28126
28184
28127
28185
28128
28186
28129
28187
28130
28188
28131
28189
28132
28190
28133
28191
28134
28192
28135
28193
28136
28194
28137
28195
28138
28196
28139
28197
28140
28198
28141
28199
28142
28200
28143
28201
28144
28202
28145
28203
28146
28204
28147
28205
28148
28206
28149
28207
28150
28208
28151
28209
28152
28210
28153
28211
28154
28212
28155
28213
28214
63262
28157
28215
28158
28216
28159
28217
28160
28218
28161
28219
28162
28220
28163
28221
28164
28222
28165
28223
28166
28224
28167
28225
28168
28226
28169
28227
28170
28228
28171
28229
28172
28230
28173
28231
28174
28232
28175
28233
28176
28234
28177
28235
28178
28236
28179
28237
28180
28238
28181
28239
28182
28240
28183
28241
28184
28242
28185
28243
28186
28244
28187
28245
28188
28246
28189
28247
28190
28248
28191
28249
28192
28250
28193
28251
28194
28252
28195
28253
28196
28254
28197
28255
28198
28256
28199
28257
28200
28258
28201
28259
28202
28260
28203
28261
28204
28262
28205
28263
28206
28264
28207
28265
28208
28266
28209
28267
28210
28268
28211
28269
28212
28270
28213
28271
28214
28272
28273
63261
28216
28274
28217
28275
28218
28276
28219
28277
28220
28278
28221
28279
28222
28280
28223
28281
28224
28282
28225
28283
28226
28284
28227
28285
28228
28286
28229
28287
28230
28288
28231
28289
28232
28290
28233
28291
28234
28292
28235
28293
28236
28294
28237
28295
28238
28296
28239
28297
28240
28298
28241
28299
28242
28300
28243
28301
28244
28302
28245
28303
28246
28304
28247
28305
28248
28306
28249
28307
28250
28308
28251
28309
28252
28310
28253
28311
28254
28312
28255
28313
28256
28314
28257
28315
28258
28316
28259
28317
28260
28318
28261
28319
28262
28320
28263
28321
28264
28322
28265
28323
28266
28324
28267
28325
28268
28326
28269
28327
28270
28328
28271
28329
28272
28330
28273
28331
28332
63260
28275
28333
28276
28334
28277
28335
28278
28336
28279
28337
28280
28338
28281
28339
28282
28340
28283
28341
28284
28342
28285
28343
28286
28344
28287
28345
28288
28346
28289
28347
28290
28348
28291
28349
28292
28350
28293
28351
28294
28352
28295
28353
28296
28354
28297
28355
28298
28356
28299
28357
28300
28358
28301
28359
28302
28360
28303
28361
28304
28362
28305
28363
28306
28364
28307
28365
28308
28366
28309
28367
28310
28368
28311
28369
28312
28370
28313
28371
28314
28372
28315
28373
28316
28374
28317
28375
28318
28376
28319
28377
28320
28378
28321
28379
28322
28380
28323
28381
28324
28382
28325
28383
28326
28384
28327
28385
28328
28386
28329
28387
28330
28388
28331
28389
28332
28390
28391
63259
28334
28392
28335
28393
28336
28394
28337
28395
28338
28396
28339
28397
28340
28398
28341
28399
28342
28400
28343
28401
28344
28402
28345
28403
28346
28404
28347
28405
28348
28406
28349
28407
28350
28408
28351
28409
28352
28410
28353
28411
28354
28412
28355
28413
28356
28414
28357
28415
28358
28416
28359
28417
28360
28418
28361
28419
28362
28420
28363
28421
28364
28422
28365
28423
28366
28424
28367
28425
28368
28426
28369
28427
28370
28428
28371
28429
28372
28430
28373
28431
28374
28432
28375
28433
28376
28434
28377
28435
28378
28436
28379
28437
28380
28438
28381
28439
28382
28440
28383
28441
28384
28442
28385
28443
28386
28444
28387
28445
28388
28446
28389
28447
28390
28448
28391
28449
28450
63258
28393
28451
28394
28452
28395
28453
28396
28454
28397
28455
28398
28456
28399
28457
28400
28458
28401
28459
28402
28460
28403
28461
28404
28462
28405
28463
28406
28464
28407
28465
28408
28466
28409
28467
28410
28468
28411
28469
28412
28470
28413
28471
28414
28472
28415
28473
28416
28474
28417
28475
28418
28476
28419
28477
28420
28478
28421
28479
28422
28480
28423
28481
28424
28482
28425
28483
28426
28484
28427
28485
28428
28486
28429
28487
28430
28488
28431
28489
28432
28490
28433
28491
28434
28492
28435
28493
28436
28494
28437
28495
28438
28496
28439
28497
28440
28498
28441
28499
28442
28500
28443
28501
28444
28502
28445
28503
28446
28504
28447
28505
28448
28506
28449
28507
28450
28508
28509
63257
28452
28510
28453
28511
28454
28512
28455
28513
28456
28514
28457
28515
28458
28516
28459
28517
28460
28518
28461
28519
28462
28520
28463
28521
28464
28522
28465
28523
28466
28524
28467
28525
28468
28526
28469
28527
28470
28528
28471
28529
28472
28530
28473
28531
28474
28532
28475
28533
28476
28534
28477
28535
28478
28536
28479
28537
28480
28538
28481
28539
28482
28540
28483
28541
28484
28542
28485
28543
28486
28544
28487
28545
28488
28546
28489
28547
28490
28548
28491
28549
28492
28550
28493
28551
28494
28552
28495
28553
28496
28554
28497
28555
28498
28556
28499
28557
28500
28558
28501
28559
28502
28560
28503
28561
28504
28562
28505
28563
28506
28564
28507
28565
28508
28566
28509
28567
28568
63256
28511
28569
28512
28570
28513
28571
28514
28572
28515
28573
28516
28574
28517
28575
28518
28576
28519
28577
28520
28578
28521
28579
28522
28580
28523
28581
28524
28582
28525
28583
28526
28584
28527
28585
28528
28586
28529
28587
28530
28588
28531
28589
28532
28590
28533
28591
28534
28592
28535
28593
28536
28594
28537
28595
28538
28596
28539
28597
28540
28598
28541
28599
28542
28600
28543
28601
28544
28602
28545
28603
28546
28604
28547
28605
28548
28606
28549
28607
28550
28608
28551
28609
28552
28610
28553
28611
28554
28612
28555
28613
28556
28614
28557
28615
28558
28616
28559
28617
28560
28618
28561
28619
28562
28620
28563
28621
28564
28622
28565
28623
28566
28624
28567
28625
28568
28626
28627
63255
28570
28628
28571
28629
28572
28630
28573
28631
28574
28632
28575
28633
28576
28634
28577
28635
28578
28636
28579
28637
28580
28638
28581
28639
28582
28640
28583
28641
28584
28642
28585
28643
28586
28644
28587
28645
28588
28646
28589
28647
28590
28648
28591
28649
28592
28650
28593
28651
28594
28652
28595
28653
28596
28654
28597
28655
28598
28656
28599
28657
28600
28658
28601
28659
28602
28660
28603
28661
28604
28662
28605
28663
28606
28664
28607
28665
28608
28666
28609
28667
28610
28668
28611
28669
28612
28670
28613
28671
28614
28672
28615
28673
28616
28674
28617
28675
28618
28676
28619
28677
28620
28678
28621
28679
28622
28680
28623
28681
28624
28682
28625
28683
28626
28684
28627
28685
28686
63254
28629
28687
28630
28688
28631
28689
28632
28690
28633
28691
28634
28692
28635
28693
28636
28694
28637
28695
28638
28696
28639
28697
28640
28698
28641
28699
28642
28700
28643
28701
28644
28702
28645
28703
28646
28704
28647
28705
28648
28706
28649
28707
28650
28708
28651
28709
28652
28710
28653
28711
28654
28712
28655
28713
28656
28714
28657
28715
28658
28716
28659
28717
28660
28718
28661
28719
28662
28720
28663
28721
28664
28722
28665
28723
28666
28724
28667
28725
28668
28726
28669
28727
28670
28728
28671
28729
28672
28730
28673
28731
28674
28732
28675
28733
28676
28734
28677
28735
28678
28736
28679
28737
28680
28738
28681
28739
28682
28740
28683
28741
28684
28742
28685
28743
28686
28744
28745
63253
28688
28746
28689
28747
28690
28748
28691
28749
28692
28750
28693
28751
28694
28752
28695
28753
28696
28754
28697
28755
28698
28756
28699
28757
28700
28758
28701
28759
28702
28760
28703
28761
28704
28762
28705
28763
28706
28764
28707
28765
28708
28766
28709
28767
28710
28768
28711
28769
28712
28770
28713
28771
28714
28772
28715
28773
28716
28774
28717
28775
28718
28776
28719
28777
28720
28778
28721
28779
28722
28780
28723
28781
28724
28782
28725
28783
28726
28784
28727
28785
28728
28786
28729
28787
28730
28788
28731
28789
28732
28790
28733
28791
28734
28792
28735
28793
28736
28794
28737
28795
28738
28796
28739
28797
28740
28798
28741
28799
28742
28800
28743
28801
28744
28802
28745
28803
28804
63252
28747
28805
28748
28806
28749
28807
28750
28808
28751
28809
28752
28810
28753
28811
28754
28812
28755
28813
28756
28814
28757
28815
28758
28816
28759
28817
28760
28818
28761
28819
28762
28820
28763
28821
28764
28822
28765
28823
28766
28824
28767
28825
28768
28826
28769
28827
28770
28828
28771
28829
28772
28830
28773
28831
28774
28832
28775
28833
28776
28834
28777
28835
28778
28836
28779
28837
28780
28838
28781
28839
28782
28840
28783
28841
28784
28842
28785
28843
28786
28844
28787
28845
28788
28846
28789
28847
28790
28848
28791
28849
28792
28850
28793
28851
28794
28852
28795
28853
28796
28854
28797
28855
28798
28856
28799
28857
28800
28858
28801
28859
28802
28860
28803
28861
28804
28862
28863
63251
28806
28864
28807
28865
28808
28866
28809
28867
28810
28868
28811
28869
28812
28870
28813
28871
28814
28872
28815
28873
28816
28874
28817
28875
28818
28876
28819
28877
28820
28878
28821
28879
28822
28880
28823
28881
28824
28882
28825
28883
28826
28884
28827
28885
28828
28886
28829
28887
28830
28888
28831
28889
28832
28890
28833
28891
28834
28892
28835
28893
28836
28894
28837
28895
28838
28896
28839
28897
28840
28898
28841
28899
28842
28900
28843
28901
28844
28902
28845
28903
28846
28904
28847
28905
28848
28906
28849
28907
28850
28908
28851
28909
28852
28910
28853
28911
28854
28912
28855
28913
28856
28914
28857
28915
28858
28916
28859
28917
28860
28918
28861
28919
28862
28920
28863
28921
28922
63250
28865
28923
28866
28924
28867
28925
28868
28926
28869
28927
28870
28928
28871
28929
28872
28930
28873
28931
28874
28932
28875
28933
28876
28934
28877
28935
28878
28936
28879
28937
28880
28938
28881
28939
28882
28940
28883
28941
28884
28942
28885
28943
28886
28944
28887
28945
28888
28946
28889
28947
28890
28948
28891
28949
28892
28950
28893
28951
28894
28952
28895
28953
28896
28954
28897
28955
28898
28956
28899
28957
28900
28958
28901
28959
28902
28960
28903
28961
28904
28962
28905
28963
28906
28964
28907
28965
28908
28966
28909
28967
28910
28968
28911
28969
28912
28970
28913
28971
28914
28972
28915
28973
28916
28974
28917
28975
28918
28976
28919
28977
28920
28978
28921
28979
28922
28980
28981
63249
28924
28982
28925
28983
28926
28984
28927
28985
28928
28986
28929
28987
28930
28988
28931
28989
28932
28990
28933
28991
28934
28992
28935
28993
28936
28994
28937
28995
28938
28996
28939
28997
28940
28998
28941
28999
28942
29000
28943
29001
28944
29002
28945
29003
28946
29004
28947
29005
28948
29006
28949
29007
28950
29008
28951
29009
28952
29010
28953
29011
28954
29012
28955
29013
28956
29014
28957
29015
28958
29016
28959
29017
28960
29018
28961
29019
28962
29020
28963
29021
28964
29022
28965
29023
28966
29024
28967
29025
28968
29026
28969
29027
28970
29028
28971
29029
28972
29030
28973
29031
28974
29032
28975
29033
28976
29034
28977
29035
28978
29036
28979
29037
28980
29038
28981
29039
29040
63248
28983
29041
28984
29042
28985
29043
28986
29044
28987
29045
28988
29046
28989
29047
28990
29048
28991
29049
28992
29050
28993
29051
28994
29052
28995
29053
28996
29054
28997
29055
28998
29056
28999
29057
29000
29058
29001
29059
29002
29060
29003
29061
29004
29062
29005
29063
29006
29064
29007
29065
29008
29066
29009
29067
29010
29068
29011
29069
29012
29070
29013
29071
29014
29072
29015
29073
29016
29074
29017
29075
29018
29076
29019
29077
29020
29078
29021
29079
29022
29080
29023
29081
29024
29082
29025
29083
29026
29084
29027
29085
29028
29086
29029
29087
29030
29088
29031
29089
29032
29090
29033
29091
29034
29092
29035
29093
29036
29094
29037
29095
29038
29096
29039
29097
29040
29098
29099
63247
29042
29100
29043
29101
29044
29102
29045
29103
29046
29104
29047
29105
29048
29106
29049
29107
29050
29108
29051
29109
29052
29110
29053
29111
29054
29112
29055
29113
29056
29114
29057
29115
29058
29116
29059
29117
29060
29118
29061
29119
29062
29120
29063
29121
29064
29122
29065
29123
29066
29124
29067
29125
29068
29126
29069
29127
29070
29128
29071
29129
29072
29130
29073
29131
29074
29132
29075
29133
29076
29134
29077
29135
29078
29136
29079
29137
29080
29138
29081
29139
29082
29140
29083
29141
29084
29142
29085
29143
29086
29144
29087
29145
29088
29146
29089
29147
29090
29148
29091
29149
29092
29150
29093
29151
29094
29152
29095
29153
29096
29154
29097
29155
29098
29156
29099
29157
29158
63246
29101
29159
29102
29160
29103
29161
29104
29162
29105
29163
29106
29164
29107
29165
29108
29166
29109
29167
29110
29168
29111
29169
29112
29170
29113
29171
29114
29172
29115
29173
29116
29174
29117
29175
29118
29176
29119
29177
29120
29178
29121
29179
29122
29180
29123
29181
29124
29182
29125
29183
29126
29184
29127
29185
29128
29186
29129
29187
29130
29188
29131
29189
29132
29190
29133
29191
29134
29192
29135
29193
29136
29194
29137
29195
29138
29196
29139
29197
29140
29198
29141
29199
29142
29200
29143
29201
29144
29202
29145
29203
29146
29204
29147
29205
29148
29206
29149
29207
29150
29208
29151
29209
29152
29210
29153
29211
29154
29212
29155
29213
29156
29214
29157
29215
29158
29216
29217
63245
29160
29218
29161
29219
29162
29220
29163
29221
29164
29222
29165
29223
29166
29224
29167
29225
29168
29226
29169
29227
29170
29228
29171
29229
29172
29230
29173
29231
29174
29232
29175
29233
29176
29234
29177
29235
29178
29236
29179
29237
29180
29238
29181
29239
29182
29240
29183
29241
29184
29242
29185
29243
29186
29244
29187
29245
29188
29246
29189
29247
29190
29248
29191
29249
29192
29250
29193
29251
29194
29252
29195
29253
29196
29254
29197
29255
29198
29256
29199
29257
29200
29258
29201
29259
29202
29260
29203
29261
29204
29262
29205
29263
29206
29264
29207
29265
29208
29266
29209
29267
29210
29268
29211
29269
29212
29270
29213
29271
29214
29272
29215
29273
29216
29274
29217
29275
29276
63244
29219
29277
29220
29278
29221
29279
29222
29280
29223
29281
29224
29282
29225
29283
29226
29284
29227
29285
29228
29286
29229
29287
29230
29288
29231
29289
29232
29290
29233
29291
29234
29292
29235
29293
29236
29294
29237
29295
29238
29296
29239
29297
29240
29298
29241
29299
29242
29300
29243
29301
29244
29302
29245
29303
29246
29304
29247
29305
29248
29306
29249
29307
29250
29308
29251
29309
29252
29310
29253
29311
29254
29312
29255
29313
29256
29314
29257
29315
29258
29316
29259
29317
29260
29318
29261
29319
29262
29320
29263
29321
29264
29322
29265
29323
29266
29324
29267
29325
29268
29326
29269
29327
29270
29328
29271
29329
29272
29330
29273
29331
29274
29332
29275
29333
29276
29334
29335
63243
29278
29336
29279
29337
29280
29338
29281
29339
29282
29340
29283
29341
29284
29342
29285
29343
29286
29344
29287
29345
29288
29346
29289
29347
29290
29348
29291
29349
29292
29350
29293
29351
29294
29352
29295
29353
29296
29354
29297
29355
29298
29356
29299
29357
29300
29358
29301
29359
29302
29360
29303
29361
29304
29362
29305
29363
29306
29364
29307
29365
29308
29366
29309
29367
29310
29368
29311
29369
29312
29370
29313
29371
29314
29372
29315
29373
29316
29374
29317
29375
29318
29376
29319
29377
29320
29378
29321
29379
29322
29380
29323
29381
29324
29382
29325
29383
29326
29384
29327
29385
29328
29386
29329
29387
29330
29388
29331
29389
29332
29390
29333
29391
29334
29392
29335
29393
29394
63242
29337
29395
29338
29396
29339
29397
29340
29398
29341
29399
29342
29400
29343
29401
29344
29402
29345
29403
29346
29404
29347
29405
29348
29406
29349
29407
29350
29408
29351
29409
29352
29410
29353
29411
29354
29412
29355
29413
29356
29414
29357
29415
29358
29416
29359
29417
29360
29418
29361
29419
29362
29420
29363
29421
29364
29422
29365
29423
29366
29424
29367
29425
29368
29426
29369
29427
29370
29428
29371
29429
29372
29430
29373
29431
29374
29432
29375
29433
29376
29434
29377
29435
29378
29436
29379
29437
29380
29438
29381
29439
29382
29440
29383
29441
29384
29442
29385
29443
29386
29444
29387
29445
29388
29446
29389
29447
29390
29448
29391
29449
29392
29450
29393
29451
29394
29452
29453
63241
29396
29454
29397
29455
29398
29456
29399
29457
29400
29458
29401
29459
29402
29460
29403
29461
29404
29462
29405
29463
29406
29464
29407
29465
29408
29466
29409
29467
29410
29468
29411
29469
29412
29470
29413
29471
29414
29472
29415
29473
29416
29474
29417
29475
29418
29476
29419
29477
29420
29478
29421
29479
29422
29480
29423
29481
29424
29482
29425
29483
29426
29484
29427
29485
29428
29486
29429
29487
29430
29488
29431
29489
29432
29490
29433
29491
29434
29492
29435
29493
29436
29494
29437
29495
29438
29496
29439
29497
29440
29498
29441
29499
29442
29500
29443
29501
29444
29502
29445
29503
29446
29504
29447
29505
29448
29506
29449
29507
29450
29508
29451
29509
29452
29510
29453
29511
29512
63240
29455
29513
29456
29514
29457
29515
29458
29516
29459
29517
29460
29518
29461
29519
29462
29520
29463
29521
29464
29522
29465
29523
29466
29524
29467
29525
29468
29526
29469
29527
29470
29528
29471
29529
29472
29530
29473
29531
29474
29532
29475
29533
29476
29534
29477
29535
29478
29536
29479
29537
29480
29538
29481
29539
29482
29540
29483
29541
29484
29542
29485
29543
29486
29544
29487
29545
29488
29546
29489
29547
29490
29548
29491
29549
29492
29550
29493
29551
29494
29552
29495
29553
29496
29554
29497
29555
29498
29556
29499
29557
29500
29558
29501
29559
29502
29560
29503
29561
29504
29562
29505
29563
29506
29564
29507
29565
29508
29566
29509
29567
29510
29568
29511
29569
29512
29570
29571
63239
29514
29572
29515
29573
29516
29574
29517
29575
29518
29576
29519
29577
29520
29578
29521
29579
29522
29580
29523
29581
29524
29582
29525
29583
29526
29584
29527
29585
29528
29586
29529
29587
29530
29588
29531
29589
29532
29590
29533
29591
29534
29592
29535
29593
29536
29594
29537
29595
29538
29596
29539
29597
29540
29598
29541
29599
29542
29600
29543
29601
29544
29602
29545
29603
29546
29604
29547
29605
29548
29606
29549
29607
29550
29608
29551
29609
29552
29610
29553
29611
29554
29612
29555
29613
29556
29614
29557
29615
29558
29616
29559
29617
29560
29618
29561
29619
29562
29620
29563
29621
29564
29622
29565
29623
29566
29624
29567
29625
29568
29626
29569
29627
29570
29628
29571
29629
29630
63238
29573
29631
29574
29632
29575
29633
29576
29634
29577
29635
29578
29636
29579
29637
29580
29638
29581
29639
29582
29640
29583
29641
29584
29642
29585
29643
29586
29644
29587
29645
29588
29646
29589
29647
29590
29648
29591
29649
29592
29650
29593
29651
29594
29652
29595
29653
29596
29654
29597
29655
29598
29656
29599
29657
29600
29658
29601
29659
29602
29660
29603
29661
29604
29662
29605
29663
29606
29664
29607
29665
29608
29666
29609
29667
29610
29668
29611
29669
29612
29670
29613
29671
29614
29672
29615
29673
29616
29674
29617
29675
29618
29676
29619
29677
29620
29678
29621
29679
29622
29680
29623
29681
29624
29682
29625
29683
29626
29684
29627
29685
29628
29686
29629
29687
29630
29688
29689
63237
29632
29690
29633
29691
29634
29692
29635
29693
29636
29694
29637
29695
29638
29696
29639
29697
29640
29698
29641
29699
29642
29700
29643
29701
29644
29702
29645
29703
29646
29704
29647
29705
29648
29706
29649
29707
29650
29708
29651
29709
29652
29710
29653
29711
29654
29712
29655
29713
29656
29714
29657
29715
29658
29716
29659
29717
29660
29718
29661
29719
29662
29720
29663
29721
29664
29722
29665
29723
29666
29724
29667
29725
29668
29726
29669
29727
29670
29728
29671
29729
29672
29730
29673
29731
29674
29732
29675
29733
29676
29734
29677
29735
29678
29736
29679
29737
29680
29738
29681
29739
29682
29740
29683
29741
29684
29742
29685
29743
29686
29744
29687
29745
29688
29746
29689
29747
29748
63236
29691
29749
29692
29750
29693
29751
29694
29752
29695
29753
29696
29754
29697
29755
29698
29756
29699
29757
29700
29758
29701
29759
29702
29760
29703
29761
29704
29762
29705
29763
29706
29764
29707
29765
29708
29766
29709
29767
29710
29768
29711
29769
29712
29770
29713
29771
29714
29772
29715
29773
29716
29774
29717
29775
29718
29776
29719
29777
29720
29778
29721
29779
29722
29780
29723
29781
29724
29782
29725
29783
29726
29784
29727
29785
29728
29786
29729
29787
29730
29788
29731
29789
29732
29790
29733
29791
29734
29792
29735
29793
29736
29794
29737
29795
29738
29796
29739
29797
29740
29798
29741
29799
29742
29800
29743
29801
29744
29802
29745
29803
29746
29804
29747
29805
29748
29806
29807
63235
29750
29808
29751
29809
29752
29810
29753
29811
29754
29812
29755
29813
29756
29814
29757
29815
29758
29816
29759
29817
29760
29818
29761
29819
29762
29820
29763
29821
29764
29822
29765
29823
29766
29824
29767
29825
29768
29826
29769
29827
29770
29828
29771
29829
29772
29830
29773
29831
29774
29832
29775
29833
29776
29834
29777
29835
29778
29836
29779
29837
29780
29838
29781
29839
29782
29840
29783
29841
29784
29842
29785
29843
29786
29844
29787
29845
29788
29846
29789
29847
29790
29848
29791
29849
29792
29850
29793
29851
29794
29852
29795
29853
29796
29854
29797
29855
29798
29856
29799
29857
29800
29858
29801
29859
29802
29860
29803
29861
29804
29862
29805
29863
29806
29864
29807
29865
29866
63234
29809
29867
29810
29868
29811
29869
29812
29870
29813
29871
29814
29872
29815
29873
29816
29874
29817
29875
29818
29876
29819
29877
29820
29878
29821
29879
29822
29880
29823
29881
29824
29882
29825
29883
29826
29884
29827
29885
29828
29886
29829
29887
29830
29888
29831
29889
29832
29890
29833
29891
29834
29892
29835
29893
29836
29894
29837
29895
29838
29896
29839
29897
29840
29898
29841
29899
29842
29900
29843
29901
29844
29902
29845
29903
29846
29904
29847
29905
29848
29906
29849
29907
29850
29908
29851
29909
29852
29910
29853
29911
29854
29912
29855
29913
29856
29914
29857
29915
29858
29916
29859
29917
29860
29918
29861
29919
29862
29920
29863
29921
29864
29922
29865
29923
29866
29924
29925
63233
29868
29926
29869
29927
29870
29928
29871
29929
29872
29930
29873
29931
29874
29932
29875
29933
29876
29934
29877
29935
29878
29936
29879
29937
29880
29938
29881
29939
29882
29940
29883
29941
29884
29942
29885
29943
29886
29944
29887
29945
29888
29946
29889
29947
29890
29948
29891
29949
29892
29950
29893
29951
29894
29952
29895
29953
29896
29954
29897
29955
29898
29956
29899
29957
29900
29958
29901
29959
29902
29960
29903
29961
29904
29962
29905
29963
29906
29964
29907
29965
29908
29966
29909
29967
29910
29968
29911
29969
29912
29970
29913
29971
29914
29972
29915
29973
29916
29974
29917
29975
29918
29976
29919
29977
29920
29978
29921
29979
29922
29980
29923
29981
29924
29982
29925
29983
29984
63232
29927
29985
29928
29986
29929
29987
29930
29988
29931
29989
29932
29990
29933
29991
29934
29992
29935
29993
29936
29994
29937
29995
29938
29996
29939
29997
29940
29998
29941
29999
29942
30000
29943
30001
29944
30002
29945
30003
29946
30004
29947
30005
29948
30006
29949
30007
29950
30008
29951
30009
29952
30010
29953
30011
29954
30012
29955
30013
29956
30014
29957
30015
29958
30016
29959
30017
29960
30018
29961
30019
29962
30020
29963
30021
29964
30022
29965
30023
29966
30024
29967
30025
29968
30026
29969
30027
29970
30028
29971
30029
29972
30030
29973
30031
29974
30032
29975
30033
29976
30034
29977
30035
29978
30036
29979
30037
29980
30038
29981
30039
29982
30040
29983
30041
29984
30042
30043
63231
29986
30044
29987
30045
29988
30046
29989
30047
29990
30048
29991
30049
29992
30050
29993
30051
29994
30052
29995
30053
29996
30054
29997
30055
29998
30056
29999
30057
30000
30058
30001
30059
30002
30060
30003
30061
30004
30062
30005
30063
30006
30064
30007
30065
30008
30066
30009
30067
30010
30068
30011
30069
30012
30070
30013
30071
30014
30072
30015
30073
30016
30074
30017
30075
30018
30076
30019
30077
30020
30078
30021
30079
30022
30080
30023
30081
30024
30082
30025
30083
30026
30084
30027
30085
30028
30086
30029
30087
30030
30088
30031
30089
30032
30090
30033
30091
30034
30092
30035
30093
30036
30094
30037
30095
30038
30096
30039
30097
30040
30098
30041
30099
30042
30100
30043
30101
30102
63230
30045
30103
30046
30104
30047
30105
30048
30106
30049
30107
30050
30108
30051
30109
30052
30110
30053
30111
30054
30112
30055
30113
30056
30114
30057
30115
30058
30116
30059
30117
30060
30118
30061
30119
30062
30120
30063
30121
30064
30122
30065
30123
30066
30124
30067
30125
30068
30126
30069
30127
30070
30128
30071
30129
30072
30130
30073
30131
30074
30132
30075
30133
30076
30134
30077
30135
30078
30136
30079
30137
30080
30138
30081
30139
30082
30140
30083
30141
30084
30142
30085
30143
30086
30144
30087
30145
30088
30146
30089
30147
30090
30148
30091
30149
30092
30150
30093
30151
30094
30152
30095
30153
30096
30154
30097
30155
30098
30156
30099
30157
30100
30158
30101
30159
30102
30160
30161
63229
30104
30162
30105
30163
30106
30164
30107
30165
30108
30166
30109
30167
30110
30168
30111
30169
30112
30170
30113
30171
30114
30172
30115
30173
30116
30174
30117
30175
30118
30176
30119
30177
30120
30178
30121
30179
30122
30180
30123
30181
30124
30182
30125
30183
30126
30184
30127
30185
30128
30186
30129
30187
30130
30188
30131
30189
30132
30190
30133
30191
30134
30192
30135
30193
30136
30194
30137
30195
30138
30196
30139
30197
30140
30198
30141
30199
30142
30200
30143
30201
30144
30202
30145
30203
30146
30204
30147
30205
30148
30206
30149
30207
30150
30208
30151
30209
30152
30210
30153
30211
30154
30212
30155
30213
30156
30214
30157
30215
30158
30216
30159
30217
30160
30218
30161
30219
30220
63228
30163
30221
30164
30222
30165
30223
30166
30224
30167
30225
30168
30226
30169
30227
30170
30228
30171
30229
30172
30230
30173
30231
30174
30232
30175
30233
30176
30234
30177
30235
30178
30236
30179
30237
30180
30238
30181
30239
30182
30240
30183
30241
30184
30242
30185
30243
30186
30244
30187
30245
30188
30246
30189
30247
30190
30248
30191
30249
30192
30250
30193
30251
30194
30252
30195
30253
30196
30254
30197
30255
30198
30256
30199
30257
30200
30258
30201
30259
30202
30260
30203
30261
30204
30262
30205
30263
30206
30264
30207
30265
30208
30266
30209
30267
30210
30268
30211
30269
30212
30270
30213
30271
30214
30272
30215
30273
30216
30274
30217
30275
30218
30276
30219
30277
30220
30278
30279
63227
30222
30280
30223
30281
30224
30282
30225
30283
30226
30284
30227
30285
30228
30286
30229
30287
30230
30288
30231
30289
30232
30290
30233
30291
30234
30292
30235
30293
30236
30294
30237
30295
30238
30296
30239
30297
30240
30298
30241
30299
30242
30300
30243
30301
30244
30302
30245
30303
30246
30304
30247
30305
30248
30306
30249
30307
30250
30308
30251
30309
30252
30310
30253
30311
30254
30312
30255
30313
30256
30314
30257
30315
30258
30316
30259
30317
30260
30318
30261
30319
30262
30320
30263
30321
30264
30322
30265
30323
30266
30324
30267
30325
30268
30326
30269
30327
30270
30328
30271
30329
30272
30330
30273
30331
30274
30332
30275
30333
30276
30334
30277
30335
30278
30336
30279
30337
30338
63226
30281
30339
30282
30340
30283
30341
30284
30342
30285
30343
30286
30344
30287
30345
30288
30346
30289
30347
30290
30348
30291
30349
30292
30350
30293
30351
30294
30352
30295
30353
30296
30354
30297
30355
30298
30356
30299
30357
30300
30358
30301
30359
30302
30360
30303
30361
30304
30362
30305
30363
30306
30364
30307
30365
30308
30366
30309
30367
30310
30368
30311
30369
30312
30370
30313
30371
30314
30372
30315
30373
30316
30374
30317
30375
30318
30376
30319
30377
30320
30378
30321
30379
30322
30380
30323
30381
30324
30382
30325
30383
30326
30384
30327
30385
30328
30386
30329
30387
30330
30388
30331
30389
30332
30390
30333
30391
30334
30392
30335
30393
30336
30394
30337
30395
30338
30396
30397
63225
30340
30398
30341
30399
30342
30400
30343
30401
30344
30402
30345
30403
30346
30404
30347
30405
30348
30406
30349
30407
30350
30408
30351
30409
30352
30410
30353
30411
30354
30412
30355
30413
30356
30414
30357
30415
30358
30416
30359
30417
30360
30418
30361
30419
30362
30420
30363
30421
30364
30422
30365
30423
30366
30424
30367
30425
30368
30426
30369
30427
30370
30428
30371
30429
30372
30430
30373
30431
30374
30432
30375
30433
30376
30434
30377
30435
30378
30436
30379
30437
30380
30438
30381
30439
30382
30440
30383
30441
30384
30442
30385
30443
30386
30444
30387
30445
30388
30446
30389
30447
30390
30448
30391
30449
30392
30450
30393
30451
30394
30452
30395
30453
30396
30454
30397
30455
30456
63224
30399
30457
30400
30458
30401
30459
30402
30460
30403
30461
30404
30462
30405
30463
30406
30464
30407
30465
30408
30466
30409
30467
30410
30468
30411
30469
30412
30470
30413
30471
30414
30472
30415
30473
30416
30474
30417
30475
30418
30476
30419
30477
30420
30478
30421
30479
30422
30480
30423
30481
30424
30482
30425
30483
30426
30484
30427
30485
30428
30486
30429
30487
30430
30488
30431
30489
30432
30490
30433
30491
30434
30492
30435
30493
30436
30494
30437
30495
30438
30496
30439
30497
30440
30498
30441
30499
30442
30500
30443
30501
30444
30502
30445
30503
30446
30504
30447
30505
30448
30506
30449
30507
30450
30508
30451
30509
30452
30510
30453
30511
30454
30512
30455
30513
30456
30514
30515
63223
30458
30516
30459
30517
30460
30518
30461
30519
30462
30520
30463
30521
30464
30522
30465
30523
30466
30524
30467
30525
30468
30526
30469
30527
30470
30528
30471
30529
30472
30530
30473
30531
30474
30532
30475
30533
30476
30534
30477
30535
30478
30536
30479
30537
30480
30538
30481
30539
30482
30540
30483
30541
30484
30542
30485
30543
30486
30544
30487
30545
30488
30546
30489
30547
30490
30548
30491
30549
30492
30550
30493
30551
30494
30552
30495
30553
30496
30554
30497
30555
30498
30556
30499
30557
30500
30558
30501
30559
30502
30560
30503
30561
30504
30562
30505
30563
30506
30564
30507
30565
30508
30566
30509
30567
30510
30568
30511
30569
30512
30570
30513
30571
30514
30572
30515
30573
30574
63222
30517
30575
30518
30576
30519
30577
30520
30578
30521
30579
30522
30580
30523
30581
30524
30582
30525
30583
30526
30584
30527
30585
30528
30586
30529
30587
30530
30588
30531
30589
30532
30590
30533
30591
30534
30592
30535
30593
30536
30594
30537
30595
30538
30596
30539
30597
30540
30598
30541
30599
30542
30600
30543
30601
30544
30602
30545
30603
30546
30604
30547
30605
30548
30606
30549
30607
30550
30608
30551
30609
30552
30610
30553
30611
30554
30612
30555
30613
30556
30614
30557
30615
30558
30616
30559
30617
30560
30618
30561
30619
30562
30620
30563
30621
30564
30622
30565
30623
30566
30624
30567
30625
30568
30626
30569
30627
30570
30628
30571
30629
30572
30630
30573
30631
30574
30632
30633
63221
30576
30634
30577
30635
30578
30636
30579
30637
30580
30638
30581
30639
30582
30640
30583
30641
30584
30642
30585
30643
30586
30644
30587
30645
30588
30646
30589
30647
30590
30648
30591
30649
30592
30650
30593
30651
30594
30652
30595
30653
30596
30654
30597
30655
30598
30656
30599
30657
30600
30658
30601
30659
30602
30660
30603
30661
30604
30662
30605
30663
30606
30664
30607
30665
30608
30666
30609
30667
30610
30668
30611
30669
30612
30670
30613
30671
30614
30672
30615
30673
30616
30674
30617
30675
30618
30676
30619
30677
30620
30678
30621
30679
30622
30680
30623
30681
30624
30682
30625
30683
30626
30684
30627
30685
30628
30686
30629
30687
30630
30688
30631
30689
30632
30690
30633
30691
30692
63220
30635
30693
30636
30694
30637
30695
30638
30696
30639
30697
30640
30698
30641
30699
30642
30700
30643
30701
30644
30702
30645
30703
30646
30704
30647
30705
30648
30706
30649
30707
30650
30708
30651
30709
30652
30710
30653
30711
30654
30712
30655
30713
30656
30714
30657
30715
30658
30716
30659
30717
30660
30718
30661
30719
30662
30720
30663
30721
30664
30722
30665
30723
30666
30724
30667
30725
30668
30726
30669
30727
30670
30728
30671
30729
30672
30730
30673
30731
30674
30732
30675
30733
30676
30734
30677
30735
30678
30736
30679
30737
30680
30738
30681
30739
30682
30740
30683
30741
30684
30742
30685
30743
30686
30744
30687
30745
30688
30746
30689
30747
30690
30748
30691
30749
30692
30750
30751
63219
30694
30752
30695
30753
30696
30754
30697
30755
30698
30756
30699
30757
30700
30758
30701
30759
30702
30760
30703
30761
30704
30762
30705
30763
30706
30764
30707
30765
30708
30766
30709
30767
30710
30768
30711
30769
30712
30770
30713
30771
30714
30772
30715
30773
30716
30774
30717
30775
30718
30776
30719
30777
30720
30778
30721
30779
30722
30780
30723
30781
30724
30782
30725
30783
30726
30784
30727
30785
30728
30786
30729
30787
30730
30788
30731
30789
30732
30790
30733
30791
30734
30792
30735
30793
30736
30794
30737
30795
30738
30796
30739
30797
30740
30798
30741
30799
30742
30800
30743
30801
30744
30802
30745
30803
30746
30804
30747
30805
30748
30806
30749
30807
30750
30808
30751
30809
30810
63218
30753
30811
30754
30812
30755
30813
30756
30814
30757
30815
30758
30816
30759
30817
30760
30818
30761
30819
30762
30820
30763
30821
30764
30822
30765
30823
30766
30824
30767
30825
30768
30826
30769
30827
30770
30828
30771
30829
30772
30830
30773
30831
30774
30832
30775
30833
30776
30834
30777
30835
30778
30836
30779
30837
30780
30838
30781
30839
30782
30840
30783
30841
30784
30842
30785
30843
30786
30844
30787
30845
30788
30846
30789
30847
30790
30848
30791
30849
30792
30850
30793
30851
30794
30852
30795
30853
30796
30854
30797
30855
30798
30856
30799
30857
30800
30858
30801
30859
30802
30860
30803
30861
30804
30862
30805
30863
30806
30864
30807
30865
30808
30866
30809
30867
30810
30868
30869
63217
30812
30870
30813
30871
30814
30872
30815
30873
30816
30874
30817
30875
30818
30876
30819
30877
30820
30878
30821
30879
30822
30880
30823
30881
30824
30882
30825
30883
30826
30884
30827
30885
30828
30886
30829
30887
30830
30888
30831
30889
30832
30890
30833
30891
30834
30892
30835
30893
30836
30894
30837
30895
30838
30896
30839
30897
30840
30898
30841
30899
30842
30900
30843
30901
30844
30902
30845
30903
30846
30904
30847
30905
30848
30906
30849
30907
30850
30908
30851
30909
30852
30910
30853
30911
30854
30912
30855
30913
30856
30914
30857
30915
30858
30916
30859
30917
30860
30918
30861
30919
30862
30920
30863
30921
30864
30922
30865
30923
30866
30924
30867
30925
30868
30926
30869
30927
30928
63216
30871
30929
30872
30930
30873
30931
30874
30932
30875
30933
30876
30934
30877
30935
30878
30936
30879
30937
30880
30938
30881
30939
30882
30940
30883
30941
30884
30942
30885
30943
30886
30944
30887
30945
30888
30946
30889
30947
30890
30948
30891
30949
30892
30950
30893
30951
30894
30952
30895
30953
30896
30954
30897
30955
30898
30956
30899
30957
30900
30958
30901
30959
30902
30960
30903
30961
30904
30962
30905
30963
30906
30964
30907
30965
30908
30966
30909
30967
30910
30968
30911
30969
30912
30970
30913
30971
30914
30972
30915
30973
30916
30974
30917
30975
30918
30976
30919
30977
30920
30978
30921
30979
30922
30980
30923
30981
30924
30982
30925
30983
30926
30984
30927
30985
30928
30986
30987
63215
30930
30988
30931
30989
30932
30990
30933
30991
30934
30992
30935
30993
30936
30994
30937
30995
30938
30996
30939
30997
30940
30998
30941
30999
30942
31000
30943
31001
30944
31002
30945
31003
30946
31004
30947
31005
30948
31006
30949
31007
30950
31008
30951
31009
30952
31010
30953
31011
30954
31012
30955
31013
30956
31014
30957
31015
30958
31016
30959
31017
30960
31018
30961
31019
30962
31020
30963
31021
30964
31022
30965
31023
30966
31024
30967
31025
30968
31026
30969
31027
30970
31028
30971
31029
30972
31030
30973
31031
30974
31032
30975
31033
30976
31034
30977
31035
30978
31036
30979
31037
30980
31038
30981
31039
30982
31040
30983
31041
30984
31042
30985
31043
30986
31044
30987
31045
31046
63214
30989
31047
30990
31048
30991
31049
30992
31050
30993
31051
30994
31052
30995
31053
30996
31054
30997
31055
30998
31056
30999
31057
31000
31058
31001
31059
31002
31060
31003
31061
31004
31062
31005
31063
31006
31064
31007
31065
31008
31066
31009
31067
31010
31068
31011
31069
31012
31070
31013
31071
31014
31072
31015
31073
31016
31074
31017
31075
31018
31076
31019
31077
31020
31078
31021
31079
31022
31080
31023
31081
31024
31082
31025
31083
31026
31084
31027
31085
31028
31086
31029
31087
31030
31088
31031
31089
31032
31090
31033
31091
31034
31092
31035
31093
31036
31094
31037
31095
31038
31096
31039
31097
31040
31098
31041
31099
31042
31100
31043
31101
31044
31102
31045
31103
31046
31104
31105
63213
31048
31106
31049
31107
31050
31108
31051
31109
31052
31110
31053
31111
31054
31112
31055
31113
31056
31114
31057
31115
31058
31116
31059
31117
31060
31118
31061
31119
31062
31120
31063
31121
31064
31122
31065
31123
31066
31124
31067
31125
31068
31126
31069
31127
31070
31128
31071
31129
31072
31130
31073
31131
31074
31132
31075
31133
31076
31134
31077
31135
31078
31136
31079
31137
31080
31138
31081
31139
31082
31140
31083
31141
31084
31142
31085
31143
31086
31144
31087
31145
31088
31146
31089
31147
31090
31148
31091
31149
31092
31150
31093
31151
31094
31152
31095
31153
31096
31154
31097
31155
31098
31156
31099
31157
31100
31158
31101
31159
31102
31160
31103
31161
31104
31162
31105
31163
31164
63212
31107
31165
31108
31166
31109
31167
31110
31168
31111
31169
31112
31170
31113
31171
31114
31172
31115
31173
31116
31174
31117
31175
31118
31176
31119
31177
31120
31178
31121
31179
31122
31180
31123
31181
31124
31182
31125
31183
31126
31184
31127
31185
31128
31186
31129
31187
31130
31188
31131
31189
31132
31190
31133
31191
31134
31192
31135
31193
31136
31194
31137
31195
31138
31196
31139
31197
31140
31198
31141
31199
31142
31200
31143
31201
31144
31202
31145
31203
31146
31204
31147
31205
31148
31206
31149
31207
31150
31208
31151
31209
31152
31210
31153
31211
31154
31212
31155
31213
31156
31214
31157
31215
31158
31216
31159
31217
31160
31218
31161
31219
31162
31220
31163
31221
31164
31222
31223
63211
31166
31224
31167
31225
31168
31226
31169
31227
31170
31228
31171
31229
31172
31230
31173
31231
31174
31232
31175
31233
31176
31234
31177
31235
31178
31236
31179
31237
31180
31238
31181
31239
31182
31240
31183
31241
31184
31242
31185
31243
31186
31244
31187
31245
31188
31246
31189
31247
31190
31248
31191
31249
31192
31250
31193
31251
31194
31252
31195
31253
31196
31254
31197
31255
31198
31256
31199
31257
31200
31258
31201
31259
31202
31260
31203
31261
31204
31262
31205
31263
31206
31264
31207
31265
31208
31266
31209
31267
31210
31268
31211
31269
31212
31270
31213
31271
31214
31272
31215
31273
31216
31274
31217
31275
31218
31276
31219
31277
31220
31278
31221
31279
31222
31280
31223
31281
31282
63210
31225
31283
31226
31284
31227
31285
31228
31286
31229
31287
31230
31288
31231
31289
31232
31290
31233
31291
31234
31292
31235
31293
31236
31294
31237
31295
31238
31296
31239
31297
31240
31298
31241
31299
31242
31300
31243
31301
31244
31302
31245
31303
31246
31304
31247
31305
31248
31306
31249
31307
31250
31308
31251
31309
31252
31310
31253
31311
31254
31312
31255
31313
31256
31314
31257
31315
31258
31316
31259
31317
31260
31318
31261
31319
31262
31320
31263
31321
31264
31322
31265
31323
31266
31324
31267
31325
31268
31326
31269
31327
31270
31328
31271
31329
31272
31330
31273
31331
31274
31332
31275
31333
31276
31334
31277
31335
31278
31336
31279
31337
31280
31338
31281
31339
31282
31340
31341
63209
31284
31342
31285
31343
31286
31344
31287
31345
31288
31346
31289
31347
31290
31348
31291
31349
31292
31350
31293
31351
31294
31352
31295
31353
31296
31354
31297
31355
31298
31356
31299
31357
31300
31358
31301
31359
31302
31360
31303
31361
31304
31362
31305
31363
31306
31364
31307
31365
31308
31366
31309
31367
31310
31368
31311
31369
31312
31370
31313
31371
31314
31372
31315
31373
31316
31374
31317
31375
31318
31376
31319
31377
31320
31378
31321
31379
31322
31380
31323
31381
31324
31382
31325
31383
31326
31384
31327
31385
31328
31386
31329
31387
31330
31388
31331
31389
31332
31390
31333
31391
31334
31392
31335
31393
31336
31394
31337
31395
31338
31396
31339
31397
31340
31398
31341
31399
31400
63208
31343
31401
31344
31402
31345
31403
31346
31404
31347
31405
31348
31406
31349
31407
31350
31408
31351
31409
31352
31410
31353
31411
31354
31412
31355
31413
31356
31414
31357
31415
31358
31416
31359
31417
31360
31418
31361
31419
31362
31420
31363
31421
31364
31422
31365
31423
31366
31424
31367
31425
31368
31426
31369
31427
31370
31428
31371
31429
31372
31430
31373
31431
31374
31432
31375
31433
31376
31434
31377
31435
31378
31436
31379
31437
31380
31438
31381
31439
31382
31440
31383
31441
31384
31442
31385
31443
31386
31444
31387
31445
31388
31446
31389
31447
31390
31448
31391
31449
31392
31450
31393
31451
31394
31452
31395
31453
31396
31454
31397
31455
31398
31456
31399
31457
31400
31458
31459
63207
31402
31403
31404
31405
31406
31407
31408
31409
31410
31411
31412
31413
31414
31415
31416
31417
31418
31419
31420
31421
31422
31423
31424
31425
31426
31427
31428
31429
31430
31431
31432
31433
31434
31435
31436
31437
31438
31439
31440
31441
31442
31443
31444
31445
31446
31447
31448
31449
31450
31451
31452
31453
31454
31455
31456
31457
31458
31459
63206
31461
31519
63491
31462
31520
31463
31521
31464
31522
31465
31523
31466
31524
31467
31525
31468
31526
31469
31527
31470
31528
31471
31529
31472
31530
31473
31531
31474
31532
31475
31533
31476
31534
31477
31535
31478
31536
31479
31537
31480
31538
31481
31539
31482
31540
31483
31541
31484
31542
31485
31543
31486
31544
31487
31545
31488
31546
31489
31547
31490
31548
31491
31549
31492
31550
31493
31551
31494
31552
31495
31553
31496
31554
31497
31555
31498
31556
31499
31557
31500
31558
31501
31559
31502
31560
31503
31561
31504
31562
31505
31563
31506
31564
31507
31565
31508
31566
31509
31567
31510
31568
31511
31569
31512
31570
31513
31571
31514
31572
31515
31573
31516
31574
31517
31575
31518
31576
31577
62869
31520
31578
63490
31521
31579
31522
31580
31523
31581
31524
31582
31525
31583
31526
31584
31527
31585
31528
31586
31529
31587
31530
31588
31531
31589
31532
31590
31533
31591
31534
31592
31535
31593
31536
31594
31537
31595
31538
31596
31539
31597
31540
31598
31541
31599
31542
31600
31543
31601
31544
31602
31545
31603
31546
31604
31547
31605
31548
31606
31549
31607
31550
31608
31551
31609
31552
31610
31553
31611
31554
31612
31555
31613
31556
31614
31557
31615
31558
31616
31559
31617
31560
31618
31561
31619
31562
31620
31563
31621
31564
31622
31565
31623
31566
31624
31567
31625
31568
31626
31569
31627
31570
31628
31571
31629
31572
31630
31573
31631
31574
31632
31575
31633
31576
31634
31577
31635
31636
62818
31579
31637
63489
31580
31638
31581
31639
31582
31640
31583
31641
31584
31642
31585
31643
31586
31644
31587
31645
31588
31646
31589
31647
31590
31648
31591
31649
31592
31650
31593
31651
31594
31652
31595
31653
31596
31654
31597
31655
31598
31656
31599
31657
31600
31658
31601
31659
31602
31660
31603
31661
31604
31662
31605
31663
31606
31664
31607
31665
31608
31666
31609
31667
31610
31668
31611
31669
31612
31670
31613
31671
31614
31672
31615
31673
31616
31674
31617
31675
31618
31676
31619
31677
31620
31678
31621
31679
31622
31680
31623
31681
31624
31682
31625
31683
31626
31684
31627
31685
31628
31686
31629
31687
31630
31688
31631
31689
31632
31690
31633
31691
31634
31692
31635
31693
31636
31694
31695
62767
31638
31696
63488
31639
31697
31640
31698
31641
31699
31642
31700
31643
31701
31644
31702
31645
31703
31646
31704
31647
31705
31648
31706
31649
31707
31650
31708
31651
31709
31652
31710
31653
31711
31654
31712
31655
31713
31656
31714
31657
31715
31658
31716
31659
31717
31660
31718
31661
31719
31662
31720
31663
31721
31664
31722
31665
31723
31666
31724
31667
31725
31668
31726
31669
31727
31670
31728
31671
31729
31672
31730
31673
31731
31674
31732
31675
31733
31676
31734
31677
31735
31678
31736
31679
31737
31680
31738
31681
31739
31682
31740
31683
31741
31684
31742
31685
31743
31686
31744
31687
31745
31688
31746
31689
31747
31690
31748
31691
31749
31692
31750
31693
31751
31694
31752
31695
31753
31754
62716
31697
31755
63487
31698
31756
31699
31757
31700
31758
31701
31759
31702
31760
31703
31761
31704
31762
31705
31763
31706
31764
31707
31765
31708
31766
31709
31767
31710
31768
31711
31769
31712
31770
31713
31771
31714
31772
31715
31773
31716
31774
31717
31775
31718
31776
31719
31777
31720
31778
31721
31779
31722
31780
31723
31781
31724
31782
31725
31783
31726
31784
31727
31785
31728
31786
31729
31787
31730
31788
31731
31789
31732
31790
31733
31791
31734
31792
31735
31793
31736
31794
31737
31795
31738
31796
31739
31797
31740
31798
31741
31799
31742
31800
31743
31801
31744
31802
31745
31803
31746
31804
31747
31805
31748
31806
31749
31807
31750
31808
31751
31809
31752
31810
31753
31811
31754
31812
31813
62665
31756
31814
63486
31757
31815
31758
31816
31759
31817
31760
31818
31761
31819
31762
31820
31763
31821
31764
31822
31765
31823
31766
31824
31767
31825
31768
31826
31769
31827
31770
31828
31771
31829
31772
31830
31773
31831
31774
31832
31775
31833
31776
31834
31777
31835
31778
31836
31779
31837
31780
31838
31781
31839
31782
31840
31783
31841
31784
31842
31785
31843
31786
31844
31787
31845
31788
31846
31789
31847
31790
31848
31791
31849
31792
31850
31793
31851
31794
31852
31795
31853
31796
31854
31797
31855
31798
31856
31799
31857
31800
31858
31801
31859
31802
31860
31803
31861
31804
31862
31805
31863
31806
31864
31807
31865
31808
31866
31809
31867
31810
31868
31811
31869
31812
31870
31813
31871
31872
62614
31815
31873
63485
31816
31874
31817
31875
31818
31876
31819
31877
31820
31878
31821
31879
31822
31880
31823
31881
31824
31882
31825
31883
31826
31884
31827
31885
31828
31886
31829
31887
31830
31888
31831
31889
31832
31890
31833
31891
31834
31892
31835
31893
31836
31894
31837
31895
31838
31896
31839
31897
31840
31898
31841
31899
31842
31900
31843
31901
31844
31902
31845
31903
31846
31904
31847
31905
31848
31906
31849
31907
31850
31908
31851
31909
31852
31910
31853
31911
31854
31912
31855
31913
31856
31914
31857
31915
31858
31916
31859
31917
31860
31918
31861
31919
31862
31920
31863
31921
31864
31922
31865
31923
31866
31924
31867
31925
31868
31926
31869
31927
31870
31928
31871
31929
31872
31930
31931
62563
31874
31932
63484
31875
31933
31876
31934
31877
31935
31878
31936
31879
31937
31880
31938
31881
31939
31882
31940
31883
31941
31884
31942
31885
31943
31886
31944
31887
31945
31888
31946
31889
31947
31890
31948
31891
31949
31892
31950
31893
31951
31894
31952
31895
31953
31896
31954
31897
31955
31898
31956
31899
31957
31900
31958
31901
31959
31902
31960
31903
31961
31904
31962
31905
31963
31906
31964
31907
31965
31908
31966
31909
31967
31910
31968
31911
31969
31912
31970
31913
31971
31914
31972
31915
31973
31916
31974
31917
31975
31918
31976
31919
31977
31920
31978
31921
31979
31922
31980
31923
31981
31924
31982
31925
31983
31926
31984
31927
31985
31928
31986
31929
31987
31930
31988
31931
31989
31990
62512
31933
31991
63483
31934
31992
31935
31993
31936
31994
31937
31995
31938
31996
31939
31997
31940
31998
31941
31999
31942
32000
31943
32001
31944
32002
31945
32003
31946
32004
31947
32005
31948
32006
31949
32007
31950
32008
31951
32009
31952
32010
31953
32011
31954
32012
31955
32013
31956
32014
31957
32015
31958
32016
31959
32017
31960
32018
31961
32019
31962
32020
31963
32021
31964
32022
31965
32023
31966
32024
31967
32025
31968
32026
31969
32027
31970
32028
31971
32029
31972
32030
31973
32031
31974
32032
31975
32033
31976
32034
31977
32035
31978
32036
31979
32037
31980
32038
31981
32039
31982
32040
31983
32041
31984
32042
31985
32043
31986
32044
31987
32045
31988
32046
31989
32047
31990
32048
32049
62461
31992
32050
63482
31993
32051
31994
32052
31995
32053
31996
32054
31997
32055
31998
32056
31999
32057
32000
32058
32001
32059
32002
32060
32003
32061
32004
32062
32005
32063
32006
32064
32007
32065
32008
32066
32009
32067
32010
32068
32011
32069
32012
32070
32013
32071
32014
32072
32015
32073
32016
32074
32017
32075
32018
32076
32019
32077
32020
32078
32021
32079
32022
32080
32023
32081
32024
32082
32025
32083
32026
32084
32027
32085
32028
32086
32029
32087
32030
32088
32031
32089
32032
32090
32033
32091
32034
32092
32035
32093
32036
32094
32037
32095
32038
32096
32039
32097
32040
32098
32041
32099
32042
32100
32043
32101
32044
32102
32045
32103
32046
32104
32047
32105
32048
32106
32049
32107
32108
62410
32051
32109
63481
32052
32110
32053
32111
32054
32112
32055
32113
32056
32114
32057
32115
32058
32116
32059
32117
32060
32118
32061
32119
32062
32120
32063
32121
32064
32122
32065
32123
32066
32124
32067
32125
32068
32126
32069
32127
32070
32128
32071
32129
32072
32130
32073
32131
32074
32132
32075
32133
32076
32134
32077
32135
32078
32136
32079
32137
32080
32138
32081
32139
32082
32140
32083
32141
32084
32142
32085
32143
32086
32144
32087
32145
32088
32146
32089
32147
32090
32148
32091
32149
32092
32150
32093
32151
32094
32152
32095
32153
32096
32154
32097
32155
32098
32156
32099
32157
32100
32158
32101
32159
32102
32160
32103
32161
32104
32162
32105
32163
32106
32164
32107
32165
32108
32166
32167
62359
32110
32168
63480
32111
32169
32112
32170
32113
32171
32114
32172
32115
32173
32116
32174
32117
32175
32118
32176
32119
32177
32120
32178
32121
32179
32122
32180
32123
32181
32124
32182
32125
32183
32126
32184
32127
32185
32128
32186
32129
32187
32130
32188
32131
32189
32132
32190
32133
32191
32134
32192
32135
32193
32136
32194
32137
32195
32138
32196
32139
32197
32140
32198
32141
32199
32142
32200
32143
32201
32144
32202
32145
32203
32146
32204
32147
32205
32148
32206
32149
32207
32150
32208
32151
32209
32152
32210
32153
32211
32154
32212
32155
32213
32156
32214
32157
32215
32158
32216
32159
32217
32160
32218
32161
32219
32162
32220
32163
32221
32164
32222
32165
32223
32166
32224
32167
32225
32226
62308
32169
32227
63479
32170
32228
32171
32229
32172
32230
32173
32231
32174
32232
32175
32233
32176
32234
32177
32235
32178
32236
32179
32237
32180
32238
32181
32239
32182
32240
32183
32241
32184
32242
32185
32243
32186
32244
32187
32245
32188
32246
32189
32247
32190
32248
32191
32249
32192
32250
32193
32251
32194
32252
32195
32253
32196
32254
32197
32255
32198
32256
32199
32257
32200
32258
32201
32259
32202
32260
32203
32261
32204
32262
32205
32263
32206
32264
32207
32265
32208
32266
32209
32267
32210
32268
32211
32269
32212
32270
32213
32271
32214
32272
32215
32273
32216
32274
32217
32275
32218
32276
32219
32277
32220
32278
32221
32279
32222
32280
32223
32281
32224
32282
32225
32283
32226
32284
32285
62257
32228
32286
63478
32229
32287
32230
32288
32231
32289
32232
32290
32233
32291
32234
32292
32235
32293
32236
32294
32237
32295
32238
32296
32239
32297
32240
32298
32241
32299
32242
32300
32243
32301
32244
32302
32245
32303
32246
32304
32247
32305
32248
32306
32249
32307
32250
32308
32251
32309
32252
32310
32253
32311
32254
32312
32255
32313
32256
32314
32257
32315
32258
32316
32259
32317
32260
32318
32261
32319
32262
32320
32263
32321
32264
32322
32265
32323
32266
32324
32267
32325
32268
32326
32269
32327
32270
32328
32271
32329
32272
32330
32273
32331
32274
32332
32275
32333
32276
32334
32277
32335
32278
32336
32279
32337
32280
32338
32281
32339
32282
32340
32283
32341
32284
32342
32285
32343
32344
62206
32287
32345
63477
32288
32346
32289
32347
32290
32348
32291
32349
32292
32350
32293
32351
32294
32352
32295
32353
32296
32354
32297
32355
32298
32356
32299
32357
32300
32358
32301
32359
32302
32360
32303
32361
32304
32362
32305
32363
32306
32364
32307
32365
32308
32366
32309
32367
32310
32368
32311
32369
32312
32370
32313
32371
32314
32372
32315
32373
32316
32374
32317
32375
32318
32376
32319
32377
32320
32378
32321
32379
32322
32380
32323
32381
32324
32382
32325
32383
32326
32384
32327
32385
32328
32386
32329
32387
32330
32388
32331
32389
32332
32390
32333
32391
32334
32392
32335
32393
32336
32394
32337
32395
32338
32396
32339
32397
32340
32398
32341
32399
32342
32400
32343
32401
32344
32402
32403
62155
32346
32404
63476
32347
32405
32348
32406
32349
32407
32350
32408
32351
32409
32352
32410
32353
32411
32354
32412
32355
32413
32356
32414
32357
32415
32358
32416
32359
32417
32360
32418
32361
32419
32362
32420
32363
32421
32364
32422
32365
32423
32366
32424
32367
32425
32368
32426
32369
32427
32370
32428
32371
32429
32372
32430
32373
32431
32374
32432
32375
32433
32376
32434
32377
32435
32378
32436
32379
32437
32380
32438
32381
32439
32382
32440
32383
32441
32384
32442
32385
32443
32386
32444
32387
32445
32388
32446
32389
32447
32390
32448
32391
32449
32392
32450
32393
32451
32394
32452
32395
32453
32396
32454
32397
32455
32398
32456
32399
32457
32400
32458
32401
32459
32402
32460
32403
32461
32462
62104
32405
32463
63475
32406
32464
32407
32465
32408
32466
32409
32467
32410
32468
32411
32469
32412
32470
32413
32471
32414
32472
32415
32473
32416
32474
32417
32475
32418
32476
32419
32477
32420
32478
32421
32479
32422
32480
32423
32481
32424
32482
32425
32483
32426
32484
32427
32485
32428
32486
32429
32487
32430
32488
32431
32489
32432
32490
32433
32491
32434
32492
32435
32493
32436
32494
32437
32495
32438
32496
32439
32497
32440
32498
32441
32499
32442
32500
32443
32501
32444
32502
32445
32503
32446
32504
32447
32505
32448
32506
32449
32507
32450
32508
32451
32509
32452
32510
32453
32511
32454
32512
32455
32513
32456
32514
32457
32515
32458
32516
32459
32517
32460
32518
32461
32519
32462
32520
32521
62053
32464
32522
63474
32465
32523
32466
32524
32467
32525
32468
32526
32469
32527
32470
32528
32471
32529
32472
32530
32473
32531
32474
32532
32475
32533
32476
32534
32477
32535
32478
32536
32479
32537
32480
32538
32481
32539
32482
32540
32483
32541
32484
32542
32485
32543
32486
32544
32487
32545
32488
32546
32489
32547
32490
32548
32491
32549
32492
32550
32493
32551
32494
32552
32495
32553
32496
32554
32497
32555
32498
32556
32499
32557
32500
32558
32501
32559
32502
32560
32503
32561
32504
32562
32505
32563
32506
32564
32507
32565
32508
32566
32509
32567
32510
32568
32511
32569
32512
32570
32513
32571
32514
32572
32515
32573
32516
32574
32517
32575
32518
32576
32519
32577
32520
32578
32521
32579
32580
62002
32523
32581
63473
32524
32582
32525
32583
32526
32584
32527
32585
32528
32586
32529
32587
32530
32588
32531
32589
32532
32590
32533
32591
32534
32592
32535
32593
32536
32594
32537
32595
32538
32596
32539
32597
32540
32598
32541
32599
32542
32600
32543
32601
32544
32602
32545
32603
32546
32604
32547
32605
32548
32606
32549
32607
32550
32608
32551
32609
32552
32610
32553
32611
32554
32612
32555
32613
32556
32614
32557
32615
32558
32616
32559
32617
32560
32618
32561
32619
32562
32620
32563
32621
32564
32622
32565
32623
32566
32624
32567
32625
32568
32626
32569
32627
32570
32628
32571
32629
32572
32630
32573
32631
32574
32632
32575
32633
32576
32634
32577
32635
32578
32636
32579
32637
32580
32638
32639
61951
32582
32640
63472
32583
32641
32584
32642
32585
32643
32586
32644
32587
32645
32588
32646
32589
32647
32590
32648
32591
32649
32592
32650
32593
32651
32594
32652
32595
32653
32596
32654
32597
32655
32598
32656
32599
32657
32600
32658
32601
32659
32602
32660
32603
32661
32604
32662
32605
32663
32606
32664
32607
32665
32608
32666
32609
32667
32610
32668
32611
32669
32612
32670
32613
32671
32614
32672
32615
32673
32616
32674
32617
32675
32618
32676
32619
32677
32620
32678
32621
32679
32622
32680
32623
32681
32624
32682
32625
32683
32626
32684
32627
32685
32628
32686
32629
32687
32630
32688
32631
32689
32632
32690
32633
32691
32634
32692
32635
32693
32636
32694
32637
32695
32638
32696
32639
32697
32698
61900
32641
32699
63471
32642
32700
32643
32701
32644
32702
32645
32703
32646
32704
32647
32705
32648
32706
32649
32707
32650
32708
32651
32709
32652
32710
32653
32711
32654
32712
32655
32713
32656
32714
32657
32715
32658
32716
32659
32717
32660
32718
32661
32719
32662
32720
32663
32721
32664
32722
32665
32723
32666
32724
32667
32725
32668
32726
32669
32727
32670
32728
32671
32729
32672
32730
32673
32731
32674
32732
32675
32733
32676
32734
32677
32735
32678
32736
32679
32737
32680
32738
32681
32739
32682
32740
32683
32741
32684
32742
32685
32743
32686
32744
32687
32745
32688
32746
32689
32747
32690
32748
32691
32749
32692
32750
32693
32751
32694
32752
32695
32753
32696
32754
32697
32755
32698
32756
32757
61849
32700
32758
63470
32701
32759
32702
32760
32703
32761
32704
32762
32705
32763
32706
32764
32707
32765
32708
32766
32709
32767
32710
32768
32711
32769
32712
32770
32713
32771
32714
32772
32715
32773
32716
32774
32717
32775
32718
32776
32719
32777
32720
32778
32721
32779
32722
32780
32723
32781
32724
32782
32725
32783
32726
32784
32727
32785
32728
32786
32729
32787
32730
32788
32731
32789
32732
32790
32733
32791
32734
32792
32735
32793
32736
32794
32737
32795
32738
32796
32739
32797
32740
32798
32741
32799
32742
32800
32743
32801
32744
32802
32745
32803
32746
32804
32747
32805
32748
32806
32749
32807
32750
32808
32751
32809
32752
32810
32753
32811
32754
32812
32755
32813
32756
32814
32757
32815
32816
61798
32759
32817
63469
32760
32818
32761
32819
32762
32820
32763
32821
32764
32822
32765
32823
32766
32824
32767
32825
32768
32826
32769
32827
32770
32828
32771
32829
32772
32830
32773
32831
32774
32832
32775
32833
32776
32834
32777
32835
32778
32836
32779
32837
32780
32838
32781
32839
32782
32840
32783
32841
32784
32842
32785
32843
32786
32844
32787
32845
32788
32846
32789
32847
32790
32848
32791
32849
32792
32850
32793
32851
32794
32852
32795
32853
32796
32854
32797
32855
32798
32856
32799
32857
32800
32858
32801
32859
32802
32860
32803
32861
32804
32862
32805
32863
32806
32864
32807
32865
32808
32866
32809
32867
32810
32868
32811
32869
32812
32870
32813
32871
32814
32872
32815
32873
32816
32874
32875
61747
32818
32876
63468
32819
32877
32820
32878
32821
32879
32822
32880
32823
32881
32824
32882
32825
32883
32826
32884
32827
32885
32828
32886
32829
32887
32830
32888
32831
32889
32832
32890
32833
32891
32834
32892
32835
32893
32836
32894
32837
32895
32838
32896
32839
32897
32840
32898
32841
32899
32842
32900
32843
32901
32844
32902
32845
32903
32846
32904
32847
32905
32848
32906
32849
32907
32850
32908
32851
32909
32852
32910
32853
32911
32854
32912
32855
32913
32856
32914
32857
32915
32858
32916
32859
32917
32860
32918
32861
32919
32862
32920
32863
32921
32864
32922
32865
32923
32866
32924
32867
32925
32868
32926
32869
32927
32870
32928
32871
32929
32872
32930
32873
32931
32874
32932
32875
32933
32934
61696
32877
32935
63467
32878
32936
32879
32937
32880
32938
32881
32939
32882
32940
32883
32941
32884
32942
32885
32943
32886
32944
32887
32945
32888
32946
32889
32947
32890
32948
32891
32949
32892
32950
32893
32951
32894
32952
32895
32953
32896
32954
32897
32955
32898
32956
32899
32957
32900
32958
32901
32959
32902
32960
32903
32961
32904
32962
32905
32963
32906
32964
32907
32965
32908
32966
32909
32967
32910
32968
32911
32969
32912
32970
32913
32971
32914
32972
32915
32973
32916
32974
32917
32975
32918
32976
32919
32977
32920
32978
32921
32979
32922
32980
32923
32981
32924
32982
32925
32983
32926
32984
32927
32985
32928
32986
32929
32987
32930
32988
32931
32989
32932
32990
32933
32991
32934
32992
32993
61645
32936
32994
63466
32937
32995
32938
32996
32939
32997
32940
32998
32941
32999
32942
33000
32943
33001
32944
33002
32945
33003
32946
33004
32947
33005
32948
33006
32949
33007
32950
33008
32951
33009
32952
33010
32953
33011
32954
33012
32955
33013
32956
33014
32957
33015
32958
33016
32959
33017
32960
33018
32961
33019
32962
33020
32963
33021
32964
33022
32965
33023
32966
33024
32967
33025
32968
33026
32969
33027
32970
33028
32971
33029
32972
33030
32973
33031
32974
33032
32975
33033
32976
33034
32977
33035
32978
33036
32979
33037
32980
33038
32981
33039
32982
33040
32983
33041
32984
33042
32985
33043
32986
33044
32987
33045
32988
33046
32989
33047
32990
33048
32991
33049
32992
33050
32993
33051
33052
61594
32995
33053
63465
32996
33054
32997
33055
32998
33056
32999
33057
33000
33058
33001
33059
33002
33060
33003
33061
33004
33062
33005
33063
33006
33064
33007
33065
33008
33066
33009
33067
33010
33068
33011
33069
33012
33070
33013
33071
33014
33072
33015
33073
33016
33074
33017
33075
33018
33076
33019
33077
33020
33078
33021
33079
33022
33080
33023
33081
33024
33082
33025
33083
33026
33084
33027
33085
33028
33086
33029
33087
33030
33088
33031
33089
33032
33090
33033
33091
33034
33092
33035
33093
33036
33094
33037
33095
33038
33096
33039
33097
33040
33098
33041
33099
33042
33100
33043
33101
33044
33102
33045
33103
33046
33104
33047
33105
33048
33106
33049
33107
33050
33108
33051
33109
33052
33110
33111
61543
33054
33112
63464
33055
33113
33056
33114
33057
33115
33058
33116
33059
33117
33060
33118
33061
33119
33062
33120
33063
33121
33064
33122
33065
33123
33066
33124
33067
33125
33068
33126
33069
33127
33070
33128
33071
33129
33072
33130
33073
33131
33074
33132
33075
33133
33076
33134
33077
33135
33078
33136
33079
33137
33080
33138
33081
33139
33082
33140
33083
33141
33084
33142
33085
33143
33086
33144
33087
33145
33088
33146
33089
33147
33090
33148
33091
33149
33092
33150
33093
33151
33094
33152
33095
33153
33096
33154
33097
33155
33098
33156
33099
33157
33100
33158
33101
33159
33102
33160
33103
33161
33104
33162
33105
33163
33106
33164
33107
33165
33108
33166
33109
33167
33110
33168
33111
33169
33170
61492
33113
33171
63463
33114
33172
33115
33173
33116
33174
33117
33175
33118
33176
33119
33177
33120
33178
33121
33179
33122
33180
33123
33181
33124
33182
33125
33183
33126
33184
33127
33185
33128
33186
33129
33187
33130
33188
33131
33189
33132
33190
33133
33191
33134
33192
33135
33193
33136
33194
33137
33195
33138
33196
33139
33197
33140
33198
33141
33199
33142
33200
33143
33201
33144
33202
33145
33203
33146
33204
33147
33205
33148
33206
33149
33207
33150
33208
33151
33209
33152
33210
33153
33211
33154
33212
33155
33213
33156
33214
33157
33215
33158
33216
33159
33217
33160
33218
33161
33219
33162
33220
33163
33221
33164
33222
33165
33223
33166
33224
33167
33225
33168
33226
33169
33227
33170
33228
33229
61441
33172
33230
63462
33173
33231
33174
33232
33175
33233
33176
33234
33177
33235
33178
33236
33179
33237
33180
33238
33181
33239
33182
33240
33183
33241
33184
33242
33185
33243
33186
33244
33187
33245
33188
33246
33189
33247
33190
33248
33191
33249
33192
33250
33193
33251
33194
33252
33195
33253
33196
33254
33197
33255
33198
33256
33199
33257
33200
33258
33201
33259
33202
33260
33203
33261
33204
33262
33205
33263
33206
33264
33207
33265
33208
33266
33209
33267
33210
33268
33211
33269
33212
33270
33213
33271
33214
33272
33215
33273
33216
33274
33217
33275
33218
33276
33219
33277
33220
33278
33221
33279
33222
33280
33223
33281
33224
33282
33225
33283
33226
33284
33227
33285
33228
33286
33229
33287
33288
61390
33231
33289
63461
33232
33290
33233
33291
33234
33292
33235
33293
33236
33294
33237
33295
33238
33296
33239
33297
33240
33298
33241
33299
33242
33300
33243
33301
33244
33302
33245
33303
33246
33304
33247
33305
33248
33306
33249
33307
33250
33308
33251
33309
33252
33310
33253
33311
33254
33312
33255
33313
33256
33314
33257
33315
33258
33316
33259
33317
33260
33318
33261
33319
33262
33320
33263
33321
33264
33322
33265
33323
33266
33324
33267
33325
33268
33326
33269
33327
33270
33328
33271
33329
33272
33330
33273
33331
33274
33332
33275
33333
33276
33334
33277
33335
33278
33336
33279
33337
33280
33338
33281
33339
33282
33340
33283
33341
33284
33342
33285
33343
33286
33344
33287
33345
33288
33346
33347
61339
33290
33348
63460
33291
33349
33292
33350
33293
33351
33294
33352
33295
33353
33296
33354
33297
33355
33298
33356
33299
33357
33300
33358
33301
33359
33302
33360
33303
33361
33304
33362
33305
33363
33306
33364
33307
33365
33308
33366
33309
33367
33310
33368
33311
33369
33312
33370
33313
33371
33314
33372
33315
33373
33316
33374
33317
33375
33318
33376
33319
33377
33320
33378
33321
33379
33322
33380
33323
33381
33324
33382
33325
33383
33326
33384
33327
33385
33328
33386
33329
33387
33330
33388
33331
33389
33332
33390
33333
33391
33334
33392
33335
33393
33336
33394
33337
33395
33338
33396
33339
33397
33340
33398
33341
33399
33342
33400
33343
33401
33344
33402
33345
33403
33346
33404
33347
33405
33406
61288
33349
33407
63459
33350
33408
33351
33409
33352
33410
33353
33411
33354
33412
33355
33413
33356
33414
33357
33415
33358
33416
33359
33417
33360
33418
33361
33419
33362
33420
33363
33421
33364
33422
33365
33423
33366
33424
33367
33425
33368
33426
33369
33427
33370
33428
33371
33429
33372
33430
33373
33431
33374
33432
33375
33433
33376
33434
33377
33435
33378
33436
33379
33437
33380
33438
33381
33439
33382
33440
33383
33441
33384
33442
33385
33443
33386
33444
33387
33445
33388
33446
33389
33447
33390
33448
33391
33449
33392
33450
33393
33451
33394
33452
33395
33453
33396
33454
33397
33455
33398
33456
33399
33457
33400
33458
33401
33459
33402
33460
33403
33461
33404
33462
33405
33463
33406
33464
33465
61237
33408
33466
63458
33409
33467
33410
33468
33411
33469
33412
33470
33413
33471
33414
33472
33415
33473
33416
33474
33417
33475
33418
33476
33419
33477
33420
33478
33421
33479
33422
33480
33423
33481
33424
33482
33425
33483
33426
33484
33427
33485
33428
33486
33429
33487
33430
33488
33431
33489
33432
33490
33433
33491
33434
33492
33435
33493
33436
33494
33437
33495
33438
33496
33439
33497
33440
33498
33441
33499
33442
33500
33443
33501
33444
33502
33445
33503
33446
33504
33447
33505
33448
33506
33449
33507
33450
33508
33451
33509
33452
33510
33453
33511
33454
33512
33455
33513
33456
33514
33457
33515
33458
33516
33459
33517
33460
33518
33461
33519
33462
33520
33463
33521
33464
33522
33465
33523
33524
61186
33467
33525
63457
33468
33526
33469
33527
33470
33528
33471
33529
33472
33530
33473
33531
33474
33532
33475
33533
33476
33534
33477
33535
33478
33536
33479
33537
33480
33538
33481
33539
33482
33540
33483
33541
33484
33542
33485
33543
33486
33544
33487
33545
33488
33546
33489
33547
33490
33548
33491
33549
33492
33550
33493
33551
33494
33552
33495
33553
33496
33554
33497
33555
33498
33556
33499
33557
33500
33558
33501
33559
33502
33560
33503
33561
33504
33562
33505
33563
33506
33564
33507
33565
33508
33566
33509
33567
33510
33568
33511
33569
33512
33570
33513
33571
33514
33572
33515
33573
33516
33574
33517
33575
33518
33576
33519
33577
33520
33578
33521
33579
33522
33580
33523
33581
33524
33582
33583
61135
33526
33584
63456
33527
33585
33528
33586
33529
33587
33530
33588
33531
33589
33532
33590
33533
33591
33534
33592
33535
33593
33536
33594
33537
33595
33538
33596
33539
33597
33540
33598
33541
33599
33542
33600
33543
33601
33544
33602
33545
33603
33546
33604
33547
33605
33548
33606
33549
33607
33550
33608
33551
33609
33552
33610
33553
33611
33554
33612
33555
33613
33556
33614
33557
33615
33558
33616
33559
33617
33560
33618
33561
33619
33562
33620
33563
33621
33564
33622
33565
33623
33566
33624
33567
33625
33568
33626
33569
33627
33570
33628
33571
33629
33572
33630
33573
33631
33574
33632
33575
33633
33576
33634
33577
33635
33578
33636
33579
33637
33580
33638
33581
33639
33582
33640
33583
33641
33642
61084
33585
33643
63455
33586
33644
33587
33645
33588
33646
33589
33647
33590
33648
33591
33649
33592
33650
33593
33651
33594
33652
33595
33653
33596
33654
33597
33655
33598
33656
33599
33657
33600
33658
33601
33659
33602
33660
33603
33661
33604
33662
33605
33663
33606
33664
33607
33665
33608
33666
33609
33667
33610
33668
33611
33669
33612
33670
33613
33671
33614
33672
33615
33673
33616
33674
33617
33675
33618
33676
33619
33677
33620
33678
33621
33679
33622
33680
33623
33681
33624
33682
33625
33683
33626
33684
33627
33685
33628
33686
33629
33687
33630
33688
33631
33689
33632
33690
33633
33691
33634
33692
33635
33693
33636
33694
33637
33695
33638
33696
33639
33697
33640
33698
33641
33699
33642
33700
33701
61033
33644
33702
63454
33645
33703
33646
33704
33647
33705
33648
33706
33649
33707
33650
33708
33651
33709
33652
33710
33653
33711
33654
33712
33655
33713
33656
33714
33657
33715
33658
33716
33659
33717
33660
33718
33661
33719
33662
33720
33663
33721
33664
33722
33665
33723
33666
33724
33667
33725
33668
33726
33669
33727
33670
33728
33671
33729
33672
33730
33673
33731
33674
33732
33675
33733
33676
33734
33677
33735
33678
33736
33679
33737
33680
33738
33681
33739
33682
33740
33683
33741
33684
33742
33685
33743
33686
33744
33687
33745
33688
33746
33689
33747
33690
33748
33691
33749
33692
33750
33693
33751
33694
33752
33695
33753
33696
33754
33697
33755
33698
33756
33699
33757
33700
33758
33701
33759
33760
60982
33703
33761
63453
33704
33762
33705
33763
33706
33764
33707
33765
33708
33766
33709
33767
33710
33768
33711
33769
33712
33770
33713
33771
33714
33772
33715
33773
33716
33774
33717
33775
33718
33776
33719
33777
33720
33778
33721
33779
33722
33780
33723
33781
33724
33782
33725
33783
33726
33784
33727
33785
33728
33786
33729
33787
33730
33788
33731
33789
33732
33790
33733
33791
33734
33792
33735
33793
33736
33794
33737
33795
33738
33796
33739
33797
33740
33798
33741
33799
33742
33800
33743
33801
33744
33802
33745
33803
33746
33804
33747
33805
33748
33806
33749
33807
33750
33808
33751
33809
33752
33810
33753
33811
33754
33812
33755
33813
33756
33814
33757
33815
33758
33816
33759
33817
33760
33818
33819
60931
33762
33820
63452
33763
33821
33764
33822
33765
33823
33766
33824
33767
33825
33768
33826
33769
33827
33770
33828
33771
33829
33772
33830
33773
33831
33774
33832
33775
33833
33776
33834
33777
33835
33778
33836
33779
33837
33780
33838
33781
33839
33782
33840
33783
33841
33784
33842
33785
33843
33786
33844
33787
33845
33788
33846
33789
33847
33790
33848
33791
33849
33792
33850
33793
33851
33794
33852
33795
33853
33796
33854
33797
33855
33798
33856
33799
33857
33800
33858
33801
33859
33802
33860
33803
33861
33804
33862
33805
33863
33806
33864
33807
33865
33808
33866
33809
33867
33810
33868
33811
33869
33812
33870
33813
33871
33814
33872
33815
33873
33816
33874
33817
33875
33818
33876
33819
33877
33878
60880
33821
33879
63451
33822
33880
33823
33881
33824
33882
33825
33883
33826
33884
33827
33885
33828
33886
33829
33887
33830
33888
33831
33889
33832
33890
33833
33891
33834
33892
33835
33893
33836
33894
33837
33895
33838
33896
33839
33897
33840
33898
33841
33899
33842
33900
33843
33901
33844
33902
33845
33903
33846
33904
33847
33905
33848
33906
33849
33907
33850
33908
33851
33909
33852
33910
33853
33911
33854
33912
33855
33913
33856
33914
33857
33915
33858
33916
33859
33917
33860
33918
33861
33919
33862
33920
33863
33921
33864
33922
33865
33923
33866
33924
33867
33925
33868
33926
33869
33927
33870
33928
33871
33929
33872
33930
33873
33931
33874
33932
33875
33933
33876
33934
33877
33935
33878
33936
33937
60829
33880
33938
63450
33881
33939
33882
33940
33883
33941
33884
33942
33885
33943
33886
33944
33887
33945
33888
33946
33889
33947
33890
33948
33891
33949
33892
33950
33893
33951
33894
33952
33895
33953
33896
33954
33897
33955
33898
33956
33899
33957
33900
33958
33901
33959
33902
33960
33903
33961
33904
33962
33905
33963
33906
33964
33907
33965
33908
33966
33909
33967
33910
33968
33911
33969
33912
33970
33913
33971
33914
33972
33915
33973
33916
33974
33917
33975
33918
33976
33919
33977
33920
33978
33921
33979
33922
33980
33923
33981
33924
33982
33925
33983
33926
33984
33927
33985
33928
33986
33929
33987
33930
33988
33931
33989
33932
33990
33933
33991
33934
33992
33935
33993
33936
33994
33937
33995
33996
60778
33939
33997
63449
33940
33998
33941
33999
33942
34000
33943
34001
33944
34002
33945
34003
33946
34004
33947
34005
33948
34006
33949
34007
33950
34008
33951
34009
33952
34010
33953
34011
33954
34012
33955
34013
33956
34014
33957
34015
33958
34016
33959
34017
33960
34018
33961
34019
33962
34020
33963
34021
33964
34022
33965
34023
33966
34024
33967
34025
33968
34026
33969
34027
33970
34028
33971
34029
33972
34030
33973
34031
33974
34032
33975
34033
33976
34034
33977
34035
33978
34036
33979
34037
33980
34038
33981
34039
33982
34040
33983
34041
33984
34042
33985
34043
33986
34044
33987
34045
33988
34046
33989
34047
33990
34048
33991
34049
33992
34050
33993
34051
33994
34052
33995
34053
33996
34054
34055
60727
33998
34056
63448
33999
34057
34000
34058
34001
34059
34002
34060
34003
34061
34004
34062
34005
34063
34006
34064
34007
34065
34008
34066
34009
34067
34010
34068
34011
34069
34012
34070
34013
34071
34014
34072
34015
34073
34016
34074
34017
34075
34018
34076
34019
34077
34020
34078
34021
34079
34022
34080
34023
34081
34024
34082
34025
34083
34026
34084
34027
34085
34028
34086
34029
34087
34030
34088
34031
34089
34032
34090
34033
34091
34034
34092
34035
34093
34036
34094
34037
34095
34038
34096
34039
34097
34040
34098
34041
34099
34042
34100
34043
34101
34044
34102
34045
34103
34046
34104
34047
34105
34048
34106
34049
34107
34050
34108
34051
34109
34052
34110
34053
34111
34054
34112
34055
34113
34114
60676
34057
34115
63447
34058
34116
34059
34117
34060
34118
34061
34119
34062
34120
34063
34121
34064
34122
34065
34123
34066
34124
34067
34125
34068
34126
34069
34127
34070
34128
34071
34129
34072
34130
34073
34131
34074
34132
34075
34133
34076
34134
34077
34135
34078
34136
34079
34137
34080
34138
34081
34139
34082
34140
34083
34141
34084
34142
34085
34143
34086
34144
34087
34145
34088
34146
34089
34147
34090
34148
34091
34149
34092
34150
34093
34151
34094
34152
34095
34153
34096
34154
34097
34155
34098
34156
34099
34157
34100
34158
34101
34159
34102
34160
34103
34161
34104
34162
34105
34163
34106
34164
34107
34165
34108
34166
34109
34167
34110
34168
34111
34169
34112
34170
34113
34171
34114
34172
34173
60625
34116
34174
63446
34117
34175
34118
34176
34119
34177
34120
34178
34121
34179
34122
34180
34123
34181
34124
34182
34125
34183
34126
34184
34127
34185
34128
34186
34129
34187
34130
34188
34131
34189
34132
34190
34133
34191
34134
34192
34135
34193
34136
34194
34137
34195
34138
34196
34139
34197
34140
34198
34141
34199
34142
34200
34143
34201
34144
34202
34145
34203
34146
34204
34147
34205
34148
34206
34149
34207
34150
34208
34151
34209
34152
34210
34153
34211
34154
34212
34155
34213
34156
34214
34157
34215
34158
34216
34159
34217
34160
34218
34161
34219
34162
34220
34163
34221
34164
34222
34165
34223
34166
34224
34167
34225
34168
34226
34169
34227
34170
34228
34171
34229
34172
34230
34173
34231
34232
60574
34175
34233
63445
34176
34234
34177
34235
34178
34236
34179
34237
34180
34238
34181
34239
34182
34240
34183
34241
34184
34242
34185
34243
34186
34244
34187
34245
34188
34246
34189
34247
34190
34248
34191
34249
34192
34250
34193
34251
34194
34252
34195
34253
34196
34254
34197
34255
34198
34256
34199
34257
34200
34258
34201
34259
34202
34260
34203
34261
34204
34262
34205
34263
34206
34264
34207
34265
34208
34266
34209
34267
34210
34268
34211
34269
34212
34270
34213
34271
34214
34272
34215
34273
34216
34274
34217
34275
34218
34276
34219
34277
34220
34278
34221
34279
34222
34280
34223
34281
34224
34282
34225
34283
34226
34284
34227
34285
34228
34286
34229
34287
34230
34288
34231
34289
34232
34290
34291
60523
34234
34292
63444
34235
34293
34236
34294
34237
34295
34238
34296
34239
34297
34240
34298
34241
34299
34242
34300
34243
34301
34244
34302
34245
34303
34246
34304
34247
34305
34248
34306
34249
34307
34250
34308
34251
34309
34252
34310
34253
34311
34254
34312
34255
34313
34256
34314
34257
34315
34258
34316
34259
34317
34260
34318
34261
34319
34262
34320
34263
34321
34264
34322
34265
34323
34266
34324
34267
34325
34268
34326
34269
34327
34270
34328
34271
34329
34272
34330
34273
34331
34274
34332
34275
34333
34276
34334
34277
34335
34278
34336
34279
34337
34280
34338
34281
34339
34282
34340
34283
34341
34284
34342
34285
34343
34286
34344
34287
34345
34288
34346
34289
34347
34290
34348
34291
34349
34350
60472
34293
34351
63443
34294
34352
34295
34353
34296
34354
34297
34355
34298
34356
34299
34357
34300
34358
34301
34359
34302
34360
34303
34361
34304
34362
34305
34363
34306
34364
34307
34365
34308
34366
34309
34367
34310
34368
34311
34369
34312
34370
34313
34371
34314
34372
34315
34373
34316
34374
34317
34375
34318
34376
34319
34377
34320
34378
34321
34379
34322
34380
34323
34381
34324
34382
34325
34383
34326
34384
34327
34385
34328
34386
34329
34387
34330
34388
34331
34389
34332
34390
34333
34391
34334
34392
34335
34393
34336
34394
34337
34395
34338
34396
34339
34397
34340
34398
34341
34399
34342
34400
34343
34401
34344
34402
34345
34403
34346
34404
34347
34405
34348
34406
34349
34407
34350
34408
34409
60421
34352
34410
63442
34353
34411
34354
34412
34355
34413
34356
34414
34357
34415
34358
34416
34359
34417
34360
34418
34361
34419
34362
34420
34363
34421
34364
34422
34365
34423
34366
34424
34367
34425
34368
34426
34369
34427
34370
34428
34371
34429
34372
34430
34373
34431
34374
34432
34375
34433
34376
34434
34377
34435
34378
34436
34379
34437
34380
34438
34381
34439
34382
34440
34383
34441
34384
34442
34385
34443
34386
34444
34387
34445
34388
34446
34389
34447
34390
34448
34391
34449
34392
34450
34393
34451
34394
34452
34395
34453
34396
34454
34397
34455
34398
34456
34399
34457
34400
34458
34401
34459
34402
34460
34403
34461
34404
34462
34405
34463
34406
34464
34407
34465
34408
34466
34409
34467
34468
60370
34411
34469
63441
34412
34470
34413
34471
34414
34472
34415
34473
34416
34474
34417
34475
34418
34476
34419
34477
34420
34478
34421
34479
34422
34480
34423
34481
34424
34482
34425
34483
34426
34484
34427
34485
34428
34486
34429
34487
34430
34488
34431
34489
34432
34490
34433
34491
34434
34492
34435
34493
34436
34494
34437
34495
34438
34496
34439
34497
34440
34498
34441
34499
34442
34500
34443
34501
34444
34502
34445
34503
34446
34504
34447
34505
34448
34506
34449
34507
34450
34508
34451
34509
34452
34510
34453
34511
34454
34512
34455
34513
34456
34514
34457
34515
34458
34516
34459
34517
34460
34518
34461
34519
34462
34520
34463
34521
34464
34522
34465
34523
34466
34524
34467
34525
34468
34526
34527
60319
34470
34528
63440
34471
34529
34472
34530
34473
34531
34474
34532
34475
34533
34476
34534
34477
34535
34478
34536
34479
34537
34480
34538
34481
34539
34482
34540
34483
34541
34484
34542
34485
34543
34486
34544
34487
34545
34488
34546
34489
34547
34490
34548
34491
34549
34492
34550
34493
34551
34494
34552
34495
34553
34496
34554
34497
34555
34498
34556
34499
34557
34500
34558
34501
34559
34502
34560
34503
34561
34504
34562
34505
34563
34506
34564
34507
34565
34508
34566
34509
34567
34510
34568
34511
34569
34512
34570
34513
34571
34514
34572
34515
34573
34516
34574
34517
34575
34518
34576
34519
34577
34520
34578
34521
34579
34522
34580
34523
34581
34524
34582
34525
34583
34526
34584
34527
34585
34586
60268
34529
34587
63439
34530
34588
34531
34589
34532
34590
34533
34591
34534
34592
34535
34593
34536
34594
34537
34595
34538
34596
34539
34597
34540
34598
34541
34599
34542
34600
34543
34601
34544
34602
34545
34603
34546
34604
34547
34605
34548
34606
34549
34607
34550
34608
34551
34609
34552
34610
34553
34611
34554
34612
34555
34613
34556
34614
34557
34615
34558
34616
34559
34617
34560
34618
34561
34619
34562
34620
34563
34621
34564
34622
34565
34623
34566
34624
34567
34625
34568
34626
34569
34627
34570
34628
34571
34629
34572
34630
34573
34631
34574
34632
34575
34633
34576
34634
34577
34635
34578
34636
34579
34637
34580
34638
34581
34639
34582
34640
34583
34641
34584
34642
34585
34643
34586
34644
34645
60217
34588
34646
63438
34589
34647
34590
34648
34591
34649
34592
34650
34593
34651
34594
34652
34595
34653
34596
34654
34597
34655
34598
34656
34599
34657
34600
34658
34601
34659
34602
34660
34603
34661
34604
34662
34605
34663
34606
34664
34607
34665
34608
34666
34609
34667
34610
34668
34611
34669
34612
34670
34613
34671
34614
34672
34615
34673
34616
34674
34617
34675
34618
34676
34619
34677
34620
34678
34621
34679
34622
34680
34623
34681
34624
34682
34625
34683
34626
34684
34627
34685
34628
34686
34629
34687
34630
34688
34631
34689
34632
34690
34633
34691
34634
34692
34635
34693
34636
34694
34637
34695
34638
34696
34639
34697
34640
34698
34641
34699
34642
34700
34643
34701
34644
34702
34645
34703
34704
60166
34647
34705
63437
34648
34706
34649
34707
34650
34708
34651
34709
34652
34710
34653
34711
34654
34712
34655
34713
34656
34714
34657
34715
34658
34716
34659
34717
34660
34718
34661
34719
34662
34720
34663
34721
34664
34722
34665
34723
34666
34724
34667
34725
34668
34726
34669
34727
34670
34728
34671
34729
34672
34730
34673
34731
34674
34732
34675
34733
34676
34734
34677
34735
34678
34736
34679
34737
34680
34738
34681
34739
34682
34740
34683
34741
34684
34742
34685
34743
34686
34744
34687
34745
34688
34746
34689
34747
34690
34748
34691
34749
34692
34750
34693
34751
34694
34752
34695
34753
34696
34754
34697
34755
34698
34756
34699
34757
34700
34758
34701
34759
34702
34760
34703
34761
34704
34762
34763
60115
34706
34764
63436
34707
34765
34708
34766
34709
34767
34710
34768
34711
34769
34712
34770
34713
34771
34714
34772
34715
34773
34716
34774
34717
34775
34718
34776
34719
34777
34720
34778
34721
34779
34722
34780
34723
34781
34724
34782
34725
34783
34726
34784
34727
34785
34728
34786
34729
34787
34730
34788
34731
34789
34732
34790
34733
34791
34734
34792
34735
34793
34736
34794
34737
34795
34738
34796
34739
34797
34740
34798
34741
34799
34742
34800
34743
34801
34744
34802
34745
34803
34746
34804
34747
34805
34748
34806
34749
34807
34750
34808
34751
34809
34752
34810
34753
34811
34754
34812
34755
34813
34756
34814
34757
34815
34758
34816
34759
34817
34760
34818
34761
34819
34762
34820
34763
34821
34822
60064
34765
34823
63435
34766
34824
34767
34825
34768
34826
34769
34827
34770
34828
34771
34829
34772
34830
34773
34831
34774
34832
34775
34833
34776
34834
34777
34835
34778
34836
34779
34837
34780
34838
34781
34839
34782
34840
34783
34841
34784
34842
34785
34843
34786
34844
34787
34845
34788
34846
34789
34847
34790
34848
34791
34849
34792
34850
34793
34851
34794
34852
34795
34853
34796
34854
34797
34855
34798
34856
34799
34857
34800
34858
34801
34859
34802
34860
34803
34861
34804
34862
34805
34863
34806
34864
34807
34865
34808
34866
34809
34867
34810
34868
34811
34869
34812
34870
34813
34871
34814
34872
34815
34873
34816
34874
34817
34875
34818
34876
34819
34877
34820
34878
34821
34879
34822
34880
34881
60013
34824
34882
63434
34825
34883
34826
34884
34827
34885
34828
34886
34829
34887
34830
34888
34831
34889
34832
34890
34833
34891
34834
34892
34835
34893
34836
34894
34837
34895
34838
34896
34839
34897
34840
34898
34841
34899
34842
34900
34843
34901
34844
34902
34845
34903
34846
34904
34847
34905
34848
34906
34849
34907
34850
34908
34851
34909
34852
34910
34853
34911
34854
34912
34855
34913
34856
34914
34857
34915
34858
34916
34859
34917
34860
34918
34861
34919
34862
34920
34863
34921
34864
34922
34865
34923
34866
34924
34867
34925
34868
34926
34869
34927
34870
34928
34871
34929
34872
34930
34873
34931
34874
34932
34875
34933
34876
34934
34877
34935
34878
34936
34879
34937
34880
34938
34881
34939
34940
59962
34883
34941
63433
34884
34942
34885
34943
34886
34944
34887
34945
34888
34946
34889
34947
34890
34948
34891
34949
34892
34950
34893
34951
34894
34952
34895
34953
34896
34954
34897
34955
34898
34956
34899
34957
34900
34958
34901
34959
34902
34960
34903
34961
34904
34962
34905
34963
34906
34964
34907
34965
34908
34966
34909
34967
34910
34968
34911
34969
34912
34970
34913
34971
34914
34972
34915
34973
34916
34974
34917
34975
34918
34976
34919
34977
34920
34978
34921
34979
34922
34980
34923
34981
34924
34982
34925
34983
34926
34984
34927
34985
34928
34986
34929
34987
34930
34988
34931
34989
34932
34990
34933
34991
34934
34992
34935
34993
34936
34994
34937
34995
34938
34996
34939
34997
34940
34998
34999
59911
34942
35000
63432
34943
35001
34944
35002
34945
35003
34946
35004
34947
35005
34948
35006
34949
35007
34950
35008
34951
35009
34952
35010
34953
35011
34954
35012
34955
35013
34956
35014
34957
35015
34958
35016
34959
35017
34960
35018
34961
35019
34962
35020
34963
35021
34964
35022
34965
35023
34966
35024
34967
35025
34968
35026
34969
35027
34970
35028
34971
35029
34972
35030
34973
35031
34974
35032
34975
35033
34976
35034
34977
35035
34978
35036
34979
35037
34980
35038
34981
35039
34982
35040
34983
35041
34984
35042
34985
35043
34986
35044
34987
35045
34988
35046
34989
35047
34990
35048
34991
35049
34992
35050
34993
35051
34994
35052
34995
35053
34996
35054
34997
35055
34998
35056
34999
35057
35058
59860
35001
35059
63431
35002
35060
35003
35061
35004
35062
35005
35063
35006
35064
35007
35065
35008
35066
35009
35067
35010
35068
35011
35069
35012
35070
35013
35071
35014
35072
35015
35073
35016
35074
35017
35075
35018
35076
35019
35077
35020
35078
35021
35079
35022
35080
35023
35081
35024
35082
35025
35083
35026
35084
35027
35085
35028
35086
35029
35087
35030
35088
35031
35089
35032
35090
35033
35091
35034
35092
35035
35093
35036
35094
35037
35095
35038
35096
35039
35097
35040
35098
35041
35099
35042
35100
35043
35101
35044
35102
35045
35103
35046
35104
35047
35105
35048
35106
35049
35107
35050
35108
35051
35109
35052
35110
35053
35111
35054
35112
35055
35113
35056
35114
35057
35115
35058
35116
35117
59809
35060
35118
63430
35061
35119
35062
35120
35063
35121
35064
35122
35065
35123
35066
35124
35067
35125
35068
35126
35069
35127
35070
35128
35071
35129
35072
35130
35073
35131
35074
35132
35075
35133
35076
35134
35077
35135
35078
35136
35079
35137
35080
35138
35081
35139
35082
35140
35083
35141
35084
35142
35085
35143
35086
35144
35087
35145
35088
35146
35089
35147
35090
35148
35091
35149
35092
35150
35093
35151
35094
35152
35095
35153
35096
35154
35097
35155
35098
35156
35099
35157
35100
35158
35101
35159
35102
35160
35103
35161
35104
35162
35105
35163
35106
35164
35107
35165
35108
35166
35109
35167
35110
35168
35111
35169
35112
35170
35113
35171
35114
35172
35115
35173
35116
35174
35117
35175
35176
59758
35119
35177
63429
35120
35178
35121
35179
35122
35180
35123
35181
35124
35182
35125
35183
35126
35184
35127
35185
35128
35186
35129
35187
35130
35188
35131
35189
35132
35190
35133
35191
35134
35192
35135
35193
35136
35194
35137
35195
35138
35196
35139
35197
35140
35198
35141
35199
35142
35200
35143
35201
35144
35202
35145
35203
35146
35204
35147
35205
35148
35206
35149
35207
35150
35208
35151
35209
35152
35210
35153
35211
35154
35212
35155
35213
35156
35214
35157
35215
35158
35216
35159
35217
35160
35218
35161
35219
35162
35220
35163
35221
35164
35222
35165
35223
35166
35224
35167
35225
35168
35226
35169
35227
35170
35228
35171
35229
35172
35230
35173
35231
35174
35232
35175
35233
35176
35234
35235
59707
35178
35236
63428
35179
35237
35180
35238
35181
35239
35182
35240
35183
35241
35184
35242
35185
35243
35186
35244
35187
35245
35188
35246
35189
35247
35190
35248
35191
35249
35192
35250
35193
35251
35194
35252
35195
35253
35196
35254
35197
35255
35198
35256
35199
35257
35200
35258
35201
35259
35202
35260
35203
35261
35204
35262
35205
35263
35206
35264
35207
35265
35208
35266
35209
35267
35210
35268
35211
35269
35212
35270
35213
35271
35214
35272
35215
35273
35216
35274
35217
35275
35218
35276
35219
35277
35220
35278
35221
35279
35222
35280
35223
35281
35224
35282
35225
35283
35226
35284
35227
35285
35228
35286
35229
35287
35230
35288
35231
35289
35232
35290
35233
35291
35234
35292
35235
35293
35294
59656
35237
35295
63427
35238
35296
35239
35297
35240
35298
35241
35299
35242
35300
35243
35301
35244
35302
35245
35303
35246
35304
35247
35305
35248
35306
35249
35307
35250
35308
35251
35309
35252
35310
35253
35311
35254
35312
35255
35313
35256
35314
35257
35315
35258
35316
35259
35317
35260
35318
35261
35319
35262
35320
35263
35321
35264
35322
35265
35323
35266
35324
35267
35325
35268
35326
35269
35327
35270
35328
35271
35329
35272
35330
35273
35331
35274
35332
35275
35333
35276
35334
35277
35335
35278
35336
35279
35337
35280
35338
35281
35339
35282
35340
35283
35341
35284
35342
35285
35343
35286
35344
35287
35345
35288
35346
35289
35347
35290
35348
35291
35349
35292
35350
35293
35351
35294
35352
35353
59605
35296
35354
63426
35297
35355
35298
35356
35299
35357
35300
35358
35301
35359
35302
35360
35303
35361
35304
35362
35305
35363
35306
35364
35307
35365
35308
35366
35309
35367
35310
35368
35311
35369
35312
35370
35313
35371
35314
35372
35315
35373
35316
35374
35317
35375
35318
35376
35319
35377
35320
35378
35321
35379
35322
35380
35323
35381
35324
35382
35325
35383
35326
35384
35327
35385
35328
35386
35329
35387
35330
35388
35331
35389
35332
35390
35333
35391
35334
35392
35335
35393
35336
35394
35337
35395
35338
35396
35339
35397
35340
35398
35341
35399
35342
35400
35343
35401
35344
35402
35345
35403
35346
35404
35347
35405
35348
35406
35349
35407
35350
35408
35351
35409
35352
35410
35353
35411
35412
59554
35355
35413
63425
35356
35414
35357
35415
35358
35416
35359
35417
35360
35418
35361
35419
35362
35420
35363
35421
35364
35422
35365
35423
35366
35424
35367
35425
35368
35426
35369
35427
35370
35428
35371
35429
35372
35430
35373
35431
35374
35432
35375
35433
35376
35434
35377
35435
35378
35436
35379
35437
35380
35438
35381
35439
35382
35440
35383
35441
35384
35442
35385
35443
35386
35444
35387
35445
35388
35446
35389
35447
35390
35448
35391
35449
35392
35450
35393
35451
35394
35452
35395
35453
35396
35454
35397
35455
35398
35456
35399
35457
35400
35458
35401
35459
35402
35460
35403
35461
35404
35462
35405
35463
35406
35464
35407
35465
35408
35466
35409
35467
35410
35468
35411
35469
35412
35470
35471
59503
35414
35472
63424
35415
35473
35416
35474
35417
35475
35418
35476
35419
35477
35420
35478
35421
35479
35422
35480
35423
35481
35424
35482
35425
35483
35426
35484
35427
35485
35428
35486
35429
35487
35430
35488
35431
35489
35432
35490
35433
35491
35434
35492
35435
35493
35436
35494
35437
35495
35438
35496
35439
35497
35440
35498
35441
35499
35442
35500
35443
35501
35444
35502
35445
35503
35446
35504
35447
35505
35448
35506
35449
35507
35450
35508
35451
35509
35452
35510
35453
35511
35454
35512
35455
35513
35456
35514
35457
35515
35458
35516
35459
35517
35460
35518
35461
35519
35462
35520
35463
35521
35464
35522
35465
35523
35466
35524
35467
35525
35468
35526
35469
35527
35470
35528
35471
35529
35530
59452
35473
35531
63423
35474
35532
35475
35533
35476
35534
35477
35535
35478
35536
35479
35537
35480
35538
35481
35539
35482
35540
35483
35541
35484
35542
35485
35543
35486
35544
35487
35545
35488
35546
35489
35547
35490
35548
35491
35549
35492
35550
35493
35551
35494
35552
35495
35553
35496
35554
35497
35555
35498
35556
35499
35557
35500
35558
35501
35559
35502
35560
35503
35561
35504
35562
35505
35563
35506
35564
35507
35565
35508
35566
35509
35567
35510
35568
35511
35569
35512
35570
35513
35571
35514
35572
35515
35573
35516
35574
35517
35575
35518
35576
35519
35577
35520
35578
35521
35579
35522
35580
35523
35581
35524
35582
35525
35583
35526
35584
35527
35585
35528
35586
35529
35587
35530
35588
35589
59401
35532
35590
63422
35533
35591
35534
35592
35535
35593
35536
35594
35537
35595
35538
35596
35539
35597
35540
35598
35541
35599
35542
35600
35543
35601
35544
35602
35545
35603
35546
35604
35547
35605
35548
35606
35549
35607
35550
35608
35551
35609
35552
35610
35553
35611
35554
35612
35555
35613
35556
35614
35557
35615
35558
35616
35559
35617
35560
35618
35561
35619
35562
35620
35563
35621
35564
35622
35565
35623
35566
35624
35567
35625
35568
35626
35569
35627
35570
35628
35571
35629
35572
35630
35573
35631
35574
35632
35575
35633
35576
35634
35577
35635
35578
35636
35579
35637
35580
35638
35581
35639
35582
35640
35583
35641
35584
35642
35585
35643
35586
35644
35587
35645
35588
35646
35589
35647
35648
59350
35591
35649
63421
35592
35650
35593
35651
35594
35652
35595
35653
35596
35654
35597
35655
35598
35656
35599
35657
35600
35658
35601
35659
35602
35660
35603
35661
35604
35662
35605
35663
35606
35664
35607
35665
35608
35666
35609
35667
35610
35668
35611
35669
35612
35670
35613
35671
35614
35672
35615
35673
35616
35674
35617
35675
35618
35676
35619
35677
35620
35678
35621
35679
35622
35680
35623
35681
35624
35682
35625
35683
35626
35684
35627
35685
35628
35686
35629
35687
35630
35688
35631
35689
35632
35690
35633
35691
35634
35692
35635
35693
35636
35694
35637
35695
35638
35696
35639
35697
35640
35698
35641
35699
35642
35700
35643
35701
35644
35702
35645
35703
35646
35704
35647
35705
35648
35706
35707
59299
35650
35708
63420
35651
35709
35652
35710
35653
35711
35654
35712
35655
35713
35656
35714
35657
35715
35658
35716
35659
35717
35660
35718
35661
35719
35662
35720
35663
35721
35664
35722
35665
35723
35666
35724
35667
35725
35668
35726
35669
35727
35670
35728
35671
35729
35672
35730
35673
35731
35674
35732
35675
35733
35676
35734
35677
35735
35678
35736
35679
35737
35680
35738
35681
35739
35682
35740
35683
35741
35684
35742
35685
35743
35686
35744
35687
35745
35688
35746
35689
35747
35690
35748
35691
35749
35692
35750
35693
35751
35694
35752
35695
35753
35696
35754
35697
35755
35698
35756
35699
35757
35700
35758
35701
35759
35702
35760
35703
35761
35704
35762
35705
35763
35706
35764
35707
35765
35766
59248
35709
35767
63419
35710
35768
35711
35769
35712
35770
35713
35771
35714
35772
35715
35773
35716
35774
35717
35775
35718
35776
35719
35777
35720
35778
35721
35779
35722
35780
35723
35781
35724
35782
35725
35783
35726
35784
35727
35785
35728
35786
35729
35787
35730
35788
35731
35789
35732
35790
35733
35791
35734
35792
35735
35793
35736
35794
35737
35795
35738
35796
35739
35797
35740
35798
35741
35799
35742
35800
35743
35801
35744
35802
35745
35803
35746
35804
35747
35805
35748
35806
35749
35807
35750
35808
35751
35809
35752
35810
35753
35811
35754
35812
35755
35813
35756
35814
35757
35815
35758
35816
35759
35817
35760
35818
35761
35819
35762
35820
35763
35821
35764
35822
35765
35823
35766
35824
35825
59197
35768
35826
63418
35769
35827
35770
35828
35771
35829
35772
35830
35773
35831
35774
35832
35775
35833
35776
35834
35777
35835
35778
35836
35779
35837
35780
35838
35781
35839
35782
35840
35783
35841
35784
35842
35785
35843
35786
35844
35787
35845
35788
35846
35789
35847
35790
35848
35791
35849
35792
35850
35793
35851
35794
35852
35795
35853
35796
35854
35797
35855
35798
35856
35799
35857
35800
35858
35801
35859
35802
35860
35803
35861
35804
35862
35805
35863
35806
35864
35807
35865
35808
35866
35809
35867
35810
35868
35811
35869
35812
35870
35813
35871
35814
35872
35815
35873
35816
35874
35817
35875
35818
35876
35819
35877
35820
35878
35821
35879
35822
35880
35823
35881
35824
35882
35825
35883
35884
59146
35827
35885
63417
35828
35886
35829
35887
35830
35888
35831
35889
35832
35890
35833
35891
35834
35892
35835
35893
35836
35894
35837
35895
35838
35896
35839
35897
35840
35898
35841
35899
35842
35900
35843
35901
35844
35902
35845
35903
35846
35904
35847
35905
35848
35906
35849
35907
35850
35908
35851
35909
35852
35910
35853
35911
35854
35912
35855
35913
35856
35914
35857
35915
35858
35916
35859
35917
35860
35918
35861
35919
35862
35920
35863
35921
35864
35922
35865
35923
35866
35924
35867
35925
35868
35926
35869
35927
35870
35928
35871
35929
35872
35930
35873
35931
35874
35932
35875
35933
35876
35934
35877
35935
35878
35936
35879
35937
35880
35938
35881
35939
35882
35940
35883
35941
35884
35942
35943
59095
35886
35944
63416
35887
35945
35888
35946
35889
35947
35890
35948
35891
35949
35892
35950
35893
35951
35894
35952
35895
35953
35896
35954
35897
35955
35898
35956
35899
35957
35900
35958
35901
35959
35902
35960
35903
35961
35904
35962
35905
35963
35906
35964
35907
35965
35908
35966
35909
35967
35910
35968
35911
35969
35912
35970
35913
35971
35914
35972
35915
35973
35916
35974
35917
35975
35918
35976
35919
35977
35920
35978
35921
35979
35922
35980
35923
35981
35924
35982
35925
35983
35926
35984
35927
35985
35928
35986
35929
35987
35930
35988
35931
35989
35932
35990
35933
35991
35934
35992
35935
35993
35936
35994
35937
35995
35938
35996
35939
35997
35940
35998
35941
35999
35942
36000
35943
36001
36002
59044
35945
36003
63415
35946
36004
35947
36005
35948
36006
35949
36007
35950
36008
35951
36009
35952
36010
35953
36011
35954
36012
35955
36013
35956
36014
35957
36015
35958
36016
35959
36017
35960
36018
35961
36019
35962
36020
35963
36021
35964
36022
35965
36023
35966
36024
35967
36025
35968
36026
35969
36027
35970
36028
35971
36029
35972
36030
35973
36031
35974
36032
35975
36033
35976
36034
35977
36035
35978
36036
35979
36037
35980
36038
35981
36039
35982
36040
35983
36041
35984
36042
35985
36043
35986
36044
35987
36045
35988
36046
35989
36047
35990
36048
35991
36049
35992
36050
35993
36051
35994
36052
35995
36053
35996
36054
35997
36055
35998
36056
35999
36057
36000
36058
36001
36059
36002
36060
36061
58993
36004
36062
63414
36005
36063
36006
36064
36007
36065
36008
36066
36009
36067
36010
36068
36011
36069
36012
36070
36013
36071
36014
36072
36015
36073
36016
36074
36017
36075
36018
36076
36019
36077
36020
36078
36021
36079
36022
36080
36023
36081
36024
36082
36025
36083
36026
36084
36027
36085
36028
36086
36029
36087
36030
36088
36031
36089
36032
36090
36033
36091
36034
36092
36035
36093
36036
36094
36037
36095
36038
36096
36039
36097
36040
36098
36041
36099
36042
36100
36043
36101
36044
36102
36045
36103
36046
36104
36047
36105
36048
36106
36049
36107
36050
36108
36051
36109
36052
36110
36053
36111
36054
36112
36055
36113
36056
36114
36057
36115
36058
36116
36059
36117
36060
36118
36061
36119
36120
58942
36063
36121
63413
36064
36122
36065
36123
36066
36124
36067
36125
36068
36126
36069
36127
36070
36128
36071
36129
36072
36130
36073
36131
36074
36132
36075
36133
36076
36134
36077
36135
36078
36136
36079
36137
36080
36138
36081
36139
36082
36140
36083
36141
36084
36142
36085
36143
36086
36144
36087
36145
36088
36146
36089
36147
36090
36148
36091
36149
36092
36150
36093
36151
36094
36152
36095
36153
36096
36154
36097
36155
36098
36156
36099
36157
36100
36158
36101
36159
36102
36160
36103
36161
36104
36162
36105
36163
36106
36164
36107
36165
36108
36166
36109
36167
36110
36168
36111
36169
36112
36170
36113
36171
36114
36172
36115
36173
36116
36174
36117
36175
36118
36176
36119
36177
36120
36178
36179
58891
36122
36180
63412
36123
36181
36124
36182
36125
36183
36126
36184
36127
36185
36128
36186
36129
36187
36130
36188
36131
36189
36132
36190
36133
36191
36134
36192
36135
36193
36136
36194
36137
36195
36138
36196
36139
36197
36140
36198
36141
36199
36142
36200
36143
36201
36144
36202
36145
36203
36146
36204
36147
36205
36148
36206
36149
36207
36150
36208
36151
36209
36152
36210
36153
36211
36154
36212
36155
36213
36156
36214
36157
36215
36158
36216
36159
36217
36160
36218
36161
36219
36162
36220
36163
36221
36164
36222
36165
36223
36166
36224
36167
36225
36168
36226
36169
36227
36170
36228
36171
36229
36172
36230
36173
36231
36174
36232
36175
36233
36176
36234
36177
36235
36178
36236
36179
36237
36238
58840
36181
36239
63411
36182
36240
36183
36241
36184
36242
36185
36243
36186
36244
36187
36245
36188
36246
36189
36247
36190
36248
36191
36249
36192
36250
36193
36251
36194
36252
36195
36253
36196
36254
36197
36255
36198
36256
36199
36257
36200
36258
36201
36259
36202
36260
36203
36261
36204
36262
36205
36263
36206
36264
36207
36265
36208
36266
36209
36267
36210
36268
36211
36269
36212
36270
36213
36271
36214
36272
36215
36273
36216
36274
36217
36275
36218
36276
36219
36277
36220
36278
36221
36279
36222
36280
36223
36281
36224
36282
36225
36283
36226
36284
36227
36285
36228
36286
36229
36287
36230
36288
36231
36289
36232
36290
36233
36291
36234
36292
36235
36293
36236
36294
36237
36295
36238
36296
36297
58789
36240
36298
63410
36241
36299
36242
36300
36243
36301
36244
36302
36245
36303
36246
36304
36247
36305
36248
36306
36249
36307
36250
36308
36251
36309
36252
36310
36253
36311
36254
36312
36255
36313
36256
36314
36257
36315
36258
36316
36259
36317
36260
36318
36261
36319
36262
36320
36263
36321
36264
36322
36265
36323
36266
36324
36267
36325
36268
36326
36269
36327
36270
36328
36271
36329
36272
36330
36273
36331
36274
36332
36275
36333
36276
36334
36277
36335
36278
36336
36279
36337
36280
36338
36281
36339
36282
36340
36283
36341
36284
36342
36285
36343
36286
36344
36287
36345
36288
36346
36289
36347
36290
36348
36291
36349
36292
36350
36293
36351
36294
36352
36295
36353
36296
36354
36297
36355
36356
58738
36299
36357
63409
36300
36358
36301
36359
36302
36360
36303
36361
36304
36362
36305
36363
36306
36364
36307
36365
36308
36366
36309
36367
36310
36368
36311
36369
36312
36370
36313
36371
36314
36372
36315
36373
36316
36374
36317
36375
36318
36376
36319
36377
36320
36378
36321
36379
36322
36380
36323
36381
36324
36382
36325
36383
36326
36384
36327
36385
36328
36386
36329
36387
36330
36388
36331
36389
36332
36390
36333
36391
36334
36392
36335
36393
36336
36394
36337
36395
36338
36396
36339
36397
36340
36398
36341
36399
36342
36400
36343
36401
36344
36402
36345
36403
36346
36404
36347
36405
36348
36406
36349
36407
36350
36408
36351
36409
36352
36410
36353
36411
36354
36412
36355
36413
36356
36414
36415
58687
36358
36416
63408
36359
36417
36360
36418
36361
36419
36362
36420
36363
36421
36364
36422
36365
36423
36366
36424
36367
36425
36368
36426
36369
36427
36370
36428
36371
36429
36372
36430
36373
36431
36374
36432
36375
36433
36376
36434
36377
36435
36378
36436
36379
36437
36380
36438
36381
36439
36382
36440
36383
36441
36384
36442
36385
36443
36386
36444
36387
36445
36388
36446
36389
36447
36390
36448
36391
36449
36392
36450
36393
36451
36394
36452
36395
36453
36396
36454
36397
36455
36398
36456
36399
36457
36400
36458
36401
36459
36402
36460
36403
36461
36404
36462
36405
36463
36406
36464
36407
36465
36408
36466
36409
36467
36410
36468
36411
36469
36412
36470
36413
36471
36414
36472
36415
36473
36474
58636
36417
36475
63407
36418
36476
36419
36477
36420
36478
36421
36479
36422
36480
36423
36481
36424
36482
36425
36483
36426
36484
36427
36485
36428
36486
36429
36487
36430
36488
36431
36489
36432
36490
36433
36491
36434
36492
36435
36493
36436
36494
36437
36495
36438
36496
36439
36497
36440
36498
36441
36499
36442
36500
36443
36501
36444
36502
36445
36503
36446
36504
36447
36505
36448
36506
36449
36507
36450
36508
36451
36509
36452
36510
36453
36511
36454
36512
36455
36513
36456
36514
36457
36515
36458
36516
36459
36517
36460
36518
36461
36519
36462
36520
36463
36521
36464
36522
36465
36523
36466
36524
36467
36525
36468
36526
36469
36527
36470
36528
36471
36529
36472
36530
36473
36531
36474
36532
36533
58585
36476
36534
63406
36477
36535
36478
36536
36479
36537
36480
36538
36481
36539
36482
36540
36483
36541
36484
36542
36485
36543
36486
36544
36487
36545
36488
36546
36489
36547
36490
36548
36491
36549
36492
36550
36493
36551
36494
36552
36495
36553
36496
36554
36497
36555
36498
36556
36499
36557
36500
36558
36501
36559
36502
36560
36503
36561
36504
36562
36505
36563
36506
36564
36507
36565
36508
36566
36509
36567
36510
36568
36511
36569
36512
36570
36513
36571
36514
36572
36515
36573
36516
36574
36517
36575
36518
36576
36519
36577
36520
36578
36521
36579
36522
36580
36523
36581
36524
36582
36525
36583
36526
36584
36527
36585
36528
36586
36529
36587
36530
36588
36531
36589
36532
36590
36533
36591
36592
58534
36535
36593
63405
36536
36594
36537
36595
36538
36596
36539
36597
36540
36598
36541
36599
36542
36600
36543
36601
36544
36602
36545
36603
36546
36604
36547
36605
36548
36606
36549
36607
36550
36608
36551
36609
36552
36610
36553
36611
36554
36612
36555
36613
36556
36614
36557
36615
36558
36616
36559
36617
36560
36618
36561
36619
36562
36620
36563
36621
36564
36622
36565
36623
36566
36624
36567
36625
36568
36626
36569
36627
36570
36628
36571
36629
36572
36630
36573
36631
36574
36632
36575
36633
36576
36634
36577
36635
36578
36636
36579
36637
36580
36638
36581
36639
36582
36640
36583
36641
36584
36642
36585
36643
36586
36644
36587
36645
36588
36646
36589
36647
36590
36648
36591
36649
36592
36650
36651
58483
36594
36652
63404
36595
36653
36596
36654
36597
36655
36598
36656
36599
36657
36600
36658
36601
36659
36602
36660
36603
36661
36604
36662
36605
36663
36606
36664
36607
36665
36608
36666
36609
36667
36610
36668
36611
36669
36612
36670
36613
36671
36614
36672
36615
36673
36616
36674
36617
36675
36618
36676
36619
36677
36620
36678
36621
36679
36622
36680
36623
36681
36624
36682
36625
36683
36626
36684
36627
36685
36628
36686
36629
36687
36630
36688
36631
36689
36632
36690
36633
36691
36634
36692
36635
36693
36636
36694
36637
36695
36638
36696
36639
36697
36640
36698
36641
36699
36642
36700
36643
36701
36644
36702
36645
36703
36646
36704
36647
36705
36648
36706
36649
36707
36650
36708
36651
36709
36710
58432
36653
36711
63403
36654
36712
36655
36713
36656
36714
36657
36715
36658
36716
36659
36717
36660
36718
36661
36719
36662
36720
36663
36721
36664
36722
36665
36723
36666
36724
36667
36725
36668
36726
36669
36727
36670
36728
36671
36729
36672
36730
36673
36731
36674
36732
36675
36733
36676
36734
36677
36735
36678
36736
36679
36737
36680
36738
36681
36739
36682
36740
36683
36741
36684
36742
36685
36743
36686
36744
36687
36745
36688
36746
36689
36747
36690
36748
36691
36749
36692
36750
36693
36751
36694
36752
36695
36753
36696
36754
36697
36755
36698
36756
36699
36757
36700
36758
36701
36759
36702
36760
36703
36761
36704
36762
36705
36763
36706
36764
36707
36765
36708
36766
36709
36767
36710
36768
36769
58381
36712
36770
63402
36713
36771
36714
36772
36715
36773
36716
36774
36717
36775
36718
36776
36719
36777
36720
36778
36721
36779
36722
36780
36723
36781
36724
36782
36725
36783
36726
36784
36727
36785
36728
36786
36729
36787
36730
36788
36731
36789
36732
36790
36733
36791
36734
36792
36735
36793
36736
36794
36737
36795
36738
36796
36739
36797
36740
36798
36741
36799
36742
36800
36743
36801
36744
36802
36745
36803
36746
36804
36747
36805
36748
36806
36749
36807
36750
36808
36751
36809
36752
36810
36753
36811
36754
36812
36755
36813
36756
36814
36757
36815
36758
36816
36759
36817
36760
36818
36761
36819
36762
36820
36763
36821
36764
36822
36765
36823
36766
36824
36767
36825
36768
36826
36769
36827
36828
58330
36771
36829
63401
36772
36830
36773
36831
36774
36832
36775
36833
36776
36834
36777
36835
36778
36836
36779
36837
36780
36838
36781
36839
36782
36840
36783
36841
36784
36842
36785
36843
36786
36844
36787
36845
36788
36846
36789
36847
36790
36848
36791
36849
36792
36850
36793
36851
36794
36852
36795
36853
36796
36854
36797
36855
36798
36856
36799
36857
36800
36858
36801
36859
36802
36860
36803
36861
36804
36862
36805
36863
36806
36864
36807
36865
36808
36866
36809
36867
36810
36868
36811
36869
36812
36870
36813
36871
36814
36872
36815
36873
36816
36874
36817
36875
36818
36876
36819
36877
36820
36878
36821
36879
36822
36880
36823
36881
36824
36882
36825
36883
36826
36884
36827
36885
36828
36886
36887
58279
36830
36888
63400
36831
36889
36832
36890
36833
36891
36834
36892
36835
36893
36836
36894
36837
36895
36838
36896
36839
36897
36840
36898
36841
36899
36842
36900
36843
36901
36844
36902
36845
36903
36846
36904
36847
36905
36848
36906
36849
36907
36850
36908
36851
36909
36852
36910
36853
36911
36854
36912
36855
36913
36856
36914
36857
36915
36858
36916
36859
36917
36860
36918
36861
36919
36862
36920
36863
36921
36864
36922
36865
36923
36866
36924
36867
36925
36868
36926
36869
36927
36870
36928
36871
36929
36872
36930
36873
36931
36874
36932
36875
36933
36876
36934
36877
36935
36878
36936
36879
36937
36880
36938
36881
36939
36882
36940
36883
36941
36884
36942
36885
36943
36886
36944
36887
36945
36946
58228
36889
36947
63399
36890
36948
36891
36949
36892
36950
36893
36951
36894
36952
36895
36953
36896
36954
36897
36955
36898
36956
36899
36957
36900
36958
36901
36959
36902
36960
36903
36961
36904
36962
36905
36963
36906
36964
36907
36965
36908
36966
36909
36967
36910
36968
36911
36969
36912
36970
36913
36971
36914
36972
36915
36973
36916
36974
36917
36975
36918
36976
36919
36977
36920
36978
36921
36979
36922
36980
36923
36981
36924
36982
36925
36983
36926
36984
36927
36985
36928
36986
36929
36987
36930
36988
36931
36989
36932
36990
36933
36991
36934
36992
36935
36993
36936
36994
36937
36995
36938
36996
36939
36997
36940
36998
36941
36999
36942
37000
36943
37001
36944
37002
36945
37003
36946
37004
37005
58177
36948
37006
63398
36949
37007
36950
37008
36951
37009
36952
37010
36953
37011
36954
37012
36955
37013
36956
37014
36957
37015
36958
37016
36959
37017
36960
37018
36961
37019
36962
37020
36963
37021
36964
37022
36965
37023
36966
37024
36967
37025
36968
37026
36969
37027
36970
37028
36971
37029
36972
37030
36973
37031
36974
37032
36975
37033
36976
37034
36977
37035
36978
37036
36979
37037
36980
37038
36981
37039
36982
37040
36983
37041
36984
37042
36985
37043
36986
37044
36987
37045
36988
37046
36989
37047
36990
37048
36991
37049
36992
37050
36993
37051
36994
37052
36995
37053
36996
37054
36997
37055
36998
37056
36999
37057
37000
37058
37001
37059
37002
37060
37003
37061
37004
37062
37005
37063
37064
58126
37007
37065
63397
37008
37066
37009
37067
37010
37068
37011
37069
37012
37070
37013
37071
37014
37072
37015
37073
37016
37074
37017
37075
37018
37076
37019
37077
37020
37078
37021
37079
37022
37080
37023
37081
37024
37082
37025
37083
37026
37084
37027
37085
37028
37086
37029
37087
37030
37088
37031
37089
37032
37090
37033
37091
37034
37092
37035
37093
37036
37094
37037
37095
37038
37096
37039
37097
37040
37098
37041
37099
37042
37100
37043
37101
37044
37102
37045
37103
37046
37104
37047
37105
37048
37106
37049
37107
37050
37108
37051
37109
37052
37110
37053
37111
37054
37112
37055
37113
37056
37114
37057
37115
37058
37116
37059
37117
37060
37118
37061
37119
37062
37120
37063
37121
37064
37122
37123
58075
37066
37124
63396
37067
37125
37068
37126
37069
37127
37070
37128
37071
37129
37072
37130
37073
37131
37074
37132
37075
37133
37076
37134
37077
37135
37078
37136
37079
37137
37080
37138
37081
37139
37082
37140
37083
37141
37084
37142
37085
37143
37086
37144
37087
37145
37088
37146
37089
37147
37090
37148
37091
37149
37092
37150
37093
37151
37094
37152
37095
37153
37096
37154
37097
37155
37098
37156
37099
37157
37100
37158
37101
37159
37102
37160
37103
37161
37104
37162
37105
37163
37106
37164
37107
37165
37108
37166
37109
37167
37110
37168
37111
37169
37112
37170
37113
37171
37114
37172
37115
37173
37116
37174
37117
37175
37118
37176
37119
37177
37120
37178
37121
37179
37122
37180
37123
37181
37182
58024
37125
37183
63395
37126
37184
37127
37185
37128
37186
37129
37187
37130
37188
37131
37189
37132
37190
37133
37191
37134
37192
37135
37193
37136
37194
37137
37195
37138
37196
37139
37197
37140
37198
37141
37199
37142
37200
37143
37201
37144
37202
37145
37203
37146
37204
37147
37205
37148
37206
37149
37207
37150
37208
37151
37209
37152
37210
37153
37211
37154
37212
37155
37213
37156
37214
37157
37215
37158
37216
37159
37217
37160
37218
37161
37219
37162
37220
37163
37221
37164
37222
37165
37223
37166
37224
37167
37225
37168
37226
37169
37227
37170
37228
37171
37229
37172
37230
37173
37231
37174
37232
37175
37233
37176
37234
37177
37235
37178
37236
37179
37237
37180
37238
37181
37239
37182
37240
37241
57973
37184
37242
63394
37185
37243
37186
37244
37187
37245
37188
37246
37189
37247
37190
37248
37191
37249
37192
37250
37193
37251
37194
37252
37195
37253
37196
37254
37197
37255
37198
37256
37199
37257
37200
37258
37201
37259
37202
37260
37203
37261
37204
37262
37205
37263
37206
37264
37207
37265
37208
37266
37209
37267
37210
37268
37211
37269
37212
37270
37213
37271
37214
37272
37215
37273
37216
37274
37217
37275
37218
37276
37219
37277
37220
37278
37221
37279
37222
37280
37223
37281
37224
37282
37225
37283
37226
37284
37227
37285
37228
37286
37229
37287
37230
37288
37231
37289
37232
37290
37233
37291
37234
37292
37235
37293
37236
37294
37237
37295
37238
37296
37239
37297
37240
37298
37241
37299
37300
57922
37243
37301
63393
37244
37302
37245
37303
37246
37304
37247
37305
37248
37306
37249
37307
37250
37308
37251
37309
37252
37310
37253
37311
37254
37312
37255
37313
37256
37314
37257
37315
37258
37316
37259
37317
37260
37318
37261
37319
37262
37320
37263
37321
37264
37322
37265
37323
37266
37324
37267
37325
37268
37326
37269
37327
37270
37328
37271
37329
37272
37330
37273
37331
37274
37332
37275
37333
37276
37334
37277
37335
37278
37336
37279
37337
37280
37338
37281
37339
37282
37340
37283
37341
37284
37342
37285
37343
37286
37344
37287
37345
37288
37346
37289
37347
37290
37348
37291
37349
37292
37350
37293
37351
37294
37352
37295
37353
37296
37354
37297
37355
37298
37356
37299
37357
37300
37358
37359
57871
37302
37360
63392
37303
37361
37304
37362
37305
37363
37306
37364
37307
37365
37308
37366
37309
37367
37310
37368
37311
37369
37312
37370
37313
37371
37314
37372
37315
37373
37316
37374
37317
37375
37318
37376
37319
37377
37320
37378
37321
37379
37322
37380
37323
37381
37324
37382
37325
37383
37326
37384
37327
37385
37328
37386
37329
37387
37330
37388
37331
37389
37332
37390
37333
37391
37334
37392
37335
37393
37336
37394
37337
37395
37338
37396
37339
37397
37340
37398
37341
37399
37342
37400
37343
37401
37344
37402
37345
37403
37346
37404
37347
37405
37348
37406
37349
37407
37350
37408
37351
37409
37352
37410
37353
37411
37354
37412
37355
37413
37356
37414
37357
37415
37358
37416
37359
37417
37418
57820
37361
37419
63391
37362
37420
37363
37421
37364
37422
37365
37423
37366
37424
37367
37425
37368
37426
37369
37427
37370
37428
37371
37429
37372
37430
37373
37431
37374
37432
37375
37433
37376
37434
37377
37435
37378
37436
37379
37437
37380
37438
37381
37439
37382
37440
37383
37441
37384
37442
37385
37443
37386
37444
37387
37445
37388
37446
37389
37447
37390
37448
37391
37449
37392
37450
37393
37451
37394
37452
37395
37453
37396
37454
37397
37455
37398
37456
37399
37457
37400
37458
37401
37459
37402
37460
37403
37461
37404
37462
37405
37463
37406
37464
37407
37465
37408
37466
37409
37467
37410
37468
37411
37469
37412
37470
37413
37471
37414
37472
37415
37473
37416
37474
37417
37475
37418
37476
37477
57769
37420
37478
63390
37421
37479
37422
37480
37423
37481
37424
37482
37425
37483
37426
37484
37427
37485
37428
37486
37429
37487
37430
37488
37431
37489
37432
37490
37433
37491
37434
37492
37435
37493
37436
37494
37437
37495
37438
37496
37439
37497
37440
37498
37441
37499
37442
37500
37443
37501
37444
37502
37445
37503
37446
37504
37447
37505
37448
37506
37449
37507
37450
37508
37451
37509
37452
37510
37453
37511
37454
37512
37455
37513
37456
37514
37457
37515
37458
37516
37459
37517
37460
37518
37461
37519
37462
37520
37463
37521
37464
37522
37465
37523
37466
37524
37467
37525
37468
37526
37469
37527
37470
37528
37471
37529
37472
37530
37473
37531
37474
37532
37475
37533
37476
37534
37477
37535
37536
57718
37479
37537
63389
37480
37538
37481
37539
37482
37540
37483
37541
37484
37542
37485
37543
37486
37544
37487
37545
37488
37546
37489
37547
37490
37548
37491
37549
37492
37550
37493
37551
37494
37552
37495
37553
37496
37554
37497
37555
37498
37556
37499
37557
37500
37558
37501
37559
37502
37560
37503
37561
37504
37562
37505
37563
37506
37564
37507
37565
37508
37566
37509
37567
37510
37568
37511
37569
37512
37570
37513
37571
37514
37572
37515
37573
37516
37574
37517
37575
37518
37576
37519
37577
37520
37578
37521
37579
37522
37580
37523
37581
37524
37582
37525
37583
37526
37584
37527
37585
37528
37586
37529
37587
37530
37588
37531
37589
37532
37590
37533
37591
37534
37592
37535
37593
37536
37594
37595
57667
37538
37596
63388
37539
37597
37540
37598
37541
37599
37542
37600
37543
37601
37544
37602
37545
37603
37546
37604
37547
37605
37548
37606
37549
37607
37550
37608
37551
37609
37552
37610
37553
37611
37554
37612
37555
37613
37556
37614
37557
37615
37558
37616
37559
37617
37560
37618
37561
37619
37562
37620
37563
37621
37564
37622
37565
37623
37566
37624
37567
37625
37568
37626
37569
37627
37570
37628
37571
37629
37572
37630
37573
37631
37574
37632
37575
37633
37576
37634
37577
37635
37578
37636
37579
37637
37580
37638
37581
37639
37582
37640
37583
37641
37584
37642
37585
37643
37586
37644
37587
37645
37588
37646
37589
37647
37590
37648
37591
37649
37592
37650
37593
37651
37594
37652
37595
37653
37654
57616
37597
37655
63387
37598
37656
37599
37657
37600
37658
37601
37659
37602
37660
37603
37661
37604
37662
37605
37663
37606
37664
37607
37665
37608
37666
37609
37667
37610
37668
37611
37669
37612
37670
37613
37671
37614
37672
37615
37673
37616
37674
37617
37675
37618
37676
37619
37677
37620
37678
37621
37679
37622
37680
37623
37681
37624
37682
37625
37683
37626
37684
37627
37685
37628
37686
37629
37687
37630
37688
37631
37689
37632
37690
37633
37691
37634
37692
37635
37693
37636
37694
37637
37695
37638
37696
37639
37697
37640
37698
37641
37699
37642
37700
37643
37701
37644
37702
37645
37703
37646
37704
37647
37705
37648
37706
37649
37707
37650
37708
37651
37709
37652
37710
37653
37711
37654
37712
37713
57565
37656
37714
63386
37657
37715
37658
37716
37659
37717
37660
37718
37661
37719
37662
37720
37663
37721
37664
37722
37665
37723
37666
37724
37667
37725
37668
37726
37669
37727
37670
37728
37671
37729
37672
37730
37673
37731
37674
37732
37675
37733
37676
37734
37677
37735
37678
37736
37679
37737
37680
37738
37681
37739
37682
37740
37683
37741
37684
37742
37685
37743
37686
37744
37687
37745
37688
37746
37689
37747
37690
37748
37691
37749
37692
37750
37693
37751
37694
37752
37695
37753
37696
37754
37697
37755
37698
37756
37699
37757
37700
37758
37701
37759
37702
37760
37703
37761
37704
37762
37705
37763
37706
37764
37707
37765
37708
37766
37709
37767
37710
37768
37711
37769
37712
37770
37713
37771
37772
57514
37715
37773
63385
37716
37774
37717
37775
37718
37776
37719
37777
37720
37778
37721
37779
37722
37780
37723
37781
37724
37782
37725
37783
37726
37784
37727
37785
37728
37786
37729
37787
37730
37788
37731
37789
37732
37790
37733
37791
37734
37792
37735
37793
37736
37794
37737
37795
37738
37796
37739
37797
37740
37798
37741
37799
37742
37800
37743
37801
37744
37802
37745
37803
37746
37804
37747
37805
37748
37806
37749
37807
37750
37808
37751
37809
37752
37810
37753
37811
37754
37812
37755
37813
37756
37814
37757
37815
37758
37816
37759
37817
37760
37818
37761
37819
37762
37820
37763
37821
37764
37822
37765
37823
37766
37824
37767
37825
37768
37826
37769
37827
37770
37828
37771
37829
37772
37830
37831
57463
37774
37832
63384
37775
37833
37776
37834
37777
37835
37778
37836
37779
37837
37780
37838
37781
37839
37782
37840
37783
37841
37784
37842
37785
37843
37786
37844
37787
37845
37788
37846
37789
37847
37790
37848
37791
37849
37792
37850
37793
37851
37794
37852
37795
37853
37796
37854
37797
37855
37798
37856
37799
37857
37800
37858
37801
37859
37802
37860
37803
37861
37804
37862
37805
37863
37806
37864
37807
37865
37808
37866
37809
37867
37810
37868
37811
37869
37812
37870
37813
37871
37814
37872
37815
37873
37816
37874
37817
37875
37818
37876
37819
37877
37820
37878
37821
37879
37822
37880
37823
37881
37824
37882
37825
37883
37826
37884
37827
37885
37828
37886
37829
37887
37830
37888
37831
37889
37890
57412
37833
37891
63383
37834
37892
37835
37893
37836
37894
37837
37895
37838
37896
37839
37897
37840
37898
37841
37899
37842
37900
37843
37901
37844
37902
37845
37903
37846
37904
37847
37905
37848
37906
37849
37907
37850
37908
37851
37909
37852
37910
37853
37911
37854
37912
37855
37913
37856
37914
37857
37915
37858
37916
37859
37917
37860
37918
37861
37919
37862
37920
37863
37921
37864
37922
37865
37923
37866
37924
37867
37925
37868
37926
37869
37927
37870
37928
37871
37929
37872
37930
37873
37931
37874
37932
37875
37933
37876
37934
37877
37935
37878
37936
37879
37937
37880
37938
37881
37939
37882
37940
37883
37941
37884
37942
37885
37943
37886
37944
37887
37945
37888
37946
37889
37947
37890
37948
37949
57361
37892
37950
63382
37893
37951
37894
37952
37895
37953
37896
37954
37897
37955
37898
37956
37899
37957
37900
37958
37901
37959
37902
37960
37903
37961
37904
37962
37905
37963
37906
37964
37907
37965
37908
37966
37909
37967
37910
37968
37911
37969
37912
37970
37913
37971
37914
37972
37915
37973
37916
37974
37917
37975
37918
37976
37919
37977
37920
37978
37921
37979
37922
37980
37923
37981
37924
37982
37925
37983
37926
37984
37927
37985
37928
37986
37929
37987
37930
37988
37931
37989
37932
37990
37933
37991
37934
37992
37935
37993
37936
37994
37937
37995
37938
37996
37939
37997
37940
37998
37941
37999
37942
38000
37943
38001
37944
38002
37945
38003
37946
38004
37947
38005
37948
38006
37949
38007
38008
57310
37951
38009
63381
37952
38010
37953
38011
37954
38012
37955
38013
37956
38014
37957
38015
37958
38016
37959
38017
37960
38018
37961
38019
37962
38020
37963
38021
37964
38022
37965
38023
37966
38024
37967
38025
37968
38026
37969
38027
37970
38028
37971
38029
37972
38030
37973
38031
37974
38032
37975
38033
37976
38034
37977
38035
37978
38036
37979
38037
37980
38038
37981
38039
37982
38040
37983
38041
37984
38042
37985
38043
37986
38044
37987
38045
37988
38046
37989
38047
37990
38048
37991
38049
37992
38050
37993
38051
37994
38052
37995
38053
37996
38054
37997
38055
37998
38056
37999
38057
38000
38058
38001
38059
38002
38060
38003
38061
38004
38062
38005
38063
38006
38064
38007
38065
38008
38066
38067
57259
38010
38068
63380
38011
38069
38012
38070
38013
38071
38014
38072
38015
38073
38016
38074
38017
38075
38018
38076
38019
38077
38020
38078
38021
38079
38022
38080
38023
38081
38024
38082
38025
38083
38026
38084
38027
38085
38028
38086
38029
38087
38030
38088
38031
38089
38032
38090
38033
38091
38034
38092
38035
38093
38036
38094
38037
38095
38038
38096
38039
38097
38040
38098
38041
38099
38042
38100
38043
38101
38044
38102
38045
38103
38046
38104
38047
38105
38048
38106
38049
38107
38050
38108
38051
38109
38052
38110
38053
38111
38054
38112
38055
38113
38056
38114
38057
38115
38058
38116
38059
38117
38060
38118
38061
38119
38062
38120
38063
38121
38064
38122
38065
38123
38066
38124
38067
38125
38126
57208
38069
38127
63379
38070
38128
38071
38129
38072
38130
38073
38131
38074
38132
38075
38133
38076
38134
38077
38135
38078
38136
38079
38137
38080
38138
38081
38139
38082
38140
38083
38141
38084
38142
38085
38143
38086
38144
38087
38145
38088
38146
38089
38147
38090
38148
38091
38149
38092
38150
38093
38151
38094
38152
38095
38153
38096
38154
38097
38155
38098
38156
38099
38157
38100
38158
38101
38159
38102
38160
38103
38161
38104
38162
38105
38163
38106
38164
38107
38165
38108
38166
38109
38167
38110
38168
38111
38169
38112
38170
38113
38171
38114
38172
38115
38173
38116
38174
38117
38175
38118
38176
38119
38177
38120
38178
38121
38179
38122
38180
38123
38181
38124
38182
38125
38183
38126
38184
38185
57157
38128
38186
63378
38129
38187
38130
38188
38131
38189
38132
38190
38133
38191
38134
38192
38135
38193
38136
38194
38137
38195
38138
38196
38139
38197
38140
38198
38141
38199
38142
38200
38143
38201
38144
38202
38145
38203
38146
38204
38147
38205
38148
38206
38149
38207
38150
38208
38151
38209
38152
38210
38153
38211
38154
38212
38155
38213
38156
38214
38157
38215
38158
38216
38159
38217
38160
38218
38161
38219
38162
38220
38163
38221
38164
38222
38165
38223
38166
38224
38167
38225
38168
38226
38169
38227
38170
38228
38171
38229
38172
38230
38173
38231
38174
38232
38175
38233
38176
38234
38177
38235
38178
38236
38179
38237
38180
38238
38181
38239
38182
38240
38183
38241
38184
38242
38185
38243
38244
57106
38187
38245
63377
38188
38246
38189
38247
38190
38248
38191
38249
38192
38250
38193
38251
38194
38252
38195
38253
38196
38254
38197
38255
38198
38256
38199
38257
38200
38258
38201
38259
38202
38260
38203
38261
38204
38262
38205
38263
38206
38264
38207
38265
38208
38266
38209
38267
38210
38268
38211
38269
38212
38270
38213
38271
38214
38272
38215
38273
38216
38274
38217
38275
38218
38276
38219
38277
38220
38278
38221
38279
38222
38280
38223
38281
38224
38282
38225
38283
38226
38284
38227
38285
38228
38286
38229
38287
38230
38288
38231
38289
38232
38290
38233
38291
38234
38292
38235
38293
38236
38294
38237
38295
38238
38296
38239
38297
38240
38298
38241
38299
38242
38300
38243
38301
38244
38302
38303
57055
38246
38304
63376
38247
38305
38248
38306
38249
38307
38250
38308
38251
38309
38252
38310
38253
38311
38254
38312
38255
38313
38256
38314
38257
38315
38258
38316
38259
38317
38260
38318
38261
38319
38262
38320
38263
38321
38264
38322
38265
38323
38266
38324
38267
38325
38268
38326
38269
38327
38270
38328
38271
38329
38272
38330
38273
38331
38274
38332
38275
38333
38276
38334
38277
38335
38278
38336
38279
38337
38280
38338
38281
38339
38282
38340
38283
38341
38284
38342
38285
38343
38286
38344
38287
38345
38288
38346
38289
38347
38290
38348
38291
38349
38292
38350
38293
38351
38294
38352
38295
38353
38296
38354
38297
38355
38298
38356
38299
38357
38300
38358
38301
38359
38302
38360
38303
38361
38362
57004
38305
38363
63375
38306
38364
38307
38365
38308
38366
38309
38367
38310
38368
38311
38369
38312
38370
38313
38371
38314
38372
38315
38373
38316
38374
38317
38375
38318
38376
38319
38377
38320
38378
38321
38379
38322
38380
38323
38381
38324
38382
38325
38383
38326
38384
38327
38385
38328
38386
38329
38387
38330
38388
38331
38389
38332
38390
38333
38391
38334
38392
38335
38393
38336
38394
38337
38395
38338
38396
38339
38397
38340
38398
38341
38399
38342
38400
38343
38401
38344
38402
38345
38403
38346
38404
38347
38405
38348
38406
38349
38407
38350
38408
38351
38409
38352
38410
38353
38411
38354
38412
38355
38413
38356
38414
38357
38415
38358
38416
38359
38417
38360
38418
38361
38419
38362
38420
38421
56953
38364
38422
63374
38365
38423
38366
38424
38367
38425
38368
38426
38369
38427
38370
38428
38371
38429
38372
38430
38373
38431
38374
38432
38375
38433
38376
38434
38377
38435
38378
38436
38379
38437
38380
38438
38381
38439
38382
38440
38383
38441
38384
38442
38385
38443
38386
38444
38387
38445
38388
38446
38389
38447
38390
38448
38391
38449
38392
38450
38393
38451
38394
38452
38395
38453
38396
38454
38397
38455
38398
38456
38399
38457
38400
38458
38401
38459
38402
38460
38403
38461
38404
38462
38405
38463
38406
38464
38407
38465
38408
38466
38409
38467
38410
38468
38411
38469
38412
38470
38413
38471
38414
38472
38415
38473
38416
38474
38417
38475
38418
38476
38419
38477
38420
38478
38421
38479
38480
56902
38423
38481
63373
38424
38482
38425
38483
38426
38484
38427
38485
38428
38486
38429
38487
38430
38488
38431
38489
38432
38490
38433
38491
38434
38492
38435
38493
38436
38494
38437
38495
38438
38496
38439
38497
38440
38498
38441
38499
38442
38500
38443
38501
38444
38502
38445
38503
38446
38504
38447
38505
38448
38506
38449
38507
38450
38508
38451
38509
38452
38510
38453
38511
38454
38512
38455
38513
38456
38514
38457
38515
38458
38516
38459
38517
38460
38518
38461
38519
38462
38520
38463
38521
38464
38522
38465
38523
38466
38524
38467
38525
38468
38526
38469
38527
38470
38528
38471
38529
38472
38530
38473
38531
38474
38532
38475
38533
38476
38534
38477
38535
38478
38536
38479
38537
38480
38538
38539
56851
38482
38540
63372
38483
38541
38484
38542
38485
38543
38486
38544
38487
38545
38488
38546
38489
38547
38490
38548
38491
38549
38492
38550
38493
38551
38494
38552
38495
38553
38496
38554
38497
38555
38498
38556
38499
38557
38500
38558
38501
38559
38502
38560
38503
38561
38504
38562
38505
38563
38506
38564
38507
38565
38508
38566
38509
38567
38510
38568
38511
38569
38512
38570
38513
38571
38514
38572
38515
38573
38516
38574
38517
38575
38518
38576
38519
38577
38520
38578
38521
38579
38522
38580
38523
38581
38524
38582
38525
38583
38526
38584
38527
38585
38528
38586
38529
38587
38530
38588
38531
38589
38532
38590
38533
38591
38534
38592
38535
38593
38536
38594
38537
38595
38538
38596
38539
38597
38598
56800
38541
38599
63371
38542
38600
38543
38601
38544
38602
38545
38603
38546
38604
38547
38605
38548
38606
38549
38607
38550
38608
38551
38609
38552
38610
38553
38611
38554
38612
38555
38613
38556
38614
38557
38615
38558
38616
38559
38617
38560
38618
38561
38619
38562
38620
38563
38621
38564
38622
38565
38623
38566
38624
38567
38625
38568
38626
38569
38627
38570
38628
38571
38629
38572
38630
38573
38631
38574
38632
38575
38633
38576
38634
38577
38635
38578
38636
38579
38637
38580
38638
38581
38639
38582
38640
38583
38641
38584
38642
38585
38643
38586
38644
38587
38645
38588
38646
38589
38647
38590
38648
38591
38649
38592
38650
38593
38651
38594
38652
38595
38653
38596
38654
38597
38655
38598
38656
38657
56749
38600
38658
63370
38601
38659
38602
38660
38603
38661
38604
38662
38605
38663
38606
38664
38607
38665
38608
38666
38609
38667
38610
38668
38611
38669
38612
38670
38613
38671
38614
38672
38615
38673
38616
38674
38617
38675
38618
38676
38619
38677
38620
38678
38621
38679
38622
38680
38623
38681
38624
38682
38625
38683
38626
38684
38627
38685
38628
38686
38629
38687
38630
38688
38631
38689
38632
38690
38633
38691
38634
38692
38635
38693
38636
38694
38637
38695
38638
38696
38639
38697
38640
38698
38641
38699
38642
38700
38643
38701
38644
38702
38645
38703
38646
38704
38647
38705
38648
38706
38649
38707
38650
38708
38651
38709
38652
38710
38653
38711
38654
38712
38655
38713
38656
38714
38657
38715
38716
56698
38659
38717
63369
38660
38718
38661
38719
38662
38720
38663
38721
38664
38722
38665
38723
38666
38724
38667
38725
38668
38726
38669
38727
38670
38728
38671
38729
38672
38730
38673
38731
38674
38732
38675
38733
38676
38734
38677
38735
38678
38736
38679
38737
38680
38738
38681
38739
38682
38740
38683
38741
38684
38742
38685
38743
38686
38744
38687
38745
38688
38746
38689
38747
38690
38748
38691
38749
38692
38750
38693
38751
38694
38752
38695
38753
38696
38754
38697
38755
38698
38756
38699
38757
38700
38758
38701
38759
38702
38760
38703
38761
38704
38762
38705
38763
38706
38764
38707
38765
38708
38766
38709
38767
38710
38768
38711
38769
38712
38770
38713
38771
38714
38772
38715
38773
38716
38774
38775
56647
38718
38776
63368
38719
38777
38720
38778
38721
38779
38722
38780
38723
38781
38724
38782
38725
38783
38726
38784
38727
38785
38728
38786
38729
38787
38730
38788
38731
38789
38732
38790
38733
38791
38734
38792
38735
38793
38736
38794
38737
38795
38738
38796
38739
38797
38740
38798
38741
38799
38742
38800
38743
38801
38744
38802
38745
38803
38746
38804
38747
38805
38748
38806
38749
38807
38750
38808
38751
38809
38752
38810
38753
38811
38754
38812
38755
38813
38756
38814
38757
38815
38758
38816
38759
38817
38760
38818
38761
38819
38762
38820
38763
38821
38764
38822
38765
38823
38766
38824
38767
38825
38768
38826
38769
38827
38770
38828
38771
38829
38772
38830
38773
38831
38774
38832
38775
38833
38834
56596
38777
38835
63367
38778
38836
38779
38837
38780
38838
38781
38839
38782
38840
38783
38841
38784
38842
38785
38843
38786
38844
38787
38845
38788
38846
38789
38847
38790
38848
38791
38849
38792
38850
38793
38851
38794
38852
38795
38853
38796
38854
38797
38855
38798
38856
38799
38857
38800
38858
38801
38859
38802
38860
38803
38861
38804
38862
38805
38863
38806
38864
38807
38865
38808
38866
38809
38867
38810
38868
38811
38869
38812
38870
38813
38871
38814
38872
38815
38873
38816
38874
38817
38875
38818
38876
38819
38877
38820
38878
38821
38879
38822
38880
38823
38881
38824
38882
38825
38883
38826
38884
38827
38885
38828
38886
38829
38887
38830
38888
38831
38889
38832
38890
38833
38891
38834
38892
38893
56545
38836
38894
63366
38837
38895
38838
38896
38839
38897
38840
38898
38841
38899
38842
38900
38843
38901
38844
38902
38845
38903
38846
38904
38847
38905
38848
38906
38849
38907
38850
38908
38851
38909
38852
38910
38853
38911
38854
38912
38855
38913
38856
38914
38857
38915
38858
38916
38859
38917
38860
38918
38861
38919
38862
38920
38863
38921
38864
38922
38865
38923
38866
38924
38867
38925
38868
38926
38869
38927
38870
38928
38871
38929
38872
38930
38873
38931
38874
38932
38875
38933
38876
38934
38877
38935
38878
38936
38879
38937
38880
38938
38881
38939
38882
38940
38883
38941
38884
38942
38885
38943
38886
38944
38887
38945
38888
38946
38889
38947
38890
38948
38891
38949
38892
38950
38893
38951
38952
56494
38895
38953
63365
38896
38954
38897
38955
38898
38956
38899
38957
38900
38958
38901
38959
38902
38960
38903
38961
38904
38962
38905
38963
38906
38964
38907
38965
38908
38966
38909
38967
38910
38968
38911
38969
38912
38970
38913
38971
38914
38972
38915
38973
38916
38974
38917
38975
38918
38976
38919
38977
38920
38978
38921
38979
38922
38980
38923
38981
38924
38982
38925
38983
38926
38984
38927
38985
38928
38986
38929
38987
38930
38988
38931
38989
38932
38990
38933
38991
38934
38992
38935
38993
38936
38994
38937
38995
38938
38996
38939
38997
38940
38998
38941
38999
38942
39000
38943
39001
38944
39002
38945
39003
38946
39004
38947
39005
38948
39006
38949
39007
38950
39008
38951
39009
38952
39010
39011
56443
38954
39012
63364
38955
39013
38956
39014
38957
39015
38958
39016
38959
39017
38960
39018
38961
39019
38962
39020
38963
39021
38964
39022
38965
39023
38966
39024
38967
39025
38968
39026
38969
39027
38970
39028
38971
39029
38972
39030
38973
39031
38974
39032
38975
39033
38976
39034
38977
39035
38978
39036
38979
39037
38980
39038
38981
39039
38982
39040
38983
39041
38984
39042
38985
39043
38986
39044
38987
39045
38988
39046
38989
39047
38990
39048
38991
39049
38992
39050
38993
39051
38994
39052
38995
39053
38996
39054
38997
39055
38998
39056
38999
39057
39000
39058
39001
39059
39002
39060
39003
39061
39004
39062
39005
39063
39006
39064
39007
39065
39008
39066
39009
39067
39010
39068
39011
39069
39070
56392
39013
39071
63363
39014
39072
39015
39073
39016
39074
39017
39075
39018
39076
39019
39077
39020
39078
39021
39079
39022
39080
39023
39081
39024
39082
39025
39083
39026
39084
39027
39085
39028
39086
39029
39087
39030
39088
39031
39089
39032
39090
39033
39091
39034
39092
39035
39093
39036
39094
39037
39095
39038
39096
39039
39097
39040
39098
39041
39099
39042
39100
39043
39101
39044
39102
39045
39103
39046
39104
39047
39105
39048
39106
39049
39107
39050
39108
39051
39109
39052
39110
39053
39111
39054
39112
39055
39113
39056
39114
39057
39115
39058
39116
39059
39117
39060
39118
39061
39119
39062
39120
39063
39121
39064
39122
39065
39123
39066
39124
39067
39125
39068
39126
39069
39127
39070
39128
39129
56341
39072
39130
63362
39073
39131
39074
39132
39075
39133
39076
39134
39077
39135
39078
39136
39079
39137
39080
39138
39081
39139
39082
39140
39083
39141
39084
39142
39085
39143
39086
39144
39087
39145
39088
39146
39089
39147
39090
39148
39091
39149
39092
39150
39093
39151
39094
39152
39095
39153
39096
39154
39097
39155
39098
39156
39099
39157
39100
39158
39101
39159
39102
39160
39103
39161
39104
39162
39105
39163
39106
39164
39107
39165
39108
39166
39109
39167
39110
39168
39111
39169
39112
39170
39113
39171
39114
39172
39115
39173
39116
39174
39117
39175
39118
39176
39119
39177
39120
39178
39121
39179
39122
39180
39123
39181
39124
39182
39125
39183
39126
39184
39127
39185
39128
39186
39129
39187
39188
56290
39131
39189
63361
39132
39190
39133
39191
39134
39192
39135
39193
39136
39194
39137
39195
39138
39196
39139
39197
39140
39198
39141
39199
39142
39200
39143
39201
39144
39202
39145
39203
39146
39204
39147
39205
39148
39206
39149
39207
39150
39208
39151
39209
39152
39210
39153
39211
39154
39212
39155
39213
39156
39214
39157
39215
39158
39216
39159
39217
39160
39218
39161
39219
39162
39220
39163
39221
39164
39222
39165
39223
39166
39224
39167
39225
39168
39226
39169
39227
39170
39228
39171
39229
39172
39230
39173
39231
39174
39232
39175
39233
39176
39234
39177
39235
39178
39236
39179
39237
39180
39238
39181
39239
39182
39240
39183
39241
39184
39242
39185
39243
39186
39244
39187
39245
39188
39246
39247
56239
39190
39248
63360
39191
39249
39192
39250
39193
39251
39194
39252
39195
39253
39196
39254
39197
39255
39198
39256
39199
39257
39200
39258
39201
39259
39202
39260
39203
39261
39204
39262
39205
39263
39206
39264
39207
39265
39208
39266
39209
39267
39210
39268
39211
39269
39212
39270
39213
39271
39214
39272
39215
39273
39216
39274
39217
39275
39218
39276
39219
39277
39220
39278
39221
39279
39222
39280
39223
39281
39224
39282
39225
39283
39226
39284
39227
39285
39228
39286
39229
39287
39230
39288
39231
39289
39232
39290
39233
39291
39234
39292
39235
39293
39236
39294
39237
39295
39238
39296
39239
39297
39240
39298
39241
39299
39242
39300
39243
39301
39244
39302
39245
39303
39246
39304
39247
39305
39306
56188
39249
39307
63359
39250
39308
39251
39309
39252
39310
39253
39311
39254
39312
39255
39313
39256
39314
39257
39315
39258
39316
39259
39317
39260
39318
39261
39319
39262
39320
39263
39321
39264
39322
39265
39323
39266
39324
39267
39325
39268
39326
39269
39327
39270
39328
39271
39329
39272
39330
39273
39331
39274
39332
39275
39333
39276
39334
39277
39335
39278
39336
39279
39337
39280
39338
39281
39339
39282
39340
39283
39341
39284
39342
39285
39343
39286
39344
39287
39345
39288
39346
39289
39347
39290
39348
39291
39349
39292
39350
39293
39351
39294
39352
39295
39353
39296
39354
39297
39355
39298
39356
39299
39357
39300
39358
39301
39359
39302
39360
39303
39361
39304
39362
39305
39363
39306
39364
39365
56137
39308
39366
63358
39309
39367
39310
39368
39311
39369
39312
39370
39313
39371
39314
39372
39315
39373
39316
39374
39317
39375
39318
39376
39319
39377
39320
39378
39321
39379
39322
39380
39323
39381
39324
39382
39325
39383
39326
39384
39327
39385
39328
39386
39329
39387
39330
39388
39331
39389
39332
39390
39333
39391
39334
39392
39335
39393
39336
39394
39337
39395
39338
39396
39339
39397
39340
39398
39341
39399
39342
39400
39343
39401
39344
39402
39345
39403
39346
39404
39347
39405
39348
39406
39349
39407
39350
39408
39351
39409
39352
39410
39353
39411
39354
39412
39355
39413
39356
39414
39357
39415
39358
39416
39359
39417
39360
39418
39361
39419
39362
39420
39363
39421
39364
39422
39365
39423
39424
56086
39367
39425
63357
39368
39426
39369
39427
39370
39428
39371
39429
39372
39430
39373
39431
39374
39432
39375
39433
39376
39434
39377
39435
39378
39436
39379
39437
39380
39438
39381
39439
39382
39440
39383
39441
39384
39442
39385
39443
39386
39444
39387
39445
39388
39446
39389
39447
39390
39448
39391
39449
39392
39450
39393
39451
39394
39452
39395
39453
39396
39454
39397
39455
39398
39456
39399
39457
39400
39458
39401
39459
39402
39460
39403
39461
39404
39462
39405
39463
39406
39464
39407
39465
39408
39466
39409
39467
39410
39468
39411
39469
39412
39470
39413
39471
39414
39472
39415
39473
39416
39474
39417
39475
39418
39476
39419
39477
39420
39478
39421
39479
39422
39480
39423
39481
39424
39482
39483
56035
39426
39484
63356
39427
39485
39428
39486
39429
39487
39430
39488
39431
39489
39432
39490
39433
39491
39434
39492
39435
39493
39436
39494
39437
39495
39438
39496
39439
39497
39440
39498
39441
39499
39442
39500
39443
39501
39444
39502
39445
39503
39446
39504
39447
39505
39448
39506
39449
39507
39450
39508
39451
39509
39452
39510
39453
39511
39454
39512
39455
39513
39456
39514
39457
39515
39458
39516
39459
39517
39460
39518
39461
39519
39462
39520
39463
39521
39464
39522
39465
39523
39466
39524
39467
39525
39468
39526
39469
39527
39470
39528
39471
39529
39472
39530
39473
39531
39474
39532
39475
39533
39476
39534
39477
39535
39478
39536
39479
39537
39480
39538
39481
39539
39482
39540
39483
39541
39542
55984
39485
39543
63355
39486
39544
39487
39545
39488
39546
39489
39547
39490
39548
39491
39549
39492
39550
39493
39551
39494
39552
39495
39553
39496
39554
39497
39555
39498
39556
39499
39557
39500
39558
39501
39559
39502
39560
39503
39561
39504
39562
39505
39563
39506
39564
39507
39565
39508
39566
39509
39567
39510
39568
39511
39569
39512
39570
39513
39571
39514
39572
39515
39573
39516
39574
39517
39575
39518
39576
39519
39577
39520
39578
39521
39579
39522
39580
39523
39581
39524
39582
39525
39583
39526
39584
39527
39585
39528
39586
39529
39587
39530
39588
39531
39589
39532
39590
39533
39591
39534
39592
39535
39593
39536
39594
39537
39595
39538
39596
39539
39597
39540
39598
39541
39599
39542
39600
39601
55933
39544
39602
63354
39545
39603
39546
39604
39547
39605
39548
39606
39549
39607
39550
39608
39551
39609
39552
39610
39553
39611
39554
39612
39555
39613
39556
39614
39557
39615
39558
39616
39559
39617
39560
39618
39561
39619
39562
39620
39563
39621
39564
39622
39565
39623
39566
39624
39567
39625
39568
39626
39569
39627
39570
39628
39571
39629
39572
39630
39573
39631
39574
39632
39575
39633
39576
39634
39577
39635
39578
39636
39579
39637
39580
39638
39581
39639
39582
39640
39583
39641
39584
39642
39585
39643
39586
39644
39587
39645
39588
39646
39589
39647
39590
39648
39591
39649
39592
39650
39593
39651
39594
39652
39595
39653
39596
39654
39597
39655
39598
39656
39599
39657
39600
39658
39601
39659
39660
55882
39603
39661
63353
39604
39662
39605
39663
39606
39664
39607
39665
39608
39666
39609
39667
39610
39668
39611
39669
39612
39670
39613
39671
39614
39672
39615
39673
39616
39674
39617
39675
39618
39676
39619
39677
39620
39678
39621
39679
39622
39680
39623
39681
39624
39682
39625
39683
39626
39684
39627
39685
39628
39686
39629
39687
39630
39688
39631
39689
39632
39690
39633
39691
39634
39692
39635
39693
39636
39694
39637
39695
39638
39696
39639
39697
39640
39698
39641
39699
39642
39700
39643
39701
39644
39702
39645
39703
39646
39704
39647
39705
39648
39706
39649
39707
39650
39708
39651
39709
39652
39710
39653
39711
39654
39712
39655
39713
39656
39714
39657
39715
39658
39716
39659
39717
39660
39718
39719
55831
39662
39720
63352
39663
39721
39664
39722
39665
39723
39666
39724
39667
39725
39668
39726
39669
39727
39670
39728
39671
39729
39672
39730
39673
39731
39674
39732
39675
39733
39676
39734
39677
39735
39678
39736
39679
39737
39680
39738
39681
39739
39682
39740
39683
39741
39684
39742
39685
39743
39686
39744
39687
39745
39688
39746
39689
39747
39690
39748
39691
39749
39692
39750
39693
39751
39694
39752
39695
39753
39696
39754
39697
39755
39698
39756
39699
39757
39700
39758
39701
39759
39702
39760
39703
39761
39704
39762
39705
39763
39706
39764
39707
39765
39708
39766
39709
39767
39710
39768
39711
39769
39712
39770
39713
39771
39714
39772
39715
39773
39716
39774
39717
39775
39718
39776
39719
39777
39778
55780
39721
39779
63351
39722
39780
39723
39781
39724
39782
39725
39783
39726
39784
39727
39785
39728
39786
39729
39787
39730
39788
39731
39789
39732
39790
39733
39791
39734
39792
39735
39793
39736
39794
39737
39795
39738
39796
39739
39797
39740
39798
39741
39799
39742
39800
39743
39801
39744
39802
39745
39803
39746
39804
39747
39805
39748
39806
39749
39807
39750
39808
39751
39809
39752
39810
39753
39811
39754
39812
39755
39813
39756
39814
39757
39815
39758
39816
39759
39817
39760
39818
39761
39819
39762
39820
39763
39821
39764
39822
39765
39823
39766
39824
39767
39825
39768
39826
39769
39827
39770
39828
39771
39829
39772
39830
39773
39831
39774
39832
39775
39833
39776
39834
39777
39835
39778
39836
39837
55729
39780
39838
63350
39781
39839
39782
39840
39783
39841
39784
39842
39785
39843
39786
39844
39787
39845
39788
39846
39789
39847
39790
39848
39791
39849
39792
39850
39793
39851
39794
39852
39795
39853
39796
39854
39797
39855
39798
39856
39799
39857
39800
39858
39801
39859
39802
39860
39803
39861
39804
39862
39805
39863
39806
39864
39807
39865
39808
39866
39809
39867
39810
39868
39811
39869
39812
39870
39813
39871
39814
39872
39815
39873
39816
39874
39817
39875
39818
39876
39819
39877
39820
39878
39821
39879
39822
39880
39823
39881
39824
39882
39825
39883
39826
39884
39827
39885
39828
39886
39829
39887
39830
39888
39831
39889
39832
39890
39833
39891
39834
39892
39835
39893
39836
39894
39837
39895
39896
55678
39839
39897
63349
39840
39898
39841
39899
39842
39900
39843
39901
39844
39902
39845
39903
39846
39904
39847
39905
39848
39906
39849
39907
39850
39908
39851
39909
39852
39910
39853
39911
39854
39912
39855
39913
39856
39914
39857
39915
39858
39916
39859
39917
39860
39918
39861
39919
39862
39920
39863
39921
39864
39922
39865
39923
39866
39924
39867
39925
39868
39926
39869
39927
39870
39928
39871
39929
39872
39930
39873
39931
39874
39932
39875
39933
39876
39934
39877
39935
39878
39936
39879
39937
39880
39938
39881
39939
39882
39940
39883
39941
39884
39942
39885
39943
39886
39944
39887
39945
39888
39946
39889
39947
39890
39948
39891
39949
39892
39950
39893
39951
39894
39952
39895
39953
39896
39954
39955
55627
39898
39956
63205
39899
39957
39900
39958
39901
39959
39902
39960
39903
39961
39904
39962
39905
39963
39906
39964
39907
39965
39908
39966
39909
39967
39910
39968
39911
39969
39912
39970
39913
39971
39914
39972
39915
39973
39916
39974
39917
39975
39918
39976
39919
39977
39920
39978
39921
39979
39922
39980
39923
39981
39924
39982
39925
39983
39926
39984
39927
39985
39928
39986
39929
39987
39930
39988
39931
39989
39932
39990
39933
39991
39934
39992
39935
39993
39936
39994
39937
39995
39938
39996
39939
39997
39940
39998
39941
39999
39942
40000
39943
40001
39944
40002
39945
40003
39946
40004
39947
40005
39948
40006
39949
40007
39950
40008
39951
40009
39952
40010
39953
40011
39954
40012
39955
40013
40014
55576
39957
40015
63204
39958
40016
39959
40017
39960
40018
39961
40019
39962
40020
39963
40021
39964
40022
39965
40023
39966
40024
39967
40025
39968
40026
39969
40027
39970
40028
39971
40029
39972
40030
39973
40031
39974
40032
39975
40033
39976
40034
39977
40035
39978
40036
39979
40037
39980
40038
39981
40039
39982
40040
39983
40041
39984
40042
39985
40043
39986
40044
39987
40045
39988
40046
39989
40047
39990
40048
39991
40049
39992
40050
39993
40051
39994
40052
39995
40053
39996
40054
39997
40055
39998
40056
39999
40057
40000
40058
40001
40059
40002
40060
40003
40061
40004
40062
40005
40063
40006
40064
40007
40065
40008
40066
40009
40067
40010
40068
40011
40069
40012
40070
40013
40071
40014
40072
40073
55525
40016
40074
63203
40017
40075
40018
40076
40019
40077
40020
40078
40021
40079
40022
40080
40023
40081
40024
40082
40025
40083
40026
40084
40027
40085
40028
40086
40029
40087
40030
40088
40031
40089
40032
40090
40033
40091
40034
40092
40035
40093
40036
40094
40037
40095
40038
40096
40039
40097
40040
40098
40041
40099
40042
40100
40043
40101
40044
40102
40045
40103
40046
40104
40047
40105
40048
40106
40049
40107
40050
40108
40051
40109
40052
40110
40053
40111
40054
40112
40055
40113
40056
40114
40057
40115
40058
40116
40059
40117
40060
40118
40061
40119
40062
40120
40063
40121
40064
40122
40065
40123
40066
40124
40067
40125
40068
40126
40069
40127
40070
40128
40071
40129
40072
40130
40073
40131
40132
55474
40075
40133
63202
40076
40134
40077
40135
40078
40136
40079
40137
40080
40138
40081
40139
40082
40140
40083
40141
40084
40142
40085
40143
40086
40144
40087
40145
40088
40146
40089
40147
40090
40148
40091
40149
40092
40150
40093
40151
40094
40152
40095
40153
40096
40154
40097
40155
40098
40156
40099
40157
40100
40158
40101
40159
40102
40160
40103
40161
40104
40162
40105
40163
40106
40164
40107
40165
40108
40166
40109
40167
40110
40168
40111
40169
40112
40170
40113
40171
40114
40172
40115
40173
40116
40174
40117
40175
40118
40176
40119
40177
40120
40178
40121
40179
40122
40180
40123
40181
40124
40182
40125
40183
40126
40184
40127
40185
40128
40186
40129
40187
40130
40188
40131
40189
40132
40190
40191
55423
40134
40192
63201
40135
40193
40136
40194
40137
40195
40138
40196
40139
40197
40140
40198
40141
40199
40142
40200
40143
40201
40144
40202
40145
40203
40146
40204
40147
40205
40148
40206
40149
40207
40150
40208
40151
40209
40152
40210
40153
40211
40154
40212
40155
40213
40156
40214
40157
40215
40158
40216
40159
40217
40160
40218
40161
40219
40162
40220
40163
40221
40164
40222
40165
40223
40166
40224
40167
40225
40168
40226
40169
40227
40170
40228
40171
40229
40172
40230
40173
40231
40174
40232
40175
40233
40176
40234
40177
40235
40178
40236
40179
40237
40180
40238
40181
40239
40182
40240
40183
40241
40184
40242
40185
40243
40186
40244
40187
40245
40188
40246
40189
40247
40190
40248
40191
40249
40250
55372
40193
40251
63200
40194
40252
40195
40253
40196
40254
40197
40255
40198
40256
40199
40257
40200
40258
40201
40259
40202
40260
40203
40261
40204
40262
40205
40263
40206
40264
40207
40265
40208
40266
40209
40267
40210
40268
40211
40269
40212
40270
40213
40271
40214
40272
40215
40273
40216
40274
40217
40275
40218
40276
40219
40277
40220
40278
40221
40279
40222
40280
40223
40281
40224
40282
40225
40283
40226
40284
40227
40285
40228
40286
40229
40287
40230
40288
40231
40289
40232
40290
40233
40291
40234
40292
40235
40293
40236
40294
40237
40295
40238
40296
40239
40297
40240
40298
40241
40299
40242
40300
40243
40301
40244
40302
40245
40303
40246
40304
40247
40305
40248
40306
40249
40307
40250
40308
40309
55321
40252
40310
63199
40253
40311
40254
40312
40255
40313
40256
40314
40257
40315
40258
40316
40259
40317
40260
40318
40261
40319
40262
40320
40263
40321
40264
40322
40265
40323
40266
40324
40267
40325
40268
40326
40269
40327
40270
40328
40271
40329
40272
40330
40273
40331
40274
40332
40275
40333
40276
40334
40277
40335
40278
40336
40279
40337
40280
40338
40281
40339
40282
40340
40283
40341
40284
40342
40285
40343
40286
40344
40287
40345
40288
40346
40289
40347
40290
40348
40291
40349
40292
40350
40293
40351
40294
40352
40295
40353
40296
40354
40297
40355
40298
40356
40299
40357
40300
40358
40301
40359
40302
40360
40303
40361
40304
40362
40305
40363
40306
40364
40307
40365
40308
40366
40309
40367
40368
55270
40311
40369
63198
40312
40370
40313
40371
40314
40372
40315
40373
40316
40374
40317
40375
40318
40376
40319
40377
40320
40378
40321
40379
40322
40380
40323
40381
40324
40382
40325
40383
40326
40384
40327
40385
40328
40386
40329
40387
40330
40388
40331
40389
40332
40390
40333
40391
40334
40392
40335
40393
40336
40394
40337
40395
40338
40396
40339
40397
40340
40398
40341
40399
40342
40400
40343
40401
40344
40402
40345
40403
40346
40404
40347
40405
40348
40406
40349
40407
40350
40408
40351
40409
40352
40410
40353
40411
40354
40412
40355
40413
40356
40414
40357
40415
40358
40416
40359
40417
40360
40418
40361
40419
40362
40420
40363
40421
40364
40422
40365
40423
40366
40424
40367
40425
40368
40426
40427
55219
40370
40428
63197
40371
40429
40372
40430
40373
40431
40374
40432
40375
40433
40376
40434
40377
40435
40378
40436
40379
40437
40380
40438
40381
40439
40382
40440
40383
40441
40384
40442
40385
40443
40386
40444
40387
40445
40388
40446
40389
40447
40390
40448
40391
40449
40392
40450
40393
40451
40394
40452
40395
40453
40396
40454
40397
40455
40398
40456
40399
40457
40400
40458
40401
40459
40402
40460
40403
40461
40404
40462
40405
40463
40406
40464
40407
40465
40408
40466
40409
40467
40410
40468
40411
40469
40412
40470
40413
40471
40414
40472
40415
40473
40416
40474
40417
40475
40418
40476
40419
40477
40420
40478
40421
40479
40422
40480
40423
40481
40424
40482
40425
40483
40426
40484
40427
40485
40486
55168
40429
40487
63196
40430
40488
40431
40489
40432
40490
40433
40491
40434
40492
40435
40493
40436
40494
40437
40495
40438
40496
40439
40497
40440
40498
40441
40499
40442
40500
40443
40501
40444
40502
40445
40503
40446
40504
40447
40505
40448
40506
40449
40507
40450
40508
40451
40509
40452
40510
40453
40511
40454
40512
40455
40513
40456
40514
40457
40515
40458
40516
40459
40517
40460
40518
40461
40519
40462
40520
40463
40521
40464
40522
40465
40523
40466
40524
40467
40525
40468
40526
40469
40527
40470
40528
40471
40529
40472
40530
40473
40531
40474
40532
40475
40533
40476
40534
40477
40535
40478
40536
40479
40537
40480
40538
40481
40539
40482
40540
40483
40541
40484
40542
40485
40543
40486
40544
40545
55117
40488
40546
63195
40489
40547
40490
40548
40491
40549
40492
40550
40493
40551
40494
40552
40495
40553
40496
40554
40497
40555
40498
40556
40499
40557
40500
40558
40501
40559
40502
40560
40503
40561
40504
40562
40505
40563
40506
40564
40507
40565
40508
40566
40509
40567
40510
40568
40511
40569
40512
40570
40513
40571
40514
40572
40515
40573
40516
40574
40517
40575
40518
40576
40519
40577
40520
40578
40521
40579
40522
40580
40523
40581
40524
40582
40525
40583
40526
40584
40527
40585
40528
40586
40529
40587
40530
40588
40531
40589
40532
40590
40533
40591
40534
40592
40535
40593
40536
40594
40537
40595
40538
40596
40539
40597
40540
40598
40541
40599
40542
40600
40543
40601
40544
40602
40545
40603
40604
55066
40547
40605
63194
40548
40606
40549
40607
40550
40608
40551
40609
40552
40610
40553
40611
40554
40612
40555
40613
40556
40614
40557
40615
40558
40616
40559
40617
40560
40618
40561
40619
40562
40620
40563
40621
40564
40622
40565
40623
40566
40624
40567
40625
40568
40626
40569
40627
40570
40628
40571
40629
40572
40630
40573
40631
40574
40632
40575
40633
40576
40634
40577
40635
40578
40636
40579
40637
40580
40638
40581
40639
40582
40640
40583
40641
40584
40642
40585
40643
40586
40644
40587
40645
40588
40646
40589
40647
40590
40648
40591
40649
40592
40650
40593
40651
40594
40652
40595
40653
40596
40654
40597
40655
40598
40656
40599
40657
40600
40658
40601
40659
40602
40660
40603
40661
40604
40662
40663
55015
40606
40664
63193
40607
40665
40608
40666
40609
40667
40610
40668
40611
40669
40612
40670
40613
40671
40614
40672
40615
40673
40616
40674
40617
40675
40618
40676
40619
40677
40620
40678
40621
40679
40622
40680
40623
40681
40624
40682
40625
40683
40626
40684
40627
40685
40628
40686
40629
40687
40630
40688
40631
40689
40632
40690
40633
40691
40634
40692
40635
40693
40636
40694
40637
40695
40638
40696
40639
40697
40640
40698
40641
40699
40642
40700
40643
40701
40644
40702
40645
40703
40646
40704
40647
40705
40648
40706
40649
40707
40650
40708
40651
40709
40652
40710
40653
40711
40654
40712
40655
40713
40656
40714
40657
40715
40658
40716
40659
40717
40660
40718
40661
40719
40662
40720
40663
40721
40722
54964
40665
40723
63192
40666
40724
40667
40725
40668
40726
40669
40727
40670
40728
40671
40729
40672
40730
40673
40731
40674
40732
40675
40733
40676
40734
40677
40735
40678
40736
40679
40737
40680
40738
40681
40739
40682
40740
40683
40741
40684
40742
40685
40743
40686
40744
40687
40745
40688
40746
40689
40747
40690
40748
40691
40749
40692
40750
40693
40751
40694
40752
40695
40753
40696
40754
40697
40755
40698
40756
40699
40757
40700
40758
40701
40759
40702
40760
40703
40761
40704
40762
40705
40763
40706
40764
40707
40765
40708
40766
40709
40767
40710
40768
40711
40769
40712
40770
40713
40771
40714
40772
40715
40773
40716
40774
40717
40775
40718
40776
40719
40777
40720
40778
40721
40779
40722
40780
40781
54913
40724
40782
63191
40725
40783
40726
40784
40727
40785
40728
40786
40729
40787
40730
40788
40731
40789
40732
40790
40733
40791
40734
40792
40735
40793
40736
40794
40737
40795
40738
40796
40739
40797
40740
40798
40741
40799
40742
40800
40743
40801
40744
40802
40745
40803
40746
40804
40747
40805
40748
40806
40749
40807
40750
40808
40751
40809
40752
40810
40753
40811
40754
40812
40755
40813
40756
40814
40757
40815
40758
40816
40759
40817
40760
40818
40761
40819
40762
40820
40763
40821
40764
40822
40765
40823
40766
40824
40767
40825
40768
40826
40769
40827
40770
40828
40771
40829
40772
40830
40773
40831
40774
40832
40775
40833
40776
40834
40777
40835
40778
40836
40779
40837
40780
40838
40781
40839
40840
54862
40783
40841
63190
40784
40842
40785
40843
40786
40844
40787
40845
40788
40846
40789
40847
40790
40848
40791
40849
40792
40850
40793
40851
40794
40852
40795
40853
40796
40854
40797
40855
40798
40856
40799
40857
40800
40858
40801
40859
40802
40860
40803
40861
40804
40862
40805
40863
40806
40864
40807
40865
40808
40866
40809
40867
40810
40868
40811
40869
40812
40870
40813
40871
40814
40872
40815
40873
40816
40874
40817
40875
40818
40876
40819
40877
40820
40878
40821
40879
40822
40880
40823
40881
40824
40882
40825
40883
40826
40884
40827
40885
40828
40886
40829
40887
40830
40888
40831
40889
40832
40890
40833
40891
40834
40892
40835
40893
40836
40894
40837
40895
40838
40896
40839
40897
40840
40898
40899
54811
40842
40900
63189
40843
40901
40844
40902
40845
40903
40846
40904
40847
40905
40848
40906
40849
40907
40850
40908
40851
40909
40852
40910
40853
40911
40854
40912
40855
40913
40856
40914
40857
40915
40858
40916
40859
40917
40860
40918
40861
40919
40862
40920
40863
40921
40864
40922
40865
40923
40866
40924
40867
40925
40868
40926
40869
40927
40870
40928
40871
40929
40872
40930
40873
40931
40874
40932
40875
40933
40876
40934
40877
40935
40878
40936
40879
40937
40880
40938
40881
40939
40882
40940
40883
40941
40884
40942
40885
40943
40886
40944
40887
40945
40888
40946
40889
40947
40890
40948
40891
40949
40892
40950
40893
40951
40894
40952
40895
40953
40896
40954
40897
40955
40898
40956
40899
40957
40958
54760
40901
40959
63188
40902
40960
40903
40961
40904
40962
40905
40963
40906
40964
40907
40965
40908
40966
40909
40967
40910
40968
40911
40969
40912
40970
40913
40971
40914
40972
40915
40973
40916
40974
40917
40975
40918
40976
40919
40977
40920
40978
40921
40979
40922
40980
40923
40981
40924
40982
40925
40983
40926
40984
40927
40985
40928
40986
40929
40987
40930
40988
40931
40989
40932
40990
40933
40991
40934
40992
40935
40993
40936
40994
40937
40995
40938
40996
40939
40997
40940
40998
40941
40999
40942
41000
40943
41001
40944
41002
40945
41003
40946
41004
40947
41005
40948
41006
40949
41007
40950
41008
40951
41009
40952
41010
40953
41011
40954
41012
40955
41013
40956
41014
40957
41015
40958
41016
41017
54709
40960
41018
63187
40961
41019
40962
41020
40963
41021
40964
41022
40965
41023
40966
41024
40967
41025
40968
41026
40969
41027
40970
41028
40971
41029
40972
41030
40973
41031
40974
41032
40975
41033
40976
41034
40977
41035
40978
41036
40979
41037
40980
41038
40981
41039
40982
41040
40983
41041
40984
41042
40985
41043
40986
41044
40987
41045
40988
41046
40989
41047
40990
41048
40991
41049
40992
41050
40993
41051
40994
41052
40995
41053
40996
41054
40997
41055
40998
41056
40999
41057
41000
41058
41001
41059
41002
41060
41003
41061
41004
41062
41005
41063
41006
41064
41007
41065
41008
41066
41009
41067
41010
41068
41011
41069
41012
41070
41013
41071
41014
41072
41015
41073
41016
41074
41017
41075
41076
54658
41019
41077
63186
41020
41078
41021
41079
41022
41080
41023
41081
41024
41082
41025
41083
41026
41084
41027
41085
41028
41086
41029
41087
41030
41088
41031
41089
41032
41090
41033
41091
41034
41092
41035
41093
41036
41094
41037
41095
41038
41096
41039
41097
41040
41098
41041
41099
41042
41100
41043
41101
41044
41102
41045
41103
41046
41104
41047
41105
41048
41106
41049
41107
41050
41108
41051
41109
41052
41110
41053
41111
41054
41112
41055
41113
41056
41114
41057
41115
41058
41116
41059
41117
41060
41118
41061
41119
41062
41120
41063
41121
41064
41122
41065
41123
41066
41124
41067
41125
41068
41126
41069
41127
41070
41128
41071
41129
41072
41130
41073
41131
41074
41132
41075
41133
41076
41134
41135
54607
41078
41136
63185
41079
41137
41080
41138
41081
41139
41082
41140
41083
41141
41084
41142
41085
41143
41086
41144
41087
41145
41088
41146
41089
41147
41090
41148
41091
41149
41092
41150
41093
41151
41094
41152
41095
41153
41096
41154
41097
41155
41098
41156
41099
41157
41100
41158
41101
41159
41102
41160
41103
41161
41104
41162
41105
41163
41106
41164
41107
41165
41108
41166
41109
41167
41110
41168
41111
41169
41112
41170
41113
41171
41114
41172
41115
41173
41116
41174
41117
41175
41118
41176
41119
41177
41120
41178
41121
41179
41122
41180
41123
41181
41124
41182
41125
41183
41126
41184
41127
41185
41128
41186
41129
41187
41130
41188
41131
41189
41132
41190
41133
41191
41134
41192
41135
41193
41194
54556
41137
41195
63184
41138
41196
41139
41197
41140
41198
41141
41199
41142
41200
41143
41201
41144
41202
41145
41203
41146
41204
41147
41205
41148
41206
41149
41207
41150
41208
41151
41209
41152
41210
41153
41211
41154
41212
41155
41213
41156
41214
41157
41215
41158
41216
41159
41217
41160
41218
41161
41219
41162
41220
41163
41221
41164
41222
41165
41223
41166
41224
41167
41225
41168
41226
41169
41227
41170
41228
41171
41229
41172
41230
41173
41231
41174
41232
41175
41233
41176
41234
41177
41235
41178
41236
41179
41237
41180
41238
41181
41239
41182
41240
41183
41241
41184
41242
41185
41243
41186
41244
41187
41245
41188
41246
41189
41247
41190
41248
41191
41249
41192
41250
41193
41251
41194
41252
41253
54505
41196
41254
63183
41197
41255
41198
41256
41199
41257
41200
41258
41201
41259
41202
41260
41203
41261
41204
41262
41205
41263
41206
41264
41207
41265
41208
41266
41209
41267
41210
41268
41211
41269
41212
41270
41213
41271
41214
41272
41215
41273
41216
41274
41217
41275
41218
41276
41219
41277
41220
41278
41221
41279
41222
41280
41223
41281
41224
41282
41225
41283
41226
41284
41227
41285
41228
41286
41229
41287
41230
41288
41231
41289
41232
41290
41233
41291
41234
41292
41235
41293
41236
41294
41237
41295
41238
41296
41239
41297
41240
41298
41241
41299
41242
41300
41243
41301
41244
41302
41245
41303
41246
41304
41247
41305
41248
41306
41249
41307
41250
41308
41251
41309
41252
41310
41253
41311
41312
54454
41255
41313
63182
41256
41314
41257
41315
41258
41316
41259
41317
41260
41318
41261
41319
41262
41320
41263
41321
41264
41322
41265
41323
41266
41324
41267
41325
41268
41326
41269
41327
41270
41328
41271
41329
41272
41330
41273
41331
41274
41332
41275
41333
41276
41334
41277
41335
41278
41336
41279
41337
41280
41338
41281
41339
41282
41340
41283
41341
41284
41342
41285
41343
41286
41344
41287
41345
41288
41346
41289
41347
41290
41348
41291
41349
41292
41350
41293
41351
41294
41352
41295
41353
41296
41354
41297
41355
41298
41356
41299
41357
41300
41358
41301
41359
41302
41360
41303
41361
41304
41362
41305
41363
41306
41364
41307
41365
41308
41366
41309
41367
41310
41368
41311
41369
41312
41370
41371
54403
41314
41372
63181
41315
41373
41316
41374
41317
41375
41318
41376
41319
41377
41320
41378
41321
41379
41322
41380
41323
41381
41324
41382
41325
41383
41326
41384
41327
41385
41328
41386
41329
41387
41330
41388
41331
41389
41332
41390
41333
41391
41334
41392
41335
41393
41336
41394
41337
41395
41338
41396
41339
41397
41340
41398
41341
41399
41342
41400
41343
41401
41344
41402
41345
41403
41346
41404
41347
41405
41348
41406
41349
41407
41350
41408
41351
41409
41352
41410
41353
41411
41354
41412
41355
41413
41356
41414
41357
41415
41358
41416
41359
41417
41360
41418
41361
41419
41362
41420
41363
41421
41364
41422
41365
41423
41366
41424
41367
41425
41368
41426
41369
41427
41370
41428
41371
41429
41430
54352
41373
41431
63180
41374
41432
41375
41433
41376
41434
41377
41435
41378
41436
41379
41437
41380
41438
41381
41439
41382
41440
41383
41441
41384
41442
41385
41443
41386
41444
41387
41445
41388
41446
41389
41447
41390
41448
41391
41449
41392
41450
41393
41451
41394
41452
41395
41453
41396
41454
41397
41455
41398
41456
41399
41457
41400
41458
41401
41459
41402
41460
41403
41461
41404
41462
41405
41463
41406
41464
41407
41465
41408
41466
41409
41467
41410
41468
41411
41469
41412
41470
41413
41471
41414
41472
41415
41473
41416
41474
41417
41475
41418
41476
41419
41477
41420
41478
41421
41479
41422
41480
41423
41481
41424
41482
41425
41483
41426
41484
41427
41485
41428
41486
41429
41487
41430
41488
41489
54301
41432
41490
63179
41433
41491
41434
41492
41435
41493
41436
41494
41437
41495
41438
41496
41439
41497
41440
41498
41441
41499
41442
41500
41443
41501
41444
41502
41445
41503
41446
41504
41447
41505
41448
41506
41449
41507
41450
41508
41451
41509
41452
41510
41453
41511
41454
41512
41455
41513
41456
41514
41457
41515
41458
41516
41459
41517
41460
41518
41461
41519
41462
41520
41463
41521
41464
41522
41465
41523
41466
41524
41467
41525
41468
41526
41469
41527
41470
41528
41471
41529
41472
41530
41473
41531
41474
41532
41475
41533
41476
41534
41477
41535
41478
41536
41479
41537
41480
41538
41481
41539
41482
41540
41483
41541
41484
41542
41485
41543
41486
41544
41487
41545
41488
41546
41489
41547
41548
54250
41491
41549
63178
41492
41550
41493
41551
41494
41552
41495
41553
41496
41554
41497
41555
41498
41556
41499
41557
41500
41558
41501
41559
41502
41560
41503
41561
41504
41562
41505
41563
41506
41564
41507
41565
41508
41566
41509
41567
41510
41568
41511
41569
41512
41570
41513
41571
41514
41572
41515
41573
41516
41574
41517
41575
41518
41576
41519
41577
41520
41578
41521
41579
41522
41580
41523
41581
41524
41582
41525
41583
41526
41584
41527
41585
41528
41586
41529
41587
41530
41588
41531
41589
41532
41590
41533
41591
41534
41592
41535
41593
41536
41594
41537
41595
41538
41596
41539
41597
41540
41598
41541
41599
41542
41600
41543
41601
41544
41602
41545
41603
41546
41604
41547
41605
41548
41606
41607
54199
41550
41608
63177
41551
41609
41552
41610
41553
41611
41554
41612
41555
41613
41556
41614
41557
41615
41558
41616
41559
41617
41560
41618
41561
41619
41562
41620
41563
41621
41564
41622
41565
41623
41566
41624
41567
41625
41568
41626
41569
41627
41570
41628
41571
41629
41572
41630
41573
41631
41574
41632
41575
41633
41576
41634
41577
41635
41578
41636
41579
41637
41580
41638
41581
41639
41582
41640
41583
41641
41584
41642
41585
41643
41586
41644
41587
41645
41588
41646
41589
41647
41590
41648
41591
41649
41592
41650
41593
41651
41594
41652
41595
41653
41596
41654
41597
41655
41598
41656
41599
41657
41600
41658
41601
41659
41602
41660
41603
41661
41604
41662
41605
41663
41606
41664
41607
41665
41666
54148
41609
41667
63176
41610
41668
41611
41669
41612
41670
41613
41671
41614
41672
41615
41673
41616
41674
41617
41675
41618
41676
41619
41677
41620
41678
41621
41679
41622
41680
41623
41681
41624
41682
41625
41683
41626
41684
41627
41685
41628
41686
41629
41687
41630
41688
41631
41689
41632
41690
41633
41691
41634
41692
41635
41693
41636
41694
41637
41695
41638
41696
41639
41697
41640
41698
41641
41699
41642
41700
41643
41701
41644
41702
41645
41703
41646
41704
41647
41705
41648
41706
41649
41707
41650
41708
41651
41709
41652
41710
41653
41711
41654
41712
41655
41713
41656
41714
41657
41715
41658
41716
41659
41717
41660
41718
41661
41719
41662
41720
41663
41721
41664
41722
41665
41723
41666
41724
41725
54097
41668
41726
63175
41669
41727
41670
41728
41671
41729
41672
41730
41673
41731
41674
41732
41675
41733
41676
41734
41677
41735
41678
41736
41679
41737
41680
41738
41681
41739
41682
41740
41683
41741
41684
41742
41685
41743
41686
41744
41687
41745
41688
41746
41689
41747
41690
41748
41691
41749
41692
41750
41693
41751
41694
41752
41695
41753
41696
41754
41697
41755
41698
41756
41699
41757
41700
41758
41701
41759
41702
41760
41703
41761
41704
41762
41705
41763
41706
41764
41707
41765
41708
41766
41709
41767
41710
41768
41711
41769
41712
41770
41713
41771
41714
41772
41715
41773
41716
41774
41717
41775
41718
41776
41719
41777
41720
41778
41721
41779
41722
41780
41723
41781
41724
41782
41725
41783
41784
54046
41727
41785
63174
41728
41786
41729
41787
41730
41788
41731
41789
41732
41790
41733
41791
41734
41792
41735
41793
41736
41794
41737
41795
41738
41796
41739
41797
41740
41798
41741
41799
41742
41800
41743
41801
41744
41802
41745
41803
41746
41804
41747
41805
41748
41806
41749
41807
41750
41808
41751
41809
41752
41810
41753
41811
41754
41812
41755
41813
41756
41814
41757
41815
41758
41816
41759
41817
41760
41818
41761
41819
41762
41820
41763
41821
41764
41822
41765
41823
41766
41824
41767
41825
41768
41826
41769
41827
41770
41828
41771
41829
41772
41830
41773
41831
41774
41832
41775
41833
41776
41834
41777
41835
41778
41836
41779
41837
41780
41838
41781
41839
41782
41840
41783
41841
41784
41842
41843
53995
41786
41844
63173
41787
41845
41788
41846
41789
41847
41790
41848
41791
41849
41792
41850
41793
41851
41794
41852
41795
41853
41796
41854
41797
41855
41798
41856
41799
41857
41800
41858
41801
41859
41802
41860
41803
41861
41804
41862
41805
41863
41806
41864
41807
41865
41808
41866
41809
41867
41810
41868
41811
41869
41812
41870
41813
41871
41814
41872
41815
41873
41816
41874
41817
41875
41818
41876
41819
41877
41820
41878
41821
41879
41822
41880
41823
41881
41824
41882
41825
41883
41826
41884
41827
41885
41828
41886
41829
41887
41830
41888
41831
41889
41832
41890
41833
41891
41834
41892
41835
41893
41836
41894
41837
41895
41838
41896
41839
41897
41840
41898
41841
41899
41842
41900
41843
41901
41902
53944
41845
41903
63172
41846
41904
41847
41905
41848
41906
41849
41907
41850
41908
41851
41909
41852
41910
41853
41911
41854
41912
41855
41913
41856
41914
41857
41915
41858
41916
41859
41917
41860
41918
41861
41919
41862
41920
41863
41921
41864
41922
41865
41923
41866
41924
41867
41925
41868
41926
41869
41927
41870
41928
41871
41929
41872
41930
41873
41931
41874
41932
41875
41933
41876
41934
41877
41935
41878
41936
41879
41937
41880
41938
41881
41939
41882
41940
41883
41941
41884
41942
41885
41943
41886
41944
41887
41945
41888
41946
41889
41947
41890
41948
41891
41949
41892
41950
41893
41951
41894
41952
41895
41953
41896
41954
41897
41955
41898
41956
41899
41957
41900
41958
41901
41959
41902
41960
41961
53893
41904
41962
63171
41905
41963
41906
41964
41907
41965
41908
41966
41909
41967
41910
41968
41911
41969
41912
41970
41913
41971
41914
41972
41915
41973
41916
41974
41917
41975
41918
41976
41919
41977
41920
41978
41921
41979
41922
41980
41923
41981
41924
41982
41925
41983
41926
41984
41927
41985
41928
41986
41929
41987
41930
41988
41931
41989
41932
41990
41933
41991
41934
41992
41935
41993
41936
41994
41937
41995
41938
41996
41939
41997
41940
41998
41941
41999
41942
42000
41943
42001
41944
42002
41945
42003
41946
42004
41947
42005
41948
42006
41949
42007
41950
42008
41951
42009
41952
42010
41953
42011
41954
42012
41955
42013
41956
42014
41957
42015
41958
42016
41959
42017
41960
42018
41961
42019
42020
53842
41963
42021
63170
41964
42022
41965
42023
41966
42024
41967
42025
41968
42026
41969
42027
41970
42028
41971
42029
41972
42030
41973
42031
41974
42032
41975
42033
41976
42034
41977
42035
41978
42036
41979
42037
41980
42038
41981
42039
41982
42040
41983
42041
41984
42042
41985
42043
41986
42044
41987
42045
41988
42046
41989
42047
41990
42048
41991
42049
41992
42050
41993
42051
41994
42052
41995
42053
41996
42054
41997
42055
41998
42056
41999
42057
42000
42058
42001
42059
42002
42060
42003
42061
42004
42062
42005
42063
42006
42064
42007
42065
42008
42066
42009
42067
42010
42068
42011
42069
42012
42070
42013
42071
42014
42072
42015
42073
42016
42074
42017
42075
42018
42076
42019
42077
42020
42078
42079
53791
42022
42080
63169
42023
42081
42024
42082
42025
42083
42026
42084
42027
42085
42028
42086
42029
42087
42030
42088
42031
42089
42032
42090
42033
42091
42034
42092
42035
42093
42036
42094
42037
42095
42038
42096
42039
42097
42040
42098
42041
42099
42042
42100
42043
42101
42044
42102
42045
42103
42046
42104
42047
42105
42048
42106
42049
42107
42050
42108
42051
42109
42052
42110
42053
42111
42054
42112
42055
42113
42056
42114
42057
42115
42058
42116
42059
42117
42060
42118
42061
42119
42062
42120
42063
42121
42064
42122
42065
42123
42066
42124
42067
42125
42068
42126
42069
42127
42070
42128
42071
42129
42072
42130
42073
42131
42074
42132
42075
42133
42076
42134
42077
42135
42078
42136
42079
42137
42138
53740
42081
42139
63168
42082
42140
42083
42141
42084
42142
42085
42143
42086
42144
42087
42145
42088
42146
42089
42147
42090
42148
42091
42149
42092
42150
42093
42151
42094
42152
42095
42153
42096
42154
42097
42155
42098
42156
42099
42157
42100
42158
42101
42159
42102
42160
42103
42161
42104
42162
42105
42163
42106
42164
42107
42165
42108
42166
42109
42167
42110
42168
42111
42169
42112
42170
42113
42171
42114
42172
42115
42173
42116
42174
42117
42175
42118
42176
42119
42177
42120
42178
42121
42179
42122
42180
42123
42181
42124
42182
42125
42183
42126
42184
42127
42185
42128
42186
42129
42187
42130
42188
42131
42189
42132
42190
42133
42191
42134
42192
42135
42193
42136
42194
42137
42195
42138
42196
42197
53689
42140
42198
63167
42141
42199
42142
42200
42143
42201
42144
42202
42145
42203
42146
42204
42147
42205
42148
42206
42149
42207
42150
42208
42151
42209
42152
42210
42153
42211
42154
42212
42155
42213
42156
42214
42157
42215
42158
42216
42159
42217
42160
42218
42161
42219
42162
42220
42163
42221
42164
42222
42165
42223
42166
42224
42167
42225
42168
42226
42169
42227
42170
42228
42171
42229
42172
42230
42173
42231
42174
42232
42175
42233
42176
42234
42177
42235
42178
42236
42179
42237
42180
42238
42181
42239
42182
42240
42183
42241
42184
42242
42185
42243
42186
42244
42187
42245
42188
42246
42189
42247
42190
42248
42191
42249
42192
42250
42193
42251
42194
42252
42195
42253
42196
42254
42197
42255
42256
53638
42199
42257
63166
42200
42258
42201
42259
42202
42260
42203
42261
42204
42262
42205
42263
42206
42264
42207
42265
42208
42266
42209
42267
42210
42268
42211
42269
42212
42270
42213
42271
42214
42272
42215
42273
42216
42274
42217
42275
42218
42276
42219
42277
42220
42278
42221
42279
42222
42280
42223
42281
42224
42282
42225
42283
42226
42284
42227
42285
42228
42286
42229
42287
42230
42288
42231
42289
42232
42290
42233
42291
42234
42292
42235
42293
42236
42294
42237
42295
42238
42296
42239
42297
42240
42298
42241
42299
42242
42300
42243
42301
42244
42302
42245
42303
42246
42304
42247
42305
42248
42306
42249
42307
42250
42308
42251
42309
42252
42310
42253
42311
42254
42312
42255
42313
42256
42314
42315
53587
42258
42316
63165
42259
42317
42260
42318
42261
42319
42262
42320
42263
42321
42264
42322
42265
42323
42266
42324
42267
42325
42268
42326
42269
42327
42270
42328
42271
42329
42272
42330
42273
42331
42274
42332
42275
42333
42276
42334
42277
42335
42278
42336
42279
42337
42280
42338
42281
42339
42282
42340
42283
42341
42284
42342
42285
42343
42286
42344
42287
42345
42288
42346
42289
42347
42290
42348
42291
42349
42292
42350
42293
42351
42294
42352
42295
42353
42296
42354
42297
42355
42298
42356
42299
42357
42300
42358
42301
42359
42302
42360
42303
42361
42304
42362
42305
42363
42306
42364
42307
42365
42308
42366
42309
42367
42310
42368
42311
42369
42312
42370
42313
42371
42314
42372
42315
42373
42374
53536
42317
42375
63164
42318
42376
42319
42377
42320
42378
42321
42379
42322
42380
42323
42381
42324
42382
42325
42383
42326
42384
42327
42385
42328
42386
42329
42387
42330
42388
42331
42389
42332
42390
42333
42391
42334
42392
42335
42393
42336
42394
42337
42395
42338
42396
42339
42397
42340
42398
42341
42399
42342
42400
42343
42401
42344
42402
42345
42403
42346
42404
42347
42405
42348
42406
42349
42407
42350
42408
42351
42409
42352
42410
42353
42411
42354
42412
42355
42413
42356
42414
42357
42415
42358
42416
42359
42417
42360
42418
42361
42419
42362
42420
42363
42421
42364
42422
42365
42423
42366
42424
42367
42425
42368
42426
42369
42427
42370
42428
42371
42429
42372
42430
42373
42431
42374
42432
42433
53485
42376
42434
63163
42377
42435
42378
42436
42379
42437
42380
42438
42381
42439
42382
42440
42383
42441
42384
42442
42385
42443
42386
42444
42387
42445
42388
42446
42389
42447
42390
42448
42391
42449
42392
42450
42393
42451
42394
42452
42395
42453
42396
42454
42397
42455
42398
42456
42399
42457
42400
42458
42401
42459
42402
42460
42403
42461
42404
42462
42405
42463
42406
42464
42407
42465
42408
42466
42409
42467
42410
42468
42411
42469
42412
42470
42413
42471
42414
42472
42415
42473
42416
42474
42417
42475
42418
42476
42419
42477
42420
42478
42421
42479
42422
42480
42423
42481
42424
42482
42425
42483
42426
42484
42427
42485
42428
42486
42429
42487
42430
42488
42431
42489
42432
42490
42433
42491
42492
53434
42435
42493
63162
42436
42494
42437
42495
42438
42496
42439
42497
42440
42498
42441
42499
42442
42500
42443
42501
42444
42502
42445
42503
42446
42504
42447
42505
42448
42506
42449
42507
42450
42508
42451
42509
42452
42510
42453
42511
42454
42512
42455
42513
42456
42514
42457
42515
42458
42516
42459
42517
42460
42518
42461
42519
42462
42520
42463
42521
42464
42522
42465
42523
42466
42524
42467
42525
42468
42526
42469
42527
42470
42528
42471
42529
42472
42530
42473
42531
42474
42532
42475
42533
42476
42534
42477
42535
42478
42536
42479
42537
42480
42538
42481
42539
42482
42540
42483
42541
42484
42542
42485
42543
42486
42544
42487
42545
42488
42546
42489
42547
42490
42548
42491
42549
42492
42550
42551
53383
42494
42552
63161
42495
42553
42496
42554
42497
42555
42498
42556
42499
42557
42500
42558
42501
42559
42502
42560
42503
42561
42504
42562
42505
42563
42506
42564
42507
42565
42508
42566
42509
42567
42510
42568
42511
42569
42512
42570
42513
42571
42514
42572
42515
42573
42516
42574
42517
42575
42518
42576
42519
42577
42520
42578
42521
42579
42522
42580
42523
42581
42524
42582
42525
42583
42526
42584
42527
42585
42528
42586
42529
42587
42530
42588
42531
42589
42532
42590
42533
42591
42534
42592
42535
42593
42536
42594
42537
42595
42538
42596
42539
42597
42540
42598
42541
42599
42542
42600
42543
42601
42544
42602
42545
42603
42546
42604
42547
42605
42548
42606
42549
42607
42550
42608
42551
42609
42610
53332
42553
42611
63160
42554
42612
42555
42613
42556
42614
42557
42615
42558
42616
42559
42617
42560
42618
42561
42619
42562
42620
42563
42621
42564
42622
42565
42623
42566
42624
42567
42625
42568
42626
42569
42627
42570
42628
42571
42629
42572
42630
42573
42631
42574
42632
42575
42633
42576
42634
42577
42635
42578
42636
42579
42637
42580
42638
42581
42639
42582
42640
42583
42641
42584
42642
42585
42643
42586
42644
42587
42645
42588
42646
42589
42647
42590
42648
42591
42649
42592
42650
42593
42651
42594
42652
42595
42653
42596
42654
42597
42655
42598
42656
42599
42657
42600
42658
42601
42659
42602
42660
42603
42661
42604
42662
42605
42663
42606
42664
42607
42665
42608
42666
42609
42667
42610
42668
42669
53281
42612
42670
63159
42613
42671
42614
42672
42615
42673
42616
42674
42617
42675
42618
42676
42619
42677
42620
42678
42621
42679
42622
42680
42623
42681
42624
42682
42625
42683
42626
42684
42627
42685
42628
42686
42629
42687
42630
42688
42631
42689
42632
42690
42633
42691
42634
42692
42635
42693
42636
42694
42637
42695
42638
42696
42639
42697
42640
42698
42641
42699
42642
42700
42643
42701
42644
42702
42645
42703
42646
42704
42647
42705
42648
42706
42649
42707
42650
42708
42651
42709
42652
42710
42653
42711
42654
42712
42655
42713
42656
42714
42657
42715
42658
42716
42659
42717
42660
42718
42661
42719
42662
42720
42663
42721
42664
42722
42665
42723
42666
42724
42667
42725
42668
42726
42669
42727
42728
53230
42671
42729
63158
42672
42730
42673
42731
42674
42732
42675
42733
42676
42734
42677
42735
42678
42736
42679
42737
42680
42738
42681
42739
42682
42740
42683
42741
42684
42742
42685
42743
42686
42744
42687
42745
42688
42746
42689
42747
42690
42748
42691
42749
42692
42750
42693
42751
42694
42752
42695
42753
42696
42754
42697
42755
42698
42756
42699
42757
42700
42758
42701
42759
42702
42760
42703
42761
42704
42762
42705
42763
42706
42764
42707
42765
42708
42766
42709
42767
42710
42768
42711
42769
42712
42770
42713
42771
42714
42772
42715
42773
42716
42774
42717
42775
42718
42776
42719
42777
42720
42778
42721
42779
42722
42780
42723
42781
42724
42782
42725
42783
42726
42784
42727
42785
42728
42786
42787
53179
42730
42788
63157
42731
42789
42732
42790
42733
42791
42734
42792
42735
42793
42736
42794
42737
42795
42738
42796
42739
42797
42740
42798
42741
42799
42742
42800
42743
42801
42744
42802
42745
42803
42746
42804
42747
42805
42748
42806
42749
42807
42750
42808
42751
42809
42752
42810
42753
42811
42754
42812
42755
42813
42756
42814
42757
42815
42758
42816
42759
42817
42760
42818
42761
42819
42762
42820
42763
42821
42764
42822
42765
42823
42766
42824
42767
42825
42768
42826
42769
42827
42770
42828
42771
42829
42772
42830
42773
42831
42774
42832
42775
42833
42776
42834
42777
42835
42778
42836
42779
42837
42780
42838
42781
42839
42782
42840
42783
42841
42784
42842
42785
42843
42786
42844
42787
42845
42846
53128
42789
42847
63156
42790
42848
42791
42849
42792
42850
42793
42851
42794
42852
42795
42853
42796
42854
42797
42855
42798
42856
42799
42857
42800
42858
42801
42859
42802
42860
42803
42861
42804
42862
42805
42863
42806
42864
42807
42865
42808
42866
42809
42867
42810
42868
42811
42869
42812
42870
42813
42871
42814
42872
42815
42873
42816
42874
42817
42875
42818
42876
42819
42877
42820
42878
42821
42879
42822
42880
42823
42881
42824
42882
42825
42883
42826
42884
42827
42885
42828
42886
42829
42887
42830
42888
42831
42889
42832
42890
42833
42891
42834
42892
42835
42893
42836
42894
42837
42895
42838
42896
42839
42897
42840
42898
42841
42899
42842
42900
42843
42901
42844
42902
42845
42903
42846
42904
42905
53077
42848
42906
63155
42849
42907
42850
42908
42851
42909
42852
42910
42853
42911
42854
42912
42855
42913
42856
42914
42857
42915
42858
42916
42859
42917
42860
42918
42861
42919
42862
42920
42863
42921
42864
42922
42865
42923
42866
42924
42867
42925
42868
42926
42869
42927
42870
42928
42871
42929
42872
42930
42873
42931
42874
42932
42875
42933
42876
42934
42877
42935
42878
42936
42879
42937
42880
42938
42881
42939
42882
42940
42883
42941
42884
42942
42885
42943
42886
42944
42887
42945
42888
42946
42889
42947
42890
42948
42891
42949
42892
42950
42893
42951
42894
42952
42895
42953
42896
42954
42897
42955
42898
42956
42899
42957
42900
42958
42901
42959
42902
42960
42903
42961
42904
42962
42905
42963
42964
53026
42907
42965
63154
42908
42966
42909
42967
42910
42968
42911
42969
42912
42970
42913
42971
42914
42972
42915
42973
42916
42974
42917
42975
42918
42976
42919
42977
42920
42978
42921
42979
42922
42980
42923
42981
42924
42982
42925
42983
42926
42984
42927
42985
42928
42986
42929
42987
42930
42988
42931
42989
42932
42990
42933
42991
42934
42992
42935
42993
42936
42994
42937
42995
42938
42996
42939
42997
42940
42998
42941
42999
42942
43000
42943
43001
42944
43002
42945
43003
42946
43004
42947
43005
42948
43006
42949
43007
42950
43008
42951
43009
42952
43010
42953
43011
42954
43012
42955
43013
42956
43014
42957
43015
42958
43016
42959
43017
42960
43018
42961
43019
42962
43020
42963
43021
42964
43022
43023
52975
42966
43024
63153
42967
43025
42968
43026
42969
43027
42970
43028
42971
43029
42972
43030
42973
43031
42974
43032
42975
43033
42976
43034
42977
43035
42978
43036
42979
43037
42980
43038
42981
43039
42982
43040
42983
43041
42984
43042
42985
43043
42986
43044
42987
43045
42988
43046
42989
43047
42990
43048
42991
43049
42992
43050
42993
43051
42994
43052
42995
43053
42996
43054
42997
43055
42998
43056
42999
43057
43000
43058
43001
43059
43002
43060
43003
43061
43004
43062
43005
43063
43006
43064
43007
43065
43008
43066
43009
43067
43010
43068
43011
43069
43012
43070
43013
43071
43014
43072
43015
43073
43016
43074
43017
43075
43018
43076
43019
43077
43020
43078
43021
43079
43022
43080
43023
43081
43082
52924
43025
43083
63152
43026
43084
43027
43085
43028
43086
43029
43087
43030
43088
43031
43089
43032
43090
43033
43091
43034
43092
43035
43093
43036
43094
43037
43095
43038
43096
43039
43097
43040
43098
43041
43099
43042
43100
43043
43101
43044
43102
43045
43103
43046
43104
43047
43105
43048
43106
43049
43107
43050
43108
43051
43109
43052
43110
43053
43111
43054
43112
43055
43113
43056
43114
43057
43115
43058
43116
43059
43117
43060
43118
43061
43119
43062
43120
43063
43121
43064
43122
43065
43123
43066
43124
43067
43125
43068
43126
43069
43127
43070
43128
43071
43129
43072
43130
43073
43131
43074
43132
43075
43133
43076
43134
43077
43135
43078
43136
43079
43137
43080
43138
43081
43139
43082
43140
43141
52873
43084
43142
63151
43085
43143
43086
43144
43087
43145
43088
43146
43089
43147
43090
43148
43091
43149
43092
43150
43093
43151
43094
43152
43095
43153
43096
43154
43097
43155
43098
43156
43099
43157
43100
43158
43101
43159
43102
43160
43103
43161
43104
43162
43105
43163
43106
43164
43107
43165
43108
43166
43109
43167
43110
43168
43111
43169
43112
43170
43113
43171
43114
43172
43115
43173
43116
43174
43117
43175
43118
43176
43119
43177
43120
43178
43121
43179
43122
43180
43123
43181
43124
43182
43125
43183
43126
43184
43127
43185
43128
43186
43129
43187
43130
43188
43131
43189
43132
43190
43133
43191
43134
43192
43135
43193
43136
43194
43137
43195
43138
43196
43139
43197
43140
43198
43141
43199
43200
52822
43143
43201
63150
43144
43202
43145
43203
43146
43204
43147
43205
43148
43206
43149
43207
43150
43208
43151
43209
43152
43210
43153
43211
43154
43212
43155
43213
43156
43214
43157
43215
43158
43216
43159
43217
43160
43218
43161
43219
43162
43220
43163
43221
43164
43222
43165
43223
43166
43224
43167
43225
43168
43226
43169
43227
43170
43228
43171
43229
43172
43230
43173
43231
43174
43232
43175
43233
43176
43234
43177
43235
43178
43236
43179
43237
43180
43238
43181
43239
43182
43240
43183
43241
43184
43242
43185
43243
43186
43244
43187
43245
43188
43246
43189
43247
43190
43248
43191
43249
43192
43250
43193
43251
43194
43252
43195
43253
43196
43254
43197
43255
43198
43256
43199
43257
43200
43258
43259
52771
43202
43260
63149
43203
43261
43204
43262
43205
43263
43206
43264
43207
43265
43208
43266
43209
43267
43210
43268
43211
43269
43212
43270
43213
43271
43214
43272
43215
43273
43216
43274
43217
43275
43218
43276
43219
43277
43220
43278
43221
43279
43222
43280
43223
43281
43224
43282
43225
43283
43226
43284
43227
43285
43228
43286
43229
43287
43230
43288
43231
43289
43232
43290
43233
43291
43234
43292
43235
43293
43236
43294
43237
43295
43238
43296
43239
43297
43240
43298
43241
43299
43242
43300
43243
43301
43244
43302
43245
43303
43246
43304
43247
43305
43248
43306
43249
43307
43250
43308
43251
43309
43252
43310
43253
43311
43254
43312
43255
43313
43256
43314
43257
43315
43258
43316
43259
43317
43318
52720
43261
43319
63148
43262
43320
43263
43321
43264
43322
43265
43323
43266
43324
43267
43325
43268
43326
43269
43327
43270
43328
43271
43329
43272
43330
43273
43331
43274
43332
43275
43333
43276
43334
43277
43335
43278
43336
43279
43337
43280
43338
43281
43339
43282
43340
43283
43341
43284
43342
43285
43343
43286
43344
43287
43345
43288
43346
43289
43347
43290
43348
43291
43349
43292
43350
43293
43351
43294
43352
43295
43353
43296
43354
43297
43355
43298
43356
43299
43357
43300
43358
43301
43359
43302
43360
43303
43361
43304
43362
43305
43363
43306
43364
43307
43365
43308
43366
43309
43367
43310
43368
43311
43369
43312
43370
43313
43371
43314
43372
43315
43373
43316
43374
43317
43375
43318
43376
43377
52669
43320
43378
63147
43321
43379
43322
43380
43323
43381
43324
43382
43325
43383
43326
43384
43327
43385
43328
43386
43329
43387
43330
43388
43331
43389
43332
43390
43333
43391
43334
43392
43335
43393
43336
43394
43337
43395
43338
43396
43339
43397
43340
43398
43341
43399
43342
43400
43343
43401
43344
43402
43345
43403
43346
43404
43347
43405
43348
43406
43349
43407
43350
43408
43351
43409
43352
43410
43353
43411
43354
43412
43355
43413
43356
43414
43357
43415
43358
43416
43359
43417
43360
43418
43361
43419
43362
43420
43363
43421
43364
43422
43365
43423
43366
43424
43367
43425
43368
43426
43369
43427
43370
43428
43371
43429
43372
43430
43373
43431
43374
43432
43375
43433
43376
43434
43377
43435
43436
52618
43379
43437
63146
43380
43438
43381
43439
43382
43440
43383
43441
43384
43442
43385
43443
43386
43444
43387
43445
43388
43446
43389
43447
43390
43448
43391
43449
43392
43450
43393
43451
43394
43452
43395
43453
43396
43454
43397
43455
43398
43456
43399
43457
43400
43458
43401
43459
43402
43460
43403
43461
43404
43462
43405
43463
43406
43464
43407
43465
43408
43466
43409
43467
43410
43468
43411
43469
43412
43470
43413
43471
43414
43472
43415
43473
43416
43474
43417
43475
43418
43476
43419
43477
43420
43478
43421
43479
43422
43480
43423
43481
43424
43482
43425
43483
43426
43484
43427
43485
43428
43486
43429
43487
43430
43488
43431
43489
43432
43490
43433
43491
43434
43492
43435
43493
43436
43494
43495
52567
43438
43496
63145
43439
43497
43440
43498
43441
43499
43442
43500
43443
43501
43444
43502
43445
43503
43446
43504
43447
43505
43448
43506
43449
43507
43450
43508
43451
43509
43452
43510
43453
43511
43454
43512
43455
43513
43456
43514
43457
43515
43458
43516
43459
43517
43460
43518
43461
43519
43462
43520
43463
43521
43464
43522
43465
43523
43466
43524
43467
43525
43468
43526
43469
43527
43470
43528
43471
43529
43472
43530
43473
43531
43474
43532
43475
43533
43476
43534
43477
43535
43478
43536
43479
43537
43480
43538
43481
43539
43482
43540
43483
43541
43484
43542
43485
43543
43486
43544
43487
43545
43488
43546
43489
43547
43490
43548
43491
43549
43492
43550
43493
43551
43494
43552
43495
43553
43554
52516
43497
43555
63144
43498
43556
43499
43557
43500
43558
43501
43559
43502
43560
43503
43561
43504
43562
43505
43563
43506
43564
43507
43565
43508
43566
43509
43567
43510
43568
43511
43569
43512
43570
43513
43571
43514
43572
43515
43573
43516
43574
43517
43575
43518
43576
43519
43577
43520
43578
43521
43579
43522
43580
43523
43581
43524
43582
43525
43583
43526
43584
43527
43585
43528
43586
43529
43587
43530
43588
43531
43589
43532
43590
43533
43591
43534
43592
43535
43593
43536
43594
43537
43595
43538
43596
43539
43597
43540
43598
43541
43599
43542
43600
43543
43601
43544
43602
43545
43603
43546
43604
43547
43605
43548
43606
43549
43607
43550
43608
43551
43609
43552
43610
43553
43611
43554
43612
43613
52465
43556
43614
63143
43557
43615
43558
43616
43559
43617
43560
43618
43561
43619
43562
43620
43563
43621
43564
43622
43565
43623
43566
43624
43567
43625
43568
43626
43569
43627
43570
43628
43571
43629
43572
43630
43573
43631
43574
43632
43575
43633
43576
43634
43577
43635
43578
43636
43579
43637
43580
43638
43581
43639
43582
43640
43583
43641
43584
43642
43585
43643
43586
43644
43587
43645
43588
43646
43589
43647
43590
43648
43591
43649
43592
43650
43593
43651
43594
43652
43595
43653
43596
43654
43597
43655
43598
43656
43599
43657
43600
43658
43601
43659
43602
43660
43603
43661
43604
43662
43605
43663
43606
43664
43607
43665
43608
43666
43609
43667
43610
43668
43611
43669
43612
43670
43613
43671
43672
52414
43615
43673
63142
43616
43674
43617
43675
43618
43676
43619
43677
43620
43678
43621
43679
43622
43680
43623
43681
43624
43682
43625
43683
43626
43684
43627
43685
43628
43686
43629
43687
43630
43688
43631
43689
43632
43690
43633
43691
43634
43692
43635
43693
43636
43694
43637
43695
43638
43696
43639
43697
43640
43698
43641
43699
43642
43700
43643
43701
43644
43702
43645
43703
43646
43704
43647
43705
43648
43706
43649
43707
43650
43708
43651
43709
43652
43710
43653
43711
43654
43712
43655
43713
43656
43714
43657
43715
43658
43716
43659
43717
43660
43718
43661
43719
43662
43720
43663
43721
43664
43722
43665
43723
43666
43724
43667
43725
43668
43726
43669
43727
43670
43728
43671
43729
43672
43730
43731
52363
43674
43732
63141
43675
43733
43676
43734
43677
43735
43678
43736
43679
43737
43680
43738
43681
43739
43682
43740
43683
43741
43684
43742
43685
43743
43686
43744
43687
43745
43688
43746
43689
43747
43690
43748
43691
43749
43692
43750
43693
43751
43694
43752
43695
43753
43696
43754
43697
43755
43698
43756
43699
43757
43700
43758
43701
43759
43702
43760
43703
43761
43704
43762
43705
43763
43706
43764
43707
43765
43708
43766
43709
43767
43710
43768
43711
43769
43712
43770
43713
43771
43714
43772
43715
43773
43716
43774
43717
43775
43718
43776
43719
43777
43720
43778
43721
43779
43722
43780
43723
43781
43724
43782
43725
43783
43726
43784
43727
43785
43728
43786
43729
43787
43730
43788
43731
43789
43790
52312
43733
43791
63140
43734
43792
43735
43793
43736
43794
43737
43795
43738
43796
43739
43797
43740
43798
43741
43799
43742
43800
43743
43801
43744
43802
43745
43803
43746
43804
43747
43805
43748
43806
43749
43807
43750
43808
43751
43809
43752
43810
43753
43811
43754
43812
43755
43813
43756
43814
43757
43815
43758
43816
43759
43817
43760
43818
43761
43819
43762
43820
43763
43821
43764
43822
43765
43823
43766
43824
43767
43825
43768
43826
43769
43827
43770
43828
43771
43829
43772
43830
43773
43831
43774
43832
43775
43833
43776
43834
43777
43835
43778
43836
43779
43837
43780
43838
43781
43839
43782
43840
43783
43841
43784
43842
43785
43843
43786
43844
43787
43845
43788
43846
43789
43847
43790
43848
43849
52261
43792
43850
63139
43793
43851
43794
43852
43795
43853
43796
43854
43797
43855
43798
43856
43799
43857
43800
43858
43801
43859
43802
43860
43803
43861
43804
43862
43805
43863
43806
43864
43807
43865
43808
43866
43809
43867
43810
43868
43811
43869
43812
43870
43813
43871
43814
43872
43815
43873
43816
43874
43817
43875
43818
43876
43819
43877
43820
43878
43821
43879
43822
43880
43823
43881
43824
43882
43825
43883
43826
43884
43827
43885
43828
43886
43829
43887
43830
43888
43831
43889
43832
43890
43833
43891
43834
43892
43835
43893
43836
43894
43837
43895
43838
43896
43839
43897
43840
43898
43841
43899
43842
43900
43843
43901
43844
43902
43845
43903
43846
43904
43847
43905
43848
43906
43849
43907
43908
52210
43851
43909
63138
43852
43910
43853
43911
43854
43912
43855
43913
43856
43914
43857
43915
43858
43916
43859
43917
43860
43918
43861
43919
43862
43920
43863
43921
43864
43922
43865
43923
43866
43924
43867
43925
43868
43926
43869
43927
43870
43928
43871
43929
43872
43930
43873
43931
43874
43932
43875
43933
43876
43934
43877
43935
43878
43936
43879
43937
43880
43938
43881
43939
43882
43940
43883
43941
43884
43942
43885
43943
43886
43944
43887
43945
43888
43946
43889
43947
43890
43948
43891
43949
43892
43950
43893
43951
43894
43952
43895
43953
43896
43954
43897
43955
43898
43956
43899
43957
43900
43958
43901
43959
43902
43960
43903
43961
43904
43962
43905
43963
43906
43964
43907
43965
43908
43966
43967
52159
43910
43968
63137
43911
43969
43912
43970
43913
43971
43914
43972
43915
43973
43916
43974
43917
43975
43918
43976
43919
43977
43920
43978
43921
43979
43922
43980
43923
43981
43924
43982
43925
43983
43926
43984
43927
43985
43928
43986
43929
43987
43930
43988
43931
43989
43932
43990
43933
43991
43934
43992
43935
43993
43936
43994
43937
43995
43938
43996
43939
43997
43940
43998
43941
43999
43942
44000
43943
44001
43944
44002
43945
44003
43946
44004
43947
44005
43948
44006
43949
44007
43950
44008
43951
44009
43952
44010
43953
44011
43954
44012
43955
44013
43956
44014
43957
44015
43958
44016
43959
44017
43960
44018
43961
44019
43962
44020
43963
44021
43964
44022
43965
44023
43966
44024
43967
44025
44026
52108
43969
44027
63136
43970
44028
43971
44029
43972
44030
43973
44031
43974
44032
43975
44033
43976
44034
43977
44035
43978
44036
43979
44037
43980
44038
43981
44039
43982
44040
43983
44041
43984
44042
43985
44043
43986
44044
43987
44045
43988
44046
43989
44047
43990
44048
43991
44049
43992
44050
43993
44051
43994
44052
43995
44053
43996
44054
43997
44055
43998
44056
43999
44057
44000
44058
44001
44059
44002
44060
44003
44061
44004
44062
44005
44063
44006
44064
44007
44065
44008
44066
44009
44067
44010
44068
44011
44069
44012
44070
44013
44071
44014
44072
44015
44073
44016
44074
44017
44075
44018
44076
44019
44077
44020
44078
44021
44079
44022
44080
44023
44081
44024
44082
44025
44083
44026
44084
44085
52057
44028
44086
63135
44029
44087
44030
44088
44031
44089
44032
44090
44033
44091
44034
44092
44035
44093
44036
44094
44037
44095
44038
44096
44039
44097
44040
44098
44041
44099
44042
44100
44043
44101
44044
44102
44045
44103
44046
44104
44047
44105
44048
44106
44049
44107
44050
44108
44051
44109
44052
44110
44053
44111
44054
44112
44055
44113
44056
44114
44057
44115
44058
44116
44059
44117
44060
44118
44061
44119
44062
44120
44063
44121
44064
44122
44065
44123
44066
44124
44067
44125
44068
44126
44069
44127
44070
44128
44071
44129
44072
44130
44073
44131
44074
44132
44075
44133
44076
44134
44077
44135
44078
44136
44079
44137
44080
44138
44081
44139
44082
44140
44083
44141
44084
44142
44085
44143
44144
52006
44087
44145
63134
44088
44146
44089
44147
44090
44148
44091
44149
44092
44150
44093
44151
44094
44152
44095
44153
44096
44154
44097
44155
44098
44156
44099
44157
44100
44158
44101
44159
44102
44160
44103
44161
44104
44162
44105
44163
44106
44164
44107
44165
44108
44166
44109
44167
44110
44168
44111
44169
44112
44170
44113
44171
44114
44172
44115
44173
44116
44174
44117
44175
44118
44176
44119
44177
44120
44178
44121
44179
44122
44180
44123
44181
44124
44182
44125
44183
44126
44184
44127
44185
44128
44186
44129
44187
44130
44188
44131
44189
44132
44190
44133
44191
44134
44192
44135
44193
44136
44194
44137
44195
44138
44196
44139
44197
44140
44198
44141
44199
44142
44200
44143
44201
44144
44202
44203
51955
44146
44204
63133
44147
44205
44148
44206
44149
44207
44150
44208
44151
44209
44152
44210
44153
44211
44154
44212
44155
44213
44156
44214
44157
44215
44158
44216
44159
44217
44160
44218
44161
44219
44162
44220
44163
44221
44164
44222
44165
44223
44166
44224
44167
44225
44168
44226
44169
44227
44170
44228
44171
44229
44172
44230
44173
44231
44174
44232
44175
44233
44176
44234
44177
44235
44178
44236
44179
44237
44180
44238
44181
44239
44182
44240
44183
44241
44184
44242
44185
44243
44186
44244
44187
44245
44188
44246
44189
44247
44190
44248
44191
44249
44192
44250
44193
44251
44194
44252
44195
44253
44196
44254
44197
44255
44198
44256
44199
44257
44200
44258
44201
44259
44202
44260
44203
44261
44262
51904
44205
44263
63132
44206
44264
44207
44265
44208
44266
44209
44267
44210
44268
44211
44269
44212
44270
44213
44271
44214
44272
44215
44273
44216
44274
44217
44275
44218
44276
44219
44277
44220
44278
44221
44279
44222
44280
44223
44281
44224
44282
44225
44283
44226
44284
44227
44285
44228
44286
44229
44287
44230
44288
44231
44289
44232
44290
44233
44291
44234
44292
44235
44293
44236
44294
44237
44295
44238
44296
44239
44297
44240
44298
44241
44299
44242
44300
44243
44301
44244
44302
44245
44303
44246
44304
44247
44305
44248
44306
44249
44307
44250
44308
44251
44309
44252
44310
44253
44311
44254
44312
44255
44313
44256
44314
44257
44315
44258
44316
44259
44317
44260
44318
44261
44319
44262
44320
44321
51853
44264
44322
63131
44265
44323
44266
44324
44267
44325
44268
44326
44269
44327
44270
44328
44271
44329
44272
44330
44273
44331
44274
44332
44275
44333
44276
44334
44277
44335
44278
44336
44279
44337
44280
44338
44281
44339
44282
44340
44283
44341
44284
44342
44285
44343
44286
44344
44287
44345
44288
44346
44289
44347
44290
44348
44291
44349
44292
44350
44293
44351
44294
44352
44295
44353
44296
44354
44297
44355
44298
44356
44299
44357
44300
44358
44301
44359
44302
44360
44303
44361
44304
44362
44305
44363
44306
44364
44307
44365
44308
44366
44309
44367
44310
44368
44311
44369
44312
44370
44313
44371
44314
44372
44315
44373
44316
44374
44317
44375
44318
44376
44319
44377
44320
44378
44321
44379
44380
51802
44323
44381
63130
44324
44382
44325
44383
44326
44384
44327
44385
44328
44386
44329
44387
44330
44388
44331
44389
44332
44390
44333
44391
44334
44392
44335
44393
44336
44394
44337
44395
44338
44396
44339
44397
44340
44398
44341
44399
44342
44400
44343
44401
44344
44402
44345
44403
44346
44404
44347
44405
44348
44406
44349
44407
44350
44408
44351
44409
44352
44410
44353
44411
44354
44412
44355
44413
44356
44414
44357
44415
44358
44416
44359
44417
44360
44418
44361
44419
44362
44420
44363
44421
44364
44422
44365
44423
44366
44424
44367
44425
44368
44426
44369
44427
44370
44428
44371
44429
44372
44430
44373
44431
44374
44432
44375
44433
44376
44434
44377
44435
44378
44436
44379
44437
44380
44438
44439
51751
44382
44440
63129
44383
44441
44384
44442
44385
44443
44386
44444
44387
44445
44388
44446
44389
44447
44390
44448
44391
44449
44392
44450
44393
44451
44394
44452
44395
44453
44396
44454
44397
44455
44398
44456
44399
44457
44400
44458
44401
44459
44402
44460
44403
44461
44404
44462
44405
44463
44406
44464
44407
44465
44408
44466
44409
44467
44410
44468
44411
44469
44412
44470
44413
44471
44414
44472
44415
44473
44416
44474
44417
44475
44418
44476
44419
44477
44420
44478
44421
44479
44422
44480
44423
44481
44424
44482
44425
44483
44426
44484
44427
44485
44428
44486
44429
44487
44430
44488
44431
44489
44432
44490
44433
44491
44434
44492
44435
44493
44436
44494
44437
44495
44438
44496
44439
44497
44498
51700
44441
44499
63128
44442
44500
44443
44501
44444
44502
44445
44503
44446
44504
44447
44505
44448
44506
44449
44507
44450
44508
44451
44509
44452
44510
44453
44511
44454
44512
44455
44513
44456
44514
44457
44515
44458
44516
44459
44517
44460
44518
44461
44519
44462
44520
44463
44521
44464
44522
44465
44523
44466
44524
44467
44525
44468
44526
44469
44527
44470
44528
44471
44529
44472
44530
44473
44531
44474
44532
44475
44533
44476
44534
44477
44535
44478
44536
44479
44537
44480
44538
44481
44539
44482
44540
44483
44541
44484
44542
44485
44543
44486
44544
44487
44545
44488
44546
44489
44547
44490
44548
44491
44549
44492
44550
44493
44551
44494
44552
44495
44553
44496
44554
44497
44555
44498
44556
44557
51649
44500
44558
63127
44501
44559
44502
44560
44503
44561
44504
44562
44505
44563
44506
44564
44507
44565
44508
44566
44509
44567
44510
44568
44511
44569
44512
44570
44513
44571
44514
44572
44515
44573
44516
44574
44517
44575
44518
44576
44519
44577
44520
44578
44521
44579
44522
44580
44523
44581
44524
44582
44525
44583
44526
44584
44527
44585
44528
44586
44529
44587
44530
44588
44531
44589
44532
44590
44533
44591
44534
44592
44535
44593
44536
44594
44537
44595
44538
44596
44539
44597
44540
44598
44541
44599
44542
44600
44543
44601
44544
44602
44545
44603
44546
44604
44547
44605
44548
44606
44549
44607
44550
44608
44551
44609
44552
44610
44553
44611
44554
44612
44555
44613
44556
44614
44557
44615
44616
51598
44559
44617
63126
44560
44618
44561
44619
44562
44620
44563
44621
44564
44622
44565
44623
44566
44624
44567
44625
44568
44626
44569
44627
44570
44628
44571
44629
44572
44630
44573
44631
44574
44632
44575
44633
44576
44634
44577
44635
44578
44636
44579
44637
44580
44638
44581
44639
44582
44640
44583
44641
44584
44642
44585
44643
44586
44644
44587
44645
44588
44646
44589
44647
44590
44648
44591
44649
44592
44650
44593
44651
44594
44652
44595
44653
44596
44654
44597
44655
44598
44656
44599
44657
44600
44658
44601
44659
44602
44660
44603
44661
44604
44662
44605
44663
44606
44664
44607
44665
44608
44666
44609
44667
44610
44668
44611
44669
44612
44670
44613
44671
44614
44672
44615
44673
44616
44674
44675
51547
44618
44676
63125
44619
44677
44620
44678
44621
44679
44622
44680
44623
44681
44624
44682
44625
44683
44626
44684
44627
44685
44628
44686
44629
44687
44630
44688
44631
44689
44632
44690
44633
44691
44634
44692
44635
44693
44636
44694
44637
44695
44638
44696
44639
44697
44640
44698
44641
44699
44642
44700
44643
44701
44644
44702
44645
44703
44646
44704
44647
44705
44648
44706
44649
44707
44650
44708
44651
44709
44652
44710
44653
44711
44654
44712
44655
44713
44656
44714
44657
44715
44658
44716
44659
44717
44660
44718
44661
44719
44662
44720
44663
44721
44664
44722
44665
44723
44666
44724
44667
44725
44668
44726
44669
44727
44670
44728
44671
44729
44672
44730
44673
44731
44674
44732
44675
44733
44734
51496
44677
44735
63124
44678
44736
44679
44737
44680
44738
44681
44739
44682
44740
44683
44741
44684
44742
44685
44743
44686
44744
44687
44745
44688
44746
44689
44747
44690
44748
44691
44749
44692
44750
44693
44751
44694
44752
44695
44753
44696
44754
44697
44755
44698
44756
44699
44757
44700
44758
44701
44759
44702
44760
44703
44761
44704
44762
44705
44763
44706
44764
44707
44765
44708
44766
44709
44767
44710
44768
44711
44769
44712
44770
44713
44771
44714
44772
44715
44773
44716
44774
44717
44775
44718
44776
44719
44777
44720
44778
44721
44779
44722
44780
44723
44781
44724
44782
44725
44783
44726
44784
44727
44785
44728
44786
44729
44787
44730
44788
44731
44789
44732
44790
44733
44791
44734
44792
44793
51445
44736
44794
63123
44737
44795
44738
44796
44739
44797
44740
44798
44741
44799
44742
44800
44743
44801
44744
44802
44745
44803
44746
44804
44747
44805
44748
44806
44749
44807
44750
44808
44751
44809
44752
44810
44753
44811
44754
44812
44755
44813
44756
44814
44757
44815
44758
44816
44759
44817
44760
44818
44761
44819
44762
44820
44763
44821
44764
44822
44765
44823
44766
44824
44767
44825
44768
44826
44769
44827
44770
44828
44771
44829
44772
44830
44773
44831
44774
44832
44775
44833
44776
44834
44777
44835
44778
44836
44779
44837
44780
44838
44781
44839
44782
44840
44783
44841
44784
44842
44785
44843
44786
44844
44787
44845
44788
44846
44789
44847
44790
44848
44791
44849
44792
44850
44793
44851
44852
51394
44795
44853
63122
44796
44854
44797
44855
44798
44856
44799
44857
44800
44858
44801
44859
44802
44860
44803
44861
44804
44862
44805
44863
44806
44864
44807
44865
44808
44866
44809
44867
44810
44868
44811
44869
44812
44870
44813
44871
44814
44872
44815
44873
44816
44874
44817
44875
44818
44876
44819
44877
44820
44878
44821
44879
44822
44880
44823
44881
44824
44882
44825
44883
44826
44884
44827
44885
44828
44886
44829
44887
44830
44888
44831
44889
44832
44890
44833
44891
44834
44892
44835
44893
44836
44894
44837
44895
44838
44896
44839
44897
44840
44898
44841
44899
44842
44900
44843
44901
44844
44902
44845
44903
44846
44904
44847
44905
44848
44906
44849
44907
44850
44908
44851
44909
44852
44910
44911
51343
44854
44912
63121
44855
44913
44856
44914
44857
44915
44858
44916
44859
44917
44860
44918
44861
44919
44862
44920
44863
44921
44864
44922
44865
44923
44866
44924
44867
44925
44868
44926
44869
44927
44870
44928
44871
44929
44872
44930
44873
44931
44874
44932
44875
44933
44876
44934
44877
44935
44878
44936
44879
44937
44880
44938
44881
44939
44882
44940
44883
44941
44884
44942
44885
44943
44886
44944
44887
44945
44888
44946
44889
44947
44890
44948
44891
44949
44892
44950
44893
44951
44894
44952
44895
44953
44896
44954
44897
44955
44898
44956
44899
44957
44900
44958
44901
44959
44902
44960
44903
44961
44904
44962
44905
44963
44906
44964
44907
44965
44908
44966
44909
44967
44910
44968
44911
44969
44970
51292
44913
44971
63120
44914
44972
44915
44973
44916
44974
44917
44975
44918
44976
44919
44977
44920
44978
44921
44979
44922
44980
44923
44981
44924
44982
44925
44983
44926
44984
44927
44985
44928
44986
44929
44987
44930
44988
44931
44989
44932
44990
44933
44991
44934
44992
44935
44993
44936
44994
44937
44995
44938
44996
44939
44997
44940
44998
44941
44999
44942
45000
44943
45001
44944
45002
44945
45003
44946
45004
44947
45005
44948
45006
44949
45007
44950
45008
44951
45009
44952
45010
44953
45011
44954
45012
44955
45013
44956
45014
44957
45015
44958
45016
44959
45017
44960
45018
44961
45019
44962
45020
44963
45021
44964
45022
44965
45023
44966
45024
44967
45025
44968
45026
44969
45027
44970
45028
45029
51241
44972
45030
63119
44973
45031
44974
45032
44975
45033
44976
45034
44977
45035
44978
45036
44979
45037
44980
45038
44981
45039
44982
45040
44983
45041
44984
45042
44985
45043
44986
45044
44987
45045
44988
45046
44989
45047
44990
45048
44991
45049
44992
45050
44993
45051
44994
45052
44995
45053
44996
45054
44997
45055
44998
45056
44999
45057
45000
45058
45001
45059
45002
45060
45003
45061
45004
45062
45005
45063
45006
45064
45007
45065
45008
45066
45009
45067
45010
45068
45011
45069
45012
45070
45013
45071
45014
45072
45015
45073
45016
45074
45017
45075
45018
45076
45019
45077
45020
45078
45021
45079
45022
45080
45023
45081
45024
45082
45025
45083
45026
45084
45027
45085
45028
45086
45029
45087
45088
51190
45031
45089
63118
45032
45090
45033
45091
45034
45092
45035
45093
45036
45094
45037
45095
45038
45096
45039
45097
45040
45098
45041
45099
45042
45100
45043
45101
45044
45102
45045
45103
45046
45104
45047
45105
45048
45106
45049
45107
45050
45108
45051
45109
45052
45110
45053
45111
45054
45112
45055
45113
45056
45114
45057
45115
45058
45116
45059
45117
45060
45118
45061
45119
45062
45120
45063
45121
45064
45122
45065
45123
45066
45124
45067
45125
45068
45126
45069
45127
45070
45128
45071
45129
45072
45130
45073
45131
45074
45132
45075
45133
45076
45134
45077
45135
45078
45136
45079
45137
45080
45138
45081
45139
45082
45140
45083
45141
45084
45142
45085
45143
45086
45144
45087
45145
45088
45146
45147
51139
45090
45148
63117
45091
45149
45092
45150
45093
45151
45094
45152
45095
45153
45096
45154
45097
45155
45098
45156
45099
45157
45100
45158
45101
45159
45102
45160
45103
45161
45104
45162
45105
45163
45106
45164
45107
45165
45108
45166
45109
45167
45110
45168
45111
45169
45112
45170
45113
45171
45114
45172
45115
45173
45116
45174
45117
45175
45118
45176
45119
45177
45120
45178
45121
45179
45122
45180
45123
45181
45124
45182
45125
45183
45126
45184
45127
45185
45128
45186
45129
45187
45130
45188
45131
45189
45132
45190
45133
45191
45134
45192
45135
45193
45136
45194
45137
45195
45138
45196
45139
45197
45140
45198
45141
45199
45142
45200
45143
45201
45144
45202
45145
45203
45146
45204
45147
45205
45206
51088
45149
45207
63116
45150
45208
45151
45209
45152
45210
45153
45211
45154
45212
45155
45213
45156
45214
45157
45215
45158
45216
45159
45217
45160
45218
45161
45219
45162
45220
45163
45221
45164
45222
45165
45223
45166
45224
45167
45225
45168
45226
45169
45227
45170
45228
45171
45229
45172
45230
45173
45231
45174
45232
45175
45233
45176
45234
45177
45235
45178
45236
45179
45237
45180
45238
45181
45239
45182
45240
45183
45241
45184
45242
45185
45243
45186
45244
45187
45245
45188
45246
45189
45247
45190
45248
45191
45249
45192
45250
45193
45251
45194
45252
45195
45253
45196
45254
45197
45255
45198
45256
45199
45257
45200
45258
45201
45259
45202
45260
45203
45261
45204
45262
45205
45263
45206
45264
45265
51037
45208
45266
63115
45209
45267
45210
45268
45211
45269
45212
45270
45213
45271
45214
45272
45215
45273
45216
45274
45217
45275
45218
45276
45219
45277
45220
45278
45221
45279
45222
45280
45223
45281
45224
45282
45225
45283
45226
45284
45227
45285
45228
45286
45229
45287
45230
45288
45231
45289
45232
45290
45233
45291
45234
45292
45235
45293
45236
45294
45237
45295
45238
45296
45239
45297
45240
45298
45241
45299
45242
45300
45243
45301
45244
45302
45245
45303
45246
45304
45247
45305
45248
45306
45249
45307
45250
45308
45251
45309
45252
45310
45253
45311
45254
45312
45255
45313
45256
45314
45257
45315
45258
45316
45259
45317
45260
45318
45261
45319
45262
45320
45263
45321
45264
45322
45265
45323
45324
50986
45267
45325
63114
45268
45326
45269
45327
45270
45328
45271
45329
45272
45330
45273
45331
45274
45332
45275
45333
45276
45334
45277
45335
45278
45336
45279
45337
45280
45338
45281
45339
45282
45340
45283
45341
45284
45342
45285
45343
45286
45344
45287
45345
45288
45346
45289
45347
45290
45348
45291
45349
45292
45350
45293
45351
45294
45352
45295
45353
45296
45354
45297
45355
45298
45356
45299
45357
45300
45358
45301
45359
45302
45360
45303
45361
45304
45362
45305
45363
45306
45364
45307
45365
45308
45366
45309
45367
45310
45368
45311
45369
45312
45370
45313
45371
45314
45372
45315
45373
45316
45374
45317
45375
45318
45376
45319
45377
45320
45378
45321
45379
45322
45380
45323
45381
45324
45382
45383
50935
45326
45384
63113
45327
45385
45328
45386
45329
45387
45330
45388
45331
45389
45332
45390
45333
45391
45334
45392
45335
45393
45336
45394
45337
45395
45338
45396
45339
45397
45340
45398
45341
45399
45342
45400
45343
45401
45344
45402
45345
45403
45346
45404
45347
45405
45348
45406
45349
45407
45350
45408
45351
45409
45352
45410
45353
45411
45354
45412
45355
45413
45356
45414
45357
45415
45358
45416
45359
45417
45360
45418
45361
45419
45362
45420
45363
45421
45364
45422
45365
45423
45366
45424
45367
45425
45368
45426
45369
45427
45370
45428
45371
45429
45372
45430
45373
45431
45374
45432
45375
45433
45376
45434
45377
45435
45378
45436
45379
45437
45380
45438
45381
45439
45382
45440
45383
45441
45442
50884
45385
45443
63112
45386
45444
45387
45445
45388
45446
45389
45447
45390
45448
45391
45449
45392
45450
45393
45451
45394
45452
45395
45453
45396
45454
45397
45455
45398
45456
45399
45457
45400
45458
45401
45459
45402
45460
45403
45461
45404
45462
45405
45463
45406
45464
45407
45465
45408
45466
45409
45467
45410
45468
45411
45469
45412
45470
45413
45471
45414
45472
45415
45473
45416
45474
45417
45475
45418
45476
45419
45477
45420
45478
45421
45479
45422
45480
45423
45481
45424
45482
45425
45483
45426
45484
45427
45485
45428
45486
45429
45487
45430
45488
45431
45489
45432
45490
45433
45491
45434
45492
45435
45493
45436
45494
45437
45495
45438
45496
45439
45497
45440
45498
45441
45499
45442
45500
45501
50833
45444
45502
63111
45445
45503
45446
45504
45447
45505
45448
45506
45449
45507
45450
45508
45451
45509
45452
45510
45453
45511
45454
45512
45455
45513
45456
45514
45457
45515
45458
45516
45459
45517
45460
45518
45461
45519
45462
45520
45463
45521
45464
45522
45465
45523
45466
45524
45467
45525
45468
45526
45469
45527
45470
45528
45471
45529
45472
45530
45473
45531
45474
45532
45475
45533
45476
45534
45477
45535
45478
45536
45479
45537
45480
45538
45481
45539
45482
45540
45483
45541
45484
45542
45485
45543
45486
45544
45487
45545
45488
45546
45489
45547
45490
45548
45491
45549
45492
45550
45493
45551
45494
45552
45495
45553
45496
45554
45497
45555
45498
45556
45499
45557
45500
45558
45501
45559
45560
50782
45503
45561
63110
45504
45562
45505
45563
45506
45564
45507
45565
45508
45566
45509
45567
45510
45568
45511
45569
45512
45570
45513
45571
45514
45572
45515
45573
45516
45574
45517
45575
45518
45576
45519
45577
45520
45578
45521
45579
45522
45580
45523
45581
45524
45582
45525
45583
45526
45584
45527
45585
45528
45586
45529
45587
45530
45588
45531
45589
45532
45590
45533
45591
45534
45592
45535
45593
45536
45594
45537
45595
45538
45596
45539
45597
45540
45598
45541
45599
45542
45600
45543
45601
45544
45602
45545
45603
45546
45604
45547
45605
45548
45606
45549
45607
45550
45608
45551
45609
45552
45610
45553
45611
45554
45612
45555
45613
45556
45614
45557
45615
45558
45616
45559
45617
45560
45618
45619
50731
45562
45620
63109
45563
45621
45564
45622
45565
45623
45566
45624
45567
45625
45568
45626
45569
45627
45570
45628
45571
45629
45572
45630
45573
45631
45574
45632
45575
45633
45576
45634
45577
45635
45578
45636
45579
45637
45580
45638
45581
45639
45582
45640
45583
45641
45584
45642
45585
45643
45586
45644
45587
45645
45588
45646
45589
45647
45590
45648
45591
45649
45592
45650
45593
45651
45594
45652
45595
45653
45596
45654
45597
45655
45598
45656
45599
45657
45600
45658
45601
45659
45602
45660
45603
45661
45604
45662
45605
45663
45606
45664
45607
45665
45608
45666
45609
45667
45610
45668
45611
45669
45612
45670
45613
45671
45614
45672
45615
45673
45616
45674
45617
45675
45618
45676
45619
45677
45678
50680
45621
45679
63108
45622
45680
45623
45681
45624
45682
45625
45683
45626
45684
45627
45685
45628
45686
45629
45687
45630
45688
45631
45689
45632
45690
45633
45691
45634
45692
45635
45693
45636
45694
45637
45695
45638
45696
45639
45697
45640
45698
45641
45699
45642
45700
45643
45701
45644
45702
45645
45703
45646
45704
45647
45705
45648
45706
45649
45707
45650
45708
45651
45709
45652
45710
45653
45711
45654
45712
45655
45713
45656
45714
45657
45715
45658
45716
45659
45717
45660
45718
45661
45719
45662
45720
45663
45721
45664
45722
45665
45723
45666
45724
45667
45725
45668
45726
45669
45727
45670
45728
45671
45729
45672
45730
45673
45731
45674
45732
45675
45733
45676
45734
45677
45735
45678
45736
45737
50629
45680
45738
63107
45681
45739
45682
45740
45683
45741
45684
45742
45685
45743
45686
45744
45687
45745
45688
45746
45689
45747
45690
45748
45691
45749
45692
45750
45693
45751
45694
45752
45695
45753
45696
45754
45697
45755
45698
45756
45699
45757
45700
45758
45701
45759
45702
45760
45703
45761
45704
45762
45705
45763
45706
45764
45707
45765
45708
45766
45709
45767
45710
45768
45711
45769
45712
45770
45713
45771
45714
45772
45715
45773
45716
45774
45717
45775
45718
45776
45719
45777
45720
45778
45721
45779
45722
45780
45723
45781
45724
45782
45725
45783
45726
45784
45727
45785
45728
45786
45729
45787
45730
45788
45731
45789
45732
45790
45733
45791
45734
45792
45735
45793
45736
45794
45737
45795
45796
50578
45739
45797
63106
45740
45798
45741
45799
45742
45800
45743
45801
45744
45802
45745
45803
45746
45804
45747
45805
45748
45806
45749
45807
45750
45808
45751
45809
45752
45810
45753
45811
45754
45812
45755
45813
45756
45814
45757
45815
45758
45816
45759
45817
45760
45818
45761
45819
45762
45820
45763
45821
45764
45822
45765
45823
45766
45824
45767
45825
45768
45826
45769
45827
45770
45828
45771
45829
45772
45830
45773
45831
45774
45832
45775
45833
45776
45834
45777
45835
45778
45836
45779
45837
45780
45838
45781
45839
45782
45840
45783
45841
45784
45842
45785
45843
45786
45844
45787
45845
45788
45846
45789
45847
45790
45848
45791
45849
45792
45850
45793
45851
45794
45852
45795
45853
45796
45854
45855
50527
45798
45856
63105
45799
45857
45800
45858
45801
45859
45802
45860
45803
45861
45804
45862
45805
45863
45806
45864
45807
45865
45808
45866
45809
45867
45810
45868
45811
45869
45812
45870
45813
45871
45814
45872
45815
45873
45816
45874
45817
45875
45818
45876
45819
45877
45820
45878
45821
45879
45822
45880
45823
45881
45824
45882
45825
45883
45826
45884
45827
45885
45828
45886
45829
45887
45830
45888
45831
45889
45832
45890
45833
45891
45834
45892
45835
45893
45836
45894
45837
45895
45838
45896
45839
45897
45840
45898
45841
45899
45842
45900
45843
45901
45844
45902
45845
45903
45846
45904
45847
45905
45848
45906
45849
45907
45850
45908
45851
45909
45852
45910
45853
45911
45854
45912
45855
45913
45914
50476
45857
45915
63104
45858
45916
45859
45917
45860
45918
45861
45919
45862
45920
45863
45921
45864
45922
45865
45923
45866
45924
45867
45925
45868
45926
45869
45927
45870
45928
45871
45929
45872
45930
45873
45931
45874
45932
45875
45933
45876
45934
45877
45935
45878
45936
45879
45937
45880
45938
45881
45939
45882
45940
45883
45941
45884
45942
45885
45943
45886
45944
45887
45945
45888
45946
45889
45947
45890
45948
45891
45949
45892
45950
45893
45951
45894
45952
45895
45953
45896
45954
45897
45955
45898
45956
45899
45957
45900
45958
45901
45959
45902
45960
45903
45961
45904
45962
45905
45963
45906
45964
45907
45965
45908
45966
45909
45967
45910
45968
45911
45969
45912
45970
45913
45971
45914
45972
45973
50425
45916
45974
63103
45917
45975
45918
45976
45919
45977
45920
45978
45921
45979
45922
45980
45923
45981
45924
45982
45925
45983
45926
45984
45927
45985
45928
45986
45929
45987
45930
45988
45931
45989
45932
45990
45933
45991
45934
45992
45935
45993
45936
45994
45937
45995
45938
45996
45939
45997
45940
45998
45941
45999
45942
46000
45943
46001
45944
46002
45945
46003
45946
46004
45947
46005
45948
46006
45949
46007
45950
46008
45951
46009
45952
46010
45953
46011
45954
46012
45955
46013
45956
46014
45957
46015
45958
46016
45959
46017
45960
46018
45961
46019
45962
46020
45963
46021
45964
46022
45965
46023
45966
46024
45967
46025
45968
46026
45969
46027
45970
46028
45971
46029
45972
46030
45973
46031
46032
50374
45975
46033
63102
45976
46034
45977
46035
45978
46036
45979
46037
45980
46038
45981
46039
45982
46040
45983
46041
45984
46042
45985
46043
45986
46044
45987
46045
45988
46046
45989
46047
45990
46048
45991
46049
45992
46050
45993
46051
45994
46052
45995
46053
45996
46054
45997
46055
45998
46056
45999
46057
46000
46058
46001
46059
46002
46060
46003
46061
46004
46062
46005
46063
46006
46064
46007
46065
46008
46066
46009
46067
46010
46068
46011
46069
46012
46070
46013
46071
46014
46072
46015
46073
46016
46074
46017
46075
46018
46076
46019
46077
46020
46078
46021
46079
46022
46080
46023
46081
46024
46082
46025
46083
46026
46084
46027
46085
46028
46086
46029
46087
46030
46088
46031
46089
46032
46090
46091
50323
46034
46092
63101
46035
46093
46036
46094
46037
46095
46038
46096
46039
46097
46040
46098
46041
46099
46042
46100
46043
46101
46044
46102
46045
46103
46046
46104
46047
46105
46048
46106
46049
46107
46050
46108
46051
46109
46052
46110
46053
46111
46054
46112
46055
46113
46056
46114
46057
46115
46058
46116
46059
46117
46060
46118
46061
46119
46062
46120
46063
46121
46064
46122
46065
46123
46066
46124
46067
46125
46068
46126
46069
46127
46070
46128
46071
46129
46072
46130
46073
46131
46074
46132
46075
46133
46076
46134
46077
46135
46078
46136
46079
46137
46080
46138
46081
46139
46082
46140
46083
46141
46084
46142
46085
46143
46086
46144
46087
46145
46088
46146
46089
46147
46090
46148
46091
46149
46150
50272
46093
46151
63100
46094
46152
46095
46153
46096
46154
46097
46155
46098
46156
46099
46157
46100
46158
46101
46159
46102
46160
46103
46161
46104
46162
46105
46163
46106
46164
46107
46165
46108
46166
46109
46167
46110
46168
46111
46169
46112
46170
46113
46171
46114
46172
46115
46173
46116
46174
46117
46175
46118
46176
46119
46177
46120
46178
46121
46179
46122
46180
46123
46181
46124
46182
46125
46183
46126
46184
46127
46185
46128
46186
46129
46187
46130
46188
46131
46189
46132
46190
46133
46191
46134
46192
46135
46193
46136
46194
46137
46195
46138
46196
46139
46197
46140
46198
46141
46199
46142
46200
46143
46201
46144
46202
46145
46203
46146
46204
46147
46205
46148
46206
46149
46207
46150
46208
46209
50221
46152
46210
63099
46153
46211
46154
46212
46155
46213
46156
46214
46157
46215
46158
46216
46159
46217
46160
46218
46161
46219
46162
46220
46163
46221
46164
46222
46165
46223
46166
46224
46167
46225
46168
46226
46169
46227
46170
46228
46171
46229
46172
46230
46173
46231
46174
46232
46175
46233
46176
46234
46177
46235
46178
46236
46179
46237
46180
46238
46181
46239
46182
46240
46183
46241
46184
46242
46185
46243
46186
46244
46187
46245
46188
46246
46189
46247
46190
46248
46191
46249
46192
46250
46193
46251
46194
46252
46195
46253
46196
46254
46197
46255
46198
46256
46199
46257
46200
46258
46201
46259
46202
46260
46203
46261
46204
46262
46205
46263
46206
46264
46207
46265
46208
46266
46209
46267
46268
50170
46211
46269
63098
46212
46270
46213
46271
46214
46272
46215
46273
46216
46274
46217
46275
46218
46276
46219
46277
46220
46278
46221
46279
46222
46280
46223
46281
46224
46282
46225
46283
46226
46284
46227
46285
46228
46286
46229
46287
46230
46288
46231
46289
46232
46290
46233
46291
46234
46292
46235
46293
46236
46294
46237
46295
46238
46296
46239
46297
46240
46298
46241
46299
46242
46300
46243
46301
46244
46302
46245
46303
46246
46304
46247
46305
46248
46306
46249
46307
46250
46308
46251
46309
46252
46310
46253
46311
46254
46312
46255
46313
46256
46314
46257
46315
46258
46316
46259
46317
46260
46318
46261
46319
46262
46320
46263
46321
46264
46322
46265
46323
46266
46324
46267
46325
46268
46326
46327
50119
46270
46328
63097
46271
46329
46272
46330
46273
46331
46274
46332
46275
46333
46276
46334
46277
46335
46278
46336
46279
46337
46280
46338
46281
46339
46282
46340
46283
46341
46284
46342
46285
46343
46286
46344
46287
46345
46288
46346
46289
46347
46290
46348
46291
46349
46292
46350
46293
46351
46294
46352
46295
46353
46296
46354
46297
46355
46298
46356
46299
46357
46300
46358
46301
46359
46302
46360
46303
46361
46304
46362
46305
46363
46306
46364
46307
46365
46308
46366
46309
46367
46310
46368
46311
46369
46312
46370
46313
46371
46314
46372
46315
46373
46316
46374
46317
46375
46318
46376
46319
46377
46320
46378
46321
46379
46322
46380
46323
46381
46324
46382
46325
46383
46326
46384
46327
46385
46386
50068
46329
46387
63096
46330
46388
46331
46389
46332
46390
46333
46391
46334
46392
46335
46393
46336
46394
46337
46395
46338
46396
46339
46397
46340
46398
46341
46399
46342
46400
46343
46401
46344
46402
46345
46403
46346
46404
46347
46405
46348
46406
46349
46407
46350
46408
46351
46409
46352
46410
46353
46411
46354
46412
46355
46413
46356
46414
46357
46415
46358
46416
46359
46417
46360
46418
46361
46419
46362
46420
46363
46421
46364
46422
46365
46423
46366
46424
46367
46425
46368
46426
46369
46427
46370
46428
46371
46429
46372
46430
46373
46431
46374
46432
46375
46433
46376
46434
46377
46435
46378
46436
46379
46437
46380
46438
46381
46439
46382
46440
46383
46441
46384
46442
46385
46443
46386
46444
46445
50017
46388
46446
63095
46389
46447
46390
46448
46391
46449
46392
46450
46393
46451
46394
46452
46395
46453
46396
46454
46397
46455
46398
46456
46399
46457
46400
46458
46401
46459
46402
46460
46403
46461
46404
46462
46405
46463
46406
46464
46407
46465
46408
46466
46409
46467
46410
46468
46411
46469
46412
46470
46413
46471
46414
46472
46415
46473
46416
46474
46417
46475
46418
46476
46419
46477
46420
46478
46421
46479
46422
46480
46423
46481
46424
46482
46425
46483
46426
46484
46427
46485
46428
46486
46429
46487
46430
46488
46431
46489
46432
46490
46433
46491
46434
46492
46435
46493
46436
46494
46437
46495
46438
46496
46439
46497
46440
46498
46441
46499
46442
46500
46443
46501
46444
46502
46445
46503
46504
49966
46447
46505
63094
46448
46506
46449
46507
46450
46508
46451
46509
46452
46510
46453
46511
46454
46512
46455
46513
46456
46514
46457
46515
46458
46516
46459
46517
46460
46518
46461
46519
46462
46520
46463
46521
46464
46522
46465
46523
46466
46524
46467
46525
46468
46526
46469
46527
46470
46528
46471
46529
46472
46530
46473
46531
46474
46532
46475
46533
46476
46534
46477
46535
46478
46536
46479
46537
46480
46538
46481
46539
46482
46540
46483
46541
46484
46542
46485
46543
46486
46544
46487
46545
46488
46546
46489
46547
46490
46548
46491
46549
46492
46550
46493
46551
46494
46552
46495
46553
46496
46554
46497
46555
46498
46556
46499
46557
46500
46558
46501
46559
46502
46560
46503
46561
46504
46562
46563
49915
46506
46564
63093
46507
46565
46508
46566
46509
46567
46510
46568
46511
46569
46512
46570
46513
46571
46514
46572
46515
46573
46516
46574
46517
46575
46518
46576
46519
46577
46520
46578
46521
46579
46522
46580
46523
46581
46524
46582
46525
46583
46526
46584
46527
46585
46528
46586
46529
46587
46530
46588
46531
46589
46532
46590
46533
46591
46534
46592
46535
46593
46536
46594
46537
46595
46538
46596
46539
46597
46540
46598
46541
46599
46542
46600
46543
46601
46544
46602
46545
46603
46546
46604
46547
46605
46548
46606
46549
46607
46550
46608
46551
46609
46552
46610
46553
46611
46554
46612
46555
46613
46556
46614
46557
46615
46558
46616
46559
46617
46560
46618
46561
46619
46562
46620
46563
46621
46622
49864
46565
46623
63092
46566
46624
46567
46625
46568
46626
46569
46627
46570
46628
46571
46629
46572
46630
46573
46631
46574
46632
46575
46633
46576
46634
46577
46635
46578
46636
46579
46637
46580
46638
46581
46639
46582
46640
46583
46641
46584
46642
46585
46643
46586
46644
46587
46645
46588
46646
46589
46647
46590
46648
46591
46649
46592
46650
46593
46651
46594
46652
46595
46653
46596
46654
46597
46655
46598
46656
46599
46657
46600
46658
46601
46659
46602
46660
46603
46661
46604
46662
46605
46663
46606
46664
46607
46665
46608
46666
46609
46667
46610
46668
46611
46669
46612
46670
46613
46671
46614
46672
46615
46673
46616
46674
46617
46675
46618
46676
46619
46677
46620
46678
46621
46679
46622
46680
46681
49813
46624
46682
63091
46625
46683
46626
46684
46627
46685
46628
46686
46629
46687
46630
46688
46631
46689
46632
46690
46633
46691
46634
46692
46635
46693
46636
46694
46637
46695
46638
46696
46639
46697
46640
46698
46641
46699
46642
46700
46643
46701
46644
46702
46645
46703
46646
46704
46647
46705
46648
46706
46649
46707
46650
46708
46651
46709
46652
46710
46653
46711
46654
46712
46655
46713
46656
46714
46657
46715
46658
46716
46659
46717
46660
46718
46661
46719
46662
46720
46663
46721
46664
46722
46665
46723
46666
46724
46667
46725
46668
46726
46669
46727
46670
46728
46671
46729
46672
46730
46673
46731
46674
46732
46675
46733
46676
46734
46677
46735
46678
46736
46679
46737
46680
46738
46681
46739
46740
49762
46683
46741
63090
46684
46742
46685
46743
46686
46744
46687
46745
46688
46746
46689
46747
46690
46748
46691
46749
46692
46750
46693
46751
46694
46752
46695
46753
46696
46754
46697
46755
46698
46756
46699
46757
46700
46758
46701
46759
46702
46760
46703
46761
46704
46762
46705
46763
46706
46764
46707
46765
46708
46766
46709
46767
46710
46768
46711
46769
46712
46770
46713
46771
46714
46772
46715
46773
46716
46774
46717
46775
46718
46776
46719
46777
46720
46778
46721
46779
46722
46780
46723
46781
46724
46782
46725
46783
46726
46784
46727
46785
46728
46786
46729
46787
46730
46788
46731
46789
46732
46790
46733
46791
46734
46792
46735
46793
46736
46794
46737
46795
46738
46796
46739
46797
46740
46798
46799
49711
46742
46800
63089
46743
46801
46744
46802
46745
46803
46746
46804
46747
46805
46748
46806
46749
46807
46750
46808
46751
46809
46752
46810
46753
46811
46754
46812
46755
46813
46756
46814
46757
46815
46758
46816
46759
46817
46760
46818
46761
46819
46762
46820
46763
46821
46764
46822
46765
46823
46766
46824
46767
46825
46768
46826
46769
46827
46770
46828
46771
46829
46772
46830
46773
46831
46774
46832
46775
46833
46776
46834
46777
46835
46778
46836
46779
46837
46780
46838
46781
46839
46782
46840
46783
46841
46784
46842
46785
46843
46786
46844
46787
46845
46788
46846
46789
46847
46790
46848
46791
46849
46792
46850
46793
46851
46794
46852
46795
46853
46796
46854
46797
46855
46798
46856
46799
46857
46858
49660
46801
46859
63088
46802
46860
46803
46861
46804
46862
46805
46863
46806
46864
46807
46865
46808
46866
46809
46867
46810
46868
46811
46869
46812
46870
46813
46871
46814
46872
46815
46873
46816
46874
46817
46875
46818
46876
46819
46877
46820
46878
46821
46879
46822
46880
46823
46881
46824
46882
46825
46883
46826
46884
46827
46885
46828
46886
46829
46887
46830
46888
46831
46889
46832
46890
46833
46891
46834
46892
46835
46893
46836
46894
46837
46895
46838
46896
46839
46897
46840
46898
46841
46899
46842
46900
46843
46901
46844
46902
46845
46903
46846
46904
46847
46905
46848
46906
46849
46907
46850
46908
46851
46909
46852
46910
46853
46911
46854
46912
46855
46913
46856
46914
46857
46915
46858
46916
46917
49609
46860
46918
63087
46861
46919
46862
46920
46863
46921
46864
46922
46865
46923
46866
46924
46867
46925
46868
46926
46869
46927
46870
46928
46871
46929
46872
46930
46873
46931
46874
46932
46875
46933
46876
46934
46877
46935
46878
46936
46879
46937
46880
46938
46881
46939
46882
46940
46883
46941
46884
46942
46885
46943
46886
46944
46887
46945
46888
46946
46889
46947
46890
46948
46891
46949
46892
46950
46893
46951
46894
46952
46895
46953
46896
46954
46897
46955
46898
46956
46899
46957
46900
46958
46901
46959
46902
46960
46903
46961
46904
46962
46905
46963
46906
46964
46907
46965
46908
46966
46909
46967
46910
46968
46911
46969
46912
46970
46913
46971
46914
46972
46915
46973
46916
46974
46917
46975
46976
49558
46919
46977
63086
46920
46978
46921
46979
46922
46980
46923
46981
46924
46982
46925
46983
46926
46984
46927
46985
46928
46986
46929
46987
46930
46988
46931
46989
46932
46990
46933
46991
46934
46992
46935
46993
46936
46994
46937
46995
46938
46996
46939
46997
46940
46998
46941
46999
46942
47000
46943
47001
46944
47002
46945
47003
46946
47004
46947
47005
46948
47006
46949
47007
46950
47008
46951
47009
46952
47010
46953
47011
46954
47012
46955
47013
46956
47014
46957
47015
46958
47016
46959
47017
46960
47018
46961
47019
46962
47020
46963
47021
46964
47022
46965
47023
46966
47024
46967
47025
46968
47026
46969
47027
46970
47028
46971
47029
46972
47030
46973
47031
46974
47032
46975
47033
46976
47034
47035
49507
46978
47036
63085
46979
47037
46980
47038
46981
47039
46982
47040
46983
47041
46984
47042
46985
47043
46986
47044
46987
47045
46988
47046
46989
47047
46990
47048
46991
47049
46992
47050
46993
47051
46994
47052
46995
47053
46996
47054
46997
47055
46998
47056
46999
47057
47000
47058
47001
47059
47002
47060
47003
47061
47004
47062
47005
47063
47006
47064
47007
47065
47008
47066
47009
47067
47010
47068
47011
47069
47012
47070
47013
47071
47014
47072
47015
47073
47016
47074
47017
47075
47018
47076
47019
47077
47020
47078
47021
47079
47022
47080
47023
47081
47024
47082
47025
47083
47026
47084
47027
47085
47028
47086
47029
47087
47030
47088
47031
47089
47032
47090
47033
47091
47034
47092
47035
47093
47094
49456
47037
47095
63084
47038
47096
47039
47097
47040
47098
47041
47099
47042
47100
47043
47101
47044
47102
47045
47103
47046
47104
47047
47105
47048
47106
47049
47107
47050
47108
47051
47109
47052
47110
47053
47111
47054
47112
47055
47113
47056
47114
47057
47115
47058
47116
47059
47117
47060
47118
47061
47119
47062
47120
47063
47121
47064
47122
47065
47123
47066
47124
47067
47125
47068
47126
47069
47127
47070
47128
47071
47129
47072
47130
47073
47131
47074
47132
47075
47133
47076
47134
47077
47135
47078
47136
47079
47137
47080
47138
47081
47139
47082
47140
47083
47141
47084
47142
47085
47143
47086
47144
47087
47145
47088
47146
47089
47147
47090
47148
47091
47149
47092
47150
47093
47151
47094
47152
47153
49405
47096
47154
63083
47097
47155
47098
47156
47099
47157
47100
47158
47101
47159
47102
47160
47103
47161
47104
47162
47105
47163
47106
47164
47107
47165
47108
47166
47109
47167
47110
47168
47111
47169
47112
47170
47113
47171
47114
47172
47115
47173
47116
47174
47117
47175
47118
47176
47119
47177
47120
47178
47121
47179
47122
47180
47123
47181
47124
47182
47125
47183
47126
47184
47127
47185
47128
47186
47129
47187
47130
47188
47131
47189
47132
47190
47133
47191
47134
47192
47135
47193
47136
47194
47137
47195
47138
47196
47139
47197
47140
47198
47141
47199
47142
47200
47143
47201
47144
47202
47145
47203
47146
47204
47147
47205
47148
47206
47149
47207
47150
47208
47151
47209
47152
47210
47153
47211
47212
49354
47155
47213
63082
47156
47214
47157
47215
47158
47216
47159
47217
47160
47218
47161
47219
47162
47220
47163
47221
47164
47222
47165
47223
47166
47224
47167
47225
47168
47226
47169
47227
47170
47228
47171
47229
47172
47230
47173
47231
47174
47232
47175
47233
47176
47234
47177
47235
47178
47236
47179
47237
47180
47238
47181
47239
47182
47240
47183
47241
47184
47242
47185
47243
47186
47244
47187
47245
47188
47246
47189
47247
47190
47248
47191
47249
47192
47250
47193
47251
47194
47252
47195
47253
47196
47254
47197
47255
47198
47256
47199
47257
47200
47258
47201
47259
47202
47260
47203
47261
47204
47262
47205
47263
47206
47264
47207
47265
47208
47266
47209
47267
47210
47268
47211
47269
47212
47270
47271
49303
47214
47272
63081
47215
47273
47216
47274
47217
47275
47218
47276
47219
47277
47220
47278
47221
47279
47222
47280
47223
47281
47224
47282
47225
47283
47226
47284
47227
47285
47228
47286
47229
47287
47230
47288
47231
47289
47232
47290
47233
47291
47234
47292
47235
47293
47236
47294
47237
47295
47238
47296
47239
47297
47240
47298
47241
47299
47242
47300
47243
47301
47244
47302
47245
47303
47246
47304
47247
47305
47248
47306
47249
47307
47250
47308
47251
47309
47252
47310
47253
47311
47254
47312
47255
47313
47256
47314
47257
47315
47258
47316
47259
47317
47260
47318
47261
47319
47262
47320
47263
47321
47264
47322
47265
47323
47266
47324
47267
47325
47268
47326
47269
47327
47270
47328
47271
47329
47330
49252
47273
47331
63080
47274
47332
47275
47333
47276
47334
47277
47335
47278
47336
47279
47337
47280
47338
47281
47339
47282
47340
47283
47341
47284
47342
47285
47343
47286
47344
47287
47345
47288
47346
47289
47347
47290
47348
47291
47349
47292
47350
47293
47351
47294
47352
47295
47353
47296
47354
47297
47355
47298
47356
47299
47357
47300
47358
47301
47359
47302
47360
47303
47361
47304
47362
47305
47363
47306
47364
47307
47365
47308
47366
47309
47367
47310
47368
47311
47369
47312
47370
47313
47371
47314
47372
47315
47373
47316
47374
47317
47375
47318
47376
47319
47377
47320
47378
47321
47379
47322
47380
47323
47381
47324
47382
47325
47383
47326
47384
47327
47385
47328
47386
47329
47387
47330
47388
47389
49201
47332
47390
63079
47333
47391
47334
47392
47335
47393
47336
47394
47337
47395
47338
47396
47339
47397
47340
47398
47341
47399
47342
47400
47343
47401
47344
47402
47345
47403
47346
47404
47347
47405
47348
47406
47349
47407
47350
47408
47351
47409
47352
47410
47353
47411
47354
47412
47355
47413
47356
47414
47357
47415
47358
47416
47359
47417
47360
47418
47361
47419
47362
47420
47363
47421
47364
47422
47365
47423
47366
47424
47367
47425
47368
47426
47369
47427
47370
47428
47371
47429
47372
47430
47373
47431
47374
47432
47375
47433
47376
47434
47377
47435
47378
47436
47379
47437
47380
47438
47381
47439
47382
47440
47383
47441
47384
47442
47385
47443
47386
47444
47387
47445
47388
47446
47389
47447
47448
49150
47391
47449
63078
47392
47450
47393
47451
47394
47452
47395
47453
47396
47454
47397
47455
47398
47456
47399
47457
47400
47458
47401
47459
47402
47460
47403
47461
47404
47462
47405
47463
47406
47464
47407
47465
47408
47466
47409
47467
47410
47468
47411
47469
47412
47470
47413
47471
47414
47472
47415
47473
47416
47474
47417
47475
47418
47476
47419
47477
47420
47478
47421
47479
47422
47480
47423
47481
47424
47482
47425
47483
47426
47484
47427
47485
47428
47486
47429
47487
47430
47488
47431
47489
47432
47490
47433
47491
47434
47492
47435
47493
47436
47494
47437
47495
47438
47496
47439
47497
47440
47498
47441
47499
47442
47500
47443
47501
47444
47502
47445
47503
47446
47504
47447
47505
47448
47506
47507
49099
47450
47508
63077
47451
47509
47452
47510
47453
47511
47454
47512
47455
47513
47456
47514
47457
47515
47458
47516
47459
47517
47460
47518
47461
47519
47462
47520
47463
47521
47464
47522
47465
47523
47466
47524
47467
47525
47468
47526
47469
47527
47470
47528
47471
47529
47472
47530
47473
47531
47474
47532
47475
47533
47476
47534
47477
47535
47478
47536
47479
47537
47480
47538
47481
47539
47482
47540
47483
47541
47484
47542
47485
47543
47486
47544
47487
47545
47488
47546
47489
47547
47490
47548
47491
47549
47492
47550
47493
47551
47494
47552
47495
47553
47496
47554
47497
47555
47498
47556
47499
47557
47500
47558
47501
47559
47502
47560
47503
47561
47504
47562
47505
47563
47506
47564
47507
47565
47566
49048
47509
47567
63076
47510
47568
47511
47569
47512
47570
47513
47571
47514
47572
47515
47573
47516
47574
47517
47575
47518
47576
47519
47577
47520
47578
47521
47579
47522
47580
47523
47581
47524
47582
47525
47583
47526
47584
47527
47585
47528
47586
47529
47587
47530
47588
47531
47589
47532
47590
47533
47591
47534
47592
47535
47593
47536
47594
47537
47595
47538
47596
47539
47597
47540
47598
47541
47599
47542
47600
47543
47601
47544
47602
47545
47603
47546
47604
47547
47605
47548
47606
47549
47607
47550
47608
47551
47609
47552
47610
47553
47611
47554
47612
47555
47613
47556
47614
47557
47615
47558
47616
47559
47617
47560
47618
47561
47619
47562
47620
47563
47621
47564
47622
47565
47623
47566
47624
47625
48997
47568
47626
63075
47569
47627
47570
47628
47571
47629
47572
47630
47573
47631
47574
47632
47575
47633
47576
47634
47577
47635
47578
47636
47579
47637
47580
47638
47581
47639
47582
47640
47583
47641
47584
47642
47585
47643
47586
47644
47587
47645
47588
47646
47589
47647
47590
47648
47591
47649
47592
47650
47593
47651
47594
47652
47595
47653
47596
47654
47597
47655
47598
47656
47599
47657
47600
47658
47601
47659
47602
47660
47603
47661
47604
47662
47605
47663
47606
47664
47607
47665
47608
47666
47609
47667
47610
47668
47611
47669
47612
47670
47613
47671
47614
47672
47615
47673
47616
47674
47617
47675
47618
47676
47619
47677
47620
47678
47621
47679
47622
47680
47623
47681
47624
47682
47625
47683
47684
48946
47627
47685
63074
47628
47686
47629
47687
47630
47688
47631
47689
47632
47690
47633
47691
47634
47692
47635
47693
47636
47694
47637
47695
47638
47696
47639
47697
47640
47698
47641
47699
47642
47700
47643
47701
47644
47702
47645
47703
47646
47704
47647
47705
47648
47706
47649
47707
47650
47708
47651
47709
47652
47710
47653
47711
47654
47712
47655
47713
47656
47714
47657
47715
47658
47716
47659
47717
47660
47718
47661
47719
47662
47720
47663
47721
47664
47722
47665
47723
47666
47724
47667
47725
47668
47726
47669
47727
47670
47728
47671
47729
47672
47730
47673
47731
47674
47732
47675
47733
47676
47734
47677
47735
47678
47736
47679
47737
47680
47738
47681
47739
47682
47740
47683
47741
47684
47742
47743
48895
47686
47744
63073
47687
47745
47688
47746
47689
47747
47690
47748
47691
47749
47692
47750
47693
47751
47694
47752
47695
47753
47696
47754
47697
47755
47698
47756
47699
47757
47700
47758
47701
47759
47702
47760
47703
47761
47704
47762
47705
47763
47706
47764
47707
47765
47708
47766
47709
47767
47710
47768
47711
47769
47712
47770
47713
47771
47714
47772
47715
47773
47716
47774
47717
47775
47718
47776
47719
47777
47720
47778
47721
47779
47722
47780
47723
47781
47724
47782
47725
47783
47726
47784
47727
47785
47728
47786
47729
47787
47730
47788
47731
47789
47732
47790
47733
47791
47734
47792
47735
47793
47736
47794
47737
47795
47738
47796
47739
47797
47740
47798
47741
47799
47742
47800
47743
47801
47802
48844
47745
47803
63072
47746
47804
47747
47805
47748
47806
47749
47807
47750
47808
47751
47809
47752
47810
47753
47811
47754
47812
47755
47813
47756
47814
47757
47815
47758
47816
47759
47817
47760
47818
47761
47819
47762
47820
47763
47821
47764
47822
47765
47823
47766
47824
47767
47825
47768
47826
47769
47827
47770
47828
47771
47829
47772
47830
47773
47831
47774
47832
47775
47833
47776
47834
47777
47835
47778
47836
47779
47837
47780
47838
47781
47839
47782
47840
47783
47841
47784
47842
47785
47843
47786
47844
47787
47845
47788
47846
47789
47847
47790
47848
47791
47849
47792
47850
47793
47851
47794
47852
47795
47853
47796
47854
47797
47855
47798
47856
47799
47857
47800
47858
47801
47859
47802
47860
47861
48793
47804
47862
63071
47805
47863
47806
47864
47807
47865
47808
47866
47809
47867
47810
47868
47811
47869
47812
47870
47813
47871
47814
47872
47815
47873
47816
47874
47817
47875
47818
47876
47819
47877
47820
47878
47821
47879
47822
47880
47823
47881
47824
47882
47825
47883
47826
47884
47827
47885
47828
47886
47829
47887
47830
47888
47831
47889
47832
47890
47833
47891
47834
47892
47835
47893
47836
47894
47837
47895
47838
47896
47839
47897
47840
47898
47841
47899
47842
47900
47843
47901
47844
47902
47845
47903
47846
47904
47847
47905
47848
47906
47849
47907
47850
47908
47851
47909
47852
47910
47853
47911
47854
47912
47855
47913
47856
47914
47857
47915
47858
47916
47859
47917
47860
47918
47861
47919
47920
48742
47863
47921
63070
47864
47922
47865
47923
47866
47924
47867
47925
47868
47926
47869
47927
47870
47928
47871
47929
47872
47930
47873
47931
47874
47932
47875
47933
47876
47934
47877
47935
47878
47936
47879
47937
47880
47938
47881
47939
47882
47940
47883
47941
47884
47942
47885
47943
47886
47944
47887
47945
47888
47946
47889
47947
47890
47948
47891
47949
47892
47950
47893
47951
47894
47952
47895
47953
47896
47954
47897
47955
47898
47956
47899
47957
47900
47958
47901
47959
47902
47960
47903
47961
47904
47962
47905
47963
47906
47964
47907
47965
47908
47966
47909
47967
47910
47968
47911
47969
47912
47970
47913
47971
47914
47972
47915
47973
47916
47974
47917
47975
47918
47976
47919
47977
47920
47978
47979
48691
47922
47980
63069
47923
47981
47924
47982
47925
47983
47926
47984
47927
47985
47928
47986
47929
47987
47930
47988
47931
47989
47932
47990
47933
47991
47934
47992
47935
47993
47936
47994
47937
47995
47938
47996
47939
47997
47940
47998
47941
47999
47942
48000
47943
48001
47944
48002
47945
48003
47946
48004
47947
48005
47948
48006
47949
48007
47950
48008
47951
48009
47952
48010
47953
48011
47954
48012
47955
48013
47956
48014
47957
48015
47958
48016
47959
48017
47960
48018
47961
48019
47962
48020
47963
48021
47964
48022
47965
48023
47966
48024
47967
48025
47968
48026
47969
48027
47970
48028
47971
48029
47972
48030
47973
48031
47974
48032
47975
48033
47976
48034
47977
48035
47978
48036
47979
48037
48038
48640
47981
48039
63068
47982
48040
47983
48041
47984
48042
47985
48043
47986
48044
47987
48045
47988
48046
47989
48047
47990
48048
47991
48049
47992
48050
47993
48051
47994
48052
47995
48053
47996
48054
47997
48055
47998
48056
47999
48057
48000
48058
48001
48059
48002
48060
48003
48061
48004
48062
48005
48063
48006
48064
48007
48065
48008
48066
48009
48067
48010
48068
48011
48069
48012
48070
48013
48071
48014
48072
48015
48073
48016
48074
48017
48075
48018
48076
48019
48077
48020
48078
48021
48079
48022
48080
48023
48081
48024
48082
48025
48083
48026
48084
48027
48085
48028
48086
48029
48087
48030
48088
48031
48089
48032
48090
48033
48091
48034
48092
48035
48093
48036
48094
48037
48095
48038
48096
48097
48589
48040
48098
63067
48041
48099
48042
48100
48043
48101
48044
48102
48045
48103
48046
48104
48047
48105
48048
48106
48049
48107
48050
48108
48051
48109
48052
48110
48053
48111
48054
48112
48055
48113
48056
48114
48057
48115
48058
48116
48059
48117
48060
48118
48061
48119
48062
48120
48063
48121
48064
48122
48065
48123
48066
48124
48067
48125
48068
48126
48069
48127
48070
48128
48071
48129
48072
48130
48073
48131
48074
48132
48075
48133
48076
48134
48077
48135
48078
48136
48079
48137
48080
48138
48081
48139
48082
48140
48083
48141
48084
48142
48085
48143
48086
48144
48087
48145
48088
48146
48089
48147
48090
48148
48091
48149
48092
48150
48093
48151
48094
48152
48095
48153
48096
48154
48097
48155
48156
48538
48099
48157
63066
48100
48158
48101
48159
48102
48160
48103
48161
48104
48162
48105
48163
48106
48164
48107
48165
48108
48166
48109
48167
48110
48168
48111
48169
48112
48170
48113
48171
48114
48172
48115
48173
48116
48174
48117
48175
48118
48176
48119
48177
48120
48178
48121
48179
48122
48180
48123
48181
48124
48182
48125
48183
48126
48184
48127
48185
48128
48186
48129
48187
48130
48188
48131
48189
48132
48190
48133
48191
48134
48192
48135
48193
48136
48194
48137
48195
48138
48196
48139
48197
48140
48198
48141
48199
48142
48200
48143
48201
48144
48202
48145
48203
48146
48204
48147
48205
48148
48206
48149
48207
48150
48208
48151
48209
48152
48210
48153
48211
48154
48212
48155
48213
48156
48214
48215
48487
48158
48216
63065
48159
48217
48160
48218
48161
48219
48162
48220
48163
48221
48164
48222
48165
48223
48166
48224
48167
48225
48168
48226
48169
48227
48170
48228
48171
48229
48172
48230
48173
48231
48174
48232
48175
48233
48176
48234
48177
48235
48178
48236
48179
48237
48180
48238
48181
48239
48182
48240
48183
48241
48184
48242
48185
48243
48186
48244
48187
48245
48188
48246
48189
48247
48190
48248
48191
48249
48192
48250
48193
48251
48194
48252
48195
48253
48196
48254
48197
48255
48198
48256
48199
48257
48200
48258
48201
48259
48202
48260
48203
48261
48204
48262
48205
48263
48206
48264
48207
48265
48208
48266
48209
48267
48210
48268
48211
48269
48212
48270
48213
48271
48214
48272
48215
48273
48274
48436
48217
48275
63064
48218
48276
48219
48277
48220
48278
48221
48279
48222
48280
48223
48281
48224
48282
48225
48283
48226
48284
48227
48285
48228
48286
48229
48287
48230
48288
48231
48289
48232
48290
48233
48291
48234
48292
48235
48293
48236
48294
48237
48295
48238
48296
48239
48297
48240
48298
48241
48299
48242
48300
48243
48301
48244
48302
48245
48303
48246
48304
48247
48305
48248
48306
48249
48307
48250
48308
48251
48309
48252
48310
48253
48311
48254
48312
48255
48313
48256
48314
48257
48315
48258
48316
48259
48317
48260
48318
48261
48319
48262
48320
48263
48321
48264
48322
48265
48323
48266
48324
48267
48325
48268
48326
48269
48327
48270
48328
48271
48329
48272
48330
48273
48331
48274
48332
48333
48385
48276
63063
48277
48278
48279
48280
48281
48282
48283
48284
48285
48286
48287
48288
48289
48290
48291
48292
48293
48294
48295
48296
48297
48298
48299
48300
48301
48302
48303
48304
48305
48306
48307
48308
48309
48310
48311
48312
48313
48314
48315
48316
48317
48318
48319
48320
48321
48322
48323
48324
48325
48326
48327
48328
48329
48330
48331
48332
48333
48334
48335
48385
48336
48386
48337
48387
48338
48388
48339
48389
48340
48390
48341
48391
48342
48392
48343
48393
48344
48394
48345
48395
48346
48396
48347
48397
48348
48398
48349
48399
48350
48400
48351
48401
48352
48402
48353
48403
48354
48404
48355
48405
48356
48406
48357
48407
48358
48408
48359
48409
48360
48410
48361
48411
48362
48412
48363
48413
48364
48414
48365
48415
48366
48416
48367
48417
48368
48418
48369
48419
48370
48420
48371
48421
48372
48422
48373
48423
48374
48424
48375
48425
48376
48426
48377
48427
48378
48428
48379
48429
48380
48430
48381
48431
48382
48432
48383
48433
48384
48434
48435
48386
48436
48387
48437
48388
48438
48389
48439
48390
48440
48391
48441
48392
48442
48393
48443
48394
48444
48395
48445
48396
48446
48397
48447
48398
48448
48399
48449
48400
48450
48401
48451
48402
48452
48403
48453
48404
48454
48405
48455
48406
48456
48407
48457
48408
48458
48409
48459
48410
48460
48411
48461
48412
48462
48413
48463
48414
48464
48415
48465
48416
48466
48417
48467
48418
48468
48419
48469
48420
48470
48421
48471
48422
48472
48423
48473
48424
48474
48425
48475
48426
48476
48427
48477
48428
48478
48429
48479
48430
48480
48431
48481
48432
48482
48433
48483
48434
48484
48435
48485
48486
48437
48487
48438
48488
48439
48489
48440
48490
48441
48491
48442
48492
48443
48493
48444
48494
48445
48495
48446
48496
48447
48497
48448
48498
48449
48499
48450
48500
48451
48501
48452
48502
48453
48503
48454
48504
48455
48505
48456
48506
48457
48507
48458
48508
48459
48509
48460
48510
48461
48511
48462
48512
48463
48513
48464
48514
48465
48515
48466
48516
48467
48517
48468
48518
48469
48519
48470
48520
48471
48521
48472
48522
48473
48523
48474
48524
48475
48525
48476
48526
48477
48527
48478
48528
48479
48529
48480
48530
48481
48531
48482
48532
48483
48533
48484
48534
48485
48535
48486
48536
48537
48488
48538
48489
48539
48490
48540
48491
48541
48492
48542
48493
48543
48494
48544
48495
48545
48496
48546
48497
48547
48498
48548
48499
48549
48500
48550
48501
48551
48502
48552
48503
48553
48504
48554
48505
48555
48506
48556
48507
48557
48508
48558
48509
48559
48510
48560
48511
48561
48512
48562
48513
48563
48514
48564
48515
48565
48516
48566
48517
48567
48518
48568
48519
48569
48520
48570
48521
48571
48522
48572
48523
48573
48524
48574
48525
48575
48526
48576
48527
48577
48528
48578
48529
48579
48530
48580
48531
48581
48532
48582
48533
48583
48534
48584
48535
48585
48536
48586
48537
48587
48588
48539
48589
48540
48590
48541
48591
48542
48592
48543
48593
48544
48594
48545
48595
48546
48596
48547
48597
48548
48598
48549
48599
48550
48600
48551
48601
48552
48602
48553
48603
48554
48604
48555
48605
48556
48606
48557
48607
48558
48608
48559
48609
48560
48610
48561
48611
48562
48612
48563
48613
48564
48614
48565
48615
48566
48616
48567
48617
48568
48618
48569
48619
48570
48620
48571
48621
48572
48622
48573
48623
48574
48624
48575
48625
48576
48626
48577
48627
48578
48628
48579
48629
48580
48630
48581
48631
48582
48632
48583
48633
48584
48634
48585
48635
48586
48636
48587
48637
48588
48638
48639
48590
48640
48591
48641
48592
48642
48593
48643
48594
48644
48595
48645
48596
48646
48597
48647
48598
48648
48599
48649
48600
48650
48601
48651
48602
48652
48603
48653
48604
48654
48605
48655
48606
48656
48607
48657
48608
48658
48609
48659
48610
48660
48611
48661
48612
48662
48613
48663
48614
48664
48615
48665
48616
48666
48617
48667
48618
48668
48619
48669
48620
48670
48621
48671
48622
48672
48623
48673
48624
48674
48625
48675
48626
48676
48627
48677
48628
48678
48629
48679
48630
48680
48631
48681
48632
48682
48633
48683
48634
48684
48635
48685
48636
48686
48637
48687
48638
48688
48639
48689
48690
48641
48691
48642
48692
48643
48693
48644
48694
48645
48695
48646
48696
48647
48697
48648
48698
48649
48699
48650
48700
48651
48701
48652
48702
48653
48703
48654
48704
48655
48705
48656
48706
48657
48707
48658
48708
48659
48709
48660
48710
48661
48711
48662
48712
48663
48713
48664
48714
48665
48715
48666
48716
48667
48717
48668
48718
48669
48719
48670
48720
48671
48721
48672
48722
48673
48723
48674
48724
48675
48725
48676
48726
48677
48727
48678
48728
48679
48729
48680
48730
48681
48731
48682
48732
48683
48733
48684
48734
48685
48735
48686
48736
48687
48737
48688
48738
48689
48739
48690
48740
48741
48692
48742
48693
48743
48694
48744
48695
48745
48696
48746
48697
48747
48698
48748
48699
48749
48700
48750
48701
48751
48702
48752
48703
48753
48704
48754
48705
48755
48706
48756
48707
48757
48708
48758
48709
48759
48710
48760
48711
48761
48712
48762
48713
48763
48714
48764
48715
48765
48716
48766
48717
48767
48718
48768
48719
48769
48720
48770
48721
48771
48722
48772
48723
48773
48724
48774
48725
48775
48726
48776
48727
48777
48728
48778
48729
48779
48730
48780
48731
48781
48732
48782
48733
48783
48734
48784
48735
48785
48736
48786
48737
48787
48738
48788
48739
48789
48740
48790
48741
48791
48792
48743
48793
48744
48794
48745
48795
48746
48796
48747
48797
48748
48798
48749
48799
48750
48800
48751
48801
48752
48802
48753
48803
48754
48804
48755
48805
48756
48806
48757
48807
48758
48808
48759
48809
48760
48810
48761
48811
48762
48812
48763
48813
48764
48814
48765
48815
48766
48816
48767
48817
48768
48818
48769
48819
48770
48820
48771
48821
48772
48822
48773
48823
48774
48824
48775
48825
48776
48826
48777
48827
48778
48828
48779
48829
48780
48830
48781
48831
48782
48832
48783
48833
48784
48834
48785
48835
48786
48836
48787
48837
48788
48838
48789
48839
48790
48840
48791
48841
48792
48842
48843
48794
48844
48795
48845
48796
48846
48797
48847
48798
48848
48799
48849
48800
48850
48801
48851
48802
48852
48803
48853
48804
48854
48805
48855
48806
48856
48807
48857
48808
48858
48809
48859
48810
48860
48811
48861
48812
48862
48813
48863
48814
48864
48815
48865
48816
48866
48817
48867
48818
48868
48819
48869
48820
48870
48821
48871
48822
48872
48823
48873
48824
48874
48825
48875
48826
48876
48827
48877
48828
48878
48829
48879
48830
48880
48831
48881
48832
48882
48833
48883
48834
48884
48835
48885
48836
48886
48837
48887
48838
48888
48839
48889
48840
48890
48841
48891
48842
48892
48843
48893
48894
48845
48895
48846
48896
48847
48897
48848
48898
48849
48899
48850
48900
48851
48901
48852
48902
48853
48903
48854
48904
48855
48905
48856
48906
48857
48907
48858
48908
48859
48909
48860
48910
48861
48911
48862
48912
48863
48913
48864
48914
48865
48915
48866
48916
48867
48917
48868
48918
48869
48919
48870
48920
48871
48921
48872
48922
48873
48923
48874
48924
48875
48925
48876
48926
48877
48927
48878
48928
48879
48929
48880
48930
48881
48931
48882
48932
48883
48933
48884
48934
48885
48935
48886
48936
48887
48937
48888
48938
48889
48939
48890
48940
48891
48941
48892
48942
48893
48943
48894
48944
48945
48896
48946
48897
48947
48898
48948
48899
48949
48900
48950
48901
48951
48902
48952
48903
48953
48904
48954
48905
48955
48906
48956
48907
48957
48908
48958
48909
48959
48910
48960
48911
48961
48912
48962
48913
48963
48914
48964
48915
48965
48916
48966
48917
48967
48918
48968
48919
48969
48920
48970
48921
48971
48922
48972
48923
48973
48924
48974
48925
48975
48926
48976
48927
48977
48928
48978
48929
48979
48930
48980
48931
48981
48932
48982
48933
48983
48934
48984
48935
48985
48936
48986
48937
48987
48938
48988
48939
48989
48940
48990
48941
48991
48942
48992
48943
48993
48944
48994
48945
48995
48996
48947
48997
48948
48998
48949
48999
48950
49000
48951
49001
48952
49002
48953
49003
48954
49004
48955
49005
48956
49006
48957
49007
48958
49008
48959
49009
48960
49010
48961
49011
48962
49012
48963
49013
48964
49014
48965
49015
48966
49016
48967
49017
48968
49018
48969
49019
48970
49020
48971
49021
48972
49022
48973
49023
48974
49024
48975
49025
48976
49026
48977
49027
48978
49028
48979
49029
48980
49030
48981
49031
48982
49032
48983
49033
48984
49034
48985
49035
48986
49036
48987
49037
48988
49038
48989
49039
48990
49040
48991
49041
48992
49042
48993
49043
48994
49044
48995
49045
48996
49046
49047
48998
49048
48999
49049
49000
49050
49001
49051
49002
49052
49003
49053
49004
49054
49005
49055
49006
49056
49007
49057
49008
49058
49009
49059
49010
49060
49011
49061
49012
49062
49013
49063
49014
49064
49015
49065
49016
49066
49017
49067
49018
49068
49019
49069
49020
49070
49021
49071
49022
49072
49023
49073
49024
49074
49025
49075
49026
49076
49027
49077
49028
49078
49029
49079
49030
49080
49031
49081
49032
49082
49033
49083
49034
49084
49035
49085
49036
49086
49037
49087
49038
49088
49039
49089
49040
49090
49041
49091
49042
49092
49043
49093
49044
49094
49045
49095
49046
49096
49047
49097
49098
49049
49099
49050
49100
49051
49101
49052
49102
49053
49103
49054
49104
49055
49105
49056
49106
49057
49107
49058
49108
49059
49109
49060
49110
49061
49111
49062
49112
49063
49113
49064
49114
49065
49115
49066
49116
49067
49117
49068
49118
49069
49119
49070
49120
49071
49121
49072
49122
49073
49123
49074
49124
49075
49125
49076
49126
49077
49127
49078
49128
49079
49129
49080
49130
49081
49131
49082
49132
49083
49133
49084
49134
49085
49135
49086
49136
49087
49137
49088
49138
49089
49139
49090
49140
49091
49141
49092
49142
49093
49143
49094
49144
49095
49145
49096
49146
49097
49147
49098
49148
49149
49100
49150
49101
49151
49102
49152
49103
49153
49104
49154
49105
49155
49106
49156
49107
49157
49108
49158
49109
49159
49110
49160
49111
49161
49112
49162
49113
49163
49114
49164
49115
49165
49116
49166
49117
49167
49118
49168
49119
49169
49120
49170
49121
49171
49122
49172
49123
49173
49124
49174
49125
49175
49126
49176
49127
49177
49128
49178
49129
49179
49130
49180
49131
49181
49132
49182
49133
49183
49134
49184
49135
49185
49136
49186
49137
49187
49138
49188
49139
49189
49140
49190
49141
49191
49142
49192
49143
49193
49144
49194
49145
49195
49146
49196
49147
49197
49148
49198
49149
49199
49200
49151
49201
49152
49202
49153
49203
49154
49204
49155
49205
49156
49206
49157
49207
49158
49208
49159
49209
49160
49210
49161
49211
49162
49212
49163
49213
49164
49214
49165
49215
49166
49216
49167
49217
49168
49218
49169
49219
49170
49220
49171
49221
49172
49222
49173
49223
49174
49224
49175
49225
49176
49226
49177
49227
49178
49228
49179
49229
49180
49230
49181
49231
49182
49232
49183
49233
49184
49234
49185
49235
49186
49236
49187
49237
49188
49238
49189
49239
49190
49240
49191
49241
49192
49242
49193
49243
49194
49244
49195
49245
49196
49246
49197
49247
49198
49248
49199
49249
49200
49250
49251
49202
49252
49203
49253
49204
49254
49205
49255
49206
49256
49207
49257
49208
49258
49209
49259
49210
49260
49211
49261
49212
49262
49213
49263
49214
49264
49215
49265
49216
49266
49217
49267
49218
49268
49219
49269
49220
49270
49221
49271
49222
49272
49223
49273
49224
49274
49225
49275
49226
49276
49227
49277
49228
49278
49229
49279
49230
49280
49231
49281
49232
49282
49233
49283
49234
49284
49235
49285
49236
49286
49237
49287
49238
49288
49239
49289
49240
49290
49241
49291
49242
49292
49243
49293
49244
49294
49245
49295
49246
49296
49247
49297
49248
49298
49249
49299
49250
49300
49251
49301
49302
49253
49303
49254
49304
49255
49305
49256
49306
49257
49307
49258
49308
49259
49309
49260
49310
49261
49311
49262
49312
49263
49313
49264
49314
49265
49315
49266
49316
49267
49317
49268
49318
49269
49319
49270
49320
49271
49321
49272
49322
49273
49323
49274
49324
49275
49325
49276
49326
49277
49327
49278
49328
49279
49329
49280
49330
49281
49331
49282
49332
49283
49333
49284
49334
49285
49335
49286
49336
49287
49337
49288
49338
49289
49339
49290
49340
49291
49341
49292
49342
49293
49343
49294
49344
49295
49345
49296
49346
49297
49347
49298
49348
49299
49349
49300
49350
49301
49351
49302
49352
49353
49304
49354
49305
49355
49306
49356
49307
49357
49308
49358
49309
49359
49310
49360
49311
49361
49312
49362
49313
49363
49314
49364
49315
49365
49316
49366
49317
49367
49318
49368
49319
49369
49320
49370
49321
49371
49322
49372
49323
49373
49324
49374
49325
49375
49326
49376
49327
49377
49328
49378
49329
49379
49330
49380
49331
49381
49332
49382
49333
49383
49334
49384
49335
49385
49336
49386
49337
49387
49338
49388
49339
49389
49340
49390
49341
49391
49342
49392
49343
49393
49344
49394
49345
49395
49346
49396
49347
49397
49348
49398
49349
49399
49350
49400
49351
49401
49352
49402
49353
49403
49404
49355
49405
49356
49406
49357
49407
49358
49408
49359
49409
49360
49410
49361
49411
49362
49412
49363
49413
49364
49414
49365
49415
49366
49416
49367
49417
49368
49418
49369
49419
49370
49420
49371
49421
49372
49422
49373
49423
49374
49424
49375
49425
49376
49426
49377
49427
49378
49428
49379
49429
49380
49430
49381
49431
49382
49432
49383
49433
49384
49434
49385
49435
49386
49436
49387
49437
49388
49438
49389
49439
49390
49440
49391
49441
49392
49442
49393
49443
49394
49444
49395
49445
49396
49446
49397
49447
49398
49448
49399
49449
49400
49450
49401
49451
49402
49452
49403
49453
49404
49454
49455
49406
49456
49407
49457
49408
49458
49409
49459
49410
49460
49411
49461
49412
49462
49413
49463
49414
49464
49415
49465
49416
49466
49417
49467
49418
49468
49419
49469
49420
49470
49421
49471
49422
49472
49423
49473
49424
49474
49425
49475
49426
49476
49427
49477
49428
49478
49429
49479
49430
49480
49431
49481
49432
49482
49433
49483
49434
49484
49435
49485
49436
49486
49437
49487
49438
49488
49439
49489
49440
49490
49441
49491
49442
49492
49443
49493
49444
49494
49445
49495
49446
49496
49447
49497
49448
49498
49449
49499
49450
49500
49451
49501
49452
49502
49453
49503
49454
49504
49455
49505
49506
49457
49507
49458
49508
49459
49509
49460
49510
49461
49511
49462
49512
49463
49513
49464
49514
49465
49515
49466
49516
49467
49517
49468
49518
49469
49519
49470
49520
49471
49521
49472
49522
49473
49523
49474
49524
49475
49525
49476
49526
49477
49527
49478
49528
49479
49529
49480
49530
49481
49531
49482
49532
49483
49533
49484
49534
49485
49535
49486
49536
49487
49537
49488
49538
49489
49539
49490
49540
49491
49541
49492
49542
49493
49543
49494
49544
49495
49545
49496
49546
49497
49547
49498
49548
49499
49549
49500
49550
49501
49551
49502
49552
49503
49553
49504
49554
49505
49555
49506
49556
49557
49508
49558
49509
49559
49510
49560
49511
49561
49512
49562
49513
49563
49514
49564
49515
49565
49516
49566
49517
49567
49518
49568
49519
49569
49520
49570
49521
49571
49522
49572
49523
49573
49524
49574
49525
49575
49526
49576
49527
49577
49528
49578
49529
49579
49530
49580
49531
49581
49532
49582
49533
49583
49534
49584
49535
49585
49536
49586
49537
49587
49538
49588
49539
49589
49540
49590
49541
49591
49542
49592
49543
49593
49544
49594
49545
49595
49546
49596
49547
49597
49548
49598
49549
49599
49550
49600
49551
49601
49552
49602
49553
49603
49554
49604
49555
49605
49556
49606
49557
49607
49608
49559
49609
49560
49610
49561
49611
49562
49612
49563
49613
49564
49614
49565
49615
49566
49616
49567
49617
49568
49618
49569
49619
49570
49620
49571
49621
49572
49622
49573
49623
49574
49624
49575
49625
49576
49626
49577
49627
49578
49628
49579
49629
49580
49630
49581
49631
49582
49632
49583
49633
49584
49634
49585
49635
49586
49636
49587
49637
49588
49638
49589
49639
49590
49640
49591
49641
49592
49642
49593
49643
49594
49644
49595
49645
49596
49646
49597
49647
49598
49648
49599
49649
49600
49650
49601
49651
49602
49652
49603
49653
49604
49654
49605
49655
49606
49656
49607
49657
49608
49658
49659
49610
49660
49611
49661
49612
49662
49613
49663
49614
49664
49615
49665
49616
49666
49617
49667
49618
49668
49619
49669
49620
49670
49621
49671
49622
49672
49623
49673
49624
49674
49625
49675
49626
49676
49627
49677
49628
49678
49629
49679
49630
49680
49631
49681
49632
49682
49633
49683
49634
49684
49635
49685
49636
49686
49637
49687
49638
49688
49639
49689
49640
49690
49641
49691
49642
49692
49643
49693
49644
49694
49645
49695
49646
49696
49647
49697
49648
49698
49649
49699
49650
49700
49651
49701
49652
49702
49653
49703
49654
49704
49655
49705
49656
49706
49657
49707
49658
49708
49659
49709
49710
49661
49711
49662
49712
49663
49713
49664
49714
49665
49715
49666
49716
49667
49717
49668
49718
49669
49719
49670
49720
49671
49721
49672
49722
49673
49723
49674
49724
49675
49725
49676
49726
49677
49727
49678
49728
49679
49729
49680
49730
49681
49731
49682
49732
49683
49733
49684
49734
49685
49735
49686
49736
49687
49737
49688
49738
49689
49739
49690
49740
49691
49741
49692
49742
49693
49743
49694
49744
49695
49745
49696
49746
49697
49747
49698
49748
49699
49749
49700
49750
49701
49751
49702
49752
49703
49753
49704
49754
49705
49755
49706
49756
49707
49757
49708
49758
49709
49759
49710
49760
49761
49712
49762
49713
49763
49714
49764
49715
49765
49716
49766
49717
49767
49718
49768
49719
49769
49720
49770
49721
49771
49722
49772
49723
49773
49724
49774
49725
49775
49726
49776
49727
49777
49728
49778
49729
49779
49730
49780
49731
49781
49732
49782
49733
49783
49734
49784
49735
49785
49736
49786
49737
49787
49738
49788
49739
49789
49740
49790
49741
49791
49742
49792
49743
49793
49744
49794
49745
49795
49746
49796
49747
49797
49748
49798
49749
49799
49750
49800
49751
49801
49752
49802
49753
49803
49754
49804
49755
49805
49756
49806
49757
49807
49758
49808
49759
49809
49760
49810
49761
49811
49812
49763
49813
49764
49814
49765
49815
49766
49816
49767
49817
49768
49818
49769
49819
49770
49820
49771
49821
49772
49822
49773
49823
49774
49824
49775
49825
49776
49826
49777
49827
49778
49828
49779
49829
49780
49830
49781
49831
49782
49832
49783
49833
49784
49834
49785
49835
49786
49836
49787
49837
49788
49838
49789
49839
49790
49840
49791
49841
49792
49842
49793
49843
49794
49844
49795
49845
49796
49846
49797
49847
49798
49848
49799
49849
49800
49850
49801
49851
49802
49852
49803
49853
49804
49854
49805
49855
49806
49856
49807
49857
49808
49858
49809
49859
49810
49860
49811
49861
49812
49862
49863
49814
49864
49815
49865
49816
49866
49817
49867
49818
49868
49819
49869
49820
49870
49821
49871
49822
49872
49823
49873
49824
49874
49825
49875
49826
49876
49827
49877
49828
49878
49829
49879
49830
49880
49831
49881
49832
49882
49833
49883
49834
49884
49835
49885
49836
49886
49837
49887
49838
49888
49839
49889
49840
49890
49841
49891
49842
49892
49843
49893
49844
49894
49845
49895
49846
49896
49847
49897
49848
49898
49849
49899
49850
49900
49851
49901
49852
49902
49853
49903
49854
49904
49855
49905
49856
49906
49857
49907
49858
49908
49859
49909
49860
49910
49861
49911
49862
49912
49863
49913
49914
49865
49915
49866
49916
49867
49917
49868
49918
49869
49919
49870
49920
49871
49921
49872
49922
49873
49923
49874
49924
49875
49925
49876
49926
49877
49927
49878
49928
49879
49929
49880
49930
49881
49931
49882
49932
49883
49933
49884
49934
49885
49935
49886
49936
49887
49937
49888
49938
49889
49939
49890
49940
49891
49941
49892
49942
49893
49943
49894
49944
49895
49945
49896
49946
49897
49947
49898
49948
49899
49949
49900
49950
49901
49951
49902
49952
49903
49953
49904
49954
49905
49955
49906
49956
49907
49957
49908
49958
49909
49959
49910
49960
49911
49961
49912
49962
49913
49963
49914
49964
49965
49916
49966
49917
49967
49918
49968
49919
49969
49920
49970
49921
49971
49922
49972
49923
49973
49924
49974
49925
49975
49926
49976
49927
49977
49928
49978
49929
49979
49930
49980
49931
49981
49932
49982
49933
49983
49934
49984
49935
49985
49936
49986
49937
49987
49938
49988
49939
49989
49940
49990
49941
49991
49942
49992
49943
49993
49944
49994
49945
49995
49946
49996
49947
49997
49948
49998
49949
49999
49950
50000
49951
50001
49952
50002
49953
50003
49954
50004
49955
50005
49956
50006
49957
50007
49958
50008
49959
50009
49960
50010
49961
50011
49962
50012
49963
50013
49964
50014
49965
50015
50016
49967
50017
49968
50018
49969
50019
49970
50020
49971
50021
49972
50022
49973
50023
49974
50024
49975
50025
49976
50026
49977
50027
49978
50028
49979
50029
49980
50030
49981
50031
49982
50032
49983
50033
49984
50034
49985
50035
49986
50036
49987
50037
49988
50038
49989
50039
49990
50040
49991
50041
49992
50042
49993
50043
49994
50044
49995
50045
49996
50046
49997
50047
49998
50048
49999
50049
50000
50050
50001
50051
50002
50052
50003
50053
50004
50054
50005
50055
50006
50056
50007
50057
50008
50058
50009
50059
50010
50060
50011
50061
50012
50062
50013
50063
50014
50064
50015
50065
50016
50066
50067
50018
50068
50019
50069
50020
50070
50021
50071
50022
50072
50023
50073
50024
50074
50025
50075
50026
50076
50027
50077
50028
50078
50029
50079
50030
50080
50031
50081
50032
50082
50033
50083
50034
50084
50035
50085
50036
50086
50037
50087
50038
50088
50039
50089
50040
50090
50041
50091
50042
50092
50043
50093
50044
50094
50045
50095
50046
50096
50047
50097
50048
50098
50049
50099
50050
50100
50051
50101
50052
50102
50053
50103
50054
50104
50055
50105
50056
50106
50057
50107
50058
50108
50059
50109
50060
50110
50061
50111
50062
50112
50063
50113
50064
50114
50065
50115
50066
50116
50067
50117
50118
50069
50119
50070
50120
50071
50121
50072
50122
50073
50123
50074
50124
50075
50125
50076
50126
50077
50127
50078
50128
50079
50129
50080
50130
50081
50131
50082
50132
50083
50133
50084
50134
50085
50135
50086
50136
50087
50137
50088
50138
50089
50139
50090
50140
50091
50141
50092
50142
50093
50143
50094
50144
50095
50145
50096
50146
50097
50147
50098
50148
50099
50149
50100
50150
50101
50151
50102
50152
50103
50153
50104
50154
50105
50155
50106
50156
50107
50157
50108
50158
50109
50159
50110
50160
50111
50161
50112
50162
50113
50163
50114
50164
50115
50165
50116
50166
50117
50167
50118
50168
50169
50120
50170
50121
50171
50122
50172
50123
50173
50124
50174
50125
50175
50126
50176
50127
50177
50128
50178
50129
50179
50130
50180
50131
50181
50132
50182
50133
50183
50134
50184
50135
50185
50136
50186
50137
50187
50138
50188
50139
50189
50140
50190
50141
50191
50142
50192
50143
50193
50144
50194
50145
50195
50146
50196
50147
50197
50148
50198
50149
50199
50150
50200
50151
50201
50152
50202
50153
50203
50154
50204
50155
50205
50156
50206
50157
50207
50158
50208
50159
50209
50160
50210
50161
50211
50162
50212
50163
50213
50164
50214
50165
50215
50166
50216
50167
50217
50168
50218
50169
50219
50220
50171
50221
50172
50222
50173
50223
50174
50224
50175
50225
50176
50226
50177
50227
50178
50228
50179
50229
50180
50230
50181
50231
50182
50232
50183
50233
50184
50234
50185
50235
50186
50236
50187
50237
50188
50238
50189
50239
50190
50240
50191
50241
50192
50242
50193
50243
50194
50244
50195
50245
50196
50246
50197
50247
50198
50248
50199
50249
50200
50250
50201
50251
50202
50252
50203
50253
50204
50254
50205
50255
50206
50256
50207
50257
50208
50258
50209
50259
50210
50260
50211
50261
50212
50262
50213
50263
50214
50264
50215
50265
50216
50266
50217
50267
50218
50268
50219
50269
50220
50270
50271
50222
50272
50223
50273
50224
50274
50225
50275
50226
50276
50227
50277
50228
50278
50229
50279
50230
50280
50231
50281
50232
50282
50233
50283
50234
50284
50235
50285
50236
50286
50237
50287
50238
50288
50239
50289
50240
50290
50241
50291
50242
50292
50243
50293
50244
50294
50245
50295
50246
50296
50247
50297
50248
50298
50249
50299
50250
50300
50251
50301
50252
50302
50253
50303
50254
50304
50255
50305
50256
50306
50257
50307
50258
50308
50259
50309
50260
50310
50261
50311
50262
50312
50263
50313
50264
50314
50265
50315
50266
50316
50267
50317
50268
50318
50269
50319
50270
50320
50271
50321
50322
50273
50323
50274
50324
50275
50325
50276
50326
50277
50327
50278
50328
50279
50329
50280
50330
50281
50331
50282
50332
50283
50333
50284
50334
50285
50335
50286
50336
50287
50337
50288
50338
50289
50339
50290
50340
50291
50341
50292
50342
50293
50343
50294
50344
50295
50345
50296
50346
50297
50347
50298
50348
50299
50349
50300
50350
50301
50351
50302
50352
50303
50353
50304
50354
50305
50355
50306
50356
50307
50357
50308
50358
50309
50359
50310
50360
50311
50361
50312
50362
50313
50363
50314
50364
50315
50365
50316
50366
50317
50367
50318
50368
50319
50369
50320
50370
50321
50371
50322
50372
50373
50324
50374
50325
50375
50326
50376
50327
50377
50328
50378
50329
50379
50330
50380
50331
50381
50332
50382
50333
50383
50334
50384
50335
50385
50336
50386
50337
50387
50338
50388
50339
50389
50340
50390
50341
50391
50342
50392
50343
50393
50344
50394
50345
50395
50346
50396
50347
50397
50348
50398
50349
50399
50350
50400
50351
50401
50352
50402
50353
50403
50354
50404
50355
50405
50356
50406
50357
50407
50358
50408
50359
50409
50360
50410
50361
50411
50362
50412
50363
50413
50364
50414
50365
50415
50366
50416
50367
50417
50368
50418
50369
50419
50370
50420
50371
50421
50372
50422
50373
50423
50424
50375
50425
50376
50426
50377
50427
50378
50428
50379
50429
50380
50430
50381
50431
50382
50432
50383
50433
50384
50434
50385
50435
50386
50436
50387
50437
50388
50438
50389
50439
50390
50440
50391
50441
50392
50442
50393
50443
50394
50444
50395
50445
50396
50446
50397
50447
50398
50448
50399
50449
50400
50450
50401
50451
50402
50452
50403
50453
50404
50454
50405
50455
50406
50456
50407
50457
50408
50458
50409
50459
50410
50460
50411
50461
50412
50462
50413
50463
50414
50464
50415
50465
50416
50466
50417
50467
50418
50468
50419
50469
50420
50470
50421
50471
50422
50472
50423
50473
50424
50474
50475
50426
50476
50427
50477
50428
50478
50429
50479
50430
50480
50431
50481
50432
50482
50433
50483
50434
50484
50435
50485
50436
50486
50437
50487
50438
50488
50439
50489
50440
50490
50441
50491
50442
50492
50443
50493
50444
50494
50445
50495
50446
50496
50447
50497
50448
50498
50449
50499
50450
50500
50451
50501
50452
50502
50453
50503
50454
50504
50455
50505
50456
50506
50457
50507
50458
50508
50459
50509
50460
50510
50461
50511
50462
50512
50463
50513
50464
50514
50465
50515
50466
50516
50467
50517
50468
50518
50469
50519
50470
50520
50471
50521
50472
50522
50473
50523
50474
50524
50475
50525
50526
50477
50527
50478
50528
50479
50529
50480
50530
50481
50531
50482
50532
50483
50533
50484
50534
50485
50535
50486
50536
50487
50537
50488
50538
50489
50539
50490
50540
50491
50541
50492
50542
50493
50543
50494
50544
50495
50545
50496
50546
50497
50547
50498
50548
50499
50549
50500
50550
50501
50551
50502
50552
50503
50553
50504
50554
50505
50555
50506
50556
50507
50557
50508
50558
50509
50559
50510
50560
50511
50561
50512
50562
50513
50563
50514
50564
50515
50565
50516
50566
50517
50567
50518
50568
50519
50569
50520
50570
50521
50571
50522
50572
50523
50573
50524
50574
50525
50575
50526
50576
50577
50528
50578
50529
50579
50530
50580
50531
50581
50532
50582
50533
50583
50534
50584
50535
50585
50536
50586
50537
50587
50538
50588
50539
50589
50540
50590
50541
50591
50542
50592
50543
50593
50544
50594
50545
50595
50546
50596
50547
50597
50548
50598
50549
50599
50550
50600
50551
50601
50552
50602
50553
50603
50554
50604
50555
50605
50556
50606
50557
50607
50558
50608
50559
50609
50560
50610
50561
50611
50562
50612
50563
50613
50564
50614
50565
50615
50566
50616
50567
50617
50568
50618
50569
50619
50570
50620
50571
50621
50572
50622
50573
50623
50574
50624
50575
50625
50576
50626
50577
50627
50628
50579
50629
50580
50630
50581
50631
50582
50632
50583
50633
50584
50634
50585
50635
50586
50636
50587
50637
50588
50638
50589
50639
50590
50640
50591
50641
50592
50642
50593
50643
50594
50644
50595
50645
50596
50646
50597
50647
50598
50648
50599
50649
50600
50650
50601
50651
50602
50652
50603
50653
50604
50654
50605
50655
50606
50656
50607
50657
50608
50658
50609
50659
50610
50660
50611
50661
50612
50662
50613
50663
50614
50664
50615
50665
50616
50666
50617
50667
50618
50668
50619
50669
50620
50670
50621
50671
50622
50672
50623
50673
50624
50674
50625
50675
50626
50676
50627
50677
50628
50678
50679
50630
50680
50631
50681
50632
50682
50633
50683
50634
50684
50635
50685
50636
50686
50637
50687
50638
50688
50639
50689
50640
50690
50641
50691
50642
50692
50643
50693
50644
50694
50645
50695
50646
50696
50647
50697
50648
50698
50649
50699
50650
50700
50651
50701
50652
50702
50653
50703
50654
50704
50655
50705
50656
50706
50657
50707
50658
50708
50659
50709
50660
50710
50661
50711
50662
50712
50663
50713
50664
50714
50665
50715
50666
50716
50667
50717
50668
50718
50669
50719
50670
50720
50671
50721
50672
50722
50673
50723
50674
50724
50675
50725
50676
50726
50677
50727
50678
50728
50679
50729
50730
50681
50731
50682
50732
50683
50733
50684
50734
50685
50735
50686
50736
50687
50737
50688
50738
50689
50739
50690
50740
50691
50741
50692
50742
50693
50743
50694
50744
50695
50745
50696
50746
50697
50747
50698
50748
50699
50749
50700
50750
50701
50751
50702
50752
50703
50753
50704
50754
50705
50755
50706
50756
50707
50757
50708
50758
50709
50759
50710
50760
50711
50761
50712
50762
50713
50763
50714
50764
50715
50765
50716
50766
50717
50767
50718
50768
50719
50769
50720
50770
50721
50771
50722
50772
50723
50773
50724
50774
50725
50775
50726
50776
50727
50777
50728
50778
50729
50779
50730
50780
50781
50732
50782
50733
50783
50734
50784
50735
50785
50736
50786
50737
50787
50738
50788
50739
50789
50740
50790
50741
50791
50742
50792
50743
50793
50744
50794
50745
50795
50746
50796
50747
50797
50748
50798
50749
50799
50750
50800
50751
50801
50752
50802
50753
50803
50754
50804
50755
50805
50756
50806
50757
50807
50758
50808
50759
50809
50760
50810
50761
50811
50762
50812
50763
50813
50764
50814
50765
50815
50766
50816
50767
50817
50768
50818
50769
50819
50770
50820
50771
50821
50772
50822
50773
50823
50774
50824
50775
50825
50776
50826
50777
50827
50778
50828
50779
50829
50780
50830
50781
50831
50832
50783
50833
50784
50834
50785
50835
50786
50836
50787
50837
50788
50838
50789
50839
50790
50840
50791
50841
50792
50842
50793
50843
50794
50844
50795
50845
50796
50846
50797
50847
50798
50848
50799
50849
50800
50850
50801
50851
50802
50852
50803
50853
50804
50854
50805
50855
50806
50856
50807
50857
50808
50858
50809
50859
50810
50860
50811
50861
50812
50862
50813
50863
50814
50864
50815
50865
50816
50866
50817
50867
50818
50868
50819
50869
50820
50870
50821
50871
50822
50872
50823
50873
50824
50874
50825
50875
50826
50876
50827
50877
50828
50878
50829
50879
50830
50880
50831
50881
50832
50882
50883
50834
50884
50835
50885
50836
50886
50837
50887
50838
50888
50839
50889
50840
50890
50841
50891
50842
50892
50843
50893
50844
50894
50845
50895
50846
50896
50847
50897
50848
50898
50849
50899
50850
50900
50851
50901
50852
50902
50853
50903
50854
50904
50855
50905
50856
50906
50857
50907
50858
50908
50859
50909
50860
50910
50861
50911
50862
50912
50863
50913
50864
50914
50865
50915
50866
50916
50867
50917
50868
50918
50869
50919
50870
50920
50871
50921
50872
50922
50873
50923
50874
50924
50875
50925
50876
50926
50877
50927
50878
50928
50879
50929
50880
50930
50881
50931
50882
50932
50883
50933
50934
50885
50935
50886
50936
50887
50937
50888
50938
50889
50939
50890
50940
50891
50941
50892
50942
50893
50943
50894
50944
50895
50945
50896
50946
50897
50947
50898
50948
50899
50949
50900
50950
50901
50951
50902
50952
50903
50953
50904
50954
50905
50955
50906
50956
50907
50957
50908
50958
50909
50959
50910
50960
50911
50961
50912
50962
50913
50963
50914
50964
50915
50965
50916
50966
50917
50967
50918
50968
50919
50969
50920
50970
50921
50971
50922
50972
50923
50973
50924
50974
50925
50975
50926
50976
50927
50977
50928
50978
50929
50979
50930
50980
50931
50981
50932
50982
50933
50983
50934
50984
50985
50936
50986
50937
50987
50938
50988
50939
50989
50940
50990
50941
50991
50942
50992
50943
50993
50944
50994
50945
50995
50946
50996
50947
50997
50948
50998
50949
50999
50950
51000
50951
51001
50952
51002
50953
51003
50954
51004
50955
51005
50956
51006
50957
51007
50958
51008
50959
51009
50960
51010
50961
51011
50962
51012
50963
51013
50964
51014
50965
51015
50966
51016
50967
51017
50968
51018
50969
51019
50970
51020
50971
51021
50972
51022
50973
51023
50974
51024
50975
51025
50976
51026
50977
51027
50978
51028
50979
51029
50980
51030
50981
51031
50982
51032
50983
51033
50984
51034
50985
51035
51036
50987
51037
50988
51038
50989
51039
50990
51040
50991
51041
50992
51042
50993
51043
50994
51044
50995
51045
50996
51046
50997
51047
50998
51048
50999
51049
51000
51050
51001
51051
51002
51052
51003
51053
51004
51054
51005
51055
51006
51056
51007
51057
51008
51058
51009
51059
51010
51060
51011
51061
51012
51062
51013
51063
51014
51064
51015
51065
51016
51066
51017
51067
51018
51068
51019
51069
51020
51070
51021
51071
51022
51072
51023
51073
51024
51074
51025
51075
51026
51076
51027
51077
51028
51078
51029
51079
51030
51080
51031
51081
51032
51082
51033
51083
51034
51084
51035
51085
51036
51086
51087
51038
51088
51039
51089
51040
51090
51041
51091
51042
51092
51043
51093
51044
51094
51045
51095
51046
51096
51047
51097
51048
51098
51049
51099
51050
51100
51051
51101
51052
51102
51053
51103
51054
51104
51055
51105
51056
51106
51057
51107
51058
51108
51059
51109
51060
51110
51061
51111
51062
51112
51063
51113
51064
51114
51065
51115
51066
51116
51067
51117
51068
51118
51069
51119
51070
51120
51071
51121
51072
51122
51073
51123
51074
51124
51075
51125
51076
51126
51077
51127
51078
51128
51079
51129
51080
51130
51081
51131
51082
51132
51083
51133
51084
51134
51085
51135
51086
51136
51087
51137
51138
51089
51139
51090
51140
51091
51141
51092
51142
51093
51143
51094
51144
51095
51145
51096
51146
51097
51147
51098
51148
51099
51149
51100
51150
51101
51151
51102
51152
51103
51153
51104
51154
51105
51155
51106
51156
51107
51157
51108
51158
51109
51159
51110
51160
51111
51161
51112
51162
51113
51163
51114
51164
51115
51165
51116
51166
51117
51167
51118
51168
51119
51169
51120
51170
51121
51171
51122
51172
51123
51173
51124
51174
51125
51175
51126
51176
51127
51177
51128
51178
51129
51179
51130
51180
51131
51181
51132
51182
51133
51183
51134
51184
51135
51185
51136
51186
51137
51187
51138
51188
51189
51140
51190
51141
51191
51142
51192
51143
51193
51144
51194
51145
51195
51146
51196
51147
51197
51148
51198
51149
51199
51150
51200
51151
51201
51152
51202
51153
51203
51154
51204
51155
51205
51156
51206
51157
51207
51158
51208
51159
51209
51160
51210
51161
51211
51162
51212
51163
51213
51164
51214
51165
51215
51166
51216
51167
51217
51168
51218
51169
51219
51170
51220
51171
51221
51172
51222
51173
51223
51174
51224
51175
51225
51176
51226
51177
51227
51178
51228
51179
51229
51180
51230
51181
51231
51182
51232
51183
51233
51184
51234
51185
51235
51186
51236
51187
51237
51188
51238
51189
51239
51240
51191
51241
51192
51242
51193
51243
51194
51244
51195
51245
51196
51246
51197
51247
51198
51248
51199
51249
51200
51250
51201
51251
51202
51252
51203
51253
51204
51254
51205
51255
51206
51256
51207
51257
51208
51258
51209
51259
51210
51260
51211
51261
51212
51262
51213
51263
51214
51264
51215
51265
51216
51266
51217
51267
51218
51268
51219
51269
51220
51270
51221
51271
51222
51272
51223
51273
51224
51274
51225
51275
51226
51276
51227
51277
51228
51278
51229
51279
51230
51280
51231
51281
51232
51282
51233
51283
51234
51284
51235
51285
51236
51286
51237
51287
51238
51288
51239
51289
51240
51290
51291
51242
51292
51243
51293
51244
51294
51245
51295
51246
51296
51247
51297
51248
51298
51249
51299
51250
51300
51251
51301
51252
51302
51253
51303
51254
51304
51255
51305
51256
51306
51257
51307
51258
51308
51259
51309
51260
51310
51261
51311
51262
51312
51263
51313
51264
51314
51265
51315
51266
51316
51267
51317
51268
51318
51269
51319
51270
51320
51271
51321
51272
51322
51273
51323
51274
51324
51275
51325
51276
51326
51277
51327
51278
51328
51279
51329
51280
51330
51281
51331
51282
51332
51283
51333
51284
51334
51285
51335
51286
51336
51287
51337
51288
51338
51289
51339
51290
51340
51291
51341
51342
51293
51343
51294
51344
51295
51345
51296
51346
51297
51347
51298
51348
51299
51349
51300
51350
51301
51351
51302
51352
51303
51353
51304
51354
51305
51355
51306
51356
51307
51357
51308
51358
51309
51359
51310
51360
51311
51361
51312
51362
51313
51363
51314
51364
51315
51365
51316
51366
51317
51367
51318
51368
51319
51369
51320
51370
51321
51371
51322
51372
51323
51373
51324
51374
51325
51375
51326
51376
51327
51377
51328
51378
51329
51379
51330
51380
51331
51381
51332
51382
51333
51383
51334
51384
51335
51385
51336
51386
51337
51387
51338
51388
51339
51389
51340
51390
51341
51391
51342
51392
51393
51344
51394
51345
51395
51346
51396
51347
51397
51348
51398
51349
51399
51350
51400
51351
51401
51352
51402
51353
51403
51354
51404
51355
51405
51356
51406
51357
51407
51358
51408
51359
51409
51360
51410
51361
51411
51362
51412
51363
51413
51364
51414
51365
51415
51366
51416
51367
51417
51368
51418
51369
51419
51370
51420
51371
51421
51372
51422
51373
51423
51374
51424
51375
51425
51376
51426
51377
51427
51378
51428
51379
51429
51380
51430
51381
51431
51382
51432
51383
51433
51384
51434
51385
51435
51386
51436
51387
51437
51388
51438
51389
51439
51390
51440
51391
51441
51392
51442
51393
51443
51444
51395
51445
51396
51446
51397
51447
51398
51448
51399
51449
51400
51450
51401
51451
51402
51452
51403
51453
51404
51454
51405
51455
51406
51456
51407
51457
51408
51458
51409
51459
51410
51460
51411
51461
51412
51462
51413
51463
51414
51464
51415
51465
51416
51466
51417
51467
51418
51468
51419
51469
51420
51470
51421
51471
51422
51472
51423
51473
51424
51474
51425
51475
51426
51476
51427
51477
51428
51478
51429
51479
51430
51480
51431
51481
51432
51482
51433
51483
51434
51484
51435
51485
51436
51486
51437
51487
51438
51488
51439
51489
51440
51490
51441
51491
51442
51492
51443
51493
51444
51494
51495
51446
51496
51447
51497
51448
51498
51449
51499
51450
51500
51451
51501
51452
51502
51453
51503
51454
51504
51455
51505
51456
51506
51457
51507
51458
51508
51459
51509
51460
51510
51461
51511
51462
51512
51463
51513
51464
51514
51465
51515
51466
51516
51467
51517
51468
51518
51469
51519
51470
51520
51471
51521
51472
51522
51473
51523
51474
51524
51475
51525
51476
51526
51477
51527
51478
51528
51479
51529
51480
51530
51481
51531
51482
51532
51483
51533
51484
51534
51485
51535
51486
51536
51487
51537
51488
51538
51489
51539
51490
51540
51491
51541
51492
51542
51493
51543
51494
51544
51495
51545
51546
51497
51547
51498
51548
51499
51549
51500
51550
51501
51551
51502
51552
51503
51553
51504
51554
51505
51555
51506
51556
51507
51557
51508
51558
51509
51559
51510
51560
51511
51561
51512
51562
51513
51563
51514
51564
51515
51565
51516
51566
51517
51567
51518
51568
51519
51569
51520
51570
51521
51571
51522
51572
51523
51573
51524
51574
51525
51575
51526
51576
51527
51577
51528
51578
51529
51579
51530
51580
51531
51581
51532
51582
51533
51583
51534
51584
51535
51585
51536
51586
51537
51587
51538
51588
51539
51589
51540
51590
51541
51591
51542
51592
51543
51593
51544
51594
51545
51595
51546
51596
51597
51548
51598
51549
51599
51550
51600
51551
51601
51552
51602
51553
51603
51554
51604
51555
51605
51556
51606
51557
51607
51558
51608
51559
51609
51560
51610
51561
51611
51562
51612
51563
51613
51564
51614
51565
51615
51566
51616
51567
51617
51568
51618
51569
51619
51570
51620
51571
51621
51572
51622
51573
51623
51574
51624
51575
51625
51576
51626
51577
51627
51578
51628
51579
51629
51580
51630
51581
51631
51582
51632
51583
51633
51584
51634
51585
51635
51586
51636
51587
51637
51588
51638
51589
51639
51590
51640
51591
51641
51592
51642
51593
51643
51594
51644
51595
51645
51596
51646
51597
51647
51648
51599
51649
51600
51650
51601
51651
51602
51652
51603
51653
51604
51654
51605
51655
51606
51656
51607
51657
51608
51658
51609
51659
51610
51660
51611
51661
51612
51662
51613
51663
51614
51664
51615
51665
51616
51666
51617
51667
51618
51668
51619
51669
51620
51670
51621
51671
51622
51672
51623
51673
51624
51674
51625
51675
51626
51676
51627
51677
51628
51678
51629
51679
51630
51680
51631
51681
51632
51682
51633
51683
51634
51684
51635
51685
51636
51686
51637
51687
51638
51688
51639
51689
51640
51690
51641
51691
51642
51692
51643
51693
51644
51694
51645
51695
51646
51696
51647
51697
51648
51698
51699
51650
51700
51651
51701
51652
51702
51653
51703
51654
51704
51655
51705
51656
51706
51657
51707
51658
51708
51659
51709
51660
51710
51661
51711
51662
51712
51663
51713
51664
51714
51665
51715
51666
51716
51667
51717
51668
51718
51669
51719
51670
51720
51671
51721
51672
51722
51673
51723
51674
51724
51675
51725
51676
51726
51677
51727
51678
51728
51679
51729
51680
51730
51681
51731
51682
51732
51683
51733
51684
51734
51685
51735
51686
51736
51687
51737
51688
51738
51689
51739
51690
51740
51691
51741
51692
51742
51693
51743
51694
51744
51695
51745
51696
51746
51697
51747
51698
51748
51699
51749
51750
51701
51751
51702
51752
51703
51753
51704
51754
51705
51755
51706
51756
51707
51757
51708
51758
51709
51759
51710
51760
51711
51761
51712
51762
51713
51763
51714
51764
51715
51765
51716
51766
51717
51767
51718
51768
51719
51769
51720
51770
51721
51771
51722
51772
51723
51773
51724
51774
51725
51775
51726
51776
51727
51777
51728
51778
51729
51779
51730
51780
51731
51781
51732
51782
51733
51783
51734
51784
51735
51785
51736
51786
51737
51787
51738
51788
51739
51789
51740
51790
51741
51791
51742
51792
51743
51793
51744
51794
51745
51795
51746
51796
51747
51797
51748
51798
51749
51799
51750
51800
51801
51752
51802
51753
51803
51754
51804
51755
51805
51756
51806
51757
51807
51758
51808
51759
51809
51760
51810
51761
51811
51762
51812
51763
51813
51764
51814
51765
51815
51766
51816
51767
51817
51768
51818
51769
51819
51770
51820
51771
51821
51772
51822
51773
51823
51774
51824
51775
51825
51776
51826
51777
51827
51778
51828
51779
51829
51780
51830
51781
51831
51782
51832
51783
51833
51784
51834
51785
51835
51786
51836
51787
51837
51788
51838
51789
51839
51790
51840
51791
51841
51792
51842
51793
51843
51794
51844
51795
51845
51796
51846
51797
51847
51798
51848
51799
51849
51800
51850
51801
51851
51852
51803
51853
51804
51854
51805
51855
51806
51856
51807
51857
51808
51858
51809
51859
51810
51860
51811
51861
51812
51862
51813
51863
51814
51864
51815
51865
51816
51866
51817
51867
51818
51868
51819
51869
51820
51870
51821
51871
51822
51872
51823
51873
51824
51874
51825
51875
51826
51876
51827
51877
51828
51878
51829
51879
51830
51880
51831
51881
51832
51882
51833
51883
51834
51884
51835
51885
51836
51886
51837
51887
51838
51888
51839
51889
51840
51890
51841
51891
51842
51892
51843
51893
51844
51894
51845
51895
51846
51896
51847
51897
51848
51898
51849
51899
51850
51900
51851
51901
51852
51902
51903
51854
51904
51855
51905
51856
51906
51857
51907
51858
51908
51859
51909
51860
51910
51861
51911
51862
51912
51863
51913
51864
51914
51865
51915
51866
51916
51867
51917
51868
51918
51869
51919
51870
51920
51871
51921
51872
51922
51873
51923
51874
51924
51875
51925
51876
51926
51877
51927
51878
51928
51879
51929
51880
51930
51881
51931
51882
51932
51883
51933
51884
51934
51885
51935
51886
51936
51887
51937
51888
51938
51889
51939
51890
51940
51891
51941
51892
51942
51893
51943
51894
51944
51895
51945
51896
51946
51897
51947
51898
51948
51899
51949
51900
51950
51901
51951
51902
51952
51903
51953
51954
51905
51955
51906
51956
51907
51957
51908
51958
51909
51959
51910
51960
51911
51961
51912
51962
51913
51963
51914
51964
51915
51965
51916
51966
51917
51967
51918
51968
51919
51969
51920
51970
51921
51971
51922
51972
51923
51973
51924
51974
51925
51975
51926
51976
51927
51977
51928
51978
51929
51979
51930
51980
51931
51981
51932
51982
51933
51983
51934
51984
51935
51985
51936
51986
51937
51987
51938
51988
51939
51989
51940
51990
51941
51991
51942
51992
51943
51993
51944
51994
51945
51995
51946
51996
51947
51997
51948
51998
51949
51999
51950
52000
51951
52001
51952
52002
51953
52003
51954
52004
52005
51956
52006
51957
52007
51958
52008
51959
52009
51960
52010
51961
52011
51962
52012
51963
52013
51964
52014
51965
52015
51966
52016
51967
52017
51968
52018
51969
52019
51970
52020
51971
52021
51972
52022
51973
52023
51974
52024
51975
52025
51976
52026
51977
52027
51978
52028
51979
52029
51980
52030
51981
52031
51982
52032
51983
52033
51984
52034
51985
52035
51986
52036
51987
52037
51988
52038
51989
52039
51990
52040
51991
52041
51992
52042
51993
52043
51994
52044
51995
52045
51996
52046
51997
52047
51998
52048
51999
52049
52000
52050
52001
52051
52002
52052
52003
52053
52004
52054
52005
52055
52056
52007
52057
52008
52058
52009
52059
52010
52060
52011
52061
52012
52062
52013
52063
52014
52064
52015
52065
52016
52066
52017
52067
52018
52068
52019
52069
52020
52070
52021
52071
52022
52072
52023
52073
52024
52074
52025
52075
52026
52076
52027
52077
52028
52078
52029
52079
52030
52080
52031
52081
52032
52082
52033
52083
52034
52084
52035
52085
52036
52086
52037
52087
52038
52088
52039
52089
52040
52090
52041
52091
52042
52092
52043
52093
52044
52094
52045
52095
52046
52096
52047
52097
52048
52098
52049
52099
52050
52100
52051
52101
52052
52102
52053
52103
52054
52104
52055
52105
52056
52106
52107
52058
52108
52059
52109
52060
52110
52061
52111
52062
52112
52063
52113
52064
52114
52065
52115
52066
52116
52067
52117
52068
52118
52069
52119
52070
52120
52071
52121
52072
52122
52073
52123
52074
52124
52075
52125
52076
52126
52077
52127
52078
52128
52079
52129
52080
52130
52081
52131
52082
52132
52083
52133
52084
52134
52085
52135
52086
52136
52087
52137
52088
52138
52089
52139
52090
52140
52091
52141
52092
52142
52093
52143
52094
52144
52095
52145
52096
52146
52097
52147
52098
52148
52099
52149
52100
52150
52101
52151
52102
52152
52103
52153
52104
52154
52105
52155
52106
52156
52107
52157
52158
52109
52159
52110
52160
52111
52161
52112
52162
52113
52163
52114
52164
52115
52165
52116
52166
52117
52167
52118
52168
52119
52169
52120
52170
52121
52171
52122
52172
52123
52173
52124
52174
52125
52175
52126
52176
52127
52177
52128
52178
52129
52179
52130
52180
52131
52181
52132
52182
52133
52183
52134
52184
52135
52185
52136
52186
52137
52187
52138
52188
52139
52189
52140
52190
52141
52191
52142
52192
52143
52193
52144
52194
52145
52195
52146
52196
52147
52197
52148
52198
52149
52199
52150
52200
52151
52201
52152
52202
52153
52203
52154
52204
52155
52205
52156
52206
52157
52207
52158
52208
52209
52160
52210
52161
52211
52162
52212
52163
52213
52164
52214
52165
52215
52166
52216
52167
52217
52168
52218
52169
52219
52170
52220
52171
52221
52172
52222
52173
52223
52174
52224
52175
52225
52176
52226
52177
52227
52178
52228
52179
52229
52180
52230
52181
52231
52182
52232
52183
52233
52184
52234
52185
52235
52186
52236
52187
52237
52188
52238
52189
52239
52190
52240
52191
52241
52192
52242
52193
52243
52194
52244
52195
52245
52196
52246
52197
52247
52198
52248
52199
52249
52200
52250
52201
52251
52202
52252
52203
52253
52204
52254
52205
52255
52206
52256
52207
52257
52208
52258
52209
52259
52260
52211
52261
52212
52262
52213
52263
52214
52264
52215
52265
52216
52266
52217
52267
52218
52268
52219
52269
52220
52270
52221
52271
52222
52272
52223
52273
52224
52274
52225
52275
52226
52276
52227
52277
52228
52278
52229
52279
52230
52280
52231
52281
52232
52282
52233
52283
52234
52284
52235
52285
52236
52286
52237
52287
52238
52288
52239
52289
52240
52290
52241
52291
52242
52292
52243
52293
52244
52294
52245
52295
52246
52296
52247
52297
52248
52298
52249
52299
52250
52300
52251
52301
52252
52302
52253
52303
52254
52304
52255
52305
52256
52306
52257
52307
52258
52308
52259
52309
52260
52310
52311
52262
52312
52263
52313
52264
52314
52265
52315
52266
52316
52267
52317
52268
52318
52269
52319
52270
52320
52271
52321
52272
52322
52273
52323
52274
52324
52275
52325
52276
52326
52277
52327
52278
52328
52279
52329
52280
52330
52281
52331
52282
52332
52283
52333
52284
52334
52285
52335
52286
52336
52287
52337
52288
52338
52289
52339
52290
52340
52291
52341
52292
52342
52293
52343
52294
52344
52295
52345
52296
52346
52297
52347
52298
52348
52299
52349
52300
52350
52301
52351
52302
52352
52303
52353
52304
52354
52305
52355
52306
52356
52307
52357
52308
52358
52309
52359
52310
52360
52311
52361
52362
52313
52363
52314
52364
52315
52365
52316
52366
52317
52367
52318
52368
52319
52369
52320
52370
52321
52371
52322
52372
52323
52373
52324
52374
52325
52375
52326
52376
52327
52377
52328
52378
52329
52379
52330
52380
52331
52381
52332
52382
52333
52383
52334
52384
52335
52385
52336
52386
52337
52387
52338
52388
52339
52389
52340
52390
52341
52391
52342
52392
52343
52393
52344
52394
52345
52395
52346
52396
52347
52397
52348
52398
52349
52399
52350
52400
52351
52401
52352
52402
52353
52403
52354
52404
52355
52405
52356
52406
52357
52407
52358
52408
52359
52409
52360
52410
52361
52411
52362
52412
52413
52364
52414
52365
52415
52366
52416
52367
52417
52368
52418
52369
52419
52370
52420
52371
52421
52372
52422
52373
52423
52374
52424
52375
52425
52376
52426
52377
52427
52378
52428
52379
52429
52380
52430
52381
52431
52382
52432
52383
52433
52384
52434
52385
52435
52386
52436
52387
52437
52388
52438
52389
52439
52390
52440
52391
52441
52392
52442
52393
52443
52394
52444
52395
52445
52396
52446
52397
52447
52398
52448
52399
52449
52400
52450
52401
52451
52402
52452
52403
52453
52404
52454
52405
52455
52406
52456
52407
52457
52408
52458
52409
52459
52410
52460
52411
52461
52412
52462
52413
52463
52464
52415
52465
52416
52466
52417
52467
52418
52468
52419
52469
52420
52470
52421
52471
52422
52472
52423
52473
52424
52474
52425
52475
52426
52476
52427
52477
52428
52478
52429
52479
52430
52480
52431
52481
52432
52482
52433
52483
52434
52484
52435
52485
52436
52486
52437
52487
52438
52488
52439
52489
52440
52490
52441
52491
52442
52492
52443
52493
52444
52494
52445
52495
52446
52496
52447
52497
52448
52498
52449
52499
52450
52500
52451
52501
52452
52502
52453
52503
52454
52504
52455
52505
52456
52506
52457
52507
52458
52508
52459
52509
52460
52510
52461
52511
52462
52512
52463
52513
52464
52514
52515
52466
52516
52467
52517
52468
52518
52469
52519
52470
52520
52471
52521
52472
52522
52473
52523
52474
52524
52475
52525
52476
52526
52477
52527
52478
52528
52479
52529
52480
52530
52481
52531
52482
52532
52483
52533
52484
52534
52485
52535
52486
52536
52487
52537
52488
52538
52489
52539
52490
52540
52491
52541
52492
52542
52493
52543
52494
52544
52495
52545
52496
52546
52497
52547
52498
52548
52499
52549
52500
52550
52501
52551
52502
52552
52503
52553
52504
52554
52505
52555
52506
52556
52507
52557
52508
52558
52509
52559
52510
52560
52511
52561
52512
52562
52513
52563
52514
52564
52515
52565
52566
52517
52567
52518
52568
52519
52569
52520
52570
52521
52571
52522
52572
52523
52573
52524
52574
52525
52575
52526
52576
52527
52577
52528
52578
52529
52579
52530
52580
52531
52581
52532
52582
52533
52583
52534
52584
52535
52585
52536
52586
52537
52587
52538
52588
52539
52589
52540
52590
52541
52591
52542
52592
52543
52593
52544
52594
52545
52595
52546
52596
52547
52597
52548
52598
52549
52599
52550
52600
52551
52601
52552
52602
52553
52603
52554
52604
52555
52605
52556
52606
52557
52607
52558
52608
52559
52609
52560
52610
52561
52611
52562
52612
52563
52613
52564
52614
52565
52615
52566
52616
52617
52568
52618
52569
52619
52570
52620
52571
52621
52572
52622
52573
52623
52574
52624
52575
52625
52576
52626
52577
52627
52578
52628
52579
52629
52580
52630
52581
52631
52582
52632
52583
52633
52584
52634
52585
52635
52586
52636
52587
52637
52588
52638
52589
52639
52590
52640
52591
52641
52592
52642
52593
52643
52594
52644
52595
52645
52596
52646
52597
52647
52598
52648
52599
52649
52600
52650
52601
52651
52602
52652
52603
52653
52604
52654
52605
52655
52606
52656
52607
52657
52608
52658
52609
52659
52610
52660
52611
52661
52612
52662
52613
52663
52614
52664
52615
52665
52616
52666
52617
52667
52668
52619
52669
52620
52670
52621
52671
52622
52672
52623
52673
52624
52674
52625
52675
52626
52676
52627
52677
52628
52678
52629
52679
52630
52680
52631
52681
52632
52682
52633
52683
52634
52684
52635
52685
52636
52686
52637
52687
52638
52688
52639
52689
52640
52690
52641
52691
52642
52692
52643
52693
52644
52694
52645
52695
52646
52696
52647
52697
52648
52698
52649
52699
52650
52700
52651
52701
52652
52702
52653
52703
52654
52704
52655
52705
52656
52706
52657
52707
52658
52708
52659
52709
52660
52710
52661
52711
52662
52712
52663
52713
52664
52714
52665
52715
52666
52716
52667
52717
52668
52718
52719
52670
52720
52671
52721
52672
52722
52673
52723
52674
52724
52675
52725
52676
52726
52677
52727
52678
52728
52679
52729
52680
52730
52681
52731
52682
52732
52683
52733
52684
52734
52685
52735
52686
52736
52687
52737
52688
52738
52689
52739
52690
52740
52691
52741
52692
52742
52693
52743
52694
52744
52695
52745
52696
52746
52697
52747
52698
52748
52699
52749
52700
52750
52701
52751
52702
52752
52703
52753
52704
52754
52705
52755
52706
52756
52707
52757
52708
52758
52709
52759
52710
52760
52711
52761
52712
52762
52713
52763
52714
52764
52715
52765
52716
52766
52717
52767
52718
52768
52719
52769
52770
52721
52771
52722
52772
52723
52773
52724
52774
52725
52775
52726
52776
52727
52777
52728
52778
52729
52779
52730
52780
52731
52781
52732
52782
52733
52783
52734
52784
52735
52785
52736
52786
52737
52787
52738
52788
52739
52789
52740
52790
52741
52791
52742
52792
52743
52793
52744
52794
52745
52795
52746
52796
52747
52797
52748
52798
52749
52799
52750
52800
52751
52801
52752
52802
52753
52803
52754
52804
52755
52805
52756
52806
52757
52807
52758
52808
52759
52809
52760
52810
52761
52811
52762
52812
52763
52813
52764
52814
52765
52815
52766
52816
52767
52817
52768
52818
52769
52819
52770
52820
52821
52772
52822
52773
52823
52774
52824
52775
52825
52776
52826
52777
52827
52778
52828
52779
52829
52780
52830
52781
52831
52782
52832
52783
52833
52784
52834
52785
52835
52786
52836
52787
52837
52788
52838
52789
52839
52790
52840
52791
52841
52792
52842
52793
52843
52794
52844
52795
52845
52796
52846
52797
52847
52798
52848
52799
52849
52800
52850
52801
52851
52802
52852
52803
52853
52804
52854
52805
52855
52806
52856
52807
52857
52808
52858
52809
52859
52810
52860
52811
52861
52812
52862
52813
52863
52814
52864
52815
52865
52816
52866
52817
52867
52818
52868
52819
52869
52820
52870
52821
52871
52872
52823
52873
52824
52874
52825
52875
52826
52876
52827
52877
52828
52878
52829
52879
52830
52880
52831
52881
52832
52882
52833
52883
52834
52884
52835
52885
52836
52886
52837
52887
52838
52888
52839
52889
52840
52890
52841
52891
52842
52892
52843
52893
52844
52894
52845
52895
52846
52896
52847
52897
52848
52898
52849
52899
52850
52900
52851
52901
52852
52902
52853
52903
52854
52904
52855
52905
52856
52906
52857
52907
52858
52908
52859
52909
52860
52910
52861
52911
52862
52912
52863
52913
52864
52914
52865
52915
52866
52916
52867
52917
52868
52918
52869
52919
52870
52920
52871
52921
52872
52922
52923
52874
52924
52875
52925
52876
52926
52877
52927
52878
52928
52879
52929
52880
52930
52881
52931
52882
52932
52883
52933
52884
52934
52885
52935
52886
52936
52887
52937
52888
52938
52889
52939
52890
52940
52891
52941
52892
52942
52893
52943
52894
52944
52895
52945
52896
52946
52897
52947
52898
52948
52899
52949
52900
52950
52901
52951
52902
52952
52903
52953
52904
52954
52905
52955
52906
52956
52907
52957
52908
52958
52909
52959
52910
52960
52911
52961
52912
52962
52913
52963
52914
52964
52915
52965
52916
52966
52917
52967
52918
52968
52919
52969
52920
52970
52921
52971
52922
52972
52923
52973
52974
52925
52975
52926
52976
52927
52977
52928
52978
52929
52979
52930
52980
52931
52981
52932
52982
52933
52983
52934
52984
52935
52985
52936
52986
52937
52987
52938
52988
52939
52989
52940
52990
52941
52991
52942
52992
52943
52993
52944
52994
52945
52995
52946
52996
52947
52997
52948
52998
52949
52999
52950
53000
52951
53001
52952
53002
52953
53003
52954
53004
52955
53005
52956
53006
52957
53007
52958
53008
52959
53009
52960
53010
52961
53011
52962
53012
52963
53013
52964
53014
52965
53015
52966
53016
52967
53017
52968
53018
52969
53019
52970
53020
52971
53021
52972
53022
52973
53023
52974
53024
53025
52976
53026
52977
53027
52978
53028
52979
53029
52980
53030
52981
53031
52982
53032
52983
53033
52984
53034
52985
53035
52986
53036
52987
53037
52988
53038
52989
53039
52990
53040
52991
53041
52992
53042
52993
53043
52994
53044
52995
53045
52996
53046
52997
53047
52998
53048
52999
53049
53000
53050
53001
53051
53002
53052
53003
53053
53004
53054
53005
53055
53006
53056
53007
53057
53008
53058
53009
53059
53010
53060
53011
53061
53012
53062
53013
53063
53014
53064
53015
53065
53016
53066
53017
53067
53018
53068
53019
53069
53020
53070
53021
53071
53022
53072
53023
53073
53024
53074
53025
53075
53076
53027
53077
53028
53078
53029
53079
53030
53080
53031
53081
53032
53082
53033
53083
53034
53084
53035
53085
53036
53086
53037
53087
53038
53088
53039
53089
53040
53090
53041
53091
53042
53092
53043
53093
53044
53094
53045
53095
53046
53096
53047
53097
53048
53098
53049
53099
53050
53100
53051
53101
53052
53102
53053
53103
53054
53104
53055
53105
53056
53106
53057
53107
53058
53108
53059
53109
53060
53110
53061
53111
53062
53112
53063
53113
53064
53114
53065
53115
53066
53116
53067
53117
53068
53118
53069
53119
53070
53120
53071
53121
53072
53122
53073
53123
53074
53124
53075
53125
53076
53126
53127
53078
53128
53079
53129
53080
53130
53081
53131
53082
53132
53083
53133
53084
53134
53085
53135
53086
53136
53087
53137
53088
53138
53089
53139
53090
53140
53091
53141
53092
53142
53093
53143
53094
53144
53095
53145
53096
53146
53097
53147
53098
53148
53099
53149
53100
53150
53101
53151
53102
53152
53103
53153
53104
53154
53105
53155
53106
53156
53107
53157
53108
53158
53109
53159
53110
53160
53111
53161
53112
53162
53113
53163
53114
53164
53115
53165
53116
53166
53117
53167
53118
53168
53119
53169
53120
53170
53121
53171
53122
53172
53123
53173
53124
53174
53125
53175
53126
53176
53127
53177
53178
53129
53179
53130
53180
53131
53181
53132
53182
53133
53183
53134
53184
53135
53185
53136
53186
53137
53187
53138
53188
53139
53189
53140
53190
53141
53191
53142
53192
53143
53193
53144
53194
53145
53195
53146
53196
53147
53197
53148
53198
53149
53199
53150
53200
53151
53201
53152
53202
53153
53203
53154
53204
53155
53205
53156
53206
53157
53207
53158
53208
53159
53209
53160
53210
53161
53211
53162
53212
53163
53213
53164
53214
53165
53215
53166
53216
53167
53217
53168
53218
53169
53219
53170
53220
53171
53221
53172
53222
53173
53223
53174
53224
53175
53225
53176
53226
53177
53227
53178
53228
53229
53180
53230
53181
53231
53182
53232
53183
53233
53184
53234
53185
53235
53186
53236
53187
53237
53188
53238
53189
53239
53190
53240
53191
53241
53192
53242
53193
53243
53194
53244
53195
53245
53196
53246
53197
53247
53198
53248
53199
53249
53200
53250
53201
53251
53202
53252
53203
53253
53204
53254
53205
53255
53206
53256
53207
53257
53208
53258
53209
53259
53210
53260
53211
53261
53212
53262
53213
53263
53214
53264
53215
53265
53216
53266
53217
53267
53218
53268
53219
53269
53220
53270
53221
53271
53222
53272
53223
53273
53224
53274
53225
53275
53226
53276
53227
53277
53228
53278
53229
53279
53280
53231
53281
53232
53282
53233
53283
53234
53284
53235
53285
53236
53286
53237
53287
53238
53288
53239
53289
53240
53290
53241
53291
53242
53292
53243
53293
53244
53294
53245
53295
53246
53296
53247
53297
53248
53298
53249
53299
53250
53300
53251
53301
53252
53302
53253
53303
53254
53304
53255
53305
53256
53306
53257
53307
53258
53308
53259
53309
53260
53310
53261
53311
53262
53312
53263
53313
53264
53314
53265
53315
53266
53316
53267
53317
53268
53318
53269
53319
53270
53320
53271
53321
53272
53322
53273
53323
53274
53324
53275
53325
53276
53326
53277
53327
53278
53328
53279
53329
53280
53330
53331
53282
53332
53283
53333
53284
53334
53285
53335
53286
53336
53287
53337
53288
53338
53289
53339
53290
53340
53291
53341
53292
53342
53293
53343
53294
53344
53295
53345
53296
53346
53297
53347
53298
53348
53299
53349
53300
53350
53301
53351
53302
53352
53303
53353
53304
53354
53305
53355
53306
53356
53307
53357
53308
53358
53309
53359
53310
53360
53311
53361
53312
53362
53313
53363
53314
53364
53315
53365
53316
53366
53317
53367
53318
53368
53319
53369
53320
53370
53321
53371
53322
53372
53323
53373
53324
53374
53325
53375
53326
53376
53327
53377
53328
53378
53329
53379
53330
53380
53331
53381
53382
53333
53383
53334
53384
53335
53385
53336
53386
53337
53387
53338
53388
53339
53389
53340
53390
53341
53391
53342
53392
53343
53393
53344
53394
53345
53395
53346
53396
53347
53397
53348
53398
53349
53399
53350
53400
53351
53401
53352
53402
53353
53403
53354
53404
53355
53405
53356
53406
53357
53407
53358
53408
53359
53409
53360
53410
53361
53411
53362
53412
53363
53413
53364
53414
53365
53415
53366
53416
53367
53417
53368
53418
53369
53419
53370
53420
53371
53421
53372
53422
53373
53423
53374
53424
53375
53425
53376
53426
53377
53427
53378
53428
53379
53429
53380
53430
53381
53431
53382
53432
53433
53384
53434
53385
53435
53386
53436
53387
53437
53388
53438
53389
53439
53390
53440
53391
53441
53392
53442
53393
53443
53394
53444
53395
53445
53396
53446
53397
53447
53398
53448
53399
53449
53400
53450
53401
53451
53402
53452
53403
53453
53404
53454
53405
53455
53406
53456
53407
53457
53408
53458
53409
53459
53410
53460
53411
53461
53412
53462
53413
53463
53414
53464
53415
53465
53416
53466
53417
53467
53418
53468
53419
53469
53420
53470
53421
53471
53422
53472
53423
53473
53424
53474
53425
53475
53426
53476
53427
53477
53428
53478
53429
53479
53430
53480
53431
53481
53432
53482
53433
53483
53484
53435
53485
53436
53486
53437
53487
53438
53488
53439
53489
53440
53490
53441
53491
53442
53492
53443
53493
53444
53494
53445
53495
53446
53496
53447
53497
53448
53498
53449
53499
53450
53500
53451
53501
53452
53502
53453
53503
53454
53504
53455
53505
53456
53506
53457
53507
53458
53508
53459
53509
53460
53510
53461
53511
53462
53512
53463
53513
53464
53514
53465
53515
53466
53516
53467
53517
53468
53518
53469
53519
53470
53520
53471
53521
53472
53522
53473
53523
53474
53524
53475
53525
53476
53526
53477
53527
53478
53528
53479
53529
53480
53530
53481
53531
53482
53532
53483
53533
53484
53534
53535
53486
53536
53487
53537
53488
53538
53489
53539
53490
53540
53491
53541
53492
53542
53493
53543
53494
53544
53495
53545
53496
53546
53497
53547
53498
53548
53499
53549
53500
53550
53501
53551
53502
53552
53503
53553
53504
53554
53505
53555
53506
53556
53507
53557
53508
53558
53509
53559
53510
53560
53511
53561
53512
53562
53513
53563
53514
53564
53515
53565
53516
53566
53517
53567
53518
53568
53519
53569
53520
53570
53521
53571
53522
53572
53523
53573
53524
53574
53525
53575
53526
53576
53527
53577
53528
53578
53529
53579
53530
53580
53531
53581
53532
53582
53533
53583
53534
53584
53535
53585
53586
53537
53587
53538
53588
53539
53589
53540
53590
53541
53591
53542
53592
53543
53593
53544
53594
53545
53595
53546
53596
53547
53597
53548
53598
53549
53599
53550
53600
53551
53601
53552
53602
53553
53603
53554
53604
53555
53605
53556
53606
53557
53607
53558
53608
53559
53609
53560
53610
53561
53611
53562
53612
53563
53613
53564
53614
53565
53615
53566
53616
53567
53617
53568
53618
53569
53619
53570
53620
53571
53621
53572
53622
53573
53623
53574
53624
53575
53625
53576
53626
53577
53627
53578
53628
53579
53629
53580
53630
53581
53631
53582
53632
53583
53633
53584
53634
53585
53635
53586
53636
53637
53588
53638
53589
53639
53590
53640
53591
53641
53592
53642
53593
53643
53594
53644
53595
53645
53596
53646
53597
53647
53598
53648
53599
53649
53600
53650
53601
53651
53602
53652
53603
53653
53604
53654
53605
53655
53606
53656
53607
53657
53608
53658
53609
53659
53610
53660
53611
53661
53612
53662
53613
53663
53614
53664
53615
53665
53616
53666
53617
53667
53618
53668
53619
53669
53620
53670
53621
53671
53622
53672
53623
53673
53624
53674
53625
53675
53626
53676
53627
53677
53628
53678
53629
53679
53630
53680
53631
53681
53632
53682
53633
53683
53634
53684
53635
53685
53636
53686
53637
53687
53688
53639
53689
53640
53690
53641
53691
53642
53692
53643
53693
53644
53694
53645
53695
53646
53696
53647
53697
53648
53698
53649
53699
53650
53700
53651
53701
53652
53702
53653
53703
53654
53704
53655
53705
53656
53706
53657
53707
53658
53708
53659
53709
53660
53710
53661
53711
53662
53712
53663
53713
53664
53714
53665
53715
53666
53716
53667
53717
53668
53718
53669
53719
53670
53720
53671
53721
53672
53722
53673
53723
53674
53724
53675
53725
53676
53726
53677
53727
53678
53728
53679
53729
53680
53730
53681
53731
53682
53732
53683
53733
53684
53734
53685
53735
53686
53736
53687
53737
53688
53738
53739
53690
53740
53691
53741
53692
53742
53693
53743
53694
53744
53695
53745
53696
53746
53697
53747
53698
53748
53699
53749
53700
53750
53701
53751
53702
53752
53703
53753
53704
53754
53705
53755
53706
53756
53707
53757
53708
53758
53709
53759
53710
53760
53711
53761
53712
53762
53713
53763
53714
53764
53715
53765
53716
53766
53717
53767
53718
53768
53719
53769
53720
53770
53721
53771
53722
53772
53723
53773
53724
53774
53725
53775
53726
53776
53727
53777
53728
53778
53729
53779
53730
53780
53731
53781
53732
53782
53733
53783
53734
53784
53735
53785
53736
53786
53737
53787
53738
53788
53739
53789
53790
53741
53791
53742
53792
53743
53793
53744
53794
53745
53795
53746
53796
53747
53797
53748
53798
53749
53799
53750
53800
53751
53801
53752
53802
53753
53803
53754
53804
53755
53805
53756
53806
53757
53807
53758
53808
53759
53809
53760
53810
53761
53811
53762
53812
53763
53813
53764
53814
53765
53815
53766
53816
53767
53817
53768
53818
53769
53819
53770
53820
53771
53821
53772
53822
53773
53823
53774
53824
53775
53825
53776
53826
53777
53827
53778
53828
53779
53829
53780
53830
53781
53831
53782
53832
53783
53833
53784
53834
53785
53835
53786
53836
53787
53837
53788
53838
53789
53839
53790
53840
53841
53792
53842
53793
53843
53794
53844
53795
53845
53796
53846
53797
53847
53798
53848
53799
53849
53800
53850
53801
53851
53802
53852
53803
53853
53804
53854
53805
53855
53806
53856
53807
53857
53808
53858
53809
53859
53810
53860
53811
53861
53812
53862
53813
53863
53814
53864
53815
53865
53816
53866
53817
53867
53818
53868
53819
53869
53820
53870
53821
53871
53822
53872
53823
53873
53824
53874
53825
53875
53826
53876
53827
53877
53828
53878
53829
53879
53830
53880
53831
53881
53832
53882
53833
53883
53834
53884
53835
53885
53836
53886
53837
53887
53838
53888
53839
53889
53840
53890
53841
53891
53892
53843
53893
53844
53894
53845
53895
53846
53896
53847
53897
53848
53898
53849
53899
53850
53900
53851
53901
53852
53902
53853
53903
53854
53904
53855
53905
53856
53906
53857
53907
53858
53908
53859
53909
53860
53910
53861
53911
53862
53912
53863
53913
53864
53914
53865
53915
53866
53916
53867
53917
53868
53918
53869
53919
53870
53920
53871
53921
53872
53922
53873
53923
53874
53924
53875
53925
53876
53926
53877
53927
53878
53928
53879
53929
53880
53930
53881
53931
53882
53932
53883
53933
53884
53934
53885
53935
53886
53936
53887
53937
53888
53938
53889
53939
53890
53940
53891
53941
53892
53942
53943
53894
53944
53895
53945
53896
53946
53897
53947
53898
53948
53899
53949
53900
53950
53901
53951
53902
53952
53903
53953
53904
53954
53905
53955
53906
53956
53907
53957
53908
53958
53909
53959
53910
53960
53911
53961
53912
53962
53913
53963
53914
53964
53915
53965
53916
53966
53917
53967
53918
53968
53919
53969
53920
53970
53921
53971
53922
53972
53923
53973
53924
53974
53925
53975
53926
53976
53927
53977
53928
53978
53929
53979
53930
53980
53931
53981
53932
53982
53933
53983
53934
53984
53935
53985
53936
53986
53937
53987
53938
53988
53939
53989
53940
53990
53941
53991
53942
53992
53943
53993
53994
53945
53995
53946
53996
53947
53997
53948
53998
53949
53999
53950
54000
53951
54001
53952
54002
53953
54003
53954
54004
53955
54005
53956
54006
53957
54007
53958
54008
53959
54009
53960
54010
53961
54011
53962
54012
53963
54013
53964
54014
53965
54015
53966
54016
53967
54017
53968
54018
53969
54019
53970
54020
53971
54021
53972
54022
53973
54023
53974
54024
53975
54025
53976
54026
53977
54027
53978
54028
53979
54029
53980
54030
53981
54031
53982
54032
53983
54033
53984
54034
53985
54035
53986
54036
53987
54037
53988
54038
53989
54039
53990
54040
53991
54041
53992
54042
53993
54043
53994
54044
54045
53996
54046
53997
54047
53998
54048
53999
54049
54000
54050
54001
54051
54002
54052
54003
54053
54004
54054
54005
54055
54006
54056
54007
54057
54008
54058
54009
54059
54010
54060
54011
54061
54012
54062
54013
54063
54014
54064
54015
54065
54016
54066
54017
54067
54018
54068
54019
54069
54020
54070
54021
54071
54022
54072
54023
54073
54024
54074
54025
54075
54026
54076
54027
54077
54028
54078
54029
54079
54030
54080
54031
54081
54032
54082
54033
54083
54034
54084
54035
54085
54036
54086
54037
54087
54038
54088
54039
54089
54040
54090
54041
54091
54042
54092
54043
54093
54044
54094
54045
54095
54096
54047
54097
54048
54098
54049
54099
54050
54100
54051
54101
54052
54102
54053
54103
54054
54104
54055
54105
54056
54106
54057
54107
54058
54108
54059
54109
54060
54110
54061
54111
54062
54112
54063
54113
54064
54114
54065
54115
54066
54116
54067
54117
54068
54118
54069
54119
54070
54120
54071
54121
54072
54122
54073
54123
54074
54124
54075
54125
54076
54126
54077
54127
54078
54128
54079
54129
54080
54130
54081
54131
54082
54132
54083
54133
54084
54134
54085
54135
54086
54136
54087
54137
54088
54138
54089
54139
54090
54140
54091
54141
54092
54142
54093
54143
54094
54144
54095
54145
54096
54146
54147
54098
54148
54099
54149
54100
54150
54101
54151
54102
54152
54103
54153
54104
54154
54105
54155
54106
54156
54107
54157
54108
54158
54109
54159
54110
54160
54111
54161
54112
54162
54113
54163
54114
54164
54115
54165
54116
54166
54117
54167
54118
54168
54119
54169
54120
54170
54121
54171
54122
54172
54123
54173
54124
54174
54125
54175
54126
54176
54127
54177
54128
54178
54129
54179
54130
54180
54131
54181
54132
54182
54133
54183
54134
54184
54135
54185
54136
54186
54137
54187
54138
54188
54139
54189
54140
54190
54141
54191
54142
54192
54143
54193
54144
54194
54145
54195
54146
54196
54147
54197
54198
54149
54199
54150
54200
54151
54201
54152
54202
54153
54203
54154
54204
54155
54205
54156
54206
54157
54207
54158
54208
54159
54209
54160
54210
54161
54211
54162
54212
54163
54213
54164
54214
54165
54215
54166
54216
54167
54217
54168
54218
54169
54219
54170
54220
54171
54221
54172
54222
54173
54223
54174
54224
54175
54225
54176
54226
54177
54227
54178
54228
54179
54229
54180
54230
54181
54231
54182
54232
54183
54233
54184
54234
54185
54235
54186
54236
54187
54237
54188
54238
54189
54239
54190
54240
54191
54241
54192
54242
54193
54243
54194
54244
54195
54245
54196
54246
54197
54247
54198
54248
54249
54200
54250
54201
54251
54202
54252
54203
54253
54204
54254
54205
54255
54206
54256
54207
54257
54208
54258
54209
54259
54210
54260
54211
54261
54212
54262
54213
54263
54214
54264
54215
54265
54216
54266
54217
54267
54218
54268
54219
54269
54220
54270
54221
54271
54222
54272
54223
54273
54224
54274
54225
54275
54226
54276
54227
54277
54228
54278
54229
54279
54230
54280
54231
54281
54232
54282
54233
54283
54234
54284
54235
54285
54236
54286
54237
54287
54238
54288
54239
54289
54240
54290
54241
54291
54242
54292
54243
54293
54244
54294
54245
54295
54246
54296
54247
54297
54248
54298
54249
54299
54300
54251
54301
54252
54302
54253
54303
54254
54304
54255
54305
54256
54306
54257
54307
54258
54308
54259
54309
54260
54310
54261
54311
54262
54312
54263
54313
54264
54314
54265
54315
54266
54316
54267
54317
54268
54318
54269
54319
54270
54320
54271
54321
54272
54322
54273
54323
54274
54324
54275
54325
54276
54326
54277
54327
54278
54328
54279
54329
54280
54330
54281
54331
54282
54332
54283
54333
54284
54334
54285
54335
54286
54336
54287
54337
54288
54338
54289
54339
54290
54340
54291
54341
54292
54342
54293
54343
54294
54344
54295
54345
54296
54346
54297
54347
54298
54348
54299
54349
54300
54350
54351
54302
54352
54303
54353
54304
54354
54305
54355
54306
54356
54307
54357
54308
54358
54309
54359
54310
54360
54311
54361
54312
54362
54313
54363
54314
54364
54315
54365
54316
54366
54317
54367
54318
54368
54319
54369
54320
54370
54321
54371
54322
54372
54323
54373
54324
54374
54325
54375
54326
54376
54327
54377
54328
54378
54329
54379
54330
54380
54331
54381
54332
54382
54333
54383
54334
54384
54335
54385
54336
54386
54337
54387
54338
54388
54339
54389
54340
54390
54341
54391
54342
54392
54343
54393
54344
54394
54345
54395
54346
54396
54347
54397
54348
54398
54349
54399
54350
54400
54351
54401
54402
54353
54403
54354
54404
54355
54405
54356
54406
54357
54407
54358
54408
54359
54409
54360
54410
54361
54411
54362
54412
54363
54413
54364
54414
54365
54415
54366
54416
54367
54417
54368
54418
54369
54419
54370
54420
54371
54421
54372
54422
54373
54423
54374
54424
54375
54425
54376
54426
54377
54427
54378
54428
54379
54429
54380
54430
54381
54431
54382
54432
54383
54433
54384
54434
54385
54435
54386
54436
54387
54437
54388
54438
54389
54439
54390
54440
54391
54441
54392
54442
54393
54443
54394
54444
54395
54445
54396
54446
54397
54447
54398
54448
54399
54449
54400
54450
54401
54451
54402
54452
54453
54404
54454
54405
54455
54406
54456
54407
54457
54408
54458
54409
54459
54410
54460
54411
54461
54412
54462
54413
54463
54414
54464
54415
54465
54416
54466
54417
54467
54418
54468
54419
54469
54420
54470
54421
54471
54422
54472
54423
54473
54424
54474
54425
54475
54426
54476
54427
54477
54428
54478
54429
54479
54430
54480
54431
54481
54432
54482
54433
54483
54434
54484
54435
54485
54436
54486
54437
54487
54438
54488
54439
54489
54440
54490
54441
54491
54442
54492
54443
54493
54444
54494
54445
54495
54446
54496
54447
54497
54448
54498
54449
54499
54450
54500
54451
54501
54452
54502
54453
54503
54504
54455
54505
54456
54506
54457
54507
54458
54508
54459
54509
54460
54510
54461
54511
54462
54512
54463
54513
54464
54514
54465
54515
54466
54516
54467
54517
54468
54518
54469
54519
54470
54520
54471
54521
54472
54522
54473
54523
54474
54524
54475
54525
54476
54526
54477
54527
54478
54528
54479
54529
54480
54530
54481
54531
54482
54532
54483
54533
54484
54534
54485
54535
54486
54536
54487
54537
54488
54538
54489
54539
54490
54540
54491
54541
54492
54542
54493
54543
54494
54544
54495
54545
54496
54546
54497
54547
54498
54548
54499
54549
54500
54550
54501
54551
54502
54552
54503
54553
54504
54554
54555
54506
54556
54507
54557
54508
54558
54509
54559
54510
54560
54511
54561
54512
54562
54513
54563
54514
54564
54515
54565
54516
54566
54517
54567
54518
54568
54519
54569
54520
54570
54521
54571
54522
54572
54523
54573
54524
54574
54525
54575
54526
54576
54527
54577
54528
54578
54529
54579
54530
54580
54531
54581
54532
54582
54533
54583
54534
54584
54535
54585
54536
54586
54537
54587
54538
54588
54539
54589
54540
54590
54541
54591
54542
54592
54543
54593
54544
54594
54545
54595
54546
54596
54547
54597
54548
54598
54549
54599
54550
54600
54551
54601
54552
54602
54553
54603
54554
54604
54555
54605
54606
54557
54607
54558
54608
54559
54609
54560
54610
54561
54611
54562
54612
54563
54613
54564
54614
54565
54615
54566
54616
54567
54617
54568
54618
54569
54619
54570
54620
54571
54621
54572
54622
54573
54623
54574
54624
54575
54625
54576
54626
54577
54627
54578
54628
54579
54629
54580
54630
54581
54631
54582
54632
54583
54633
54584
54634
54585
54635
54586
54636
54587
54637
54588
54638
54589
54639
54590
54640
54591
54641
54592
54642
54593
54643
54594
54644
54595
54645
54596
54646
54597
54647
54598
54648
54599
54649
54600
54650
54601
54651
54602
54652
54603
54653
54604
54654
54605
54655
54606
54656
54657
54608
54658
54609
54659
54610
54660
54611
54661
54612
54662
54613
54663
54614
54664
54615
54665
54616
54666
54617
54667
54618
54668
54619
54669
54620
54670
54621
54671
54622
54672
54623
54673
54624
54674
54625
54675
54626
54676
54627
54677
54628
54678
54629
54679
54630
54680
54631
54681
54632
54682
54633
54683
54634
54684
54635
54685
54636
54686
54637
54687
54638
54688
54639
54689
54640
54690
54641
54691
54642
54692
54643
54693
54644
54694
54645
54695
54646
54696
54647
54697
54648
54698
54649
54699
54650
54700
54651
54701
54652
54702
54653
54703
54654
54704
54655
54705
54656
54706
54657
54707
54708
54659
54709
54660
54710
54661
54711
54662
54712
54663
54713
54664
54714
54665
54715
54666
54716
54667
54717
54668
54718
54669
54719
54670
54720
54671
54721
54672
54722
54673
54723
54674
54724
54675
54725
54676
54726
54677
54727
54678
54728
54679
54729
54680
54730
54681
54731
54682
54732
54683
54733
54684
54734
54685
54735
54686
54736
54687
54737
54688
54738
54689
54739
54690
54740
54691
54741
54692
54742
54693
54743
54694
54744
54695
54745
54696
54746
54697
54747
54698
54748
54699
54749
54700
54750
54701
54751
54702
54752
54703
54753
54704
54754
54705
54755
54706
54756
54707
54757
54708
54758
54759
54710
54760
54711
54761
54712
54762
54713
54763
54714
54764
54715
54765
54716
54766
54717
54767
54718
54768
54719
54769
54720
54770
54721
54771
54722
54772
54723
54773
54724
54774
54725
54775
54726
54776
54727
54777
54728
54778
54729
54779
54730
54780
54731
54781
54732
54782
54733
54783
54734
54784
54735
54785
54736
54786
54737
54787
54738
54788
54739
54789
54740
54790
54741
54791
54742
54792
54743
54793
54744
54794
54745
54795
54746
54796
54747
54797
54748
54798
54749
54799
54750
54800
54751
54801
54752
54802
54753
54803
54754
54804
54755
54805
54756
54806
54757
54807
54758
54808
54759
54809
54810
54761
54811
54762
54812
54763
54813
54764
54814
54765
54815
54766
54816
54767
54817
54768
54818
54769
54819
54770
54820
54771
54821
54772
54822
54773
54823
54774
54824
54775
54825
54776
54826
54777
54827
54778
54828
54779
54829
54780
54830
54781
54831
54782
54832
54783
54833
54784
54834
54785
54835
54786
54836
54787
54837
54788
54838
54789
54839
54790
54840
54791
54841
54792
54842
54793
54843
54794
54844
54795
54845
54796
54846
54797
54847
54798
54848
54799
54849
54800
54850
54801
54851
54802
54852
54803
54853
54804
54854
54805
54855
54806
54856
54807
54857
54808
54858
54809
54859
54810
54860
54861
54812
54862
54813
54863
54814
54864
54815
54865
54816
54866
54817
54867
54818
54868
54819
54869
54820
54870
54821
54871
54822
54872
54823
54873
54824
54874
54825
54875
54826
54876
54827
54877
54828
54878
54829
54879
54830
54880
54831
54881
54832
54882
54833
54883
54834
54884
54835
54885
54836
54886
54837
54887
54838
54888
54839
54889
54840
54890
54841
54891
54842
54892
54843
54893
54844
54894
54845
54895
54846
54896
54847
54897
54848
54898
54849
54899
54850
54900
54851
54901
54852
54902
54853
54903
54854
54904
54855
54905
54856
54906
54857
54907
54858
54908
54859
54909
54860
54910
54861
54911
54912
54863
54913
54864
54914
54865
54915
54866
54916
54867
54917
54868
54918
54869
54919
54870
54920
54871
54921
54872
54922
54873
54923
54874
54924
54875
54925
54876
54926
54877
54927
54878
54928
54879
54929
54880
54930
54881
54931
54882
54932
54883
54933
54884
54934
54885
54935
54886
54936
54887
54937
54888
54938
54889
54939
54890
54940
54891
54941
54892
54942
54893
54943
54894
54944
54895
54945
54896
54946
54897
54947
54898
54948
54899
54949
54900
54950
54901
54951
54902
54952
54903
54953
54904
54954
54905
54955
54906
54956
54907
54957
54908
54958
54909
54959
54910
54960
54911
54961
54912
54962
54963
54914
54964
54915
54965
54916
54966
54917
54967
54918
54968
54919
54969
54920
54970
54921
54971
54922
54972
54923
54973
54924
54974
54925
54975
54926
54976
54927
54977
54928
54978
54929
54979
54930
54980
54931
54981
54932
54982
54933
54983
54934
54984
54935
54985
54936
54986
54937
54987
54938
54988
54939
54989
54940
54990
54941
54991
54942
54992
54943
54993
54944
54994
54945
54995
54946
54996
54947
54997
54948
54998
54949
54999
54950
55000
54951
55001
54952
55002
54953
55003
54954
55004
54955
55005
54956
55006
54957
55007
54958
55008
54959
55009
54960
55010
54961
55011
54962
55012
54963
55013
55014
54965
55015
54966
55016
54967
55017
54968
55018
54969
55019
54970
55020
54971
55021
54972
55022
54973
55023
54974
55024
54975
55025
54976
55026
54977
55027
54978
55028
54979
55029
54980
55030
54981
55031
54982
55032
54983
55033
54984
55034
54985
55035
54986
55036
54987
55037
54988
55038
54989
55039
54990
55040
54991
55041
54992
55042
54993
55043
54994
55044
54995
55045
54996
55046
54997
55047
54998
55048
54999
55049
55000
55050
55001
55051
55002
55052
55003
55053
55004
55054
55005
55055
55006
55056
55007
55057
55008
55058
55009
55059
55010
55060
55011
55061
55012
55062
55013
55063
55014
55064
55065
55016
55066
55017
55067
55018
55068
55019
55069
55020
55070
55021
55071
55022
55072
55023
55073
55024
55074
55025
55075
55026
55076
55027
55077
55028
55078
55029
55079
55030
55080
55031
55081
55032
55082
55033
55083
55034
55084
55035
55085
55036
55086
55037
55087
55038
55088
55039
55089
55040
55090
55041
55091
55042
55092
55043
55093
55044
55094
55045
55095
55046
55096
55047
55097
55048
55098
55049
55099
55050
55100
55051
55101
55052
55102
55053
55103
55054
55104
55055
55105
55056
55106
55057
55107
55058
55108
55059
55109
55060
55110
55061
55111
55062
55112
55063
55113
55064
55114
55065
55115
55116
55067
55117
55068
55118
55069
55119
55070
55120
55071
55121
55072
55122
55073
55123
55074
55124
55075
55125
55076
55126
55077
55127
55078
55128
55079
55129
55080
55130
55081
55131
55082
55132
55083
55133
55084
55134
55085
55135
55086
55136
55087
55137
55088
55138
55089
55139
55090
55140
55091
55141
55092
55142
55093
55143
55094
55144
55095
55145
55096
55146
55097
55147
55098
55148
55099
55149
55100
55150
55101
55151
55102
55152
55103
55153
55104
55154
55105
55155
55106
55156
55107
55157
55108
55158
55109
55159
55110
55160
55111
55161
55112
55162
55113
55163
55114
55164
55115
55165
55116
55166
55167
55118
55168
55119
55169
55120
55170
55121
55171
55122
55172
55123
55173
55124
55174
55125
55175
55126
55176
55127
55177
55128
55178
55129
55179
55130
55180
55131
55181
55132
55182
55133
55183
55134
55184
55135
55185
55136
55186
55137
55187
55138
55188
55139
55189
55140
55190
55141
55191
55142
55192
55143
55193
55144
55194
55145
55195
55146
55196
55147
55197
55148
55198
55149
55199
55150
55200
55151
55201
55152
55202
55153
55203
55154
55204
55155
55205
55156
55206
55157
55207
55158
55208
55159
55209
55160
55210
55161
55211
55162
55212
55163
55213
55164
55214
55165
55215
55166
55216
55167
55217
55218
55169
55219
55170
55220
55171
55221
55172
55222
55173
55223
55174
55224
55175
55225
55176
55226
55177
55227
55178
55228
55179
55229
55180
55230
55181
55231
55182
55232
55183
55233
55184
55234
55185
55235
55186
55236
55187
55237
55188
55238
55189
55239
55190
55240
55191
55241
55192
55242
55193
55243
55194
55244
55195
55245
55196
55246
55197
55247
55198
55248
55199
55249
55200
55250
55201
55251
55202
55252
55203
55253
55204
55254
55205
55255
55206
55256
55207
55257
55208
55258
55209
55259
55210
55260
55211
55261
55212
55262
55213
55263
55214
55264
55215
55265
55216
55266
55217
55267
55218
55268
55269
55220
55270
55221
55271
55222
55272
55223
55273
55224
55274
55225
55275
55226
55276
55227
55277
55228
55278
55229
55279
55230
55280
55231
55281
55232
55282
55233
55283
55234
55284
55235
55285
55236
55286
55237
55287
55238
55288
55239
55289
55240
55290
55241
55291
55242
55292
55243
55293
55244
55294
55245
55295
55246
55296
55247
55297
55248
55298
55249
55299
55250
55300
55251
55301
55252
55302
55253
55303
55254
55304
55255
55305
55256
55306
55257
55307
55258
55308
55259
55309
55260
55310
55261
55311
55262
55312
55263
55313
55264
55314
55265
55315
55266
55316
55267
55317
55268
55318
55269
55319
55320
55271
55321
55272
55322
55273
55323
55274
55324
55275
55325
55276
55326
55277
55327
55278
55328
55279
55329
55280
55330
55281
55331
55282
55332
55283
55333
55284
55334
55285
55335
55286
55336
55287
55337
55288
55338
55289
55339
55290
55340
55291
55341
55292
55342
55293
55343
55294
55344
55295
55345
55296
55346
55297
55347
55298
55348
55299
55349
55300
55350
55301
55351
55302
55352
55303
55353
55304
55354
55305
55355
55306
55356
55307
55357
55308
55358
55309
55359
55310
55360
55311
55361
55312
55362
55313
55363
55314
55364
55315
55365
55316
55366
55317
55367
55318
55368
55319
55369
55320
55370
55371
55322
55372
55323
55373
55324
55374
55325
55375
55326
55376
55327
55377
55328
55378
55329
55379
55330
55380
55331
55381
55332
55382
55333
55383
55334
55384
55335
55385
55336
55386
55337
55387
55338
55388
55339
55389
55340
55390
55341
55391
55342
55392
55343
55393
55344
55394
55345
55395
55346
55396
55347
55397
55348
55398
55349
55399
55350
55400
55351
55401
55352
55402
55353
55403
55354
55404
55355
55405
55356
55406
55357
55407
55358
55408
55359
55409
55360
55410
55361
55411
55362
55412
55363
55413
55364
55414
55365
55415
55366
55416
55367
55417
55368
55418
55369
55419
55370
55420
55371
55421
55422
55373
55423
55374
55424
55375
55425
55376
55426
55377
55427
55378
55428
55379
55429
55380
55430
55381
55431
55382
55432
55383
55433
55384
55434
55385
55435
55386
55436
55387
55437
55388
55438
55389
55439
55390
55440
55391
55441
55392
55442
55393
55443
55394
55444
55395
55445
55396
55446
55397
55447
55398
55448
55399
55449
55400
55450
55401
55451
55402
55452
55403
55453
55404
55454
55405
55455
55406
55456
55407
55457
55408
55458
55409
55459
55410
55460
55411
55461
55412
55462
55413
55463
55414
55464
55415
55465
55416
55466
55417
55467
55418
55468
55419
55469
55420
55470
55421
55471
55422
55472
55473
55424
55474
55425
55475
55426
55476
55427
55477
55428
55478
55429
55479
55430
55480
55431
55481
55432
55482
55433
55483
55434
55484
55435
55485
55436
55486
55437
55487
55438
55488
55439
55489
55440
55490
55441
55491
55442
55492
55443
55493
55444
55494
55445
55495
55446
55496
55447
55497
55448
55498
55449
55499
55450
55500
55451
55501
55452
55502
55453
55503
55454
55504
55455
55505
55456
55506
55457
55507
55458
55508
55459
55509
55460
55510
55461
55511
55462
55512
55463
55513
55464
55514
55465
55515
55466
55516
55467
55517
55468
55518
55469
55519
55470
55520
55471
55521
55472
55522
55473
55523
55524
55475
55525
55476
55526
55477
55527
55478
55528
55479
55529
55480
55530
55481
55531
55482
55532
55483
55533
55484
55534
55485
55535
55486
55536
55487
55537
55488
55538
55489
55539
55490
55540
55491
55541
55492
55542
55493
55543
55494
55544
55495
55545
55496
55546
55497
55547
55498
55548
55499
55549
55500
55550
55501
55551
55502
55552
55503
55553
55504
55554
55505
55555
55506
55556
55507
55557
55508
55558
55509
55559
55510
55560
55511
55561
55512
55562
55513
55563
55514
55564
55515
55565
55516
55566
55517
55567
55518
55568
55519
55569
55520
55570
55521
55571
55522
55572
55523
55573
55524
55574
55575
55526
55576
55527
55577
55528
55578
55529
55579
55530
55580
55531
55581
55532
55582
55533
55583
55534
55584
55535
55585
55536
55586
55537
55587
55538
55588
55539
55589
55540
55590
55541
55591
55542
55592
55543
55593
55544
55594
55545
55595
55546
55596
55547
55597
55548
55598
55549
55599
55550
55600
55551
55601
55552
55602
55553
55603
55554
55604
55555
55605
55556
55606
55557
55607
55558
55608
55559
55609
55560
55610
55561
55611
55562
55612
55563
55613
55564
55614
55565
55615
55566
55616
55567
55617
55568
55618
55569
55619
55570
55620
55571
55621
55572
55622
55573
55623
55574
55624
55575
55625
55626
55577
55627
55578
55628
55579
55629
55580
55630
55581
55631
55582
55632
55583
55633
55584
55634
55585
55635
55586
55636
55587
55637
55588
55638
55589
55639
55590
55640
55591
55641
55592
55642
55593
55643
55594
55644
55595
55645
55596
55646
55597
55647
55598
55648
55599
55649
55600
55650
55601
55651
55602
55652
55603
55653
55604
55654
55605
55655
55606
55656
55607
55657
55608
55658
55609
55659
55610
55660
55611
55661
55612
55662
55613
55663
55614
55664
55615
55665
55616
55666
55617
55667
55618
55668
55619
55669
55620
55670
55621
55671
55622
55672
55623
55673
55624
55674
55625
55675
55626
55676
55677
55628
55678
55629
55679
55630
55680
55631
55681
55632
55682
55633
55683
55634
55684
55635
55685
55636
55686
55637
55687
55638
55688
55639
55689
55640
55690
55641
55691
55642
55692
55643
55693
55644
55694
55645
55695
55646
55696
55647
55697
55648
55698
55649
55699
55650
55700
55651
55701
55652
55702
55653
55703
55654
55704
55655
55705
55656
55706
55657
55707
55658
55708
55659
55709
55660
55710
55661
55711
55662
55712
55663
55713
55664
55714
55665
55715
55666
55716
55667
55717
55668
55718
55669
55719
55670
55720
55671
55721
55672
55722
55673
55723
55674
55724
55675
55725
55676
55726
55677
55727
55728
55679
55729
55680
55730
55681
55731
55682
55732
55683
55733
55684
55734
55685
55735
55686
55736
55687
55737
55688
55738
55689
55739
55690
55740
55691
55741
55692
55742
55693
55743
55694
55744
55695
55745
55696
55746
55697
55747
55698
55748
55699
55749
55700
55750
55701
55751
55702
55752
55703
55753
55704
55754
55705
55755
55706
55756
55707
55757
55708
55758
55709
55759
55710
55760
55711
55761
55712
55762
55713
55763
55714
55764
55715
55765
55716
55766
55717
55767
55718
55768
55719
55769
55720
55770
55721
55771
55722
55772
55723
55773
55724
55774
55725
55775
55726
55776
55727
55777
55728
55778
55779
55730
55780
55731
55781
55732
55782
55733
55783
55734
55784
55735
55785
55736
55786
55737
55787
55738
55788
55739
55789
55740
55790
55741
55791
55742
55792
55743
55793
55744
55794
55745
55795
55746
55796
55747
55797
55748
55798
55749
55799
55750
55800
55751
55801
55752
55802
55753
55803
55754
55804
55755
55805
55756
55806
55757
55807
55758
55808
55759
55809
55760
55810
55761
55811
55762
55812
55763
55813
55764
55814
55765
55815
55766
55816
55767
55817
55768
55818
55769
55819
55770
55820
55771
55821
55772
55822
55773
55823
55774
55824
55775
55825
55776
55826
55777
55827
55778
55828
55779
55829
55830
55781
55831
55782
55832
55783
55833
55784
55834
55785
55835
55786
55836
55787
55837
55788
55838
55789
55839
55790
55840
55791
55841
55792
55842
55793
55843
55794
55844
55795
55845
55796
55846
55797
55847
55798
55848
55799
55849
55800
55850
55801
55851
55802
55852
55803
55853
55804
55854
55805
55855
55806
55856
55807
55857
55808
55858
55809
55859
55810
55860
55811
55861
55812
55862
55813
55863
55814
55864
55815
55865
55816
55866
55817
55867
55818
55868
55819
55869
55820
55870
55821
55871
55822
55872
55823
55873
55824
55874
55825
55875
55826
55876
55827
55877
55828
55878
55829
55879
55830
55880
55881
55832
55882
55833
55883
55834
55884
55835
55885
55836
55886
55837
55887
55838
55888
55839
55889
55840
55890
55841
55891
55842
55892
55843
55893
55844
55894
55845
55895
55846
55896
55847
55897
55848
55898
55849
55899
55850
55900
55851
55901
55852
55902
55853
55903
55854
55904
55855
55905
55856
55906
55857
55907
55858
55908
55859
55909
55860
55910
55861
55911
55862
55912
55863
55913
55864
55914
55865
55915
55866
55916
55867
55917
55868
55918
55869
55919
55870
55920
55871
55921
55872
55922
55873
55923
55874
55924
55875
55925
55876
55926
55877
55927
55878
55928
55879
55929
55880
55930
55881
55931
55932
55883
55933
55884
55934
55885
55935
55886
55936
55887
55937
55888
55938
55889
55939
55890
55940
55891
55941
55892
55942
55893
55943
55894
55944
55895
55945
55896
55946
55897
55947
55898
55948
55899
55949
55900
55950
55901
55951
55902
55952
55903
55953
55904
55954
55905
55955
55906
55956
55907
55957
55908
55958
55909
55959
55910
55960
55911
55961
55912
55962
55913
55963
55914
55964
55915
55965
55916
55966
55917
55967
55918
55968
55919
55969
55920
55970
55921
55971
55922
55972
55923
55973
55924
55974
55925
55975
55926
55976
55927
55977
55928
55978
55929
55979
55930
55980
55931
55981
55932
55982
55983
55934
55984
55935
55985
55936
55986
55937
55987
55938
55988
55939
55989
55940
55990
55941
55991
55942
55992
55943
55993
55944
55994
55945
55995
55946
55996
55947
55997
55948
55998
55949
55999
55950
56000
55951
56001
55952
56002
55953
56003
55954
56004
55955
56005
55956
56006
55957
56007
55958
56008
55959
56009
55960
56010
55961
56011
55962
56012
55963
56013
55964
56014
55965
56015
55966
56016
55967
56017
55968
56018
55969
56019
55970
56020
55971
56021
55972
56022
55973
56023
55974
56024
55975
56025
55976
56026
55977
56027
55978
56028
55979
56029
55980
56030
55981
56031
55982
56032
55983
56033
56034
55985
56035
55986
56036
55987
56037
55988
56038
55989
56039
55990
56040
55991
56041
55992
56042
55993
56043
55994
56044
55995
56045
55996
56046
55997
56047
55998
56048
55999
56049
56000
56050
56001
56051
56002
56052
56003
56053
56004
56054
56005
56055
56006
56056
56007
56057
56008
56058
56009
56059
56010
56060
56011
56061
56012
56062
56013
56063
56014
56064
56015
56065
56016
56066
56017
56067
56018
56068
56019
56069
56020
56070
56021
56071
56022
56072
56023
56073
56024
56074
56025
56075
56026
56076
56027
56077
56028
56078
56029
56079
56030
56080
56031
56081
56032
56082
56033
56083
56034
56084
56085
56036
56086
56037
56087
56038
56088
56039
56089
56040
56090
56041
56091
56042
56092
56043
56093
56044
56094
56045
56095
56046
56096
56047
56097
56048
56098
56049
56099
56050
56100
56051
56101
56052
56102
56053
56103
56054
56104
56055
56105
56056
56106
56057
56107
56058
56108
56059
56109
56060
56110
56061
56111
56062
56112
56063
56113
56064
56114
56065
56115
56066
56116
56067
56117
56068
56118
56069
56119
56070
56120
56071
56121
56072
56122
56073
56123
56074
56124
56075
56125
56076
56126
56077
56127
56078
56128
56079
56129
56080
56130
56081
56131
56082
56132
56083
56133
56084
56134
56085
56135
56136
56087
56137
56088
56138
56089
56139
56090
56140
56091
56141
56092
56142
56093
56143
56094
56144
56095
56145
56096
56146
56097
56147
56098
56148
56099
56149
56100
56150
56101
56151
56102
56152
56103
56153
56104
56154
56105
56155
56106
56156
56107
56157
56108
56158
56109
56159
56110
56160
56111
56161
56112
56162
56113
56163
56114
56164
56115
56165
56116
56166
56117
56167
56118
56168
56119
56169
56120
56170
56121
56171
56122
56172
56123
56173
56124
56174
56125
56175
56126
56176
56127
56177
56128
56178
56129
56179
56130
56180
56131
56181
56132
56182
56133
56183
56134
56184
56135
56185
56136
56186
56187
56138
56188
56139
56189
56140
56190
56141
56191
56142
56192
56143
56193
56144
56194
56145
56195
56146
56196
56147
56197
56148
56198
56149
56199
56150
56200
56151
56201
56152
56202
56153
56203
56154
56204
56155
56205
56156
56206
56157
56207
56158
56208
56159
56209
56160
56210
56161
56211
56162
56212
56163
56213
56164
56214
56165
56215
56166
56216
56167
56217
56168
56218
56169
56219
56170
56220
56171
56221
56172
56222
56173
56223
56174
56224
56175
56225
56176
56226
56177
56227
56178
56228
56179
56229
56180
56230
56181
56231
56182
56232
56183
56233
56184
56234
56185
56235
56186
56236
56187
56237
56238
56189
56239
56190
56240
56191
56241
56192
56242
56193
56243
56194
56244
56195
56245
56196
56246
56197
56247
56198
56248
56199
56249
56200
56250
56201
56251
56202
56252
56203
56253
56204
56254
56205
56255
56206
56256
56207
56257
56208
56258
56209
56259
56210
56260
56211
56261
56212
56262
56213
56263
56214
56264
56215
56265
56216
56266
56217
56267
56218
56268
56219
56269
56220
56270
56221
56271
56222
56272
56223
56273
56224
56274
56225
56275
56226
56276
56227
56277
56228
56278
56229
56279
56230
56280
56231
56281
56232
56282
56233
56283
56234
56284
56235
56285
56236
56286
56237
56287
56238
56288
56289
56240
56290
56241
56291
56242
56292
56243
56293
56244
56294
56245
56295
56246
56296
56247
56297
56248
56298
56249
56299
56250
56300
56251
56301
56252
56302
56253
56303
56254
56304
56255
56305
56256
56306
56257
56307
56258
56308
56259
56309
56260
56310
56261
56311
56262
56312
56263
56313
56264
56314
56265
56315
56266
56316
56267
56317
56268
56318
56269
56319
56270
56320
56271
56321
56272
56322
56273
56323
56274
56324
56275
56325
56276
56326
56277
56327
56278
56328
56279
56329
56280
56330
56281
56331
56282
56332
56283
56333
56284
56334
56285
56335
56286
56336
56287
56337
56288
56338
56289
56339
56340
56291
56341
56292
56342
56293
56343
56294
56344
56295
56345
56296
56346
56297
56347
56298
56348
56299
56349
56300
56350
56301
56351
56302
56352
56303
56353
56304
56354
56305
56355
56306
56356
56307
56357
56308
56358
56309
56359
56310
56360
56311
56361
56312
56362
56313
56363
56314
56364
56315
56365
56316
56366
56317
56367
56318
56368
56319
56369
56320
56370
56321
56371
56322
56372
56323
56373
56324
56374
56325
56375
56326
56376
56327
56377
56328
56378
56329
56379
56330
56380
56331
56381
56332
56382
56333
56383
56334
56384
56335
56385
56336
56386
56337
56387
56338
56388
56339
56389
56340
56390
56391
56342
56392
56343
56393
56344
56394
56345
56395
56346
56396
56347
56397
56348
56398
56349
56399
56350
56400
56351
56401
56352
56402
56353
56403
56354
56404
56355
56405
56356
56406
56357
56407
56358
56408
56359
56409
56360
56410
56361
56411
56362
56412
56363
56413
56364
56414
56365
56415
56366
56416
56367
56417
56368
56418
56369
56419
56370
56420
56371
56421
56372
56422
56373
56423
56374
56424
56375
56425
56376
56426
56377
56427
56378
56428
56379
56429
56380
56430
56381
56431
56382
56432
56383
56433
56384
56434
56385
56435
56386
56436
56387
56437
56388
56438
56389
56439
56390
56440
56391
56441
56442
56393
56443
56394
56444
56395
56445
56396
56446
56397
56447
56398
56448
56399
56449
56400
56450
56401
56451
56402
56452
56403
56453
56404
56454
56405
56455
56406
56456
56407
56457
56408
56458
56409
56459
56410
56460
56411
56461
56412
56462
56413
56463
56414
56464
56415
56465
56416
56466
56417
56467
56418
56468
56419
56469
56420
56470
56421
56471
56422
56472
56423
56473
56424
56474
56425
56475
56426
56476
56427
56477
56428
56478
56429
56479
56430
56480
56431
56481
56432
56482
56433
56483
56434
56484
56435
56485
56436
56486
56437
56487
56438
56488
56439
56489
56440
56490
56441
56491
56442
56492
56493
56444
56494
56445
56495
56446
56496
56447
56497
56448
56498
56449
56499
56450
56500
56451
56501
56452
56502
56453
56503
56454
56504
56455
56505
56456
56506
56457
56507
56458
56508
56459
56509
56460
56510
56461
56511
56462
56512
56463
56513
56464
56514
56465
56515
56466
56516
56467
56517
56468
56518
56469
56519
56470
56520
56471
56521
56472
56522
56473
56523
56474
56524
56475
56525
56476
56526
56477
56527
56478
56528
56479
56529
56480
56530
56481
56531
56482
56532
56483
56533
56484
56534
56485
56535
56486
56536
56487
56537
56488
56538
56489
56539
56490
56540
56491
56541
56492
56542
56493
56543
56544
56495
56545
56496
56546
56497
56547
56498
56548
56499
56549
56500
56550
56501
56551
56502
56552
56503
56553
56504
56554
56505
56555
56506
56556
56507
56557
56508
56558
56509
56559
56510
56560
56511
56561
56512
56562
56513
56563
56514
56564
56515
56565
56516
56566
56517
56567
56518
56568
56519
56569
56520
56570
56521
56571
56522
56572
56523
56573
56524
56574
56525
56575
56526
56576
56527
56577
56528
56578
56529
56579
56530
56580
56531
56581
56532
56582
56533
56583
56534
56584
56535
56585
56536
56586
56537
56587
56538
56588
56539
56589
56540
56590
56541
56591
56542
56592
56543
56593
56544
56594
56595
56546
56596
56547
56597
56548
56598
56549
56599
56550
56600
56551
56601
56552
56602
56553
56603
56554
56604
56555
56605
56556
56606
56557
56607
56558
56608
56559
56609
56560
56610
56561
56611
56562
56612
56563
56613
56564
56614
56565
56615
56566
56616
56567
56617
56568
56618
56569
56619
56570
56620
56571
56621
56572
56622
56573
56623
56574
56624
56575
56625
56576
56626
56577
56627
56578
56628
56579
56629
56580
56630
56581
56631
56582
56632
56583
56633
56584
56634
56585
56635
56586
56636
56587
56637
56588
56638
56589
56639
56590
56640
56591
56641
56592
56642
56593
56643
56594
56644
56595
56645
56646
56597
56647
56598
56648
56599
56649
56600
56650
56601
56651
56602
56652
56603
56653
56604
56654
56605
56655
56606
56656
56607
56657
56608
56658
56609
56659
56610
56660
56611
56661
56612
56662
56613
56663
56614
56664
56615
56665
56616
56666
56617
56667
56618
56668
56619
56669
56620
56670
56621
56671
56622
56672
56623
56673
56624
56674
56625
56675
56626
56676
56627
56677
56628
56678
56629
56679
56630
56680
56631
56681
56632
56682
56633
56683
56634
56684
56635
56685
56636
56686
56637
56687
56638
56688
56639
56689
56640
56690
56641
56691
56642
56692
56643
56693
56644
56694
56645
56695
56646
56696
56697
56648
56698
56649
56699
56650
56700
56651
56701
56652
56702
56653
56703
56654
56704
56655
56705
56656
56706
56657
56707
56658
56708
56659
56709
56660
56710
56661
56711
56662
56712
56663
56713
56664
56714
56665
56715
56666
56716
56667
56717
56668
56718
56669
56719
56670
56720
56671
56721
56672
56722
56673
56723
56674
56724
56675
56725
56676
56726
56677
56727
56678
56728
56679
56729
56680
56730
56681
56731
56682
56732
56683
56733
56684
56734
56685
56735
56686
56736
56687
56737
56688
56738
56689
56739
56690
56740
56691
56741
56692
56742
56693
56743
56694
56744
56695
56745
56696
56746
56697
56747
56748
56699
56749
56700
56750
56701
56751
56702
56752
56703
56753
56704
56754
56705
56755
56706
56756
56707
56757
56708
56758
56709
56759
56710
56760
56711
56761
56712
56762
56713
56763
56714
56764
56715
56765
56716
56766
56717
56767
56718
56768
56719
56769
56720
56770
56721
56771
56722
56772
56723
56773
56724
56774
56725
56775
56726
56776
56727
56777
56728
56778
56729
56779
56730
56780
56731
56781
56732
56782
56733
56783
56734
56784
56735
56785
56736
56786
56737
56787
56738
56788
56739
56789
56740
56790
56741
56791
56742
56792
56743
56793
56744
56794
56745
56795
56746
56796
56747
56797
56748
56798
56799
56750
56800
56751
56801
56752
56802
56753
56803
56754
56804
56755
56805
56756
56806
56757
56807
56758
56808
56759
56809
56760
56810
56761
56811
56762
56812
56763
56813
56764
56814
56765
56815
56766
56816
56767
56817
56768
56818
56769
56819
56770
56820
56771
56821
56772
56822
56773
56823
56774
56824
56775
56825
56776
56826
56777
56827
56778
56828
56779
56829
56780
56830
56781
56831
56782
56832
56783
56833
56784
56834
56785
56835
56786
56836
56787
56837
56788
56838
56789
56839
56790
56840
56791
56841
56792
56842
56793
56843
56794
56844
56795
56845
56796
56846
56797
56847
56798
56848
56799
56849
56850
56801
56851
56802
56852
56803
56853
56804
56854
56805
56855
56806
56856
56807
56857
56808
56858
56809
56859
56810
56860
56811
56861
56812
56862
56813
56863
56814
56864
56815
56865
56816
56866
56817
56867
56818
56868
56819
56869
56820
56870
56821
56871
56822
56872
56823
56873
56824
56874
56825
56875
56826
56876
56827
56877
56828
56878
56829
56879
56830
56880
56831
56881
56832
56882
56833
56883
56834
56884
56835
56885
56836
56886
56837
56887
56838
56888
56839
56889
56840
56890
56841
56891
56842
56892
56843
56893
56844
56894
56845
56895
56846
56896
56847
56897
56848
56898
56849
56899
56850
56900
56901
56852
56902
56853
56903
56854
56904
56855
56905
56856
56906
56857
56907
56858
56908
56859
56909
56860
56910
56861
56911
56862
56912
56863
56913
56864
56914
56865
56915
56866
56916
56867
56917
56868
56918
56869
56919
56870
56920
56871
56921
56872
56922
56873
56923
56874
56924
56875
56925
56876
56926
56877
56927
56878
56928
56879
56929
56880
56930
56881
56931
56882
56932
56883
56933
56884
56934
56885
56935
56886
56936
56887
56937
56888
56938
56889
56939
56890
56940
56891
56941
56892
56942
56893
56943
56894
56944
56895
56945
56896
56946
56897
56947
56898
56948
56899
56949
56900
56950
56901
56951
56952
56903
56953
56904
56954
56905
56955
56906
56956
56907
56957
56908
56958
56909
56959
56910
56960
56911
56961
56912
56962
56913
56963
56914
56964
56915
56965
56916
56966
56917
56967
56918
56968
56919
56969
56920
56970
56921
56971
56922
56972
56923
56973
56924
56974
56925
56975
56926
56976
56927
56977
56928
56978
56929
56979
56930
56980
56931
56981
56932
56982
56933
56983
56934
56984
56935
56985
56936
56986
56937
56987
56938
56988
56939
56989
56940
56990
56941
56991
56942
56992
56943
56993
56944
56994
56945
56995
56946
56996
56947
56997
56948
56998
56949
56999
56950
57000
56951
57001
56952
57002
57003
56954
57004
56955
57005
56956
57006
56957
57007
56958
57008
56959
57009
56960
57010
56961
57011
56962
57012
56963
57013
56964
57014
56965
57015
56966
57016
56967
57017
56968
57018
56969
57019
56970
57020
56971
57021
56972
57022
56973
57023
56974
57024
56975
57025
56976
57026
56977
57027
56978
57028
56979
57029
56980
57030
56981
57031
56982
57032
56983
57033
56984
57034
56985
57035
56986
57036
56987
57037
56988
57038
56989
57039
56990
57040
56991
57041
56992
57042
56993
57043
56994
57044
56995
57045
56996
57046
56997
57047
56998
57048
56999
57049
57000
57050
57001
57051
57002
57052
57003
57053
57054
57005
57055
57006
57056
57007
57057
57008
57058
57009
57059
57010
57060
57011
57061
57012
57062
57013
57063
57014
57064
57015
57065
57016
57066
57017
57067
57018
57068
57019
57069
57020
57070
57021
57071
57022
57072
57023
57073
57024
57074
57025
57075
57026
57076
57027
57077
57028
57078
57029
57079
57030
57080
57031
57081
57032
57082
57033
57083
57034
57084
57035
57085
57036
57086
57037
57087
57038
57088
57039
57089
57040
57090
57041
57091
57042
57092
57043
57093
57044
57094
57045
57095
57046
57096
57047
57097
57048
57098
57049
57099
57050
57100
57051
57101
57052
57102
57053
57103
57054
57104
57105
57056
57106
57057
57107
57058
57108
57059
57109
57060
57110
57061
57111
57062
57112
57063
57113
57064
57114
57065
57115
57066
57116
57067
57117
57068
57118
57069
57119
57070
57120
57071
57121
57072
57122
57073
57123
57074
57124
57075
57125
57076
57126
57077
57127
57078
57128
57079
57129
57080
57130
57081
57131
57082
57132
57083
57133
57084
57134
57085
57135
57086
57136
57087
57137
57088
57138
57089
57139
57090
57140
57091
57141
57092
57142
57093
57143
57094
57144
57095
57145
57096
57146
57097
57147
57098
57148
57099
57149
57100
57150
57101
57151
57102
57152
57103
57153
57104
57154
57105
57155
57156
57107
57157
57108
57158
57109
57159
57110
57160
57111
57161
57112
57162
57113
57163
57114
57164
57115
57165
57116
57166
57117
57167
57118
57168
57119
57169
57120
57170
57121
57171
57122
57172
57123
57173
57124
57174
57125
57175
57126
57176
57127
57177
57128
57178
57129
57179
57130
57180
57131
57181
57132
57182
57133
57183
57134
57184
57135
57185
57136
57186
57137
57187
57138
57188
57139
57189
57140
57190
57141
57191
57142
57192
57143
57193
57144
57194
57145
57195
57146
57196
57147
57197
57148
57198
57149
57199
57150
57200
57151
57201
57152
57202
57153
57203
57154
57204
57155
57205
57156
57206
57207
57158
57208
57159
57209
57160
57210
57161
57211
57162
57212
57163
57213
57164
57214
57165
57215
57166
57216
57167
57217
57168
57218
57169
57219
57170
57220
57171
57221
57172
57222
57173
57223
57174
57224
57175
57225
57176
57226
57177
57227
57178
57228
57179
57229
57180
57230
57181
57231
57182
57232
57183
57233
57184
57234
57185
57235
57186
57236
57187
57237
57188
57238
57189
57239
57190
57240
57191
57241
57192
57242
57193
57243
57194
57244
57195
57245
57196
57246
57197
57247
57198
57248
57199
57249
57200
57250
57201
57251
57202
57252
57203
57253
57204
57254
57205
57255
57206
57256
57207
57257
57258
57209
57259
57210
57260
57211
57261
57212
57262
57213
57263
57214
57264
57215
57265
57216
57266
57217
57267
57218
57268
57219
57269
57220
57270
57221
57271
57222
57272
57223
57273
57224
57274
57225
57275
57226
57276
57227
57277
57228
57278
57229
57279
57230
57280
57231
57281
57232
57282
57233
57283
57234
57284
57235
57285
57236
57286
57237
57287
57238
57288
57239
57289
57240
57290
57241
57291
57242
57292
57243
57293
57244
57294
57245
57295
57246
57296
57247
57297
57248
57298
57249
57299
57250
57300
57251
57301
57252
57302
57253
57303
57254
57304
57255
57305
57256
57306
57257
57307
57258
57308
57309
57260
57310
57261
57311
57262
57312
57263
57313
57264
57314
57265
57315
57266
57316
57267
57317
57268
57318
57269
57319
57270
57320
57271
57321
57272
57322
57273
57323
57274
57324
57275
57325
57276
57326
57277
57327
57278
57328
57279
57329
57280
57330
57281
57331
57282
57332
57283
57333
57284
57334
57285
57335
57286
57336
57287
57337
57288
57338
57289
57339
57290
57340
57291
57341
57292
57342
57293
57343
57294
57344
57295
57345
57296
57346
57297
57347
57298
57348
57299
57349
57300
57350
57301
57351
57302
57352
57303
57353
57304
57354
57305
57355
57306
57356
57307
57357
57308
57358
57309
57359
57360
57311
57361
57312
57362
57313
57363
57314
57364
57315
57365
57316
57366
57317
57367
57318
57368
57319
57369
57320
57370
57321
57371
57322
57372
57323
57373
57324
57374
57325
57375
57326
57376
57327
57377
57328
57378
57329
57379
57330
57380
57331
57381
57332
57382
57333
57383
57334
57384
57335
57385
57336
57386
57337
57387
57338
57388
57339
57389
57340
57390
57341
57391
57342
57392
57343
57393
57344
57394
57345
57395
57346
57396
57347
57397
57348
57398
57349
57399
57350
57400
57351
57401
57352
57402
57353
57403
57354
57404
57355
57405
57356
57406
57357
57407
57358
57408
57359
57409
57360
57410
57411
57362
57412
57363
57413
57364
57414
57365
57415
57366
57416
57367
57417
57368
57418
57369
57419
57370
57420
57371
57421
57372
57422
57373
57423
57374
57424
57375
57425
57376
57426
57377
57427
57378
57428
57379
57429
57380
57430
57381
57431
57382
57432
57383
57433
57384
57434
57385
57435
57386
57436
57387
57437
57388
57438
57389
57439
57390
57440
57391
57441
57392
57442
57393
57443
57394
57444
57395
57445
57396
57446
57397
57447
57398
57448
57399
57449
57400
57450
57401
57451
57402
57452
57403
57453
57404
57454
57405
57455
57406
57456
57407
57457
57408
57458
57409
57459
57410
57460
57411
57461
57462
57413
57463
57414
57464
57415
57465
57416
57466
57417
57467
57418
57468
57419
57469
57420
57470
57421
57471
57422
57472
57423
57473
57424
57474
57425
57475
57426
57476
57427
57477
57428
57478
57429
57479
57430
57480
57431
57481
57432
57482
57433
57483
57434
57484
57435
57485
57436
57486
57437
57487
57438
57488
57439
57489
57440
57490
57441
57491
57442
57492
57443
57493
57444
57494
57445
57495
57446
57496
57447
57497
57448
57498
57449
57499
57450
57500
57451
57501
57452
57502
57453
57503
57454
57504
57455
57505
57456
57506
57457
57507
57458
57508
57459
57509
57460
57510
57461
57511
57462
57512
57513
57464
57514
57465
57515
57466
57516
57467
57517
57468
57518
57469
57519
57470
57520
57471
57521
57472
57522
57473
57523
57474
57524
57475
57525
57476
57526
57477
57527
57478
57528
57479
57529
57480
57530
57481
57531
57482
57532
57483
57533
57484
57534
57485
57535
57486
57536
57487
57537
57488
57538
57489
57539
57490
57540
57491
57541
57492
57542
57493
57543
57494
57544
57495
57545
57496
57546
57497
57547
57498
57548
57499
57549
57500
57550
57501
57551
57502
57552
57503
57553
57504
57554
57505
57555
57506
57556
57507
57557
57508
57558
57509
57559
57510
57560
57511
57561
57512
57562
57513
57563
57564
57515
57565
57516
57566
57517
57567
57518
57568
57519
57569
57520
57570
57521
57571
57522
57572
57523
57573
57524
57574
57525
57575
57526
57576
57527
57577
57528
57578
57529
57579
57530
57580
57531
57581
57532
57582
57533
57583
57534
57584
57535
57585
57536
57586
57537
57587
57538
57588
57539
57589
57540
57590
57541
57591
57542
57592
57543
57593
57544
57594
57545
57595
57546
57596
57547
57597
57548
57598
57549
57599
57550
57600
57551
57601
57552
57602
57553
57603
57554
57604
57555
57605
57556
57606
57557
57607
57558
57608
57559
57609
57560
57610
57561
57611
57562
57612
57563
57613
57564
57614
57615
57566
57616
57567
57617
57568
57618
57569
57619
57570
57620
57571
57621
57572
57622
57573
57623
57574
57624
57575
57625
57576
57626
57577
57627
57578
57628
57579
57629
57580
57630
57581
57631
57582
57632
57583
57633
57584
57634
57585
57635
57586
57636
57587
57637
57588
57638
57589
57639
57590
57640
57591
57641
57592
57642
57593
57643
57594
57644
57595
57645
57596
57646
57597
57647
57598
57648
57599
57649
57600
57650
57601
57651
57602
57652
57603
57653
57604
57654
57605
57655
57606
57656
57607
57657
57608
57658
57609
57659
57610
57660
57611
57661
57612
57662
57613
57663
57614
57664
57615
57665
57666
57617
57667
57618
57668
57619
57669
57620
57670
57621
57671
57622
57672
57623
57673
57624
57674
57625
57675
57626
57676
57627
57677
57628
57678
57629
57679
57630
57680
57631
57681
57632
57682
57633
57683
57634
57684
57635
57685
57636
57686
57637
57687
57638
57688
57639
57689
57640
57690
57641
57691
57642
57692
57643
57693
57644
57694
57645
57695
57646
57696
57647
57697
57648
57698
57649
57699
57650
57700
57651
57701
57652
57702
57653
57703
57654
57704
57655
57705
57656
57706
57657
57707
57658
57708
57659
57709
57660
57710
57661
57711
57662
57712
57663
57713
57664
57714
57665
57715
57666
57716
57717
57668
57718
57669
57719
57670
57720
57671
57721
57672
57722
57673
57723
57674
57724
57675
57725
57676
57726
57677
57727
57678
57728
57679
57729
57680
57730
57681
57731
57682
57732
57683
57733
57684
57734
57685
57735
57686
57736
57687
57737
57688
57738
57689
57739
57690
57740
57691
57741
57692
57742
57693
57743
57694
57744
57695
57745
57696
57746
57697
57747
57698
57748
57699
57749
57700
57750
57701
57751
57702
57752
57703
57753
57704
57754
57705
57755
57706
57756
57707
57757
57708
57758
57709
57759
57710
57760
57711
57761
57712
57762
57713
57763
57714
57764
57715
57765
57716
57766
57717
57767
57768
57719
57769
57720
57770
57721
57771
57722
57772
57723
57773
57724
57774
57725
57775
57726
57776
57727
57777
57728
57778
57729
57779
57730
57780
57731
57781
57732
57782
57733
57783
57734
57784
57735
57785
57736
57786
57737
57787
57738
57788
57739
57789
57740
57790
57741
57791
57742
57792
57743
57793
57744
57794
57745
57795
57746
57796
57747
57797
57748
57798
57749
57799
57750
57800
57751
57801
57752
57802
57753
57803
57754
57804
57755
57805
57756
57806
57757
57807
57758
57808
57759
57809
57760
57810
57761
57811
57762
57812
57763
57813
57764
57814
57765
57815
57766
57816
57767
57817
57768
57818
57819
57770
57820
57771
57821
57772
57822
57773
57823
57774
57824
57775
57825
57776
57826
57777
57827
57778
57828
57779
57829
57780
57830
57781
57831
57782
57832
57783
57833
57784
57834
57785
57835
57786
57836
57787
57837
57788
57838
57789
57839
57790
57840
57791
57841
57792
57842
57793
57843
57794
57844
57795
57845
57796
57846
57797
57847
57798
57848
57799
57849
57800
57850
57801
57851
57802
57852
57803
57853
57804
57854
57805
57855
57806
57856
57807
57857
57808
57858
57809
57859
57810
57860
57811
57861
57812
57862
57813
57863
57814
57864
57815
57865
57816
57866
57817
57867
57818
57868
57819
57869
57870
57821
57871
57822
57872
57823
57873
57824
57874
57825
57875
57826
57876
57827
57877
57828
57878
57829
57879
57830
57880
57831
57881
57832
57882
57833
57883
57834
57884
57835
57885
57836
57886
57837
57887
57838
57888
57839
57889
57840
57890
57841
57891
57842
57892
57843
57893
57844
57894
57845
57895
57846
57896
57847
57897
57848
57898
57849
57899
57850
57900
57851
57901
57852
57902
57853
57903
57854
57904
57855
57905
57856
57906
57857
57907
57858
57908
57859
57909
57860
57910
57861
57911
57862
57912
57863
57913
57864
57914
57865
57915
57866
57916
57867
57917
57868
57918
57869
57919
57870
57920
57921
57872
57922
57873
57923
57874
57924
57875
57925
57876
57926
57877
57927
57878
57928
57879
57929
57880
57930
57881
57931
57882
57932
57883
57933
57884
57934
57885
57935
57886
57936
57887
57937
57888
57938
57889
57939
57890
57940
57891
57941
57892
57942
57893
57943
57894
57944
57895
57945
57896
57946
57897
57947
57898
57948
57899
57949
57900
57950
57901
57951
57902
57952
57903
57953
57904
57954
57905
57955
57906
57956
57907
57957
57908
57958
57909
57959
57910
57960
57911
57961
57912
57962
57913
57963
57914
57964
57915
57965
57916
57966
57917
57967
57918
57968
57919
57969
57920
57970
57921
57971
57972
57923
57973
57924
57974
57925
57975
57926
57976
57927
57977
57928
57978
57929
57979
57930
57980
57931
57981
57932
57982
57933
57983
57934
57984
57935
57985
57936
57986
57937
57987
57938
57988
57939
57989
57940
57990
57941
57991
57942
57992
57943
57993
57944
57994
57945
57995
57946
57996
57947
57997
57948
57998
57949
57999
57950
58000
57951
58001
57952
58002
57953
58003
57954
58004
57955
58005
57956
58006
57957
58007
57958
58008
57959
58009
57960
58010
57961
58011
57962
58012
57963
58013
57964
58014
57965
58015
57966
58016
57967
58017
57968
58018
57969
58019
57970
58020
57971
58021
57972
58022
58023
57974
58024
57975
58025
57976
58026
57977
58027
57978
58028
57979
58029
57980
58030
57981
58031
57982
58032
57983
58033
57984
58034
57985
58035
57986
58036
57987
58037
57988
58038
57989
58039
57990
58040
57991
58041
57992
58042
57993
58043
57994
58044
57995
58045
57996
58046
57997
58047
57998
58048
57999
58049
58000
58050
58001
58051
58002
58052
58003
58053
58004
58054
58005
58055
58006
58056
58007
58057
58008
58058
58009
58059
58010
58060
58011
58061
58012
58062
58013
58063
58014
58064
58015
58065
58016
58066
58017
58067
58018
58068
58019
58069
58020
58070
58021
58071
58022
58072
58023
58073
58074
58025
58075
58026
58076
58027
58077
58028
58078
58029
58079
58030
58080
58031
58081
58032
58082
58033
58083
58034
58084
58035
58085
58036
58086
58037
58087
58038
58088
58039
58089
58040
58090
58041
58091
58042
58092
58043
58093
58044
58094
58045
58095
58046
58096
58047
58097
58048
58098
58049
58099
58050
58100
58051
58101
58052
58102
58053
58103
58054
58104
58055
58105
58056
58106
58057
58107
58058
58108
58059
58109
58060
58110
58061
58111
58062
58112
58063
58113
58064
58114
58065
58115
58066
58116
58067
58117
58068
58118
58069
58119
58070
58120
58071
58121
58072
58122
58073
58123
58074
58124
58125
58076
58126
58077
58127
58078
58128
58079
58129
58080
58130
58081
58131
58082
58132
58083
58133
58084
58134
58085
58135
58086
58136
58087
58137
58088
58138
58089
58139
58090
58140
58091
58141
58092
58142
58093
58143
58094
58144
58095
58145
58096
58146
58097
58147
58098
58148
58099
58149
58100
58150
58101
58151
58102
58152
58103
58153
58104
58154
58105
58155
58106
58156
58107
58157
58108
58158
58109
58159
58110
58160
58111
58161
58112
58162
58113
58163
58114
58164
58115
58165
58116
58166
58117
58167
58118
58168
58119
58169
58120
58170
58121
58171
58122
58172
58123
58173
58124
58174
58125
58175
58176
58127
58177
58128
58178
58129
58179
58130
58180
58131
58181
58132
58182
58133
58183
58134
58184
58135
58185
58136
58186
58137
58187
58138
58188
58139
58189
58140
58190
58141
58191
58142
58192
58143
58193
58144
58194
58145
58195
58146
58196
58147
58197
58148
58198
58149
58199
58150
58200
58151
58201
58152
58202
58153
58203
58154
58204
58155
58205
58156
58206
58157
58207
58158
58208
58159
58209
58160
58210
58161
58211
58162
58212
58163
58213
58164
58214
58165
58215
58166
58216
58167
58217
58168
58218
58169
58219
58170
58220
58171
58221
58172
58222
58173
58223
58174
58224
58175
58225
58176
58226
58227
58178
58228
58179
58229
58180
58230
58181
58231
58182
58232
58183
58233
58184
58234
58185
58235
58186
58236
58187
58237
58188
58238
58189
58239
58190
58240
58191
58241
58192
58242
58193
58243
58194
58244
58195
58245
58196
58246
58197
58247
58198
58248
58199
58249
58200
58250
58201
58251
58202
58252
58203
58253
58204
58254
58205
58255
58206
58256
58207
58257
58208
58258
58209
58259
58210
58260
58211
58261
58212
58262
58213
58263
58214
58264
58215
58265
58216
58266
58217
58267
58218
58268
58219
58269
58220
58270
58221
58271
58222
58272
58223
58273
58224
58274
58225
58275
58226
58276
58227
58277
58278
58229
58279
58230
58280
58231
58281
58232
58282
58233
58283
58234
58284
58235
58285
58236
58286
58237
58287
58238
58288
58239
58289
58240
58290
58241
58291
58242
58292
58243
58293
58244
58294
58245
58295
58246
58296
58247
58297
58248
58298
58249
58299
58250
58300
58251
58301
58252
58302
58253
58303
58254
58304
58255
58305
58256
58306
58257
58307
58258
58308
58259
58309
58260
58310
58261
58311
58262
58312
58263
58313
58264
58314
58265
58315
58266
58316
58267
58317
58268
58318
58269
58319
58270
58320
58271
58321
58272
58322
58273
58323
58274
58324
58275
58325
58276
58326
58277
58327
58278
58328
58329
58280
58330
58281
58331
58282
58332
58283
58333
58284
58334
58285
58335
58286
58336
58287
58337
58288
58338
58289
58339
58290
58340
58291
58341
58292
58342
58293
58343
58294
58344
58295
58345
58296
58346
58297
58347
58298
58348
58299
58349
58300
58350
58301
58351
58302
58352
58303
58353
58304
58354
58305
58355
58306
58356
58307
58357
58308
58358
58309
58359
58310
58360
58311
58361
58312
58362
58313
58363
58314
58364
58315
58365
58316
58366
58317
58367
58318
58368
58319
58369
58320
58370
58321
58371
58322
58372
58323
58373
58324
58374
58325
58375
58326
58376
58327
58377
58328
58378
58329
58379
58380
58331
58381
58332
58382
58333
58383
58334
58384
58335
58385
58336
58386
58337
58387
58338
58388
58339
58389
58340
58390
58341
58391
58342
58392
58343
58393
58344
58394
58345
58395
58346
58396
58347
58397
58348
58398
58349
58399
58350
58400
58351
58401
58352
58402
58353
58403
58354
58404
58355
58405
58356
58406
58357
58407
58358
58408
58359
58409
58360
58410
58361
58411
58362
58412
58363
58413
58364
58414
58365
58415
58366
58416
58367
58417
58368
58418
58369
58419
58370
58420
58371
58421
58372
58422
58373
58423
58374
58424
58375
58425
58376
58426
58377
58427
58378
58428
58379
58429
58380
58430
58431
58382
58432
58383
58433
58384
58434
58385
58435
58386
58436
58387
58437
58388
58438
58389
58439
58390
58440
58391
58441
58392
58442
58393
58443
58394
58444
58395
58445
58396
58446
58397
58447
58398
58448
58399
58449
58400
58450
58401
58451
58402
58452
58403
58453
58404
58454
58405
58455
58406
58456
58407
58457
58408
58458
58409
58459
58410
58460
58411
58461
58412
58462
58413
58463
58414
58464
58415
58465
58416
58466
58417
58467
58418
58468
58419
58469
58420
58470
58421
58471
58422
58472
58423
58473
58424
58474
58425
58475
58426
58476
58427
58477
58428
58478
58429
58479
58430
58480
58431
58481
58482
58433
58483
58434
58484
58435
58485
58436
58486
58437
58487
58438
58488
58439
58489
58440
58490
58441
58491
58442
58492
58443
58493
58444
58494
58445
58495
58446
58496
58447
58497
58448
58498
58449
58499
58450
58500
58451
58501
58452
58502
58453
58503
58454
58504
58455
58505
58456
58506
58457
58507
58458
58508
58459
58509
58460
58510
58461
58511
58462
58512
58463
58513
58464
58514
58465
58515
58466
58516
58467
58517
58468
58518
58469
58519
58470
58520
58471
58521
58472
58522
58473
58523
58474
58524
58475
58525
58476
58526
58477
58527
58478
58528
58479
58529
58480
58530
58481
58531
58482
58532
58533
58484
58534
58485
58535
58486
58536
58487
58537
58488
58538
58489
58539
58490
58540
58491
58541
58492
58542
58493
58543
58494
58544
58495
58545
58496
58546
58497
58547
58498
58548
58499
58549
58500
58550
58501
58551
58502
58552
58503
58553
58504
58554
58505
58555
58506
58556
58507
58557
58508
58558
58509
58559
58510
58560
58511
58561
58512
58562
58513
58563
58514
58564
58515
58565
58516
58566
58517
58567
58518
58568
58519
58569
58520
58570
58521
58571
58522
58572
58523
58573
58524
58574
58525
58575
58526
58576
58527
58577
58528
58578
58529
58579
58530
58580
58531
58581
58532
58582
58533
58583
58584
58535
58585
58536
58586
58537
58587
58538
58588
58539
58589
58540
58590
58541
58591
58542
58592
58543
58593
58544
58594
58545
58595
58546
58596
58547
58597
58548
58598
58549
58599
58550
58600
58551
58601
58552
58602
58553
58603
58554
58604
58555
58605
58556
58606
58557
58607
58558
58608
58559
58609
58560
58610
58561
58611
58562
58612
58563
58613
58564
58614
58565
58615
58566
58616
58567
58617
58568
58618
58569
58619
58570
58620
58571
58621
58572
58622
58573
58623
58574
58624
58575
58625
58576
58626
58577
58627
58578
58628
58579
58629
58580
58630
58581
58631
58582
58632
58583
58633
58584
58634
58635
58586
58636
58587
58637
58588
58638
58589
58639
58590
58640
58591
58641
58592
58642
58593
58643
58594
58644
58595
58645
58596
58646
58597
58647
58598
58648
58599
58649
58600
58650
58601
58651
58602
58652
58603
58653
58604
58654
58605
58655
58606
58656
58607
58657
58608
58658
58609
58659
58610
58660
58611
58661
58612
58662
58613
58663
58614
58664
58615
58665
58616
58666
58617
58667
58618
58668
58619
58669
58620
58670
58621
58671
58622
58672
58623
58673
58624
58674
58625
58675
58626
58676
58627
58677
58628
58678
58629
58679
58630
58680
58631
58681
58632
58682
58633
58683
58634
58684
58635
58685
58686
58637
58687
58638
58688
58639
58689
58640
58690
58641
58691
58642
58692
58643
58693
58644
58694
58645
58695
58646
58696
58647
58697
58648
58698
58649
58699
58650
58700
58651
58701
58652
58702
58653
58703
58654
58704
58655
58705
58656
58706
58657
58707
58658
58708
58659
58709
58660
58710
58661
58711
58662
58712
58663
58713
58664
58714
58665
58715
58666
58716
58667
58717
58668
58718
58669
58719
58670
58720
58671
58721
58672
58722
58673
58723
58674
58724
58675
58725
58676
58726
58677
58727
58678
58728
58679
58729
58680
58730
58681
58731
58682
58732
58683
58733
58684
58734
58685
58735
58686
58736
58737
58688
58738
58689
58739
58690
58740
58691
58741
58692
58742
58693
58743
58694
58744
58695
58745
58696
58746
58697
58747
58698
58748
58699
58749
58700
58750
58701
58751
58702
58752
58703
58753
58704
58754
58705
58755
58706
58756
58707
58757
58708
58758
58709
58759
58710
58760
58711
58761
58712
58762
58713
58763
58714
58764
58715
58765
58716
58766
58717
58767
58718
58768
58719
58769
58720
58770
58721
58771
58722
58772
58723
58773
58724
58774
58725
58775
58726
58776
58727
58777
58728
58778
58729
58779
58730
58780
58731
58781
58732
58782
58733
58783
58734
58784
58735
58785
58736
58786
58737
58787
58788
58739
58789
58740
58790
58741
58791
58742
58792
58743
58793
58744
58794
58745
58795
58746
58796
58747
58797
58748
58798
58749
58799
58750
58800
58751
58801
58752
58802
58753
58803
58754
58804
58755
58805
58756
58806
58757
58807
58758
58808
58759
58809
58760
58810
58761
58811
58762
58812
58763
58813
58764
58814
58765
58815
58766
58816
58767
58817
58768
58818
58769
58819
58770
58820
58771
58821
58772
58822
58773
58823
58774
58824
58775
58825
58776
58826
58777
58827
58778
58828
58779
58829
58780
58830
58781
58831
58782
58832
58783
58833
58784
58834
58785
58835
58786
58836
58787
58837
58788
58838
58839
58790
58840
58791
58841
58792
58842
58793
58843
58794
58844
58795
58845
58796
58846
58797
58847
58798
58848
58799
58849
58800
58850
58801
58851
58802
58852
58803
58853
58804
58854
58805
58855
58806
58856
58807
58857
58808
58858
58809
58859
58810
58860
58811
58861
58812
58862
58813
58863
58814
58864
58815
58865
58816
58866
58817
58867
58818
58868
58819
58869
58820
58870
58821
58871
58822
58872
58823
58873
58824
58874
58825
58875
58826
58876
58827
58877
58828
58878
58829
58879
58830
58880
58831
58881
58832
58882
58833
58883
58834
58884
58835
58885
58836
58886
58837
58887
58838
58888
58839
58889
58890
58841
58891
58842
58892
58843
58893
58844
58894
58845
58895
58846
58896
58847
58897
58848
58898
58849
58899
58850
58900
58851
58901
58852
58902
58853
58903
58854
58904
58855
58905
58856
58906
58857
58907
58858
58908
58859
58909
58860
58910
58861
58911
58862
58912
58863
58913
58864
58914
58865
58915
58866
58916
58867
58917
58868
58918
58869
58919
58870
58920
58871
58921
58872
58922
58873
58923
58874
58924
58875
58925
58876
58926
58877
58927
58878
58928
58879
58929
58880
58930
58881
58931
58882
58932
58883
58933
58884
58934
58885
58935
58886
58936
58887
58937
58888
58938
58889
58939
58890
58940
58941
58892
58942
58893
58943
58894
58944
58895
58945
58896
58946
58897
58947
58898
58948
58899
58949
58900
58950
58901
58951
58902
58952
58903
58953
58904
58954
58905
58955
58906
58956
58907
58957
58908
58958
58909
58959
58910
58960
58911
58961
58912
58962
58913
58963
58914
58964
58915
58965
58916
58966
58917
58967
58918
58968
58919
58969
58920
58970
58921
58971
58922
58972
58923
58973
58924
58974
58925
58975
58926
58976
58927
58977
58928
58978
58929
58979
58930
58980
58931
58981
58932
58982
58933
58983
58934
58984
58935
58985
58936
58986
58937
58987
58938
58988
58939
58989
58940
58990
58941
58991
58992
58943
58993
58944
58994
58945
58995
58946
58996
58947
58997
58948
58998
58949
58999
58950
59000
58951
59001
58952
59002
58953
59003
58954
59004
58955
59005
58956
59006
58957
59007
58958
59008
58959
59009
58960
59010
58961
59011
58962
59012
58963
59013
58964
59014
58965
59015
58966
59016
58967
59017
58968
59018
58969
59019
58970
59020
58971
59021
58972
59022
58973
59023
58974
59024
58975
59025
58976
59026
58977
59027
58978
59028
58979
59029
58980
59030
58981
59031
58982
59032
58983
59033
58984
59034
58985
59035
58986
59036
58987
59037
58988
59038
58989
59039
58990
59040
58991
59041
58992
59042
59043
58994
59044
58995
59045
58996
59046
58997
59047
58998
59048
58999
59049
59000
59050
59001
59051
59002
59052
59003
59053
59004
59054
59005
59055
59006
59056
59007
59057
59008
59058
59009
59059
59010
59060
59011
59061
59012
59062
59013
59063
59014
59064
59015
59065
59016
59066
59017
59067
59018
59068
59019
59069
59020
59070
59021
59071
59022
59072
59023
59073
59024
59074
59025
59075
59026
59076
59027
59077
59028
59078
59029
59079
59030
59080
59031
59081
59032
59082
59033
59083
59034
59084
59035
59085
59036
59086
59037
59087
59038
59088
59039
59089
59040
59090
59041
59091
59042
59092
59043
59093
59094
59045
59095
59046
59096
59047
59097
59048
59098
59049
59099
59050
59100
59051
59101
59052
59102
59053
59103
59054
59104
59055
59105
59056
59106
59057
59107
59058
59108
59059
59109
59060
59110
59061
59111
59062
59112
59063
59113
59064
59114
59065
59115
59066
59116
59067
59117
59068
59118
59069
59119
59070
59120
59071
59121
59072
59122
59073
59123
59074
59124
59075
59125
59076
59126
59077
59127
59078
59128
59079
59129
59080
59130
59081
59131
59082
59132
59083
59133
59084
59134
59085
59135
59086
59136
59087
59137
59088
59138
59089
59139
59090
59140
59091
59141
59092
59142
59093
59143
59094
59144
59145
59096
59146
59097
59147
59098
59148
59099
59149
59100
59150
59101
59151
59102
59152
59103
59153
59104
59154
59105
59155
59106
59156
59107
59157
59108
59158
59109
59159
59110
59160
59111
59161
59112
59162
59113
59163
59114
59164
59115
59165
59116
59166
59117
59167
59118
59168
59119
59169
59120
59170
59121
59171
59122
59172
59123
59173
59124
59174
59125
59175
59126
59176
59127
59177
59128
59178
59129
59179
59130
59180
59131
59181
59132
59182
59133
59183
59134
59184
59135
59185
59136
59186
59137
59187
59138
59188
59139
59189
59140
59190
59141
59191
59142
59192
59143
59193
59144
59194
59145
59195
59196
59147
59197
59148
59198
59149
59199
59150
59200
59151
59201
59152
59202
59153
59203
59154
59204
59155
59205
59156
59206
59157
59207
59158
59208
59159
59209
59160
59210
59161
59211
59162
59212
59163
59213
59164
59214
59165
59215
59166
59216
59167
59217
59168
59218
59169
59219
59170
59220
59171
59221
59172
59222
59173
59223
59174
59224
59175
59225
59176
59226
59177
59227
59178
59228
59179
59229
59180
59230
59181
59231
59182
59232
59183
59233
59184
59234
59185
59235
59186
59236
59187
59237
59188
59238
59189
59239
59190
59240
59191
59241
59192
59242
59193
59243
59194
59244
59195
59245
59196
59246
59247
59198
59248
59199
59249
59200
59250
59201
59251
59202
59252
59203
59253
59204
59254
59205
59255
59206
59256
59207
59257
59208
59258
59209
59259
59210
59260
59211
59261
59212
59262
59213
59263
59214
59264
59215
59265
59216
59266
59217
59267
59218
59268
59219
59269
59220
59270
59221
59271
59222
59272
59223
59273
59224
59274
59225
59275
59226
59276
59227
59277
59228
59278
59229
59279
59230
59280
59231
59281
59232
59282
59233
59283
59234
59284
59235
59285
59236
59286
59237
59287
59238
59288
59239
59289
59240
59290
59241
59291
59242
59292
59243
59293
59244
59294
59245
59295
59246
59296
59247
59297
59298
59249
59299
59250
59300
59251
59301
59252
59302
59253
59303
59254
59304
59255
59305
59256
59306
59257
59307
59258
59308
59259
59309
59260
59310
59261
59311
59262
59312
59263
59313
59264
59314
59265
59315
59266
59316
59267
59317
59268
59318
59269
59319
59270
59320
59271
59321
59272
59322
59273
59323
59274
59324
59275
59325
59276
59326
59277
59327
59278
59328
59279
59329
59280
59330
59281
59331
59282
59332
59283
59333
59284
59334
59285
59335
59286
59336
59287
59337
59288
59338
59289
59339
59290
59340
59291
59341
59292
59342
59293
59343
59294
59344
59295
59345
59296
59346
59297
59347
59298
59348
59349
59300
59350
59301
59351
59302
59352
59303
59353
59304
59354
59305
59355
59306
59356
59307
59357
59308
59358
59309
59359
59310
59360
59311
59361
59312
59362
59313
59363
59314
59364
59315
59365
59316
59366
59317
59367
59318
59368
59319
59369
59320
59370
59321
59371
59322
59372
59323
59373
59324
59374
59325
59375
59326
59376
59327
59377
59328
59378
59329
59379
59330
59380
59331
59381
59332
59382
59333
59383
59334
59384
59335
59385
59336
59386
59337
59387
59338
59388
59339
59389
59340
59390
59341
59391
59342
59392
59343
59393
59344
59394
59345
59395
59346
59396
59347
59397
59348
59398
59349
59399
59400
59351
59401
59352
59402
59353
59403
59354
59404
59355
59405
59356
59406
59357
59407
59358
59408
59359
59409
59360
59410
59361
59411
59362
59412
59363
59413
59364
59414
59365
59415
59366
59416
59367
59417
59368
59418
59369
59419
59370
59420
59371
59421
59372
59422
59373
59423
59374
59424
59375
59425
59376
59426
59377
59427
59378
59428
59379
59429
59380
59430
59381
59431
59382
59432
59383
59433
59384
59434
59385
59435
59386
59436
59387
59437
59388
59438
59389
59439
59390
59440
59391
59441
59392
59442
59393
59443
59394
59444
59395
59445
59396
59446
59397
59447
59398
59448
59399
59449
59400
59450
59451
59402
59452
59403
59453
59404
59454
59405
59455
59406
59456
59407
59457
59408
59458
59409
59459
59410
59460
59411
59461
59412
59462
59413
59463
59414
59464
59415
59465
59416
59466
59417
59467
59418
59468
59419
59469
59420
59470
59421
59471
59422
59472
59423
59473
59424
59474
59425
59475
59426
59476
59427
59477
59428
59478
59429
59479
59430
59480
59431
59481
59432
59482
59433
59483
59434
59484
59435
59485
59436
59486
59437
59487
59438
59488
59439
59489
59440
59490
59441
59491
59442
59492
59443
59493
59444
59494
59445
59495
59446
59496
59447
59497
59448
59498
59449
59499
59450
59500
59451
59501
59502
59453
59503
59454
59504
59455
59505
59456
59506
59457
59507
59458
59508
59459
59509
59460
59510
59461
59511
59462
59512
59463
59513
59464
59514
59465
59515
59466
59516
59467
59517
59468
59518
59469
59519
59470
59520
59471
59521
59472
59522
59473
59523
59474
59524
59475
59525
59476
59526
59477
59527
59478
59528
59479
59529
59480
59530
59481
59531
59482
59532
59483
59533
59484
59534
59485
59535
59486
59536
59487
59537
59488
59538
59489
59539
59490
59540
59491
59541
59492
59542
59493
59543
59494
59544
59495
59545
59496
59546
59497
59547
59498
59548
59499
59549
59500
59550
59501
59551
59502
59552
59553
59504
59554
59505
59555
59506
59556
59507
59557
59508
59558
59509
59559
59510
59560
59511
59561
59512
59562
59513
59563
59514
59564
59515
59565
59516
59566
59517
59567
59518
59568
59519
59569
59520
59570
59521
59571
59522
59572
59523
59573
59524
59574
59525
59575
59526
59576
59527
59577
59528
59578
59529
59579
59530
59580
59531
59581
59532
59582
59533
59583
59534
59584
59535
59585
59536
59586
59537
59587
59538
59588
59539
59589
59540
59590
59541
59591
59542
59592
59543
59593
59544
59594
59545
59595
59546
59596
59547
59597
59548
59598
59549
59599
59550
59600
59551
59601
59552
59602
59553
59603
59604
59555
59605
59556
59606
59557
59607
59558
59608
59559
59609
59560
59610
59561
59611
59562
59612
59563
59613
59564
59614
59565
59615
59566
59616
59567
59617
59568
59618
59569
59619
59570
59620
59571
59621
59572
59622
59573
59623
59574
59624
59575
59625
59576
59626
59577
59627
59578
59628
59579
59629
59580
59630
59581
59631
59582
59632
59583
59633
59584
59634
59585
59635
59586
59636
59587
59637
59588
59638
59589
59639
59590
59640
59591
59641
59592
59642
59593
59643
59594
59644
59595
59645
59596
59646
59597
59647
59598
59648
59599
59649
59600
59650
59601
59651
59602
59652
59603
59653
59604
59654
59655
59606
59656
59607
59657
59608
59658
59609
59659
59610
59660
59611
59661
59612
59662
59613
59663
59614
59664
59615
59665
59616
59666
59617
59667
59618
59668
59619
59669
59620
59670
59621
59671
59622
59672
59623
59673
59624
59674
59625
59675
59626
59676
59627
59677
59628
59678
59629
59679
59630
59680
59631
59681
59632
59682
59633
59683
59634
59684
59635
59685
59636
59686
59637
59687
59638
59688
59639
59689
59640
59690
59641
59691
59642
59692
59643
59693
59644
59694
59645
59695
59646
59696
59647
59697
59648
59698
59649
59699
59650
59700
59651
59701
59652
59702
59653
59703
59654
59704
59655
59705
59706
59657
59707
59658
59708
59659
59709
59660
59710
59661
59711
59662
59712
59663
59713
59664
59714
59665
59715
59666
59716
59667
59717
59668
59718
59669
59719
59670
59720
59671
59721
59672
59722
59673
59723
59674
59724
59675
59725
59676
59726
59677
59727
59678
59728
59679
59729
59680
59730
59681
59731
59682
59732
59683
59733
59684
59734
59685
59735
59686
59736
59687
59737
59688
59738
59689
59739
59690
59740
59691
59741
59692
59742
59693
59743
59694
59744
59695
59745
59696
59746
59697
59747
59698
59748
59699
59749
59700
59750
59701
59751
59702
59752
59703
59753
59704
59754
59705
59755
59706
59756
59757
59708
59758
59709
59759
59710
59760
59711
59761
59712
59762
59713
59763
59714
59764
59715
59765
59716
59766
59717
59767
59718
59768
59719
59769
59720
59770
59721
59771
59722
59772
59723
59773
59724
59774
59725
59775
59726
59776
59727
59777
59728
59778
59729
59779
59730
59780
59731
59781
59732
59782
59733
59783
59734
59784
59735
59785
59736
59786
59737
59787
59738
59788
59739
59789
59740
59790
59741
59791
59742
59792
59743
59793
59744
59794
59745
59795
59746
59796
59747
59797
59748
59798
59749
59799
59750
59800
59751
59801
59752
59802
59753
59803
59754
59804
59755
59805
59756
59806
59757
59807
59808
59759
59809
59760
59810
59761
59811
59762
59812
59763
59813
59764
59814
59765
59815
59766
59816
59767
59817
59768
59818
59769
59819
59770
59820
59771
59821
59772
59822
59773
59823
59774
59824
59775
59825
59776
59826
59777
59827
59778
59828
59779
59829
59780
59830
59781
59831
59782
59832
59783
59833
59784
59834
59785
59835
59786
59836
59787
59837
59788
59838
59789
59839
59790
59840
59791
59841
59792
59842
59793
59843
59794
59844
59795
59845
59796
59846
59797
59847
59798
59848
59799
59849
59800
59850
59801
59851
59802
59852
59803
59853
59804
59854
59805
59855
59806
59856
59807
59857
59808
59858
59859
59810
59860
59811
59861
59812
59862
59813
59863
59814
59864
59815
59865
59816
59866
59817
59867
59818
59868
59819
59869
59820
59870
59821
59871
59822
59872
59823
59873
59824
59874
59825
59875
59826
59876
59827
59877
59828
59878
59829
59879
59830
59880
59831
59881
59832
59882
59833
59883
59834
59884
59835
59885
59836
59886
59837
59887
59838
59888
59839
59889
59840
59890
59841
59891
59842
59892
59843
59893
59844
59894
59845
59895
59846
59896
59847
59897
59848
59898
59849
59899
59850
59900
59851
59901
59852
59902
59853
59903
59854
59904
59855
59905
59856
59906
59857
59907
59858
59908
59859
59909
59910
59861
59911
59862
59912
59863
59913
59864
59914
59865
59915
59866
59916
59867
59917
59868
59918
59869
59919
59870
59920
59871
59921
59872
59922
59873
59923
59874
59924
59875
59925
59876
59926
59877
59927
59878
59928
59879
59929
59880
59930
59881
59931
59882
59932
59883
59933
59884
59934
59885
59935
59886
59936
59887
59937
59888
59938
59889
59939
59890
59940
59891
59941
59892
59942
59893
59943
59894
59944
59895
59945
59896
59946
59897
59947
59898
59948
59899
59949
59900
59950
59901
59951
59902
59952
59903
59953
59904
59954
59905
59955
59906
59956
59907
59957
59908
59958
59909
59959
59910
59960
59961
59912
59962
59913
59963
59914
59964
59915
59965
59916
59966
59917
59967
59918
59968
59919
59969
59920
59970
59921
59971
59922
59972
59923
59973
59924
59974
59925
59975
59926
59976
59927
59977
59928
59978
59929
59979
59930
59980
59931
59981
59932
59982
59933
59983
59934
59984
59935
59985
59936
59986
59937
59987
59938
59988
59939
59989
59940
59990
59941
59991
59942
59992
59943
59993
59944
59994
59945
59995
59946
59996
59947
59997
59948
59998
59949
59999
59950
60000
59951
60001
59952
60002
59953
60003
59954
60004
59955
60005
59956
60006
59957
60007
59958
60008
59959
60009
59960
60010
59961
60011
60012
59963
60013
59964
60014
59965
60015
59966
60016
59967
60017
59968
60018
59969
60019
59970
60020
59971
60021
59972
60022
59973
60023
59974
60024
59975
60025
59976
60026
59977
60027
59978
60028
59979
60029
59980
60030
59981
60031
59982
60032
59983
60033
59984
60034
59985
60035
59986
60036
59987
60037
59988
60038
59989
60039
59990
60040
59991
60041
59992
60042
59993
60043
59994
60044
59995
60045
59996
60046
59997
60047
59998
60048
59999
60049
60000
60050
60001
60051
60002
60052
60003
60053
60004
60054
60005
60055
60006
60056
60007
60057
60008
60058
60009
60059
60010
60060
60011
60061
60012
60062
60063
60014
60064
60015
60065
60016
60066
60017
60067
60018
60068
60019
60069
60020
60070
60021
60071
60022
60072
60023
60073
60024
60074
60025
60075
60026
60076
60027
60077
60028
60078
60029
60079
60030
60080
60031
60081
60032
60082
60033
60083
60034
60084
60035
60085
60036
60086
60037
60087
60038
60088
60039
60089
60040
60090
60041
60091
60042
60092
60043
60093
60044
60094
60045
60095
60046
60096
60047
60097
60048
60098
60049
60099
60050
60100
60051
60101
60052
60102
60053
60103
60054
60104
60055
60105
60056
60106
60057
60107
60058
60108
60059
60109
60060
60110
60061
60111
60062
60112
60063
60113
60114
60065
60115
60066
60116
60067
60117
60068
60118
60069
60119
60070
60120
60071
60121
60072
60122
60073
60123
60074
60124
60075
60125
60076
60126
60077
60127
60078
60128
60079
60129
60080
60130
60081
60131
60082
60132
60083
60133
60084
60134
60085
60135
60086
60136
60087
60137
60088
60138
60089
60139
60090
60140
60091
60141
60092
60142
60093
60143
60094
60144
60095
60145
60096
60146
60097
60147
60098
60148
60099
60149
60100
60150
60101
60151
60102
60152
60103
60153
60104
60154
60105
60155
60106
60156
60107
60157
60108
60158
60109
60159
60110
60160
60111
60161
60112
60162
60113
60163
60114
60164
60165
60116
60166
60117
60167
60118
60168
60119
60169
60120
60170
60121
60171
60122
60172
60123
60173
60124
60174
60125
60175
60126
60176
60127
60177
60128
60178
60129
60179
60130
60180
60131
60181
60132
60182
60133
60183
60134
60184
60135
60185
60136
60186
60137
60187
60138
60188
60139
60189
60140
60190
60141
60191
60142
60192
60143
60193
60144
60194
60145
60195
60146
60196
60147
60197
60148
60198
60149
60199
60150
60200
60151
60201
60152
60202
60153
60203
60154
60204
60155
60205
60156
60206
60157
60207
60158
60208
60159
60209
60160
60210
60161
60211
60162
60212
60163
60213
60164
60214
60165
60215
60216
60167
60217
60168
60218
60169
60219
60170
60220
60171
60221
60172
60222
60173
60223
60174
60224
60175
60225
60176
60226
60177
60227
60178
60228
60179
60229
60180
60230
60181
60231
60182
60232
60183
60233
60184
60234
60185
60235
60186
60236
60187
60237
60188
60238
60189
60239
60190
60240
60191
60241
60192
60242
60193
60243
60194
60244
60195
60245
60196
60246
60197
60247
60198
60248
60199
60249
60200
60250
60201
60251
60202
60252
60203
60253
60204
60254
60205
60255
60206
60256
60207
60257
60208
60258
60209
60259
60210
60260
60211
60261
60212
60262
60213
60263
60214
60264
60215
60265
60216
60266
60267
60218
60268
60219
60269
60220
60270
60221
60271
60222
60272
60223
60273
60224
60274
60225
60275
60226
60276
60227
60277
60228
60278
60229
60279
60230
60280
60231
60281
60232
60282
60233
60283
60234
60284
60235
60285
60236
60286
60237
60287
60238
60288
60239
60289
60240
60290
60241
60291
60242
60292
60243
60293
60244
60294
60245
60295
60246
60296
60247
60297
60248
60298
60249
60299
60250
60300
60251
60301
60252
60302
60253
60303
60254
60304
60255
60305
60256
60306
60257
60307
60258
60308
60259
60309
60260
60310
60261
60311
60262
60312
60263
60313
60264
60314
60265
60315
60266
60316
60267
60317
60318
60269
60319
60270
60320
60271
60321
60272
60322
60273
60323
60274
60324
60275
60325
60276
60326
60277
60327
60278
60328
60279
60329
60280
60330
60281
60331
60282
60332
60283
60333
60284
60334
60285
60335
60286
60336
60287
60337
60288
60338
60289
60339
60290
60340
60291
60341
60292
60342
60293
60343
60294
60344
60295
60345
60296
60346
60297
60347
60298
60348
60299
60349
60300
60350
60301
60351
60302
60352
60303
60353
60304
60354
60305
60355
60306
60356
60307
60357
60308
60358
60309
60359
60310
60360
60311
60361
60312
60362
60313
60363
60314
60364
60315
60365
60316
60366
60317
60367
60318
60368
60369
60320
60370
60321
60371
60322
60372
60323
60373
60324
60374
60325
60375
60326
60376
60327
60377
60328
60378
60329
60379
60330
60380
60331
60381
60332
60382
60333
60383
60334
60384
60335
60385
60336
60386
60337
60387
60338
60388
60339
60389
60340
60390
60341
60391
60342
60392
60343
60393
60344
60394
60345
60395
60346
60396
60347
60397
60348
60398
60349
60399
60350
60400
60351
60401
60352
60402
60353
60403
60354
60404
60355
60405
60356
60406
60357
60407
60358
60408
60359
60409
60360
60410
60361
60411
60362
60412
60363
60413
60364
60414
60365
60415
60366
60416
60367
60417
60368
60418
60369
60419
60420
60371
60421
60372
60422
60373
60423
60374
60424
60375
60425
60376
60426
60377
60427
60378
60428
60379
60429
60380
60430
60381
60431
60382
60432
60383
60433
60384
60434
60385
60435
60386
60436
60387
60437
60388
60438
60389
60439
60390
60440
60391
60441
60392
60442
60393
60443
60394
60444
60395
60445
60396
60446
60397
60447
60398
60448
60399
60449
60400
60450
60401
60451
60402
60452
60403
60453
60404
60454
60405
60455
60406
60456
60407
60457
60408
60458
60409
60459
60410
60460
60411
60461
60412
60462
60413
60463
60414
60464
60415
60465
60416
60466
60417
60467
60418
60468
60419
60469
60420
60470
60471
60422
60472
60423
60473
60424
60474
60425
60475
60426
60476
60427
60477
60428
60478
60429
60479
60430
60480
60431
60481
60432
60482
60433
60483
60434
60484
60435
60485
60436
60486
60437
60487
60438
60488
60439
60489
60440
60490
60441
60491
60442
60492
60443
60493
60444
60494
60445
60495
60446
60496
60447
60497
60448
60498
60449
60499
60450
60500
60451
60501
60452
60502
60453
60503
60454
60504
60455
60505
60456
60506
60457
60507
60458
60508
60459
60509
60460
60510
60461
60511
60462
60512
60463
60513
60464
60514
60465
60515
60466
60516
60467
60517
60468
60518
60469
60519
60470
60520
60471
60521
60522
60473
60523
60474
60524
60475
60525
60476
60526
60477
60527
60478
60528
60479
60529
60480
60530
60481
60531
60482
60532
60483
60533
60484
60534
60485
60535
60486
60536
60487
60537
60488
60538
60489
60539
60490
60540
60491
60541
60492
60542
60493
60543
60494
60544
60495
60545
60496
60546
60497
60547
60498
60548
60499
60549
60500
60550
60501
60551
60502
60552
60503
60553
60504
60554
60505
60555
60506
60556
60507
60557
60508
60558
60509
60559
60510
60560
60511
60561
60512
60562
60513
60563
60514
60564
60515
60565
60516
60566
60517
60567
60518
60568
60519
60569
60520
60570
60521
60571
60522
60572
60573
60524
60574
60525
60575
60526
60576
60527
60577
60528
60578
60529
60579
60530
60580
60531
60581
60532
60582
60533
60583
60534
60584
60535
60585
60536
60586
60537
60587
60538
60588
60539
60589
60540
60590
60541
60591
60542
60592
60543
60593
60544
60594
60545
60595
60546
60596
60547
60597
60548
60598
60549
60599
60550
60600
60551
60601
60552
60602
60553
60603
60554
60604
60555
60605
60556
60606
60557
60607
60558
60608
60559
60609
60560
60610
60561
60611
60562
60612
60563
60613
60564
60614
60565
60615
60566
60616
60567
60617
60568
60618
60569
60619
60570
60620
60571
60621
60572
60622
60573
60623
60624
60575
60625
60576
60626
60577
60627
60578
60628
60579
60629
60580
60630
60581
60631
60582
60632
60583
60633
60584
60634
60585
60635
60586
60636
60587
60637
60588
60638
60589
60639
60590
60640
60591
60641
60592
60642
60593
60643
60594
60644
60595
60645
60596
60646
60597
60647
60598
60648
60599
60649
60600
60650
60601
60651
60602
60652
60603
60653
60604
60654
60605
60655
60606
60656
60607
60657
60608
60658
60609
60659
60610
60660
60611
60661
60612
60662
60613
60663
60614
60664
60615
60665
60616
60666
60617
60667
60618
60668
60619
60669
60620
60670
60621
60671
60622
60672
60623
60673
60624
60674
60675
60626
60676
60627
60677
60628
60678
60629
60679
60630
60680
60631
60681
60632
60682
60633
60683
60634
60684
60635
60685
60636
60686
60637
60687
60638
60688
60639
60689
60640
60690
60641
60691
60642
60692
60643
60693
60644
60694
60645
60695
60646
60696
60647
60697
60648
60698
60649
60699
60650
60700
60651
60701
60652
60702
60653
60703
60654
60704
60655
60705
60656
60706
60657
60707
60658
60708
60659
60709
60660
60710
60661
60711
60662
60712
60663
60713
60664
60714
60665
60715
60666
60716
60667
60717
60668
60718
60669
60719
60670
60720
60671
60721
60672
60722
60673
60723
60674
60724
60675
60725
60726
60677
60727
60678
60728
60679
60729
60680
60730
60681
60731
60682
60732
60683
60733
60684
60734
60685
60735
60686
60736
60687
60737
60688
60738
60689
60739
60690
60740
60691
60741
60692
60742
60693
60743
60694
60744
60695
60745
60696
60746
60697
60747
60698
60748
60699
60749
60700
60750
60701
60751
60702
60752
60703
60753
60704
60754
60705
60755
60706
60756
60707
60757
60708
60758
60709
60759
60710
60760
60711
60761
60712
60762
60713
60763
60714
60764
60715
60765
60716
60766
60717
60767
60718
60768
60719
60769
60720
60770
60721
60771
60722
60772
60723
60773
60724
60774
60725
60775
60726
60776
60777
60728
60778
60729
60779
60730
60780
60731
60781
60732
60782
60733
60783
60734
60784
60735
60785
60736
60786
60737
60787
60738
60788
60739
60789
60740
60790
60741
60791
60742
60792
60743
60793
60744
60794
60745
60795
60746
60796
60747
60797
60748
60798
60749
60799
60750
60800
60751
60801
60752
60802
60753
60803
60754
60804
60755
60805
60756
60806
60757
60807
60758
60808
60759
60809
60760
60810
60761
60811
60762
60812
60763
60813
60764
60814
60765
60815
60766
60816
60767
60817
60768
60818
60769
60819
60770
60820
60771
60821
60772
60822
60773
60823
60774
60824
60775
60825
60776
60826
60777
60827
60828
60779
60829
60780
60830
60781
60831
60782
60832
60783
60833
60784
60834
60785
60835
60786
60836
60787
60837
60788
60838
60789
60839
60790
60840
60791
60841
60792
60842
60793
60843
60794
60844
60795
60845
60796
60846
60797
60847
60798
60848
60799
60849
60800
60850
60801
60851
60802
60852
60803
60853
60804
60854
60805
60855
60806
60856
60807
60857
60808
60858
60809
60859
60810
60860
60811
60861
60812
60862
60813
60863
60814
60864
60815
60865
60816
60866
60817
60867
60818
60868
60819
60869
60820
60870
60821
60871
60822
60872
60823
60873
60824
60874
60825
60875
60826
60876
60827
60877
60828
60878
60879
60830
60880
60831
60881
60832
60882
60833
60883
60834
60884
60835
60885
60836
60886
60837
60887
60838
60888
60839
60889
60840
60890
60841
60891
60842
60892
60843
60893
60844
60894
60845
60895
60846
60896
60847
60897
60848
60898
60849
60899
60850
60900
60851
60901
60852
60902
60853
60903
60854
60904
60855
60905
60856
60906
60857
60907
60858
60908
60859
60909
60860
60910
60861
60911
60862
60912
60863
60913
60864
60914
60865
60915
60866
60916
60867
60917
60868
60918
60869
60919
60870
60920
60871
60921
60872
60922
60873
60923
60874
60924
60875
60925
60876
60926
60877
60927
60878
60928
60879
60929
60930
60881
60931
60882
60932
60883
60933
60884
60934
60885
60935
60886
60936
60887
60937
60888
60938
60889
60939
60890
60940
60891
60941
60892
60942
60893
60943
60894
60944
60895
60945
60896
60946
60897
60947
60898
60948
60899
60949
60900
60950
60901
60951
60902
60952
60903
60953
60904
60954
60905
60955
60906
60956
60907
60957
60908
60958
60909
60959
60910
60960
60911
60961
60912
60962
60913
60963
60914
60964
60915
60965
60916
60966
60917
60967
60918
60968
60919
60969
60920
60970
60921
60971
60922
60972
60923
60973
60924
60974
60925
60975
60926
60976
60927
60977
60928
60978
60929
60979
60930
60980
60981
60932
60982
60933
60983
60934
60984
60935
60985
60936
60986
60937
60987
60938
60988
60939
60989
60940
60990
60941
60991
60942
60992
60943
60993
60944
60994
60945
60995
60946
60996
60947
60997
60948
60998
60949
60999
60950
61000
60951
61001
60952
61002
60953
61003
60954
61004
60955
61005
60956
61006
60957
61007
60958
61008
60959
61009
60960
61010
60961
61011
60962
61012
60963
61013
60964
61014
60965
61015
60966
61016
60967
61017
60968
61018
60969
61019
60970
61020
60971
61021
60972
61022
60973
61023
60974
61024
60975
61025
60976
61026
60977
61027
60978
61028
60979
61029
60980
61030
60981
61031
61032
60983
61033
60984
61034
60985
61035
60986
61036
60987
61037
60988
61038
60989
61039
60990
61040
60991
61041
60992
61042
60993
61043
60994
61044
60995
61045
60996
61046
60997
61047
60998
61048
60999
61049
61000
61050
61001
61051
61002
61052
61003
61053
61004
61054
61005
61055
61006
61056
61007
61057
61008
61058
61009
61059
61010
61060
61011
61061
61012
61062
61013
61063
61014
61064
61015
61065
61016
61066
61017
61067
61018
61068
61019
61069
61020
61070
61021
61071
61022
61072
61023
61073
61024
61074
61025
61075
61026
61076
61027
61077
61028
61078
61029
61079
61030
61080
61031
61081
61032
61082
61083
61034
61084
61035
61085
61036
61086
61037
61087
61038
61088
61039
61089
61040
61090
61041
61091
61042
61092
61043
61093
61044
61094
61045
61095
61046
61096
61047
61097
61048
61098
61049
61099
61050
61100
61051
61101
61052
61102
61053
61103
61054
61104
61055
61105
61056
61106
61057
61107
61058
61108
61059
61109
61060
61110
61061
61111
61062
61112
61063
61113
61064
61114
61065
61115
61066
61116
61067
61117
61068
61118
61069
61119
61070
61120
61071
61121
61072
61122
61073
61123
61074
61124
61075
61125
61076
61126
61077
61127
61078
61128
61079
61129
61080
61130
61081
61131
61082
61132
61083
61133
61134
61085
61135
61086
61136
61087
61137
61088
61138
61089
61139
61090
61140
61091
61141
61092
61142
61093
61143
61094
61144
61095
61145
61096
61146
61097
61147
61098
61148
61099
61149
61100
61150
61101
61151
61102
61152
61103
61153
61104
61154
61105
61155
61106
61156
61107
61157
61108
61158
61109
61159
61110
61160
61111
61161
61112
61162
61113
61163
61114
61164
61115
61165
61116
61166
61117
61167
61118
61168
61119
61169
61120
61170
61121
61171
61122
61172
61123
61173
61124
61174
61125
61175
61126
61176
61127
61177
61128
61178
61129
61179
61130
61180
61131
61181
61132
61182
61133
61183
61134
61184
61185
61136
61186
61137
61187
61138
61188
61139
61189
61140
61190
61141
61191
61142
61192
61143
61193
61144
61194
61145
61195
61146
61196
61147
61197
61148
61198
61149
61199
61150
61200
61151
61201
61152
61202
61153
61203
61154
61204
61155
61205
61156
61206
61157
61207
61158
61208
61159
61209
61160
61210
61161
61211
61162
61212
61163
61213
61164
61214
61165
61215
61166
61216
61167
61217
61168
61218
61169
61219
61170
61220
61171
61221
61172
61222
61173
61223
61174
61224
61175
61225
61176
61226
61177
61227
61178
61228
61179
61229
61180
61230
61181
61231
61182
61232
61183
61233
61184
61234
61185
61235
61236
61187
61237
61188
61238
61189
61239
61190
61240
61191
61241
61192
61242
61193
61243
61194
61244
61195
61245
61196
61246
61197
61247
61198
61248
61199
61249
61200
61250
61201
61251
61202
61252
61203
61253
61204
61254
61205
61255
61206
61256
61207
61257
61208
61258
61209
61259
61210
61260
61211
61261
61212
61262
61213
61263
61214
61264
61215
61265
61216
61266
61217
61267
61218
61268
61219
61269
61220
61270
61221
61271
61222
61272
61223
61273
61224
61274
61225
61275
61226
61276
61227
61277
61228
61278
61229
61279
61230
61280
61231
61281
61232
61282
61233
61283
61234
61284
61235
61285
61236
61286
61287
61238
61288
61239
61289
61240
61290
61241
61291
61242
61292
61243
61293
61244
61294
61245
61295
61246
61296
61247
61297
61248
61298
61249
61299
61250
61300
61251
61301
61252
61302
61253
61303
61254
61304
61255
61305
61256
61306
61257
61307
61258
61308
61259
61309
61260
61310
61261
61311
61262
61312
61263
61313
61264
61314
61265
61315
61266
61316
61267
61317
61268
61318
61269
61319
61270
61320
61271
61321
61272
61322
61273
61323
61274
61324
61275
61325
61276
61326
61277
61327
61278
61328
61279
61329
61280
61330
61281
61331
61282
61332
61283
61333
61284
61334
61285
61335
61286
61336
61287
61337
61338
61289
61339
61290
61340
61291
61341
61292
61342
61293
61343
61294
61344
61295
61345
61296
61346
61297
61347
61298
61348
61299
61349
61300
61350
61301
61351
61302
61352
61303
61353
61304
61354
61305
61355
61306
61356
61307
61357
61308
61358
61309
61359
61310
61360
61311
61361
61312
61362
61313
61363
61314
61364
61315
61365
61316
61366
61317
61367
61318
61368
61319
61369
61320
61370
61321
61371
61322
61372
61323
61373
61324
61374
61325
61375
61326
61376
61327
61377
61328
61378
61329
61379
61330
61380
61331
61381
61332
61382
61333
61383
61334
61384
61335
61385
61336
61386
61337
61387
61338
61388
61389
61340
61390
61341
61391
61342
61392
61343
61393
61344
61394
61345
61395
61346
61396
61347
61397
61348
61398
61349
61399
61350
61400
61351
61401
61352
61402
61353
61403
61354
61404
61355
61405
61356
61406
61357
61407
61358
61408
61359
61409
61360
61410
61361
61411
61362
61412
61363
61413
61364
61414
61365
61415
61366
61416
61367
61417
61368
61418
61369
61419
61370
61420
61371
61421
61372
61422
61373
61423
61374
61424
61375
61425
61376
61426
61377
61427
61378
61428
61379
61429
61380
61430
61381
61431
61382
61432
61383
61433
61384
61434
61385
61435
61386
61436
61387
61437
61388
61438
61389
61439
61440
61391
61441
61392
61442
61393
61443
61394
61444
61395
61445
61396
61446
61397
61447
61398
61448
61399
61449
61400
61450
61401
61451
61402
61452
61403
61453
61404
61454
61405
61455
61406
61456
61407
61457
61408
61458
61409
61459
61410
61460
61411
61461
61412
61462
61413
61463
61414
61464
61415
61465
61416
61466
61417
61467
61418
61468
61419
61469
61420
61470
61421
61471
61422
61472
61423
61473
61424
61474
61425
61475
61426
61476
61427
61477
61428
61478
61429
61479
61430
61480
61431
61481
61432
61482
61433
61483
61434
61484
61435
61485
61436
61486
61437
61487
61438
61488
61439
61489
61440
61490
61491
61442
61492
61443
61493
61444
61494
61445
61495
61446
61496
61447
61497
61448
61498
61449
61499
61450
61500
61451
61501
61452
61502
61453
61503
61454
61504
61455
61505
61456
61506
61457
61507
61458
61508
61459
61509
61460
61510
61461
61511
61462
61512
61463
61513
61464
61514
61465
61515
61466
61516
61467
61517
61468
61518
61469
61519
61470
61520
61471
61521
61472
61522
61473
61523
61474
61524
61475
61525
61476
61526
61477
61527
61478
61528
61479
61529
61480
61530
61481
61531
61482
61532
61483
61533
61484
61534
61485
61535
61486
61536
61487
61537
61488
61538
61489
61539
61490
61540
61491
61541
61542
61493
61543
61494
61544
61495
61545
61496
61546
61497
61547
61498
61548
61499
61549
61500
61550
61501
61551
61502
61552
61503
61553
61504
61554
61505
61555
61506
61556
61507
61557
61508
61558
61509
61559
61510
61560
61511
61561
61512
61562
61513
61563
61514
61564
61515
61565
61516
61566
61517
61567
61518
61568
61519
61569
61520
61570
61521
61571
61522
61572
61523
61573
61524
61574
61525
61575
61526
61576
61527
61577
61528
61578
61529
61579
61530
61580
61531
61581
61532
61582
61533
61583
61534
61584
61535
61585
61536
61586
61537
61587
61538
61588
61539
61589
61540
61590
61541
61591
61542
61592
61593
61544
61594
61545
61595
61546
61596
61547
61597
61548
61598
61549
61599
61550
61600
61551
61601
61552
61602
61553
61603
61554
61604
61555
61605
61556
61606
61557
61607
61558
61608
61559
61609
61560
61610
61561
61611
61562
61612
61563
61613
61564
61614
61565
61615
61566
61616
61567
61617
61568
61618
61569
61619
61570
61620
61571
61621
61572
61622
61573
61623
61574
61624
61575
61625
61576
61626
61577
61627
61578
61628
61579
61629
61580
61630
61581
61631
61582
61632
61583
61633
61584
61634
61585
61635
61586
61636
61587
61637
61588
61638
61589
61639
61590
61640
61591
61641
61592
61642
61593
61643
61644
61595
61645
61596
61646
61597
61647
61598
61648
61599
61649
61600
61650
61601
61651
61602
61652
61603
61653
61604
61654
61605
61655
61606
61656
61607
61657
61608
61658
61609
61659
61610
61660
61611
61661
61612
61662
61613
61663
61614
61664
61615
61665
61616
61666
61617
61667
61618
61668
61619
61669
61620
61670
61621
61671
61622
61672
61623
61673
61624
61674
61625
61675
61626
61676
61627
61677
61628
61678
61629
61679
61630
61680
61631
61681
61632
61682
61633
61683
61634
61684
61635
61685
61636
61686
61637
61687
61638
61688
61639
61689
61640
61690
61641
61691
61642
61692
61643
61693
61644
61694
61695
61646
61696
61647
61697
61648
61698
61649
61699
61650
61700
61651
61701
61652
61702
61653
61703
61654
61704
61655
61705
61656
61706
61657
61707
61658
61708
61659
61709
61660
61710
61661
61711
61662
61712
61663
61713
61664
61714
61665
61715
61666
61716
61667
61717
61668
61718
61669
61719
61670
61720
61671
61721
61672
61722
61673
61723
61674
61724
61675
61725
61676
61726
61677
61727
61678
61728
61679
61729
61680
61730
61681
61731
61682
61732
61683
61733
61684
61734
61685
61735
61686
61736
61687
61737
61688
61738
61689
61739
61690
61740
61691
61741
61692
61742
61693
61743
61694
61744
61695
61745
61746
61697
61747
61698
61748
61699
61749
61700
61750
61701
61751
61702
61752
61703
61753
61704
61754
61705
61755
61706
61756
61707
61757
61708
61758
61709
61759
61710
61760
61711
61761
61712
61762
61713
61763
61714
61764
61715
61765
61716
61766
61717
61767
61718
61768
61719
61769
61720
61770
61721
61771
61722
61772
61723
61773
61724
61774
61725
61775
61726
61776
61727
61777
61728
61778
61729
61779
61730
61780
61731
61781
61732
61782
61733
61783
61734
61784
61735
61785
61736
61786
61737
61787
61738
61788
61739
61789
61740
61790
61741
61791
61742
61792
61743
61793
61744
61794
61745
61795
61746
61796
61797
61748
61798
61749
61799
61750
61800
61751
61801
61752
61802
61753
61803
61754
61804
61755
61805
61756
61806
61757
61807
61758
61808
61759
61809
61760
61810
61761
61811
61762
61812
61763
61813
61764
61814
61765
61815
61766
61816
61767
61817
61768
61818
61769
61819
61770
61820
61771
61821
61772
61822
61773
61823
61774
61824
61775
61825
61776
61826
61777
61827
61778
61828
61779
61829
61780
61830
61781
61831
61782
61832
61783
61833
61784
61834
61785
61835
61786
61836
61787
61837
61788
61838
61789
61839
61790
61840
61791
61841
61792
61842
61793
61843
61794
61844
61795
61845
61796
61846
61797
61847
61848
61799
61849
61800
61850
61801
61851
61802
61852
61803
61853
61804
61854
61805
61855
61806
61856
61807
61857
61808
61858
61809
61859
61810
61860
61811
61861
61812
61862
61813
61863
61814
61864
61815
61865
61816
61866
61817
61867
61818
61868
61819
61869
61820
61870
61821
61871
61822
61872
61823
61873
61824
61874
61825
61875
61826
61876
61827
61877
61828
61878
61829
61879
61830
61880
61831
61881
61832
61882
61833
61883
61834
61884
61835
61885
61836
61886
61837
61887
61838
61888
61839
61889
61840
61890
61841
61891
61842
61892
61843
61893
61844
61894
61845
61895
61846
61896
61847
61897
61848
61898
61899
61850
61900
61851
61901
61852
61902
61853
61903
61854
61904
61855
61905
61856
61906
61857
61907
61858
61908
61859
61909
61860
61910
61861
61911
61862
61912
61863
61913
61864
61914
61865
61915
61866
61916
61867
61917
61868
61918
61869
61919
61870
61920
61871
61921
61872
61922
61873
61923
61874
61924
61875
61925
61876
61926
61877
61927
61878
61928
61879
61929
61880
61930
61881
61931
61882
61932
61883
61933
61884
61934
61885
61935
61886
61936
61887
61937
61888
61938
61889
61939
61890
61940
61891
61941
61892
61942
61893
61943
61894
61944
61895
61945
61896
61946
61897
61947
61898
61948
61899
61949
61950
61901
61951
61902
61952
61903
61953
61904
61954
61905
61955
61906
61956
61907
61957
61908
61958
61909
61959
61910
61960
61911
61961
61912
61962
61913
61963
61914
61964
61915
61965
61916
61966
61917
61967
61918
61968
61919
61969
61920
61970
61921
61971
61922
61972
61923
61973
61924
61974
61925
61975
61926
61976
61927
61977
61928
61978
61929
61979
61930
61980
61931
61981
61932
61982
61933
61983
61934
61984
61935
61985
61936
61986
61937
61987
61938
61988
61939
61989
61940
61990
61941
61991
61942
61992
61943
61993
61944
61994
61945
61995
61946
61996
61947
61997
61948
61998
61949
61999
61950
62000
62001
61952
62002
61953
62003
61954
62004
61955
62005
61956
62006
61957
62007
61958
62008
61959
62009
61960
62010
61961
62011
61962
62012
61963
62013
61964
62014
61965
62015
61966
62016
61967
62017
61968
62018
61969
62019
61970
62020
61971
62021
61972
62022
61973
62023
61974
62024
61975
62025
61976
62026
61977
62027
61978
62028
61979
62029
61980
62030
61981
62031
61982
62032
61983
62033
61984
62034
61985
62035
61986
62036
61987
62037
61988
62038
61989
62039
61990
62040
61991
62041
61992
62042
61993
62043
61994
62044
61995
62045
61996
62046
61997
62047
61998
62048
61999
62049
62000
62050
62001
62051
62052
62003
62053
62004
62054
62005
62055
62006
62056
62007
62057
62008
62058
62009
62059
62010
62060
62011
62061
62012
62062
62013
62063
62014
62064
62015
62065
62016
62066
62017
62067
62018
62068
62019
62069
62020
62070
62021
62071
62022
62072
62023
62073
62024
62074
62025
62075
62026
62076
62027
62077
62028
62078
62029
62079
62030
62080
62031
62081
62032
62082
62033
62083
62034
62084
62035
62085
62036
62086
62037
62087
62038
62088
62039
62089
62040
62090
62041
62091
62042
62092
62043
62093
62044
62094
62045
62095
62046
62096
62047
62097
62048
62098
62049
62099
62050
62100
62051
62101
62052
62102
62103
62054
62104
62055
62105
62056
62106
62057
62107
62058
62108
62059
62109
62060
62110
62061
62111
62062
62112
62063
62113
62064
62114
62065
62115
62066
62116
62067
62117
62068
62118
62069
62119
62070
62120
62071
62121
62072
62122
62073
62123
62074
62124
62075
62125
62076
62126
62077
62127
62078
62128
62079
62129
62080
62130
62081
62131
62082
62132
62083
62133
62084
62134
62085
62135
62086
62136
62087
62137
62088
62138
62089
62139
62090
62140
62091
62141
62092
62142
62093
62143
62094
62144
62095
62145
62096
62146
62097
62147
62098
62148
62099
62149
62100
62150
62101
62151
62102
62152
62103
62153
62154
62105
62155
62106
62156
62107
62157
62108
62158
62109
62159
62110
62160
62111
62161
62112
62162
62113
62163
62114
62164
62115
62165
62116
62166
62117
62167
62118
62168
62119
62169
62120
62170
62121
62171
62122
62172
62123
62173
62124
62174
62125
62175
62126
62176
62127
62177
62128
62178
62129
62179
62130
62180
62131
62181
62132
62182
62133
62183
62134
62184
62135
62185
62136
62186
62137
62187
62138
62188
62139
62189
62140
62190
62141
62191
62142
62192
62143
62193
62144
62194
62145
62195
62146
62196
62147
62197
62148
62198
62149
62199
62150
62200
62151
62201
62152
62202
62153
62203
62154
62204
62205
62156
62206
62157
62207
62158
62208
62159
62209
62160
62210
62161
62211
62162
62212
62163
62213
62164
62214
62165
62215
62166
62216
62167
62217
62168
62218
62169
62219
62170
62220
62171
62221
62172
62222
62173
62223
62174
62224
62175
62225
62176
62226
62177
62227
62178
62228
62179
62229
62180
62230
62181
62231
62182
62232
62183
62233
62184
62234
62185
62235
62186
62236
62187
62237
62188
62238
62189
62239
62190
62240
62191
62241
62192
62242
62193
62243
62194
62244
62195
62245
62196
62246
62197
62247
62198
62248
62199
62249
62200
62250
62201
62251
62202
62252
62203
62253
62204
62254
62205
62255
62256
62207
62257
62208
62258
62209
62259
62210
62260
62211
62261
62212
62262
62213
62263
62214
62264
62215
62265
62216
62266
62217
62267
62218
62268
62219
62269
62220
62270
62221
62271
62222
62272
62223
62273
62224
62274
62225
62275
62226
62276
62227
62277
62228
62278
62229
62279
62230
62280
62231
62281
62232
62282
62233
62283
62234
62284
62235
62285
62236
62286
62237
62287
62238
62288
62239
62289
62240
62290
62241
62291
62242
62292
62243
62293
62244
62294
62245
62295
62246
62296
62247
62297
62248
62298
62249
62299
62250
62300
62251
62301
62252
62302
62253
62303
62254
62304
62255
62305
62256
62306
62307
62258
62308
62259
62309
62260
62310
62261
62311
62262
62312
62263
62313
62264
62314
62265
62315
62266
62316
62267
62317
62268
62318
62269
62319
62270
62320
62271
62321
62272
62322
62273
62323
62274
62324
62275
62325
62276
62326
62277
62327
62278
62328
62279
62329
62280
62330
62281
62331
62282
62332
62283
62333
62284
62334
62285
62335
62286
62336
62287
62337
62288
62338
62289
62339
62290
62340
62291
62341
62292
62342
62293
62343
62294
62344
62295
62345
62296
62346
62297
62347
62298
62348
62299
62349
62300
62350
62301
62351
62302
62352
62303
62353
62304
62354
62305
62355
62306
62356
62307
62357
62358
62309
62359
62310
62360
62311
62361
62312
62362
62313
62363
62314
62364
62315
62365
62316
62366
62317
62367
62318
62368
62319
62369
62320
62370
62321
62371
62322
62372
62323
62373
62324
62374
62325
62375
62326
62376
62327
62377
62328
62378
62329
62379
62330
62380
62331
62381
62332
62382
62333
62383
62334
62384
62335
62385
62336
62386
62337
62387
62338
62388
62339
62389
62340
62390
62341
62391
62342
62392
62343
62393
62344
62394
62345
62395
62346
62396
62347
62397
62348
62398
62349
62399
62350
62400
62351
62401
62352
62402
62353
62403
62354
62404
62355
62405
62356
62406
62357
62407
62358
62408
62409
62360
62410
62361
62411
62362
62412
62363
62413
62364
62414
62365
62415
62366
62416
62367
62417
62368
62418
62369
62419
62370
62420
62371
62421
62372
62422
62373
62423
62374
62424
62375
62425
62376
62426
62377
62427
62378
62428
62379
62429
62380
62430
62381
62431
62382
62432
62383
62433
62384
62434
62385
62435
62386
62436
62387
62437
62388
62438
62389
62439
62390
62440
62391
62441
62392
62442
62393
62443
62394
62444
62395
62445
62396
62446
62397
62447
62398
62448
62399
62449
62400
62450
62401
62451
62402
62452
62403
62453
62404
62454
62405
62455
62406
62456
62407
62457
62408
62458
62409
62459
62460
62411
62461
62412
62462
62413
62463
62414
62464
62415
62465
62416
62466
62417
62467
62418
62468
62419
62469
62420
62470
62421
62471
62422
62472
62423
62473
62424
62474
62425
62475
62426
62476
62427
62477
62428
62478
62429
62479
62430
62480
62431
62481
62432
62482
62433
62483
62434
62484
62435
62485
62436
62486
62437
62487
62438
62488
62439
62489
62440
62490
62441
62491
62442
62492
62443
62493
62444
62494
62445
62495
62446
62496
62447
62497
62448
62498
62449
62499
62450
62500
62451
62501
62452
62502
62453
62503
62454
62504
62455
62505
62456
62506
62457
62507
62458
62508
62459
62509
62460
62510
62511
62462
62512
62463
62513
62464
62514
62465
62515
62466
62516
62467
62517
62468
62518
62469
62519
62470
62520
62471
62521
62472
62522
62473
62523
62474
62524
62475
62525
62476
62526
62477
62527
62478
62528
62479
62529
62480
62530
62481
62531
62482
62532
62483
62533
62484
62534
62485
62535
62486
62536
62487
62537
62488
62538
62489
62539
62490
62540
62491
62541
62492
62542
62493
62543
62494
62544
62495
62545
62496
62546
62497
62547
62498
62548
62499
62549
62500
62550
62501
62551
62502
62552
62503
62553
62504
62554
62505
62555
62506
62556
62507
62557
62508
62558
62509
62559
62510
62560
62511
62561
62562
62513
62563
62514
62564
62515
62565
62516
62566
62517
62567
62518
62568
62519
62569
62520
62570
62521
62571
62522
62572
62523
62573
62524
62574
62525
62575
62526
62576
62527
62577
62528
62578
62529
62579
62530
62580
62531
62581
62532
62582
62533
62583
62534
62584
62535
62585
62536
62586
62537
62587
62538
62588
62539
62589
62540
62590
62541
62591
62542
62592
62543
62593
62544
62594
62545
62595
62546
62596
62547
62597
62548
62598
62549
62599
62550
62600
62551
62601
62552
62602
62553
62603
62554
62604
62555
62605
62556
62606
62557
62607
62558
62608
62559
62609
62560
62610
62561
62611
62562
62612
62613
62564
62614
62565
62615
62566
62616
62567
62617
62568
62618
62569
62619
62570
62620
62571
62621
62572
62622
62573
62623
62574
62624
62575
62625
62576
62626
62577
62627
62578
62628
62579
62629
62580
62630
62581
62631
62582
62632
62583
62633
62584
62634
62585
62635
62586
62636
62587
62637
62588
62638
62589
62639
62590
62640
62591
62641
62592
62642
62593
62643
62594
62644
62595
62645
62596
62646
62597
62647
62598
62648
62599
62649
62600
62650
62601
62651
62602
62652
62603
62653
62604
62654
62605
62655
62606
62656
62607
62657
62608
62658
62609
62659
62610
62660
62611
62661
62612
62662
62613
62663
62664
62615
62665
62616
62666
62617
62667
62618
62668
62619
62669
62620
62670
62621
62671
62622
62672
62623
62673
62624
62674
62625
62675
62626
62676
62627
62677
62628
62678
62629
62679
62630
62680
62631
62681
62632
62682
62633
62683
62634
62684
62635
62685
62636
62686
62637
62687
62638
62688
62639
62689
62640
62690
62641
62691
62642
62692
62643
62693
62644
62694
62645
62695
62646
62696
62647
62697
62648
62698
62649
62699
62650
62700
62651
62701
62652
62702
62653
62703
62654
62704
62655
62705
62656
62706
62657
62707
62658
62708
62659
62709
62660
62710
62661
62711
62662
62712
62663
62713
62664
62714
62715
62666
62716
62667
62717
62668
62718
62669
62719
62670
62720
62671
62721
62672
62722
62673
62723
62674
62724
62675
62725
62676
62726
62677
62727
62678
62728
62679
62729
62680
62730
62681
62731
62682
62732
62683
62733
62684
62734
62685
62735
62686
62736
62687
62737
62688
62738
62689
62739
62690
62740
62691
62741
62692
62742
62693
62743
62694
62744
62695
62745
62696
62746
62697
62747
62698
62748
62699
62749
62700
62750
62701
62751
62702
62752
62703
62753
62704
62754
62705
62755
62706
62756
62707
62757
62708
62758
62709
62759
62710
62760
62711
62761
62712
62762
62713
62763
62714
62764
62715
62765
62766
62717
62767
62718
62768
62719
62769
62720
62770
62721
62771
62722
62772
62723
62773
62724
62774
62725
62775
62726
62776
62727
62777
62728
62778
62729
62779
62730
62780
62731
62781
62732
62782
62733
62783
62734
62784
62735
62785
62736
62786
62737
62787
62738
62788
62739
62789
62740
62790
62741
62791
62742
62792
62743
62793
62744
62794
62745
62795
62746
62796
62747
62797
62748
62798
62749
62799
62750
62800
62751
62801
62752
62802
62753
62803
62754
62804
62755
62805
62756
62806
62757
62807
62758
62808
62759
62809
62760
62810
62761
62811
62762
62812
62763
62813
62764
62814
62765
62815
62766
62816
62817
62768
62818
62769
62819
62770
62820
62771
62821
62772
62822
62773
62823
62774
62824
62775
62825
62776
62826
62777
62827
62778
62828
62779
62829
62780
62830
62781
62831
62782
62832
62783
62833
62784
62834
62785
62835
62786
62836
62787
62837
62788
62838
62789
62839
62790
62840
62791
62841
62792
62842
62793
62843
62794
62844
62795
62845
62796
62846
62797
62847
62798
62848
62799
62849
62800
62850
62801
62851
62802
62852
62803
62853
62804
62854
62805
62855
62806
62856
62807
62857
62808
62858
62809
62859
62810
62860
62811
62861
62812
62862
62813
62863
62814
62864
62815
62865
62816
62866
62817
62867
62868
62819
62869
62820
62870
62821
62871
62822
62872
62823
62873
62824
62874
62825
62875
62826
62876
62827
62877
62828
62878
62829
62879
62830
62880
62831
62881
62832
62882
62833
62883
62834
62884
62835
62885
62836
62886
62837
62887
62838
62888
62839
62889
62840
62890
62841
62891
62842
62892
62843
62893
62844
62894
62845
62895
62846
62896
62847
62897
62848
62898
62849
62899
62850
62900
62851
62901
62852
62902
62853
62903
62854
62904
62855
62905
62856
62906
62857
62907
62858
62908
62859
62909
62860
62910
62861
62911
62862
62912
62863
62913
62864
62914
62865
62915
62866
62916
62867
62917
62868
62918
62919
62870
62871
62872
62873
62874
62875
62876
62877
62878
62879
62880
62881
62882
62883
62884
62885
62886
62887
62888
62889
62890
62891
62892
62893
62894
62895
62896
62897
62898
62899
62900
62901
62902
62903
62904
62905
62906
62907
62908
62909
62910
62911
62912
62913
62914
62915
62916
62917
62918
62919
62921
63206
62922
62923
62924
62925
62926
62927
62928
62929
62930
62931
62932
62933
62934
62935
62936
62937
62938
62939
62940
62941
62942
62943
62944
62945
62946
62947
62948
62949
62950
62951
62952
62953
62954
62955
62956
62957
62958
62959
62960
62961
62962
62963
62964
62965
62966
62967
62968
62969
62970
62971
62972
62973
62974
62975
62976
62977
62978
62979
62980
62981
62982
62983
62984
62985
62986
62987
62988
62989
62990
62991
62992
62993
62994
62995
62996
62997
62998
62999
63000
63001
63002
63003
63004
63005
63006
63007
63008
63009
63010
63011
63012
63013
63014
63015
63016
63017
63018
63019
63020
63021
63022
63023
63024
63025
63026
63027
63028
63029
63030
63031
63032
63033
63034
63035
63036
63037
63038
63039
63040
63041
63042
63043
63044
63045
63046
63047
63048
63049
63050
63051
63052
63053
63054
63055
63056
63057
63058
63059
63060
63061
63062
63063
63064
63065
63066
63067
63068
63069
63070
63071
63072
63073
63074
63075
63076
63077
63078
63079
63080
63081
63082
63083
63084
63085
63086
63087
63088
63089
63090
63091
63092
63093
63094
63095
63096
63097
63098
63099
63100
63101
63102
63103
63104
63105
63106
63107
63108
63109
63110
63111
63112
63113
63114
63115
63116
63117
63118
63119
63120
63121
63122
63123
63124
63125
63126
63127
63128
63129
63130
63131
63132
63133
63134
63135
63136
63137
63138
63139
63140
63141
63142
63143
63144
63145
63146
63147
63148
63149
63150
63151
63152
63153
63154
63155
63156
63157
63158
63159
63160
63161
63162
63163
63164
63165
63166
63167
63168
63169
63170
63171
63172
63173
63174
63175
63176
63177
63178
63179
63180
63181
63182
63183
63184
63185
63186
63187
63188
63189
63190
63191
63192
63193
63194
63195
63196
63197
63198
63199
63200
63201
63202
63203
63204
63205
63349
63207
63208
63209
63210
63211
63212
63213
63214
63215
63216
63217
63218
63219
63220
63221
63222
63223
63224
63225
63226
63227
63228
63229
63230
63231
63232
63233
63234
63235
63236
63237
63238
63239
63240
63241
63242
63243
63244
63245
63246
63247
63248
63249
63250
63251
63252
63253
63254
63255
63256
63257
63258
63259
63260
63261
63262
63263
63264
63265
63266
63267
63268
63269
63270
63271
63272
63273
63274
63275
63276
63277
63278
63279
63280
63281
63282
63283
63284
63285
63286
63287
63288
63289
63290
63291
63292
63293
63294
63295
63296
63297
63298
63299
63300
63301
63302
63303
63304
63305
63306
63307
63308
63309
63310
63311
63312
63313
63314
63315
63316
63317
63318
63319
63320
63321
63322
63323
63324
63325
63326
63327
63328
63329
63330
63331
63332
63333
63334
63335
63336
63337
63338
63339
63340
63341
63342
63343
63344
63345
63346
63347
63348
63491
63350
63351
63352
63353
63354
63355
63356
63357
63358
63359
63360
63361
63362
63363
63364
63365
63366
63367
63368
63369
63370
63371
63372
63373
63374
63375
63376
63377
63378
63379
63380
63381
63382
63383
63384
63385
63386
63387
63388
63389
63390
63391
63392
63393
63394
63395
63396
63397
63398
63399
63400
63401
63402
63403
63404
63405
63406
63407
63408
63409
63410
63411
63412
63413
63414
63415
63416
63417
63418
63419
63420
63421
63422
63423
63424
63425
63426
63427
63428
63429
63430
63431
63432
63433
63434
63435
63436
63437
63438
63439
63440
63441
63442
63443
63444
63445
63446
63447
63448
63449
63450
63451
63452
63453
63454
63455
63456
63457
63458
63459
63460
63461
63462
63463
63464
63465
63466
63467
63468
63469
63470
63471
63472
63473
63474
63475
63476
63477
63478
63479
63480
63481
63482
63483
63484
63485
63486
63487
63488
63489
63490
63491
)


// ************************************************************************* //
